set,region,file,iou,miou_2class,boundary_f1,lake_pixels_true,lake_pixels_pred
test,ACS,ACS_S2A_17XPA_20200811_0_L2A_100.tif,0.11519434628975266,0.5480213543817783,0.100530425478635,322,1256
test,ACS,ACS_S2A_17XPA_20200811_0_L2A_170.tif,0.0018498367791077257,0.29080809774360444,0.012858959664630795,164,27457
test,ACS,ACS_S2A_18WWD_20200825_0_L2A_144.tif,0.012596752162695402,0.4565985915031007,0.0335243553008596,1673,4999
test,ACS,ACS_S2A_18WWD_20200825_0_L2A_171.tif,0.28657744931588935,0.523826209816063,0.10311211098612673,19481,6284
test,ACS,ACS_S2A_18WWE_20200723_1_L2A_106.tif,0.001035273238186793,0.19112288290119558,0.02230390419582072,35252,5359
test,ACS,ACS_S2A_18WWE_20200723_1_L2A_115.tif,0.024674022066198596,0.4751731445233841,0.07266439419875659,2136,2972
test,ACS,ACS_S2A_18XVF_20200811_0_L2A_103.tif,0.027360308285163778,0.4750833409792947,0.13812444256461653,1087,4245
test,ACS,ACS_S2A_19WFP_20200821_0_L2A_69.tif,0.02631578947368421,0.5092050239453523,0.2378854625550661,526,20
test,ACS,ACS_S2A_19WFQ_20200821_0_L2A_132.tif,0.04372555990046214,0.4806619835036083,0.06526591241437697,2861,3011
test,ACS,ACS_S2A_20WMA_20200725_1_L2A_5.tif,0.0005174070515189592,0.39708301032122406,0.002169158185860704,304,13232
test,ACS,ACS_S2A_20WMU_20200821_1_L2A_170.tif,0.11331047381546135,0.5127647278734916,0.11328041192877064,1382,5761
test,ACS,ACS_S2A_20WMV_20200827_1_L2A_1.tif,0.008166042871725076,0.43729058589877345,0.14814644451818726,7367,1522
test,ACS,ACS_S2A_20WNU_20200716_1_L2A_9.tif,0.0004014093929797957,0.32918722933518846,0.007351648527273018,303,22127
test,ACS,ACS_S2A_20WNU_20200824_1_L2A_37.tif,0.008558183763223582,0.376725262667029,0.0053673264005367335,145,16825
test,ACS,ACS_S2A_20WNU_20200824_1_L2A_79.tif,0.0,0.41388702392578125,0.007173116407204304,928,10359
test,ACS,ACS_S2B_17XMA_20200723_1_L2A_3.tif,0.3026785714285714,0.6453497463183012,0.20027816411682892,814,645
test,ACS,ACS_S2B_18WWC_20200725_0_L2A_90.tif,0.7659937888198758,0.8705635165243546,0.5674230236472847,5915,5458
test,ACS,ACS_S2B_18WWD_20200807_1_L2A_40.tif,0.016986959505833905,0.46471855119567873,0.13738461603218055,3559,2368
test,ACS,ACS_S2B_18WWD_20200811_0_L2A_265.tif,0.009800682744191169,0.436203533267828,0.023993732249534817,166,9004
test,ACS,ACS_S2B_18WWE_20200724_1_L2A_28.tif,0.006635071090047393,0.47932303046985003,0.05510796003867225,1828,1358
test,ACS,ACS_S2B_18XVF_20200724_1_L2A_162.tif,0.012670565302144249,0.483135746794468,0.048112682419186995,1123,1994
test,ACS,ACS_S2B_19WEQ_20200802_1_L2A_121.tif,0.01901016060308096,0.48665007556712586,0.12702451436120762,2221,888
test,ACS,ACS_S2B_19WFP_20200822_1_L2A_114.tif,0.010536269080102661,0.33701141958491976,0.2654003271975627,17365,5078
test,ACS,ACS_S2B_20WMU_20200823_0_L2A_122.tif,0.0013049962714392245,0.45977746570732914,0.053728578045391384,3820,1551
test,ACS,ACS_S2B_20WMU_20200823_0_L2A_259.tif,0.001633097441480675,0.3468236018328115,0.009125845028939025,130,20110
test,ACS,ACS_S2B_20WMU_20200823_1_L2A_290.tif,0.04104741684359519,0.47902548472952755,0.07943962856606102,3621,2263
test,AC,AC_S2A_15XVJ_20200810_4_L2A_36.tif,0.06258322237017311,0.5205339937528565,0.0882223202470225,527,1069
test,AC,AC_S2A_15XWH_20200828_1_L2A_60.tif,0.00234009360374415,0.45236889907824146,0.007692666324770386,91,6334
test,AC,AC_S2A_15XWJ_20200808_5_L2A_20.tif,0.028037383177570093,0.4814257819225108,0.04047976011994003,1171,3339
test,AC,AC_S2A_15XWJ_20200827_0_L2A_80.tif,0.038267875125881166,0.47526488629816444,0.07711105586799187,1627,4559
test,AC,AC_S2A_16XEL_20200808_3_L2A_55.tif,0.010541310541310541,0.4787588001278287,0.058214747736093135,1902,1645
test,AC,AC_S2A_16XEM_20200827_3_L2A_9.tif,0.004639221691739483,0.3334522197740864,0.037469299110718335,12867,9438
test,AC,AC_S2A_16XER_20200806_0_L2A_89.tif,0.0036686979231438876,0.3794784071804885,0.011029918654349923,577,15564
test,AC,AC_S2A_16XER_20200809_6_L2A_29.tif,0.0057833859095688745,0.48846208593456314,0.01895360315893386,329,1584
test,AC,AC_S2A_16XES_20200825_2_L2A_36.tif,0.007380462860456534,0.3597288270629887,0.02226650752955954,741,18368
test,AC,AC_S2A_17XMG_20200827_0_L2A_16.tif,0.0,0.49311065673828125,0.0,762,141
test,AC,AC_S2A_17XML_20200806_7_L2A_58.tif,0.006099331977926227,0.45080060500627767,0.02817852720389143,4035,2893
test,AC,AC_S2A_17XNG_20200808_3_L2A_17.tif,0.0,0.49861907958984375,0.0,92,89
test,AC,AC_S2A_17XNJ_20200812_3_L2A_169.tif,0.005291005291005291,0.4926041469098742,0.022978066391172062,383,947
test,AC,AC_S2A_17XNL_20200808_3_L2A_28.tif,0.014026402640264026,0.4705068165214517,0.02159015278397414,685,4231
test,AC,AC_S2A_17XNM_20200806_0_L2A_34.tif,0.0030864197530864196,0.4867560894736743,0.022913256955810146,942,1008
test,AC,AC_S2A_17XNM_20200807_4_L2A_1.tif,0.0002582377853527528,0.352435660834658,0.005477917146503159,2545,16822
test,AC,AC_S2A_17XNM_20200807_4_L2A_94.tif,0.15520628683693516,0.5376576427062609,0.059415785197789894,972,6084
test,AC,AC_S2A_17XNM_20200816_1_L2A_61.tif,0.0815104383265408,0.4552248269456609,0.1452765735988617,8118,4885
test,AC,AC_S2A_18XVN_20200811_1_L2A_53.tif,0.011605606097860831,0.3519054064179963,0.039930919040260804,539,20032
test,AC,AC_S2A_18XVP_20200812_2_L2A_27.tif,0.313758389261745,0.6537498429958054,0.23078940466824022,324,459
test,AC,AC_S2A_18XVP_20200816_7_L2A_39.tif,0.011816192560175055,0.48867382312678037,0.04454901355755694,828,1484
test,AC,AC_S2A_18XVR_20200810_3_L2A_35.tif,0.0192822710230316,0.4956640362748746,0.0923432089265102,1078,825
test,AC,AC_S2A_19XDL_20200815_2_L2A_24.tif,0.10394126738794436,0.5162926128317918,0.05661486821714922,1208,4506
test,AC,AC_S2B_15XWH_20200827_1_L2A_16.tif,0.043322550831792976,0.4581186655725853,0.18199236735041172,6016,3015
test,AC,AC_S2B_15XWJ_20200805_2_L2A_1.tif,0.003082554667180426,0.4225461014664676,0.025497241171524035,1053,9360
test,AC,AC_S2B_16XDP_20200810_2_L2A_55.tif,0.02368421052631579,0.5033470893111514,0.02585092632485998,859,308
test,AC,AC_S2B_16XEJ_20200808_1_L2A_97.tif,0.005491153142159854,0.4654224606633421,0.006211180124223602,4474,470
test,AC,AC_S2B_17XMG_20200827_1_L2A_28.tif,0.030485565268493352,0.4139083436667861,0.1879808165618891,12846,1182
test,AC,AC_S2B_17XML_20200808_1_L2A_90.tif,0.0,0.42649078369140625,0.004008908685968819,417,9218
test,AC,AC_S2B_17XNJ_20200807_0_L2A_81.tif,0.222383509943388,0.37979186555293665,0.44467538172168647,34067,8038
test,AC,AC_S2B_17XNJ_20200807_0_L2A_88.tif,0.0479347271800102,0.49539724667747526,0.037973782718228266,623,3487
test,AC,AC_S2B_17XNM_20200807_1_L2A_8.tif,0.12902155887230515,0.5443563594321617,0.08757020917980614,1040,2364
test,AC,AC_S2B_18XWT_20200806_0_L2A_2.tif,0.26291913214990137,0.6023565646575715,0.11998851784518227,3385,3018
test,AC,AC_S2B_19XDJ_20200807_3_L2A_13.tif,0.00041476565740356696,0.48182026144318263,0.0,2290,122
test,AC,AC_S2B_19XDL_20200826_2_L2A_161.tif,0.9760480677318039,0.973308281130819,0.8709987476952509,36210,36143
test,AC,AC_S2B_19XDL_20200826_2_L2A_74.tif,0.9571685791015625,0.47858428955078125,0.534456145462618,65536,62729
test,AK,AK_S2A_5VMG_20200912_1_L2A_82.tif,0.0020100502512562816,0.47827497781905104,0.011695906432748537,34,2957
test,AK,AK_S2A_5VMJ_20200912_1_L2A_9.tif,0.03769274700171331,0.4930834232225862,0.019621833749554046,995,2639
test,AK,AK_S2A_5VPH_20200909_0_L2A_74.tif,0.001588956750583445,0.34731530153112955,0.13978740665238285,20051,120
test,AK,AK_S2A_6VUN_20200909_0_L2A_214.tif,0.0,0.493011474609375,0.0,271,645
test,AK,AK_S2A_6VUQ_20200906_1_L2A_29.tif,0.0,0.4822235107421875,0.0,393,1937
test,AK,AK_S2A_6VVP_20200817_1_L2A_99.tif,0.013688686093539355,0.4341347228400545,0.026995459854479018,3267,6508
test,AK,AK_S2A_6VVP_20200906_0_L2A_59.tif,0.0026470942124894718,0.43806225944253924,0.012324678642416084,57,8276
test,AK,AK_S2A_6VVR_20200817_0_L2A_39.tif,0.007897334649555774,0.49628018972741494,0.03562005277044855,494,527
test,AK,AK_S2A_6VWN_20200821_0_L2A_100.tif,0.007462686567164179,0.4966276182152917,0.09853548629365377,327,618
test,AK,AK_S2A_6VWR_20200913_0_L2A_48.tif,0.009006473402758232,0.42379571836397084,0.02672748723190851,469,10286
test,AK,AK_S2A_6VXN_20200828_0_L2A_53.tif,0.000468427955780401,0.4188299930748062,0.0018051782828456483,74,10605
test,AK,AK_S2A_6VXN_20200913_0_L2A_148.tif,0.000869187309865276,0.4653524963589551,0.02008128137700215,317,4289
test,AK,AK_S2A_6VXN_20200913_0_L2A_44.tif,0.0047984644913627635,0.4944869464572759,0.011316872427983538,353,694
test,AK,AK_S2A_6VXN_20200913_0_L2A_75.tif,0.0,0.40118408203125,0.0,3047,9905
test,AK,AK_S2A_6VXN_20200913_1_L2A_30.tif,0.001932367149758454,0.49308477850270294,0.012285012285012286,35,1002
test,AK,AK_S2A_7VCH_20200913_0_L2A_78.tif,0.0133248730964467,0.48291980363528475,0.06782520325203252,1206,1988
test,AK,AK_S2A_7VCH_20200913_1_L2A_2.tif,0.002466091245376079,0.49506067708116763,0.0054794520547945215,85,728
test,AK,AK_S2A_7VCJ_20200913_0_L2A_81.tif,0.006326929713562636,0.437205400685495,0.025740903041516536,145,8603
test,AK,AK_S2A_7VEH_20200914_1_L2A_40.tif,0.007202340760747243,0.4362288585524166,0.06916429510272587,4760,4190
test,AK,AK_S2A_7VFF_20200911_1_L2A_81.tif,0.005159958720330237,0.49522468186737545,0.0804953560371517,904,70
test,AK,AK_S2A_7VFF_20200914_0_L2A_173.tif,0.0005238344683080147,0.4711472591940527,0.010004764173415913,90,3730
test,AK,AK_S2A_7VFF_20200914_1_L2A_140.tif,0.00688924218335983,0.4891442990673526,0.24600246002460024,1648,252
test,AK,AK_S2A_8VLL_20200911_1_L2A_159.tif,0.0022668393782383418,0.4541110455247164,0.015269886363636364,77,6113
test,AK,AK_S2A_8VLL_20200914_1_L2A_72.tif,0.00015200135112312108,0.04834617938052287,0.07653652879783533,59143,76
test,AK,AK_S2A_8VNK_20200915_1_L2A_220.tif,0.0,0.44884490966796875,0.0,0,6705
test,AK,AK_S2A_8VNK_20200915_1_L2A_37.tif,0.01543303888719667,0.43356229210969405,0.049670922210768374,1916,8085
test,AK,AK_S2A_8VNL_20200905_0_L2A_32.tif,0.004606525911708253,0.48251661989377004,0.16852540272614622,2542,75
test,AK,AK_S2A_8VNL_20200915_0_L2A_207.tif,0.0030129557095510697,0.40046213926921304,0.01228298098500059,1083,12233
test,AK,AK_S2A_8VNL_20200915_0_L2A_221.tif,0.0032906764168190127,0.4808447521904322,0.016577052928672228,560,2184
test,AK,AK_S2A_8VNL_20200915_0_L2A_241.tif,0.006698764915218757,0.4671302202690407,0.022837809262000422,420,4389
test,AK,AK_S2A_8VPJ_20200912_1_L2A_198.tif,0.0370074972084862,0.47228146513003016,0.07321561933212418,2920,3581
test,AK,AK_S2A_8VPJ_20200915_0_L2A_242.tif,0.008981498113885397,0.4623672417424022,0.025200213561131873,418,5199
test,AK,AK_S2A_8VPK_20200905_0_L2A_182.tif,0.0,0.48541259765625,0.0,16,1896
test,AK,AK_S2A_8VPK_20200912_0_L2A_99.tif,0.0009402914903620122,0.3707387660138013,0.00527211463800836,353,16679
test,AK,AK_S2A_8VPK_20200912_1_L2A_2.tif,0.006284916201117319,0.4705591489369323,0.024506486382514903,958,3365
test,AK,AK_S2A_8VPK_20200915_0_L2A_177.tif,0.014956377233070212,0.4893789519753137,0.057267451611821146,1021,1422
test,AK,AK_S2A_8VPK_20200915_0_L2A_242.tif,0.05870692284232998,0.4819789007851042,0.08905702013634394,5640,1303
test,AK,AK_S2A_8VPK_20200915_0_L2A_40.tif,0.03409726103968697,0.5038527542311837,0.07646424721523536,462,1388
test,AK,AK_S2A_9UUB_20200909_1_L2A_16.tif,0.005430566330488751,0.4929333545534847,0.11009174311926603,1275,21
test,AK,AK_S2A_9UVB_20200909_0_L2A_55.tif,0.0032679738562091504,0.4993069860888584,0.0,284,23
test,AK,AK_S2A_9UVB_20200909_1_L2A_226.tif,0.11914774320156994,0.5354458440785537,0.030947389437955476,2255,1737
test,AK,AK_S2A_9VUC_20200909_0_L2A_249.tif,0.007488479262672811,0.4905961847498444,0.029664324746291965,706,1043
test,AK,AK_S2A_9VUD_20200912_1_L2A_132.tif,0.0006026819346090101,0.44969247812167185,0.005341345351360375,118,6523
test,AK,AK_S2A_9VUE_20200912_0_L2A_74.tif,0.002944888514934792,0.4653013872079268,0.01637184043445274,3001,1767
test,AK,AK_S2A_9VVC_20200912_0_L2A_73.tif,0.011111111111111112,0.49876435816825887,0.036124794745484405,368,542
test,AK,AK_S2A_9VWD_20200909_0_L2A_73.tif,0.005323868677905945,0.4941085999882739,0.025012025012025013,108,1025
test,AK,AK_S2B_5VMF_20200815_0_L2A_48.tif,0.017765310892940627,0.49284399777753385,0.2994244284033453,2044,133
test,AK,AK_S2B_5VMH_20200815_0_L2A_133.tif,0.0,0.44440460205078125,0.00037735849056603777,51,7236
test,AK,AK_S2B_5VMH_20200910_0_L2A_87.tif,0.0,0.44402313232421875,0.0,0,7337
test,AK,AK_S2B_5VNH_20200828_0_L2A_5.tif,0.006944444444444444,0.4619900395601562,0.04437649940120222,376,5134
test,AK,AK_S2B_5VNH_20200828_0_L2A_91.tif,0.0028473804100227792,0.35435049339983127,0.1134624043223773,18007,1364
test,AK,AK_S2B_5VNJ_20200805_1_L2A_87.tif,0.033707865168539325,0.5161977746180542,0.2254335260115607,46,46
test,AK,AK_S2B_5VPG_20200911_0_L2A_316.tif,0.28797238372093026,0.34740680636023813,0.06986965571865193,43167,13545
test,AK,AK_S2B_5VPJ_20200805_1_L2A_23.tif,0.05078447563996697,0.4901801073252676,0.16369820844558752,1891,3199
test,AK,AK_S2B_5VPJ_20200815_1_L2A_19.tif,0.17467248908296942,0.5844488087067256,0.32231404958677684,457,81
test,AK,AK_S2B_6VUQ_20200805_0_L2A_50.tif,0.0,0.45525360107421875,0.0,62,5803
test,AK,AK_S2B_6VUQ_20200805_1_L2A_113.tif,0.01534849092262757,0.37596345303623563,0.028833232842414916,866,16863
test,AK,AK_S2B_6VVN_20200911_1_L2A_145.tif,0.023872679045092837,0.5063195624536494,0.04205318491032777,279,493
test,AK,AK_S2B_6VXM_20200912_1_L2A_55.tif,0.021517553793884484,0.4579018088313605,0.14775075746953353,5197,2019
test,AK,AK_S2B_6VXP_20200816_1_L2A_59.tif,0.010238907849829351,0.5029068282248856,0.08275862068965516,255,41
test,AK,AK_S2B_6VXP_20200816_1_L2A_81.tif,0.0018275967103259215,0.4759099833086194,0.006837606837606837,352,2937
test,AK,AK_S2B_6VXP_20200912_0_L2A_64.tif,0.033694971833924475,0.44582637049519047,0.017938609861068773,3240,6669
test,AK,AK_S2B_7VDH_20200905_0_L2A_142.tif,0.0,0.42584991455078125,0.0019152829317509448,230,9489
test,AK,AK_S2B_7VDH_20200912_0_L2A_75.tif,0.11646191646191646,0.5166266389097087,0.16895760296602688,3841,2975
test,AK,AK_S2B_7VEG_20200912_0_L2A_148.tif,0.021790943139257744,0.48895479463903263,0.10367219107579005,636,2365
test,AK,AK_S2B_7VEH_20200830_0_L2A_121.tif,0.12610516519311307,0.5486650854694594,0.1465784121967332,519,1901
test,AK,AK_S2B_7VEH_20200830_0_L2A_34.tif,0.003154729629812195,0.34713729883250144,0.01795008900590891,181,20170
test,AK,AK_S2B_8VLK_20200906_1_L2A_58.tif,0.09716479621972829,0.5014631897495572,0.008269122345423792,1311,6119
test,AK,AK_S2B_8VLM_20200906_1_L2A_93.tif,0.32264271969211034,0.6532024048539742,0.14475540048994137,1559,503
test,AK,AK_S2B_8VMJ_20200913_0_L2A_2.tif,0.031088082901554404,0.5126901253284404,0.3609022556390977,383,15
test,AK,AK_S2B_8VMJ_20200913_0_L2A_30.tif,0.0205776854823485,0.4308620384911972,0.1366401667335368,8870,1942
test,AK,AK_S2B_8VML_20200906_1_L2A_157.tif,0.0020876826722338203,0.49739693510280647,0.016494845360824743,384,96
test,AK,AK_S2B_8VMM_20200906_0_L2A_146.tif,0.11480507055728295,0.5289578107336341,0.14869197527995912,3083,1578
test,AK,AK_S2B_8VMM_20200906_0_L2A_207.tif,0.03275109170305677,0.5129949503172722,0.43137254901960786,455,18
test,AK,AK_S2B_8VMM_20200906_0_L2A_257.tif,0.007301319853973603,0.4496680076760553,0.03819926952047553,1509,5665
test,AK,AK_S2B_8VNK_20200913_0_L2A_92.tif,0.0,0.4809722900390625,0.0,0,2494
test,AK,AK_S2B_8VNK_20200913_1_L2A_132.tif,0.06295399515738499,0.50778118567568,0.2627633327007022,3193,319
test,AK,AK_S2B_9UVB_20200911_1_L2A_24.tif,0.012567324955116697,0.49788953531416286,0.08857270560190703,242,886
test,AK,AK_S2B_9VUC_20200914_0_L2A_72.tif,0.0028929604628736743,0.454100712656114,0.02496811866568226,783,5457
test,AK,AK_S2B_9VVC_20200914_1_L2A_172.tif,0.014925373134328358,0.5069591388445732,0.06535947712418301,43,25
test,AK,AK_S2B_9VVC_20200914_1_L2A_261.tif,0.013201320132013201,0.5020377251374264,0.0304408966829349,103,511
test,AK,AK_S2B_9VVE_20200914_1_L2A_24.tif,0.004868549172346641,0.49463643844755195,0.011278195488721806,159,873
test,CA,CA_S2A_43SGV_20200901_1_L2A_12.tif,0.041666666666666664,0.5199558860183221,0.0,112,13
test,CA,CA_S2A_44RPV_20200905_1_L2A_3.tif,0.00040447620331670486,0.3304859379505756,0.003509182360510001,808,21452
test,CA,CA_S2A_44SKD_20200822_1_L2A_4.tif,0.0,0.4990386962890625,0.0,124,2
test,CA,CA_S2A_44SKE_20200901_1_L2A_41.tif,0.0,0.48467254638671875,0.0,1998,11
test,CA,CA_S2A_44SKF_20200825_0_L2A_1.tif,0.0003839508542906508,0.460464505716766,0.006488490653483702,215,4996
test,CA,CA_S2A_44SMD_20200908_1_L2A_89.tif,0.0033131943091015397,0.3845152670789609,0.28321740108274834,15204,240
test,CA,CA_S2A_44SMD_20200918_1_L2A_36.tif,0.03906836964688205,0.5097684405194889,0.3884984025559106,1279,104
test,CA,CA_S2A_45RTP_20200912_0_L2A_11.tif,0.028060522696011003,0.4870335929493137,0.14782081726180102,1002,2735
test,CA,CA_S2A_45RTP_20200912_0_L2A_200.tif,0.0015320452804494,0.41124100661409446,0.11073004231773499,5401,6366
test,CA,CA_S2A_45RTP_20200912_1_L2A_100.tif,0.014734144778987828,0.49562894407908226,0.23919043238270468,1552,32
test,CA,CA_S2A_45RUN_20200929_1_L2A_13.tif,0.01045751633986928,0.49945260141251796,0.026854219948849106,139,634
test,CA,CA_S2A_45RUP_20200912_1_L2A_50.tif,0.02689486552567237,0.5104104239875595,0.16107382550335572,303,117
test,CA,CA_S2A_45RVQ_20200919_0_L2A_11.tif,0.0,0.48627471923828125,0.0,187,1612
test,CA,CA_S2A_45SWR_20200919_0_L2A_14.tif,0.036116044997039666,0.5056257964580464,0.10186757215619695,630,1120
test,CA,CA_S2A_45SWV_20200823_0_L2A_3.tif,0.01716634429400387,0.4775360477293742,0.38459177963501145,4127,80
test,CA,CA_S2A_45SXV_20200929_1_L2A_26.tif,0.03571428571428571,0.5155908322886575,0.72,305,14
test,CA,CA_S2A_45SYV_20200830_0_L2A_43.tif,0.0,0.49277496337890625,0.0,0,947
test,CA,CA_S2A_46REU_20200831_0_L2A_129.tif,0.0008332341387930008,0.4363686383118998,0.004733022763191645,65,8343
test,CA,CA_S2A_46REU_20200831_0_L2A_179.tif,0.030985915492957747,0.5128680054381995,0.11755725190839694,198,168
test,CA,CA_S2A_46REU_20200831_1_L2A_154.tif,0.004103671706263499,0.4668624956818785,0.028093664352167435,1280,3369
test,CA,CA_S2A_46RGU_20200831_0_L2A_39.tif,0.0034349506225848005,0.4662931773869945,0.05388903636846297,1344,3330
test,CA,CA_S2A_46SBE_20200830_1_L2A_66.tif,0.014534883720930232,0.504680879775345,0.2938090241343127,329,20
test,CA,CA_S2A_46SCB_20200824_0_L2A_20.tif,0.0,0.47589111328125,0.0,0,3160
test,CA,CA_S2A_46SDB_20200824_1_L2A_109.tif,0.00315955766192733,0.48713601261701583,0.008746719980007499,115,1790
test,CA,CA_S2A_46SDB_20200903_0_L2A_33.tif,0.013054830287206266,0.5007587126438321,0.14634146341463414,719,57
test,CA,CA_S2A_46SEB_20200824_1_L2A_44.tif,0.023148148148148147,0.5099641490004448,0.11212333566923614,144,77
test,CA,CA_S2A_46SGH_20200923_1_L2A_38.tif,0.02634011090573013,0.49708092764089484,0.23159913689762648,1612,609
test,CA,CA_S2B_44RNV_20200920_1_L2A_47.tif,0.006385696040868455,0.42595254315263015,0.21867591789534546,10179,65
test,CA,CA_S2B_44RPU_20200831_1_L2A_43.tif,0.001271725307333616,0.41074101977886335,0.011454657715270735,166,11644
test,CA,CA_S2B_44RPV_20200920_0_L2A_68.tif,0.00029469548133595285,0.42249944515723675,0.002748385323622372,67,10116
test,CA,CA_S2B_44SKC_20200926_1_L2A_53.tif,0.07575757575757576,0.5360166473329671,0.13548387096774195,105,179
test,CA,CA_S2B_44SME_20200903_0_L2A_29.tif,0.0029832935560859188,0.4887419557920974,0.03944935278405589,447,1234
test,CA,CA_S2B_44SNC_20200903_0_L2A_33.tif,0.0,0.45856475830078125,0.010688914953415807,244,5187
test,CA,CA_S2B_44SNE_20200923_1_L2A_8.tif,0.054935622317596564,0.5190596366719947,0.5753920386007236,1138,91
test,CA,CA_S2B_44SPE_20200903_1_L2A_4.tif,0.001936108422071636,0.48523528243541475,0.4185037523452158,2022,48
test,CA,CA_S2B_45RUN_20200914_0_L2A_10.tif,0.025157232704402517,0.5054806800962481,0.0968718466195762,600,378
test,CA,CA_S2B_45RUN_20200914_1_L2A_7.tif,0.031546707503828486,0.49161123372073734,0.041523698749636524,405,2963
test,CA,CA_S2B_45RVP_20200904_0_L2A_38.tif,0.0,0.49483489990234375,0.0,457,220
test,CA,CA_S2B_45STA_20200831_1_L2A_9.tif,0.010078740157480314,0.4810484687597367,0.01869352996157441,229,2978
test,CA,CA_S2B_45SXT_20200825_1_L2A_31.tif,0.05905511811023622,0.5277037163176751,0.10623946037099494,119,150
test,CA,CA_S2B_46RCS_20200928_0_L2A_2.tif,0.10959715639810426,0.5432991367214924,0.13047481257398397,681,1192
test,CA,CA_S2B_46RDT_20200928_0_L2A_110.tif,0.005864197530864198,0.47835069241288236,0.019916142557651992,474,2785
test,CA,CA_S2B_46RDT_20200928_1_L2A_208.tif,0.0372829417773238,0.4898144331153021,0.058799952846870215,439,3623
test,CA,CA_S2B_46RDU_20200928_0_L2A_200.tif,0.0053842388644150755,0.4871865871926043,0.021948891952072953,913,1141
test,CA,CA_S2B_46RDU_20200928_0_L2A_244.tif,0.0025150905432595573,0.470994748824418,0.010710122090267369,431,3555
test,CA,CA_S2B_46SBD_20200825_0_L2A_15.tif,0.03139013452914798,0.5140469420070545,0.22670025188916879,164,66
test,CA,CA_S2B_46SCC_20200901_1_L2A_14.tif,0.019736842105263157,0.5075946533126652,0.15838509316770183,254,56
test,CA,CA_S2B_46SCF_20200921_1_L2A_44.tif,0.0045445938269267185,0.46214987659352197,0.022342264750771022,158,5147
test,CA,CA_S2B_46SFA_20200826_0_L2A_22.tif,0.03286384976525822,0.514860101720365,0.13179916317991633,95,125
test,CA,CA_S2B_46SFA_20200826_1_L2A_32.tif,0.2782608695652174,0.6372279286701392,0.29478458049886624,342,99
test,CA,CA_S2B_46SGC_20200826_0_L2A_3.tif,0.004464285714285714,0.48691784493414925,0.009408075264602116,976,1049
test,CA,CA_S2B_47SLD_20200925_1_L2A_8.tif,0.029885057471264367,0.5117222854622778,0.5855513307984791,432,16
test,CA,CA_S2B_47SMR_20200902_0_L2A_24.tif,0.01393086513033623,0.3469356966628981,0.005588123232822872,299,21172
test,CE,CE_S2A_32TLR_20200819_0_L2A_15.tif,0.02156909220194359,0.38410437670307085,0.027269827769508825,1783,15457
test,CE,CE_S2A_32TLR_20200901_0_L2A_103.tif,0.0026997840172786176,0.38854911028151096,0.006581899775617053,1003,13853
test,CE,CE_S2A_32TNS_20200809_0_L2A_112.tif,0.0014561339643247178,0.43793428149898067,0.01451378809869376,280,7973
test,CE,CE_S2A_32TNS_20200809_0_L2A_88.tif,0.0019367902104058456,0.4144449039430086,0.012709171785638637,2586,8795
test,CE,CE_S2B_31TGL_20200807_0_L2A_70.tif,0.10989010989010989,0.5537087157302066,0.2247191011235955,156,46
test,CE,CE_S2B_32TPS_20200821_0_L2A_63.tif,0.008521697086909223,0.3788307697912564,0.04116740842177336,1103,15584
test,CE,CE_S2B_32TPS_20200903_0_L2A_2.tif,0.0003367003367003367,0.47751633216270434,0.00142793395805444,29,2942
test,CE,CE_S2B_32TQT_20200808_1_L2A_18.tif,0.2599118942731278,0.6286730539068801,0.4791666666666667,227,59
test,CE,CE_S2B_33TUN_20200821_0_L2A_10.tif,0.024771136241249325,0.49855902971781507,0.09116561753852832,799,1104
test,CE,CE_S2B_33TUN_20200821_1_L2A_39.tif,0.002926737160120846,0.4208512015699085,0.015229036696634916,246,10377
test,GL,GL_S2A_19XEG_20200725_2_L2A_90.tif,0.0034137129575828006,0.3969488055083994,0.07047283520142854,11028,2787
test,GL,GL_S2A_20XML_20200728_2_L2A_97.tif,0.01120652015718236,0.40169086828880196,0.09160369925813906,6718,7178
test,GL,GL_S2A_20XML_20200810_2_L2A_86.tif,0.01482799525504152,0.4947367373200915,0.19154164252751862,1267,444
test,GL,GL_S2A_20XMM_20200725_2_L2A_6.tif,0.0003694126339120798,0.43824644620373066,0.0025508138310794395,275,7849
test,GL,GL_S2A_20XNK_20200812_0_L2A_20.tif,0.006944444444444444,0.4980167889158481,0.06173416892713497,402,323
test,GL,GL_S2A_21WWT_20200805_1_L2A_16.tif,0.0007296607077708865,0.4376683554568917,0.005225779201005865,218,8011
test,GL,GL_S2A_21WXP_20200723_0_L2A_151.tif,0.0,0.48598480224609375,0.004877453969028167,109,1728
test,GL,GL_S2A_21WXP_20200723_1_L2A_126.tif,0.0,0.4944000244140625,0.0,619,115
test,GL,GL_S2A_21WXQ_20200717_1_L2A_18.tif,0.01453287197231834,0.4855239862961112,0.04119273917108133,742,2190
test,GL,GL_S2A_21WXU_20200815_0_L2A_24.tif,0.00494641384995878,0.45640872428216805,0.004851285012994514,272,5823
test,GL,GL_S2A_21WXV_20200801_1_L2A_94.tif,0.00043789227849948915,0.4479704606433927,0.003996130730562471,530,6324
test,GL,GL_S2A_22VEQ_20200810_0_L2A_246.tif,0.00013078733978550875,0.4417377824697707,0.004663091629750525,118,7529
test,GL,GL_S2A_22VEQ_20200813_1_L2A_75.tif,0.0166017034791396,0.4562380584468962,0.10910515713925359,1880,5162
test,GL,GL_S2A_22VER_20200711_0_L2A_129.tif,0.6700152871806071,0.8229134513638836,0.4389314362455083,3590,4057
test,GL,GL_S2A_22VER_20200714_0_L2A_569.tif,0.48441926345609065,0.7034798887259173,0.25115161225716004,6673,6951
test,GL,GL_S2A_22VFN_20200810_1_L2A_67.tif,0.00883461088735871,0.4461521988267062,0.07255477108636903,4991,2774
test,GL,GL_S2A_22VFP_20200718_0_L2A_193.tif,0.007215793056501021,0.4479293234634856,0.07127395711020433,4757,2641
test,GL,GL_S2A_22VFP_20200718_0_L2A_274.tif,0.004741231577744773,0.23584162695607447,0.19023888009274884,33457,1721
test,GL,GL_S2A_22WDC_20200720_0_L2A_42.tif,0.0039081582804103565,0.486395844492421,0.01288390359675642,53,2002
test,GL,GL_S2A_22WDT_20200717_1_L2A_198.tif,0.006259443125404706,0.4679884389516837,0.02438198442262107,548,4114
test,GL,GL_S2A_22WDU_20200717_1_L2A_297.tif,0.002680965147453083,0.46159810596739587,0.03699338282866459,379,4857
test,GL,GL_S2A_22WEA_20200717_1_L2A_67.tif,0.041033018221674204,0.41272742122565603,0.09232200129388084,9752,5445
test,GL,GL_S2A_22WES_20200711_1_L2A_67.tif,0.31429965836993656,0.6463241495942638,0.24523841555995465,1364,1329
test,GL,GL_S2A_22WES_20200714_0_L2A_179.tif,0.4100996566451721,0.6469683955812809,0.2859253121418836,11874,4964
test,GL,GL_S2A_22WES_20200714_0_L2A_245.tif,0.2769402568397543,0.6081413125317932,0.4323321665583518,5244,1617
test,GL,GL_S2A_22WES_20200813_1_L2A_90.tif,0.004518072289156626,0.4417094178239676,0.05577328911667168,187,7817
test,GL,GL_S2A_22WET_20200803_0_L2A_126.tif,0.1836311651179414,0.40271991713958594,0.22084184154983957,27401,5717
test,GL,GL_S2A_22WEU_20200717_0_L2A_329.tif,0.003284072249589491,0.45995120307128273,0.030893764592775718,672,4827
test,GL,GL_S2A_22WEU_20200717_0_L2A_41.tif,0.1205327706712383,0.45558565450118704,0.16345160219667956,14698,2296
test,GL,GL_S2A_22WEV_20200813_0_L2A_88.tif,0.17512548800892358,0.5762245452371747,0.4446894138232721,1751,356
test,GL,GL_S2A_22XDF_20200801_0_L2A_39.tif,0.10727496917385944,0.5481064604307164,0.10145375811939374,247,651
test,GL,GL_S2A_23VLH_20200718_1_L2A_149.tif,0.001144001144001144,0.44727417368883615,0.005188614838445402,123,6878
test,GL,GL_S2A_23VLJ_20200718_0_L2A_86.tif,0.008271298593879239,0.49498660922124443,0.018543900669192936,109,1110
test,GL,GL_S2A_23VMJ_20200715_0_L2A_68.tif,0.22239136451702188,0.4210691342447057,0.09365626074607573,7841,27491
test,GL,GL_S2B_19XDG_20200726_0_L2A_16.tif,0.008673026886383347,0.4956147846637759,0.01880824142942635,79,1084
test,GL,GL_S2B_19XEE_20200806_1_L2A_29.tif,0.0,0.48230743408203125,0.008018466771959665,763,1556
test,GL,GL_S2B_19XEG_20200727_0_L2A_124.tif,0.0014492753623188406,0.46392413713941455,0.015102481121898598,657,4180
test,GL,GL_S2B_20XMM_20200729_1_L2A_33.tif,0.013479255549372411,0.38460637201057835,0.015026296018031557,350,16041
test,GL,GL_S2B_20XNK_20200808_0_L2A_39.tif,0.001466275659824047,0.4955374408740869,0.012535255405828892,55,628
test,GL,GL_S2B_21XWA_20200720_0_L2A_47.tif,0.009458297506448839,0.49593861079061474,0.3359375,1056,118
test,GL,GL_S2B_21XWA_20200720_1_L2A_120.tif,0.007200929152148664,0.4709770007183535,0.03352206120769211,2436,1900
test,GL,GL_S2B_21XWB_20200717_1_L2A_69.tif,0.00974025974025974,0.5002157730869772,0.027579533083343415,209,413
test,GL,GL_S2B_21XWB_20200718_3_L2A_46.tif,0.010469054705942728,0.3576651892032132,0.09119338156131217,8788,10902
test,GL,GL_S2B_22VEQ_20200716_0_L2A_87.tif,0.01790154152163103,0.38787426266861347,0.18402977957138486,2290,14086
test,GL,GL_S2B_22VEQ_20200805_0_L2A_42.tif,0.46119569253620496,0.6953850975219449,0.13042071886930232,4523,7282
test,GL,GL_S2B_22VFP_20200716_0_L2A_51.tif,0.01274403470715835,0.4507349646962643,0.0477464840722011,1787,5683
test,GL,GL_S2B_22VFP_20200815_0_L2A_148.tif,0.10560535907792336,0.4823835308668346,0.2643098307267639,7081,4142
test,GL,GL_S2B_22WDD_20200814_0_L2A_38.tif,0.0018843544739959083,0.35942525383124846,0.007581702552029689,341,18268
test,GL,GL_S2B_22WDT_20200722_1_L2A_115.tif,0.0006146281499692685,0.48790172927297043,0.014790793324369216,169,1459
test,GL,GL_S2B_22WDU_20200722_0_L2A_150.tif,0.004159445407279029,0.48015645794568823,0.02621518296013108,60,2837
test,GL,GL_S2B_22WDU_20200722_1_L2A_138.tif,0.010647639956092206,0.4364581588279674,0.030328403547887725,695,8512
test,GL,GL_S2B_22WDU_20200722_1_L2A_259.tif,0.031917746982565935,0.43289531007361776,0.39508112894576025,9541,2001
test,GL,GL_S2B_22WEA_20200722_1_L2A_74.tif,0.0,0.4264678955078125,0.0,166,9472
test,GL,GL_S2B_22WEC_20200718_0_L2A_188.tif,0.03219747786423397,0.48852903121535046,0.06158152554233729,1700,2147
test,GL,GL_S2B_22WEC_20200718_1_L2A_51.tif,0.009645333065407415,0.42950940247402397,0.05839097829518824,1876,8173
test,GL,GL_S2B_22WEU_20200719_1_L2A_53.tif,0.011737978038621734,0.48594684567147484,0.10757284452989378,689,1983
test,GL,GL_S2B_22WEU_20200729_0_L2A_93.tif,0.005065856129685917,0.22454177261198072,0.19236643997527,35710,994
test,GL,GL_S2B_22WEV_20200722_0_L2A_76.tif,0.1441150572351042,0.5496422776374614,0.12132419814466741,3372,526
test,GL,GL_S2B_23VNG_20200720_0_L2A_185.tif,0.003945480631276901,0.48078235496653504,0.015843640575696653,719,2080
test,GL,GL_S2B_23VNG_20200720_1_L2A_109.tif,0.0020294266869609334,0.4709970109872358,0.01100606160911931,459,3491
test,IS,IS_S2B_28WDS_20200816_0_L2A_145.tif,0.04793289394847214,0.5118285222614519,0.043290043290043295,152,1597
test,LL,LL_S2A_17LRK_20200816_1_L2A_61.tif,0.16666666666666666,0.5832570370596434,0.8571428571428571,12,2
test,LL,LL_S2A_17LRL_20200826_0_L2A_64.tif,0.0013909495548961425,0.4185157156162631,0.009714850519930675,80,10719
test,LL,LL_S2A_18LTP_20200813_0_L2A_19.tif,0.034482758620689655,0.5093328616230519,0.0771103105831954,634,476
test,LL,LL_S2A_18LTQ_20200826_1_L2A_171.tif,0.006227758007117438,0.4860661698371718,0.056074766355140186,2248,14
test,LL,LL_S2A_18LTR_20200826_0_L2A_32.tif,0.030497592295345103,0.510639305481128,0.04906542056074766,557,85
test,LL,LL_S2A_18LTR_20200826_0_L2A_47.tif,0.0032935364347468094,0.4831737490499946,0.018384856325752416,148,2289
test,LL,LL_S2A_18LUP_20200813_1_L2A_52.tif,0.05163429654192326,0.5105176541783087,0.13629472407519708,1961,259
test,LL,LL_S2B_18LVN_20200828_0_L2A_11.tif,0.08063838723225536,0.5235693772596144,0.18989280245022971,2381,192
test,LL,LL_S2B_18LVN_20200828_1_L2A_121.tif,0.12620238553289725,0.5456876852213621,0.14252696456086286,2322,605
test,ME,ME_S2B_37TFJ_20200904_0_L2A_48.tif,0.0057306590257879654,0.4922744370699688,0.027005130974885223,704,700
test,NA,NA_S2A_44UQA_20200921_0_L2A_52.tif,0.013309352517985611,0.4857154252780618,0.054979324367023394,1804,1013
test,NA,NA_S2A_45UWQ_20200905_1_L2A_500.tif,0.0,0.49027252197265625,0.0,313,962
test,NA,NA_S2A_45UXP_20200905_1_L2A_228.tif,0.02127659574468085,0.5099363721543925,0.31168831168831174,88,8
test,NA,NA_S2A_45UYP_20200905_0_L2A_108.tif,0.0005458515283842794,0.43042048951264705,0.0017120495679112994,671,8494
test,NA,NA_S2B_45UVR_20200903_0_L2A_114.tif,0.08899297423887588,0.5176458566933251,0.0346778559826746,1001,3184
test,NA,NA_S2B_45UVR_20200903_0_L2A_118.tif,0.00043389326225748464,0.37717218782205186,0.002354169438786477,197,15943
test,NA,NA_S2B_45UWR_20200920_0_L2A_171.tif,0.15965612526865214,0.5587793976903123,0.4259547195570556,3124,653
test,NA,NA_S2B_45UWR_20200920_1_L2A_143.tif,0.1652526742899299,0.5652421803111399,0.10797665369649805,702,2457
test,NA,NA_S2B_45UXS_20200903_1_L2A_4.tif,0.000727802037845706,0.48988858248684075,0.0030183617003437576,46,1329
test,NZ,NZ_S2B_58GGR_20200814_0_L2A_40.tif,0.04402414486921529,0.4306273765629986,0.10895474311483332,10220,2752
test,NZ,NZ_S2B_59GLM_20200814_1_L2A_1.tif,0.2334977683814893,0.5914707707142487,0.0352312047813778,2523,2728
test,NZ,NZ_S2B_59GMM_20200804_0_L2A_54.tif,0.12771648278167838,0.5030801702617819,0.04250243955329069,2094,8025
test,RA,RA_S2A_40XDF_20200829_0_L2A_4.tif,0.00011999040076793856,0.37290462546864167,0.0006648936170212766,135,16535
test,RA,RA_S2A_40XDJ_20200811_0_L2A_34.tif,0.0,0.4818267822265625,0.0,2382,0
test,RA,RA_S2A_40XEJ_20200811_0_L2A_10.tif,0.008799497171590195,0.4923656226433636,0.02452394691286786,244,1361
test,RA,RA_S2A_40XEJ_20200811_0_L2A_52.tif,0.0,0.47324371337890625,0.0,607,2900
test,RA,RA_S2A_40XEJ_20200829_0_L2A_62.tif,0.01215455054514312,0.2759761504701409,0.00909382162308697,376,30352
test,RA,RA_S2A_40XEK_20200819_0_L2A_51.tif,0.0023161316537992685,0.31367047438536877,0.00041664599970239573,590,24077
test,RA,RA_S2A_42XVK_20200830_0_L2A_33.tif,0.06923950056753689,0.5220842074336141,0.05034035143264207,412,1472
test,RA,RA_S2A_42XVL_20200823_0_L2A_65.tif,0.0,0.49808502197265625,0.0,251,0
test,RA,RA_S2B_41XME_20200814_0_L2A_51.tif,0.7058823529411765,0.8516746735537937,0.6397184706106145,479,478
test,RA,RA_S2B_41XME_20200814_0_L2A_59.tif,0.0016267311497032315,0.3274672076182416,0.028212680204619436,4770,18012
test,RA,RA_S2B_41XME_20200830_0_L2A_71.tif,0.05833929849677881,0.4888230766368267,0.05184559030712877,489,5425
test,RA,RA_S2B_41XNE_20200805_5_L2A_10.tif,0.0,0.4630889892578125,0.006539865932748378,158,4680
test,SAW,SAW_S2A_42SWE_20200910_1_L2A_66.tif,0.0892542571931885,0.5327664287311837,0.04984894259818731,288,1567
test,SAW,SAW_S2A_42SWE_20200913_0_L2A_29.tif,0.0064794816414686825,0.47866521590277666,0.012277645441509345,644,2618
test,SAW,SAW_S2A_42SWE_20200913_1_L2A_165.tif,0.0,0.49446868896484375,0.021333333333333333,93,632
test,SAW,SAW_S2A_42SWE_20200923_0_L2A_9.tif,0.007718696397941681,0.4950309263270707,0.01352787708957387,349,826
test,SAW,SAW_S2A_42SXE_20200910_0_L2A_118.tif,0.0023161551823972205,0.48801182843048324,0.0062414667446850005,51,1680
test,SAW,SAW_S2A_42SXE_20200910_0_L2A_182.tif,0.08824436902190681,0.5214785063500339,0.02736337439114579,539,2988
test,SAW,SAW_S2A_42SXE_20200910_0_L2A_228.tif,0.0037313432835820895,0.45499711120340475,0.017642046878393505,79,6108
test,SAW,SAW_S2A_42SXE_20200910_0_L2A_279.tif,0.41470888661899896,0.6939911546500263,0.3128304817304506,2274,1881
test,SAW,SAW_S2A_42SXE_20200910_1_L2A_218.tif,0.0006505334374186833,0.4417194160526124,0.004552763274376253,527,7164
test,SAW,SAW_S2A_42SXE_20200910_1_L2A_372.tif,0.005442793967570019,0.43575492984476716,0.014938601370390518,89,8778
test,SAW,SAW_S2A_42SXE_20200920_1_L2A_164.tif,0.2696629213483146,0.6328449081069201,0.16030534351145037,283,169
test,SAW,SAW_S2A_42SXE_20200920_1_L2A_185.tif,0.008496176720475786,0.4864356455981645,0.013012466913176132,191,2183
test,SAW,SAW_S2A_42SXE_20200920_1_L2A_353.tif,0.06401028277634961,0.50412057018717,0.2146479794950101,3813,326
test,SAW,SAW_S2A_42SXE_20200920_1_L2A_363.tif,0.0010840761262346423,0.4372627791316845,0.0040529667120307545,101,8210
test,SAW,SAW_S2A_42SXE_20200923_0_L2A_35.tif,0.09663865546218488,0.5169440377880826,0.039341444062417345,628,4331
test,SAW,SAW_S2A_42SXF_20200910_0_L2A_103.tif,0.007663782447466007,0.4731930086956817,0.02399970186705755,361,3715
test,SAW,SAW_S2A_42SYE_20200910_0_L2A_150.tif,0.05567010309278351,0.5243393486658715,0.1271393643031785,425,87
test,SAW,SAW_S2A_42SYE_20200910_1_L2A_71.tif,0.0005585812037424941,0.39105880470271365,0.0025181285053493398,511,13819
test,SAW,SAW_S2A_42SYF_20200920_1_L2A_77.tif,0.0011337154374252063,0.37953904856702914,0.0060595859282949,108,15787
test,SAW,SAW_S2A_42SYF_20200920_1_L2A_82.tif,0.0020903010033444815,0.40995357809398497,0.011152191652478768,399,11586
test,SAW,SAW_S2A_43SBA_20200920_1_L2A_35.tif,0.0010766580534022395,0.3943357374911629,0.0055740377624534584,75,13872
test,SAW,SAW_S2A_43SBV_20200920_1_L2A_119.tif,0.00135623869801085,0.41639216522742606,0.01682513897251238,3078,7997
test,SAW,SAW_S2A_43SBV_20200920_1_L2A_26.tif,0.0010498687664041995,0.35529323525627127,0.03555096025364955,3559,15511
test,SAW,SAW_S2A_43SBV_20200920_1_L2A_75.tif,0.001584786053882726,0.33728593520885947,0.012788876018951926,293,21195
test,SAW,SAW_S2A_43SCA_20200920_1_L2A_56.tif,0.0005680607825037279,0.3928871923983328,0.0022794620469569183,84,14007
test,SAW,SAW_S2A_43SCA_20200920_1_L2A_57.tif,0.0013790725736941907,0.45648705795697286,0.010293904950949341,337,5472
test,SAW,SAW_S2A_43SDB_20200907_1_L2A_14.tif,0.003740648379052369,0.49577415889875665,0.01353461738677772,59,746
test,SAW,SAW_S2A_43SDB_20200907_1_L2A_56.tif,0.005216095380029807,0.4618496670342171,0.059294886420677005,687,4709
test,SAW,SAW_S2A_43SEB_20200904_0_L2A_4.tif,0.0006064281382656155,0.45000717549255953,0.02601479693835291,554,6046
test,SAW,SAW_S2A_43SET_20200917_0_L2A_2.tif,0.01231162196679438,0.35810465852149354,0.021094017389714195,833,18983
test,SAW,SAW_S2A_43SET_20200924_0_L2A_51.tif,0.03345549119281239,0.45407928498923106,0.028079530306038516,808,7934
test,SAW,SAW_S2A_43SET_20200924_0_L2A_84.tif,0.056686046511627904,0.513462025380579,0.048832271762208064,392,1789
test,SAW,SAW_S2A_43SET_20200924_1_L2A_43.tif,0.05132519983172066,0.4388329785007108,0.018836096402489056,830,11665
test,SAW,SAW_S2A_43SET_20200924_1_L2A_68.tif,0.011942174732872407,0.49397420106211826,0.04052772949913098,513,1097
test,SAW,SAW_S2A_43SET_20200924_1_L2A_78.tif,0.0014019627478469858,0.4626567566795134,0.012031719989062073,188,4812
test,SAW,SAW_S2A_43SET_20200924_1_L2A_87.tif,0.003849743350443304,0.43674465092197373,0.01768396465861322,332,8273
test,SAW,SAW_S2A_43SEU_20200924_1_L2A_104.tif,0.49523809523809526,0.747214368613489,0.6865671641791046,96,61
test,SAW,SAW_S2A_43SEU_20200924_1_L2A_291.tif,0.0001934984520123839,0.46067506615589093,0.0005822981366459627,205,4964
test,SAW,SAW_S2A_43SEU_20200924_1_L2A_71.tif,0.022508921218775735,0.45678159760993853,0.06906906906906907,6164,1286
test,SAW,SAW_S2A_43SFR_20200921_0_L2A_21.tif,0.025260453831882402,0.4078466977207646,0.052056625868489956,1033,13335
test,SAW,SAW_S2A_43SFS_20200901_1_L2A_24.tif,0.030106627639556762,0.4795826140399888,0.027631776543024476,537,4390
test,SAW,SAW_S2A_43SFS_20200924_0_L2A_15.tif,0.008333333333333333,0.49599446284228893,0.03892445582586428,103,986
test,SAW,SAW_S2A_43SFT_20200914_1_L2A_33.tif,0.0002532286654849329,0.439883076627124,0.012709726590594375,94,7806
test,SAW,SAW_S2A_43SFT_20200924_1_L2A_23.tif,0.004353700645548716,0.45155630595347035,0.01364172558782449,1433,5257
test,SAW,SAW_S2A_43SFT_20200924_1_L2A_8.tif,0.00042052144659377626,0.4639390122110742,0.00196078431372549,93,4665
test,SAW,SAW_S2A_43SFU_20200914_1_L2A_69.tif,0.0019342359767891683,0.4615934342597983,0.009449350357162944,304,4876
test,SAW,SAW_S2A_43SFU_20200921_1_L2A_47.tif,0.0206052801030264,0.49869266203490353,0.08241758241758243,97,1488
test,SAW,SAW_S2A_43SFU_20200924_0_L2A_117.tif,0.0,0.4009857177734375,0.003483092488545187,215,12763
test,SAW,SAW_S2A_43SGR_20200901_1_L2A_52.tif,0.007532956685499058,0.4997455420063032,0.10810810810810811,453,82
test,SAW,SAW_S2A_43SGR_20200911_1_L2A_27.tif,0.0041569992266047955,0.4234365073393189,0.01195015527339911,226,10161
test,SAW,SAW_S2A_43SGR_20200911_1_L2A_43.tif,0.0051739518287243534,0.4600266388511476,0.008638501163953892,48,5586
test,SAW,SAW_S2A_43SGR_20200911_1_L2A_60.tif,0.00236655272153563,0.4143097170025117,0.011174499346502394,132,11304
test,SAW,SAW_S2A_43SGS_20200901_0_L2A_38.tif,0.0020067922198209326,0.45166957439845035,0.008044595037709039,214,6277
test,SAW,SAW_S2A_43SGS_20200911_3_L2A_31.tif,0.0031182537778843846,0.46984507228216293,0.016120715390669525,411,3771
test,SAW,SAW_S2A_43SGS_20200921_1_L2A_50.tif,0.007159904534606206,0.4813560340806283,0.0011961722488038277,774,2180
test,SAW,SAW_S2A_43SGS_20200921_1_L2A_54.tif,0.0033093245084679776,0.4234891100573545,0.014568158168574402,48,10260
test,SAW,SAW_S2A_43SGT_20200901_0_L2A_6.tif,0.00021519259737465033,0.46466088843266157,0.011587132184784266,88,4560
test,SAW,SAW_S2A_43SGT_20200911_1_L2A_33.tif,0.0018648018648018648,0.48459687019932396,0.009887005649717513,81,2068
test,SAW,SAW_S2A_43SGT_20200914_1_L2A_2.tif,0.0007274490785645005,0.46892155036749095,0.015378635526338027,101,4026
test,SAW,SAW_S2A_43SGU_20200911_1_L2A_15.tif,0.004142194744976816,0.3790510420791435,0.023725061724891448,692,15550
test,SAW,SAW_S2A_43SGU_20200914_1_L2A_37.tif,0.0061162079510703364,0.5005784750806104,0.03080308030803081,173,156
test,SAW,SAW_S2A_43SGU_20200921_1_L2A_12.tif,0.013300270513976555,0.4397419448506781,0.022850478784952215,155,8835
test,SAW,SAW_S2A_43SGV_20200901_1_L2A_22.tif,0.006972285166463308,0.4164505767069178,0.02257636122177955,156,11398
test,SAW,SAW_S2A_43SGV_20200901_1_L2A_26.tif,0.0,0.49115753173828125,0.0018501387604070306,61,1098
test,SAW,SAW_S2A_43SGV_20200901_1_L2A_8.tif,0.033116883116883114,0.5051894257532954,0.07612064403960996,253,1338
test,SAW,SAW_S2A_43SGV_20200921_1_L2A_55.tif,0.05309734513274336,0.5257322526060482,0.34749034749034746,113,6
test,SAW,SAW_S2A_44RKV_20200901_0_L2A_3.tif,0.0,0.45223236083984375,0.003093694755450796,88,6173
test,SAW,SAW_S2A_44RMV_20200908_0_L2A_2.tif,0.0038429865495470767,0.4742285046602624,0.015076833864888374,315,3342
test,SAW,SAW_S2A_44RMV_20200918_0_L2A_43.tif,0.004324324324324324,0.48810710172998045,0.021621621621621623,384,1474
test,SAW,SAW_S2A_44RNU_20200905_1_L2A_46.tif,0.011411889596602972,0.4772677911024867,0.19829114445910292,2694,1117
test,SAW,SAW_S2A_44RNU_20200905_1_L2A_56.tif,0.007487131492746842,0.487557668310476,0.043175024908668216,123,2030
test,SAW,SAW_S2A_44RNU_20200905_2_L2A_68.tif,0.040768782760629,0.5078053427138312,0.2582917522747285,1290,497
test,SAW,SAW_S2A_44RNV_20200908_0_L2A_111.tif,0.04013377926421405,0.5178768523938432,0.2736842105263158,287,24
test,SAW,SAW_S2A_44RNV_20200908_1_L2A_106.tif,0.03164556962025317,0.5111521699984776,0.2794520547945205,584,68
test,SAW,SAW_S2A_44RNV_20200915_1_L2A_93.tif,0.02288329519450801,0.504924155686881,0.3173287838167195,847,47
test,SAW,SAW_S2A_44SKA_20200901_1_L2A_12.tif,0.0022454647521125094,0.3722256668168025,0.011037920598184084,135,16826
test,SAW,SAW_S2A_44SKA_20200921_1_L2A_13.tif,0.085728298185385,0.4707893601904006,0.08009327623153774,1418,9651
test,SAW,SAW_S2A_44SKB_20200901_0_L2A_41.tif,0.0,0.43984222412109375,0.0,17,7868
test,SAW,SAW_S2A_44SKB_20200901_1_L2A_58.tif,0.014810337010729938,0.45759466084926304,0.09155808683478625,1976,4739
test,SAW,SAW_S2A_44SKB_20200901_1_L2A_89.tif,0.00023442261709409723,0.33741558917551073,0.004630360431465403,69,21265
test,SAW,SAW_S2A_44SKB_20200911_2_L2A_47.tif,0.03643680061738603,0.38349778373836546,0.17852517483910818,18108,694
test,SAW,SAW_S2A_44SKB_20200921_1_L2A_85.tif,0.012139605462822459,0.5011024605265523,0.055286800276434,334,333
test,SAW,SAW_S2A_44SKB_20200921_1_L2A_86.tif,0.000727802037845706,0.4794129442636508,0.003534460994698308,108,2642
test,SAW,SAW_S2A_44SKC_20200901_1_L2A_44.tif,0.007564062982401976,0.4055363638363216,0.21163801357303047,11830,1224
test,SAW,SAW_S2A_44SKC_20200921_1_L2A_34.tif,0.025158309087797363,0.469024428213782,0.02053771992242546,369,5621
test,SAW,SAW_S2A_44SKD_20200901_1_L2A_22.tif,8.130081300813008e-05,0.40620529525276944,0.046237409014043086,1259,11042
test,SAW,SAW_S2A_44SKD_20200921_1_L2A_37.tif,0.0,0.4499053955078125,0.0041971383147853735,114,6452
test,SAW,SAW_S2A_44SLA_20200911_1_L2A_10.tif,0.010626123916952755,0.45909412533004545,0.07248748439337188,2280,3902
test,SAW,SAW_S2A_44SLB_20200911_2_L2A_32.tif,0.005251312828207052,0.48238817892562635,0.03706359907054132,331,2349
test,SAW,SAW_S2A_44SLB_20200918_1_L2A_12.tif,0.010498687664041995,0.5023728865287188,0.04640371229698376,138,247
test,SAW,SAW_S2A_44SMA_20200918_1_L2A_26.tif,0.023872679045092837,0.5063195624536494,0.06741174383537343,154,618
test,SAW,SAW_S2B_42SWE_20200918_1_L2A_37.tif,0.0024849130280440185,0.47980156774721644,0.013169949610627578,458,2366
test,SAW,SAW_S2B_42SXE_20200905_1_L2A_191.tif,0.0017103762827822121,0.46077247414563366,0.00819217584190361,434,4837
test,SAW,SAW_S2B_42SXE_20200905_1_L2A_230.tif,0.04706264199935086,0.5010817484285265,0.03892126024854329,958,2268
test,SAW,SAW_S2B_42SXE_20200905_1_L2A_239.tif,0.0030048076923076925,0.374834108332609,0.024398130134321246,1561,15129
test,SAW,SAW_S2B_42SXE_20200905_1_L2A_6.tif,0.05501439008191277,0.4618773421834401,0.019946343170418757,824,8707
test,SAW,SAW_S2B_42SXE_20200918_1_L2A_64.tif,0.008816120906801008,0.49840308555678986,0.0231023102310231,303,498
test,SAW,SAW_S2B_42SXF_20200905_0_L2A_2.tif,0.022155943757988922,0.4760033906343435,0.01689397272327321,259,4539
test,SAW,SAW_S2B_42SXF_20200905_1_L2A_10.tif,0.08052147239263803,0.503434149796663,0.05666427374970088,1095,4541
test,SAW,SAW_S2B_42SXF_20200905_1_L2A_60.tif,0.0010775862068965517,0.45102636349213115,0.0012972972972972972,137,6366
test,SAW,SAW_S2B_42SXF_20200915_1_L2A_45.tif,0.0006687720601894854,0.29507018382612027,0.018332958885643676,4673,22260
test,SAW,SAW_S2B_42SYE_20200922_1_L2A_29.tif,0.19812925170068027,0.5918444368850552,0.1861469165784503,590,819
test,SAW,SAW_S2B_42SYE_20200922_1_L2A_41.tif,0.0010119537031180823,0.37997026256584476,0.005723673135307401,70,15757
test,SAW,SAW_S2B_43SBA_20200922_1_L2A_15.tif,0.006358381502890174,0.424410288964367,0.015950589152400083,133,10313
test,SAW,SAW_S2B_43SBA_20200922_1_L2A_7.tif,0.004915514592933948,0.4777401138288235,0.013311669244171249,184,3087
test,SAW,SAW_S2B_43SBV_20200922_0_L2A_146.tif,0.0014127619496114904,0.4359820051735726,0.010356381358513557,179,8327
test,SAW,SAW_S2B_43SBV_20200922_0_L2A_65.tif,0.005803218148245845,0.41654908119876016,0.00529720368766872,628,10811
test,SAW,SAW_S2B_43SBV_20200922_1_L2A_68.tif,0.525990099009901,0.7540549458651067,0.2255132591958939,1645,2054
test,SAW,SAW_S2B_43SBV_20200925_1_L2A_65.tif,0.034417086110733235,0.4628452325457393,0.06365425208400416,1381,6223
test,SAW,SAW_S2B_43SCA_20200922_0_L2A_125.tif,0.0037071362372567192,0.4772442646573012,0.009535285796615497,55,3194
test,SAW,SAW_S2B_43SCA_20200922_0_L2A_130.tif,0.003301010934598721,0.46478389985069374,0.012559182656366808,223,4640
test,SAW,SAW_S2B_43SCA_20200922_0_L2A_91.tif,0.19029126213592232,0.5855582487069054,0.0870264564448838,412,1427
test,SAW,SAW_S2B_43SCA_20200922_1_L2A_152.tif,0.0011785503830288745,0.4617902518434296,0.0030305553242860714,271,4826
test,SAW,SAW_S2B_43SCA_20200922_1_L2A_169.tif,0.0002737226277372263,0.4165377585717387,0.006050967766960165,260,10703
test,SAW,SAW_S2B_43SCA_20200922_1_L2A_76.tif,0.008456334563345633,0.45498487533439036,0.09311391418149417,1824,4735
test,SAW,SAW_S2B_43SCA_20200925_0_L2A_54.tif,0.016743038420867114,0.4657453368476946,0.06787965762902978,931,4838
test,SAW,SAW_S2B_43SCA_20200925_1_L2A_40.tif,0.0,0.4940185546875,0.022878932316491896,58,726
test,SAW,SAW_S2B_43SCU_20200922_0_L2A_53.tif,0.40681362725450904,0.7011414959470623,0.3643208803938604,421,281
test,SAW,SAW_S2B_43SCV_20200922_0_L2A_252.tif,0.016995383969785983,0.4727097460678507,0.036240225290852024,1368,3479
test,SAW,SAW_S2B_43SCV_20200922_0_L2A_258.tif,0.0162577593851611,0.4827169281341132,0.014619289340101522,206,3232
test,SAW,SAW_S2B_43SCV_20200922_0_L2A_312.tif,0.15119310206536996,0.5429254386866629,0.10173690440144237,1692,4049
test,SAW,SAW_S2B_43SCV_20200922_0_L2A_398.tif,0.018651362984218076,0.5041061402623118,0.03864734299516908,336,374
test,SAW,SAW_S2B_43SCV_20200922_0_L2A_410.tif,0.04945054945054945,0.5234052081878169,0.15730337078651685,156,35
test,SAW,SAW_S2B_43SCV_20200922_0_L2A_80.tif,0.04037538192928852,0.4186887912862768,0.029993389220073153,1469,12832
test,SAW,SAW_S2B_43SCV_20200922_1_L2A_107.tif,0.0027200791295746785,0.40900549091816046,0.013653741125068267,117,12048
test,SAW,SAW_S2B_43SCV_20200922_1_L2A_225.tif,0.09077705156136529,0.5358182700133041,0.005994754589733983,429,1073
test,SAW,SAW_S2B_43SDA_20200922_1_L2A_52.tif,0.002045842015533245,0.2998913123214101,0.011970552821893956,381,26068
test,SAW,SAW_S2B_43SDB_20200922_1_L2A_22.tif,0.0014516798009124845,0.46398638103491574,0.01177914110429448,197,4632
test,SAW,SAW_S2B_43SDU_20200909_0_L2A_41.tif,0.0,0.497344970703125,0.06263345195729537,201,147
test,SAW,SAW_S2B_43SDU_20200912_1_L2A_82.tif,0.00642560897248671,0.37322625479651755,0.02606603069022914,470,16759
test,SAW,SAW_S2B_43SDU_20200922_0_L2A_48.tif,0.10915934755332497,0.5491556031262324,0.2353455271864661,413,471
test,SAW,SAW_S2B_43SDU_20200922_0_L2A_50.tif,0.1726182074805928,0.5407351140337052,0.0441824475185767,2616,5692
test,SAW,SAW_S2B_43SDV_20200922_1_L2A_76.tif,0.009464916708732963,0.44478073137188834,0.01065611441301791,363,7636
test,SAW,SAW_S2B_43SET_20200909_0_L2A_55.tif,0.019299820466786355,0.44279353669444205,0.01838690286764966,371,8713
test,SAW,SAW_S2B_43SET_20200909_1_L2A_18.tif,0.0051162790697674414,0.48623612503660063,0.014086869025658226,124,2037
test,SAW,SAW_S2B_43SEU_20200919_0_L2A_207.tif,0.02999073645206114,0.45083034838749636,0.014538961867108787,501,8394
test,SAW,SAW_S2B_43SEU_20200919_0_L2A_243.tif,0.0835445828281715,0.4775915510392671,0.057929517856681635,1127,8704
test,SAW,SAW_S2B_43SEU_20200919_1_L2A_171.tif,0.2006160954948017,0.5681190069063924,0.1952930932930421,1403,4833
test,SAW,SAW_S2B_43SEU_20200922_1_L2A_104.tif,0.0,0.43486785888671875,0.0,922,7615
test,SAW,SAW_S2B_43SEV_20200922_0_L2A_4.tif,0.0012933025404157045,0.4181476433034181,0.016063541608174282,294,10545
test,SAW,SAW_S2B_43SEV_20200922_0_L2A_74.tif,0.005502063273727648,0.49723464269710915,0.02773100921065663,154,577
test,SAW,SAW_S2B_43SEV_20200922_0_L2A_76.tif,0.007308970099667774,0.49225425612957446,0.01387082791504118,310,1206
test,SAW,SAW_S2B_43SFA_20200919_1_L2A_20.tif,0.0031608060055314103,0.42454693939748966,0.03653811021047874,768,9388
test,SAW,SAW_S2B_43SFR_20200909_0_L2A_1.tif,0.006181542132089795,0.43311413733614673,0.03382408565858768,2438,6840
test,SAW,SAW_S2B_43SFU_20200909_0_L2A_114.tif,0.0005119803399549457,0.4257797880671559,0.0018099299337730184,552,9219
test,SAW,SAW_S2B_43SFU_20200909_1_L2A_49.tif,0.0008192244675040961,0.44457259102209323,0.009791160757649343,764,6566
test,SAW,SAW_S2B_43SFU_20200909_1_L2A_91.tif,0.001030337721808815,0.3673303952109151,0.008210541246016551,3092,14396
test,SAW,SAW_S2B_43SFV_20200919_1_L2A_21.tif,0.0020491803278688526,0.46386376850535616,0.008391608391608392,193,4697
test,SAW,SAW_S2B_43SFV_20200919_1_L2A_41.tif,0.0005132811497497754,0.38139142265276527,0.004965380265371989,78,15516
test,SAW,SAW_S2B_43SFV_20200919_1_L2A_48.tif,0.00041684035014589413,0.4270228009356174,0.028185804453328293,462,9138
test,SAW,SAW_S2B_43SFV_20200919_1_L2A_67.tif,0.019158878504672898,0.4775111164607576,0.1285769131653545,2145,2217
test,SAW,SAW_S2B_43SGT_20200909_1_L2A_3.tif,0.0014169323414806943,0.479199890207852,0.01718213058419244,188,2639
test,SAW,SAW_S2B_43SGU_20200916_1_L2A_55.tif,0.0008868393047179851,0.45746376117011395,0.02905294931455163,301,5342
test,SAW,SAW_S2B_43SGV_20200916_1_L2A_47.tif,0.0058823529411764705,0.5016517891203174,0.0,119,52
test,SAW,SAW_S2B_43SGV_20200919_1_L2A_4.tif,0.004333694474539545,0.4881423081089582,0.06904225862381286,1244,610
test,SAW,SAW_S2B_43SGV_20200919_1_L2A_48.tif,0.017278617710583154,0.5051675105400676,0.556390977443609,455,16
test,SAW,SAW_S2B_44RMV_20200913_0_L2A_42.tif,0.02145922746781116,0.5072500788927738,0.12471283229405973,312,164
test,SAW,SAW_S2B_44RNV_20200920_1_L2A_50.tif,0.006085192697768763,0.4993040218902147,0.05025125628140704,193,303
test,SAW,SAW_S2B_44RNV_20200920_1_L2A_94.tif,0.03669724770642202,0.5159449244453604,0.479253112033195,324,15
test,SAW,SAW_S2B_44SKA_20200913_1_L2A_42.tif,0.10568852968604289,0.5307800277732625,0.1045773100702597,1126,2431
test,SAW,SAW_S2B_44SKD_20200916_1_L2A_30.tif,0.0012872774082814847,0.46512555538352424,0.004713340683572216,21,4646
test,SAW,SAW_S2B_44SKE_20200916_1_L2A_23.tif,0.0,0.4989776611328125,0.0,92,42
test,SAW,SAW_S2B_44SLA_20200913_1_L2A_106.tif,0.0009823986901350797,0.407372647364114,0.005639409520650191,450,11777
test,SAW,SAW_S2B_44SLA_20200913_1_L2A_123.tif,0.04925156929019797,0.4793475384393654,0.05737051792828685,749,5770
test,SAW,SAW_S2B_44SLA_20200923_0_L2A_127.tif,0.0010651754210771586,0.38602556695351786,0.010806435735614208,115,14922
test,SAW,SAW_S2B_44SLB_20200923_1_L2A_10.tif,0.0007790858725761773,0.41231134616243914,0.008620689655172412,169,11392
test,SA,SA_S2A_18FWH_20200706_1_L2A_1.tif,0.010780338245475226,0.4289538354990043,0.0648263443229057,7327,2893
test,SA,SA_S2A_18FWJ_20200706_0_L2A_3.tif,0.09910514541387025,0.45547404544355263,0.06557841570859489,9240,5499
test,SA,SA_S2A_18FWK_20200706_0_L2A_216.tif,0.0039198606271777,0.484509108514941,0.02881844380403458,642,1663
test,SA,SA_S2A_18FWK_20200706_1_L2A_79.tif,0.003607801871547221,0.29922902318516237,0.08158870678310802,23394,3311
test,SA,SA_S2A_18FWL_20200706_0_L2A_68.tif,0.000562350625615071,0.44604049900199755,0.016979987871437237,2265,4852
test,SA,SA_S2A_18FXF_20200716_2_L2A_132.tif,0.0,0.4848785400390625,0.0,35,1947
test,SA,SA_S2A_18FXF_20200716_2_L2A_167.tif,0.00035787778473651247,0.4149305106435738,0.004875076173065204,10276,905
test,SA,SA_S2A_18FXF_20200716_2_L2A_253.tif,0.028167458301115653,0.44669811924874875,0.12497470500805953,6546,2762
test,SA,SA_S2A_18FXF_20200716_2_L2A_320.tif,0.0,0.49671173095703125,0.0,289,142
test,SA,SA_S2A_18FXF_20200716_2_L2A_347.tif,0.058195571280424574,0.40956757598427096,0.06984604462031013,5827,11520
test,SA,SA_S2A_18FXF_20200716_2_L2A_78.tif,0.009153621650305121,0.4475328039209107,0.03873169799497355,355,7252
test,SA,SA_S2A_18FXH_20200825_0_L2A_122.tif,0.0022522522522522522,0.44027262021935243,0.0042058446738053226,1347,6663
test,SA,SA_S2A_18FXH_20200825_0_L2A_250.tif,0.006562089869383164,0.38180957116843395,0.037958459890794806,2684,13422
test,SA,SA_S2A_18FXH_20200825_0_L2A_251.tif,0.004005340453938585,0.4450613213428976,0.013413658398832776,123,7397
test,SA,SA_S2A_18FXH_20200825_0_L2A_254.tif,0.0,0.46686553955078125,0.004354136429608128,119,4224
test,SA,SA_S2A_18FXH_20200825_0_L2A_37.tif,0.004512214096779213,0.4534216313435031,0.012841987716359577,1721,4735
test,SA,SA_S2A_18FXH_20200825_0_L2A_63.tif,0.04333621008506966,0.40198368507122395,0.0835846976347486,9342,7583
test,SA,SA_S2A_18FXH_20200825_0_L2A_78.tif,0.011414077362079899,0.4580778073477881,0.020648121594493838,3382,2998
test,SA,SA_S2A_18FXH_20200825_0_L2A_98.tif,0.0,0.46672821044921875,0.0,343,4018
test,SA,SA_S2A_18FXJ_20200825_0_L2A_133.tif,0.008963786303334529,0.4200024017402118,0.02050823931722452,911,10345
test,SA,SA_S2A_18FXJ_20200825_0_L2A_228.tif,0.2901639344262295,0.5862193958439462,0.3926246488893476,10230,3149
test,SA,SA_S2A_18FXJ_20200825_0_L2A_237.tif,0.04517945109078114,0.4705771517510181,0.02861381941500636,3129,4297
test,SA,SA_S2A_18FXJ_20200825_0_L2A_344.tif,0.829436742211081,0.6187486723424465,0.232717616891891,58641,48639
test,SA,SA_S2A_18FXJ_20200825_0_L2A_349.tif,0.58264426069174,0.7017932346754523,0.23599380580634624,20902,14698
test,SA,SA_S2A_18FXJ_20200825_0_L2A_50.tif,0.0,0.43949127197265625,0.0033491487580240027,340,7591
test,SA,SA_S2A_18FXJ_20200825_0_L2A_8.tif,0.04059123229382453,0.3880958352455221,0.10342278145881889,15537,3049
test,SA,SA_S2A_18FXM_20200706_1_L2A_193.tif,0.0,0.4336090087890625,0.0,220,8482
test,SA,SA_S2A_18FXM_20200706_1_L2A_383.tif,0.0608780487804878,0.4562924875403548,0.035887962140448246,878,9996
test,SA,SA_S2A_18FXM_20200825_0_L2A_152.tif,0.010211317543610836,0.45180155269823824,0.030268634127884976,652,6471
test,SA,SA_S2A_18FXM_20200825_1_L2A_223.tif,0.00585480093676815,0.46404546598909974,0.01587525360564399,358,4796
test,SA,SA_S2A_18FXM_20200825_1_L2A_25.tif,0.0,0.46710205078125,0.0010314063225207572,79,4233
test,SA,SA_S2A_18FXM_20200825_1_L2A_316.tif,0.0005110732538330494,0.45549182979219205,0.0024033647105948324,364,5509
test,SA,SA_S2A_18FXM_20200825_1_L2A_463.tif,0.002461654989585306,0.4610312029354776,0.019290962562293734,1836,3458
test,SA,SA_S2A_18FXM_20200825_1_L2A_531.tif,0.00896952400366935,0.4302044173006979,0.014265444644706061,1018,8881
test,SA,SA_S2A_18GWP_20200722_0_L2A_74.tif,0.026598323751471913,0.2963247300575541,0.16780322126993394,28844,798
test,SA,SA_S2A_18GXN_20200726_0_L2A_140.tif,0.003415046491969569,0.27649166017576243,0.023112038301288627,225,29451
test,SA,SA_S2A_18GXN_20200726_0_L2A_177.tif,0.8133759527907548,0.9005894355455992,0.5909737823310084,3827,3548
test,SA,SA_S2A_18GXN_20200726_0_L2A_261.tif,0.0018234016139044072,0.30447413113876365,0.02804211483421675,21585,4238
test,SA,SA_S2A_18GXN_20200726_0_L2A_76.tif,0.0,0.41954803466796875,0.0,510,10035
test,SA,SA_S2A_18GXP_20200726_1_L2A_36.tif,0.00090569766165331,0.22258007964468252,0.0020086371397007134,35,36434
test,SA,SA_S2A_18GXP_20200726_1_L2A_54.tif,0.0,0.48603057861328125,0.0,774,1057
test,SA,SA_S2A_18GXP_20200818_0_L2A_109.tif,0.18264997248211337,0.4968528881510136,0.08613778316397874,4566,12625
test,SA,SA_S2A_18GXP_20200818_0_L2A_120.tif,0.010422757200599944,0.20635224399967964,0.023862506510108423,440,39307
test,SA,SA_S2A_18GXP_20200818_0_L2A_129.tif,0.0010725585885128974,0.3583801647573494,0.005586204503660526,414,18253
test,SA,SA_S2A_18GXP_20200818_0_L2A_156.tif,0.0028558875219683658,0.29340142293847205,0.018106286824025875,7608,19782
test,SA,SA_S2A_18GXP_20200818_0_L2A_166.tif,0.002709845772975143,0.27364122645382394,0.0071835643873798885,693,29279
test,SA,SA_S2A_18GXP_20200818_0_L2A_176.tif,0.007185163608117293,0.4254938374943828,0.009661219424502153,6836,3537
test,SA,SA_S2A_18GXP_20200818_0_L2A_200.tif,0.0009865623405341045,0.27634929655793555,0.00808582879745174,161,29263
test,SA,SA_S2A_18GXP_20200818_0_L2A_250.tif,0.00782451224929101,0.28159305603889667,0.00814599832751242,1292,28204
test,SA,SA_S2A_18GXP_20200818_0_L2A_307.tif,0.0,0.4012908935546875,0.0002724053391446472,175,12763
test,SA,SA_S2A_18GXP_20200818_0_L2A_330.tif,0.0036569148936170214,0.3186601406151253,0.06366750743515416,7357,16795
test,SA,SA_S2A_18GXP_20200818_0_L2A_349.tif,0.0029390898956116345,0.4263783333215674,0.006220701606274022,61,9835
test,SA,SA_S2A_18GXP_20200818_0_L2A_391.tif,0.0,0.39585113525390625,0.0,442,13209
test,SA,SA_S2A_18GYQ_20200818_0_L2A_3.tif,0.03433208489388265,0.4816686506371174,0.055116162545110904,1209,3762
test,SA,SA_S2A_18GYQ_20200818_0_L2A_31.tif,0.008588498879761016,0.42315617719490767,0.02220715835140998,115,10689
test,SA,SA_S2A_18GYQ_20200818_0_L2A_81.tif,0.0017513134851138354,0.3747059344228048,0.0043502985499004835,54,16534
test,SA,SA_S2A_18GYT_20200821_0_L2A_31.tif,0.0,0.4739227294921875,0.0,239,3179
test,SA,SA_S2A_18GYT_20200821_1_L2A_3.tif,0.0003315649867374005,0.47716280698409885,0.004375410194705753,746,2271
test,SA,SA_S2A_18GYU_20200729_0_L2A_205.tif,0.000450112528132033,0.44939570311374477,0.0013270771126593678,409,6259
test,SA,SA_S2A_18GYU_20200821_0_L2A_134.tif,0.004080118694362018,0.46105645278980395,0.016185518220539517,3324,2090
test,SA,SA_S2A_18GYU_20200821_0_L2A_9.tif,0.00509585052171803,0.4712573811106644,0.03769436155175122,2363,1779
test,SA,SA_S2A_18GYV_20200729_1_L2A_35.tif,0.013744930148715638,0.4734474937112421,0.02833357505438724,1994,2505
test,SA,SA_S2A_19FCV_20200720_1_L2A_161.tif,0.06293057763645998,0.42195239128625717,0.07997741289100566,1176,14870
test,SA,SA_S2A_19FCV_20200720_1_L2A_230.tif,0.0022273969828895414,0.42590076690430306,0.0023945723027803643,665,9234
test,SA,SA_S2A_19FCV_20200720_1_L2A_34.tif,0.0,0.45116424560546875,0.0,1270,5131
test,SA,SA_S2A_19FCV_20200720_1_L2A_8.tif,0.0,0.4856109619140625,0.0,511,1375
test,SA,SA_S2A_19FCV_20200720_1_L2A_93.tif,0.0,0.47564697265625,0.0,2085,1107
test,SA,SA_S2A_19FDU_20200720_0_L2A_48.tif,0.001040582726326743,0.47854662923873753,0.006234413965087281,274,2612
test,SA,SA_S2A_19FDU_20200720_0_L2A_53.tif,0.005321035828307911,0.45985527869942555,0.032409581963363084,298,5370
test,SA,SA_S2A_19FDU_20200720_1_L2A_64.tif,0.07795447458684128,0.5163307280877717,0.08240258128567883,1332,2125
test,SA,SA_S2A_19FDV_20200720_1_L2A_117.tif,0.07099636950383219,0.5001674287381704,0.037206337965831636,974,4336
test,SA,SA_S2A_19FDV_20200720_1_L2A_131.tif,0.017561634582911177,0.48656928470334243,0.016971429889086172,223,2790
test,SA,SA_S2A_19FDV_20200720_1_L2A_161.tif,0.0,0.4712371826171875,0.0,1609,2161
test,SA,SA_S2A_19FDV_20200720_1_L2A_213.tif,0.0,0.480743408203125,0.0,1494,1030
test,SA,SA_S2A_19FDV_20200720_1_L2A_225.tif,0.0,0.489166259765625,0.0,450,970
test,SA,SA_S2A_19FDV_20200720_1_L2A_274.tif,0.0,0.4581298828125,0.0,4514,974
test,SA,SA_S2A_19FDV_20200720_1_L2A_352.tif,0.0,0.494476318359375,0.0,133,591
test,SA,SA_S2A_19FDV_20200720_1_L2A_359.tif,0.007537688442211055,0.491712193222998,0.015409018808067077,36,1568
test,SA,SA_S2A_19FDV_20200720_1_L2A_380.tif,0.002929483155471856,0.4651029089108454,0.017999496517579927,128,4665
test,SA,SA_S2A_19FDV_20200720_1_L2A_410.tif,0.0,0.455841064453125,0.0,3834,1954
test,SA,SA_S2A_19FDV_20200720_1_L2A_413.tif,0.0,0.484222412109375,0.0,710,1358
test,SA,SA_S2A_19FDV_20200720_1_L2A_458.tif,0.0,0.4788665771484375,0.0,1327,1443
test,SA,SA_S2A_19FDV_20200720_1_L2A_86.tif,0.013269523602349358,0.4372918076934913,0.029112964366944653,247,9069
test,SA,SA_S2A_19FEV_20200717_1_L2A_7.tif,0.030515715593530668,0.49098222970213856,0.07051075257554873,691,2686
test,SA,SA_S2A_19FEV_20200720_1_L2A_112.tif,0.0319567354965585,0.5009411757090557,0.05519420346133141,130,1969
test,SA,SA_S2A_19FEV_20200720_1_L2A_147.tif,0.0,0.4885711669921875,0.0,742,756
test,SA,SA_S2A_19FEV_20200720_1_L2A_153.tif,0.0,0.486053466796875,0.0,148,1680
test,SA,SA_S2A_19FEV_20200720_1_L2A_180.tif,0.0034328870580157913,0.4795649311522414,0.012287560839384027,567,2356
test,SA,SA_S2A_19FEV_20200720_1_L2A_211.tif,0.0,0.47811126708984375,0.0,1721,1148
test,SA,SA_S2A_19FEV_20200720_1_L2A_91.tif,0.0,0.48941802978515625,0.0,750,637
test,SA,SA_S2A_19GBP_20200729_1_L2A_157.tif,0.00010915838882218098,0.4301682589075415,0.00036360330879011,940,8222
test,SA,SA_S2A_19GBP_20200729_1_L2A_184.tif,0.0,0.4794921875,0.0,48,2640
test,SA,SA_S2A_19GBP_20200729_1_L2A_236.tif,0.0015883821193555707,0.46722126914724205,0.005401341128450643,133,4281
test,SA,SA_S2A_19GBP_20200729_1_L2A_256.tif,0.0017416545718432512,0.42213673894378667,0.0037945663917362776,248,10105
test,SA,SA_S2A_19GBP_20200729_1_L2A_271.tif,0.032780743654584624,0.4371785778838075,0.033084630800061667,6774,4253
test,SA,SA_S2A_19GBP_20200729_1_L2A_44.tif,0.007130333138515488,0.43870071448831083,0.02196873679763414,983,7633
test,SA,SA_S2A_19GBP_20200729_1_L2A_79.tif,0.014722863741339492,0.48130202895397123,0.020541108484370893,746,2769
test,SA,SA_S2A_19GBP_20200821_0_L2A_126.tif,0.006934812760055479,0.476143750810734,0.02388646175322493,1195,2435
test,SA,SA_S2A_19GBP_20200821_1_L2A_155.tif,0.0,0.49620819091796875,0.0,240,257
test,SA,SA_S2A_19GBP_20200821_1_L2A_91.tif,0.006815761448349307,0.467814634510203,0.004820729135281711,1431,3296
test,SA,SA_S2A_19HBS_20200729_1_L2A_15.tif,0.020796197266785502,0.4978181380221044,0.03979346327485064,672,1046
test,SA,SA_S2A_19HBS_20200729_1_L2A_4.tif,0.0053705692803437165,0.46734770774468865,0.03451744770920678,739,3941
test,SA,SA_S2A_19HCB_20200722_1_L2A_104.tif,0.0,0.48458099365234375,0.0,298,1723
test,SA,SA_S2A_19HCB_20200722_1_L2A_95.tif,0.0,0.43654632568359375,0.0013510470614726414,91,8226
test,SA,SA_S2A_19HCB_20200722_1_L2A_97.tif,0.0013005202080832333,0.42447090323698733,0.011768167107972934,301,9708
test,SA,SA_S2A_19HCB_20200729_1_L2A_45.tif,0.0,0.48522186279296875,0.0,50,1887
test,SA,SA_S2A_19HCB_20200821_1_L2A_82.tif,0.008911274699728787,0.4653962389684321,0.03318474626212057,1589,3619
test,SA,SA_S2A_19HCD_20200821_1_L2A_21.tif,0.31852445870088214,0.6258318595628722,0.054729532744957725,2433,5788
test,SA,SA_S2A_19HDD_20200808_1_L2A_18.tif,0.000784313725490196,0.4712312760851216,0.0027116304294236555,116,3712
test,SA,SA_S2A_19HDE_20200811_1_L2A_7.tif,0.0006454111268878275,0.4412514263215584,0.00543773790103317,423,7329
test,SA,SA_S2B_18FWJ_20200701_1_L2A_26.tif,0.00014345144168698896,0.4468940344108565,0.0020380434782608695,3801,3171
test,SA,SA_S2B_18FWJ_20200701_1_L2A_62.tif,0.012389380530973451,0.5019370333502279,0.05712138293874483,179,393
test,SA,SA_S2B_18FWL_20200714_0_L2A_17.tif,0.0,0.4323272705078125,0.0,311,8559
test,SA,SA_S2B_18FWL_20200714_0_L2A_22.tif,0.011317665189751493,0.3484713469514706,0.025146155740106067,6311,14688
test,SA,SA_S2B_18FWL_20200714_0_L2A_237.tif,0.054328667703473305,0.38572716724709705,0.038528626583422855,2477,17861
test,SA,SA_S2B_18FWL_20200714_0_L2A_307.tif,0.04447074092453334,0.3277999880695743,0.09411532092632412,22951,4411
test,SA,SA_S2B_18FWL_20200714_1_L2A_140.tif,0.0,0.4912567138671875,0.0,879,267
test,SA,SA_S2B_18FWL_20200714_1_L2A_53.tif,0.07145055080312634,0.4185369258870001,0.0302247817822867,1431,15979
test,SA,SA_S2B_18FWL_20200714_1_L2A_87.tif,0.01478526167566299,0.34647820143625835,0.022220058714277152,16654,4966
test,SA,SA_S2B_18FWL_20200714_3_L2A_139.tif,0.0,0.42839813232421875,0.0,2410,6975
test,SA,SA_S2B_18FWL_20200714_3_L2A_235.tif,0.35101589730510924,0.5422281553636829,0.11995713765138763,12102,19682
test,SA,SA_S2B_18FWM_20200714_1_L2A_148.tif,0.024323297158059205,0.3343214392194237,0.06793127095189566,10273,13984
test,SA,SA_S2B_18FWM_20200714_1_L2A_152.tif,0.026263702801461633,0.3158799006250469,0.013468137367641513,1887,25075
test,SA,SA_S2B_18FWM_20200714_1_L2A_18.tif,0.05738522954091816,0.4852280261002439,0.05212891685565529,2335,4022
test,SA,SA_S2B_18FWM_20200714_1_L2A_62.tif,0.0,0.4381256103515625,0.0,163,7947
test,SA,SA_S2B_18FXG_20200704_1_L2A_30.tif,0.002669336002669336,0.4785276236844015,0.00776173815893923,135,2870
test,SA,SA_S2B_18FXJ_20200714_0_L2A_128.tif,0.98228862184692,0.9708656654774785,0.829335193069177,46136,45416
test,SA,SA_S2B_18FXK_20200714_0_L2A_122.tif,0.02696636741256867,0.2891161879855323,0.03092918685905666,1284,29373
test,SA,SA_S2B_18FXK_20200714_0_L2A_49.tif,0.0,0.45599365234375,0.0,632,5136
test,SA,SA_S2B_18FXK_20200714_1_L2A_41.tif,0.005932081960166213,0.2374790443935748,0.02240086504591435,479,34623
test,SA,SA_S2B_18FXK_20200820_0_L2A_110.tif,0.00146484375,0.485129595817899,0.008391608391608392,614,1437
test,SA,SA_S2B_18FXK_20200820_0_L2A_99.tif,0.8923003404814527,0.8955893177449328,0.40550378191393244,32086,31272
test,SA,SA_S2B_18FXL_20200714_1_L2A_102.tif,0.018607705779334502,0.4062953205448808,0.04217674062739097,371,13588
test,SA,SA_S2B_18FXL_20200714_1_L2A_128.tif,0.0,0.18120574951171875,0.0022956464704435514,80,41705
test,SA,SA_S2B_18FXL_20200714_1_L2A_18.tif,0.002129285870277353,0.36153916848592726,0.0066542965000959756,73,18282
test,SA,SA_S2B_18FXL_20200714_2_L2A_31.tif,0.0023083206079761356,0.2866011521018833,0.004957650260857495,126,28098
test,SA,SA_S2B_18FXL_20200714_2_L2A_66.tif,0.0018300122000813339,0.4259890315586933,0.0055976087600747805,3298,6556
test,SA,SA_S2B_18FXL_20200714_3_L2A_3.tif,0.0,0.2963409423828125,0.0,275,26419
test,SA,SA_S2B_18FXL_20200714_3_L2A_76.tif,0.008823089576790788,0.403093864639201,0.021914472683001066,173,13319
test,SA,SA_S2B_18FXM_20200714_0_L2A_258.tif,0.030267465563036628,0.3944575958937773,0.05989073986645984,1161,15518
test,SA,SA_S2B_18FXM_20200714_0_L2A_328.tif,0.0,0.22209930419921875,0.0,2498,33927
test,SA,SA_S2B_18FXM_20200714_0_L2A_33.tif,0.04986149584487535,0.40837940725766564,0.06556833565094071,1435,15241
test,SA,SA_S2B_18FXM_20200714_0_L2A_36.tif,0.0,0.4766845703125,0.0,3039,17
test,SA,SA_S2B_18FXM_20200714_0_L2A_509.tif,0.008471917163476624,0.4076412284967594,0.04055214846481152,578,12278
test,SA,SA_S2B_18FXM_20200714_1_L2A_180.tif,0.018831105473704753,0.35506405619042103,0.017178842114794292,479,20405
test,SA,SA_S2B_18FXM_20200714_1_L2A_263.tif,0.0,0.44133758544921875,0.0,321,7368
test,SA,SA_S2B_18FXM_20200714_1_L2A_3.tif,0.0,0.3893585205078125,0.0,191,14311
test,SA,SA_S2B_18FXM_20200714_1_L2A_397.tif,0.06994688581772059,0.2551470821780489,0.030678721251612483,3429,37061
test,SA,SA_S2B_18FXM_20200714_1_L2A_435.tif,0.0017465168896121938,0.30887270875934836,0.004413116763714373,45,25192
test,SA,SA_S2B_18FXM_20200714_1_L2A_80.tif,0.0005492996429552321,0.3336639422944646,0.008299402157933657,4373,17485
test,SA,SA_S2B_18GWN_20200704_0_L2A_150.tif,0.0005841803949059469,0.43502526991392304,0.004772510340439071,84,8480
test,SA,SA_S2B_18GWN_20200704_0_L2A_24.tif,0.003490585995345885,0.42983255617645866,0.013416639263400199,1059,8428
test,SA,SA_S2B_18GWN_20200704_0_L2A_254.tif,6.048509042521019e-05,0.37389916754712,0.0005839188742044105,92,16442
test,SA,SA_S2B_18GWN_20200704_1_L2A_158.tif,0.0,0.45664215087890625,0.0007367839381101492,1,5682
test,SA,SA_S2B_18GWN_20200704_1_L2A_181.tif,0.0013252555850056798,0.4604132725452077,0.007011540782267982,329,4960
test,SA,SA_S2B_18GWN_20200704_1_L2A_247.tif,0.006370126304228446,0.43410079057201095,0.025860854704065055,1683,7480
test,SA,SA_S2B_18GWN_20200704_1_L2A_70.tif,0.14800401707255836,0.46657537268202615,0.08736807457157064,12358,5932
test,SA,SA_S2B_18GWN_20200727_0_L2A_2.tif,0.0006364359586316627,0.45239506593146134,0.005900844734022937,455,5834
test,SA,SA_S2B_18GWN_20200727_0_L2A_81.tif,0.03823780345924145,0.4237973452208496,0.05069998807475828,5589,7797
test,SA,SA_S2B_18GWP_20200704_0_L2A_137.tif,0.01016566265060241,0.3642730007286403,0.032058805687503786,2685,16096
test,SA,SA_S2B_18GWP_20200704_0_L2A_145.tif,0.0,0.3437957763671875,0.0,4,20470
test,SA,SA_S2B_18GWP_20200704_0_L2A_2.tif,0.0049532195927352776,0.48868076991357123,0.01566579634464752,1711,115
test,SA,SA_S2B_18GWP_20200704_0_L2A_92.tif,0.0028807225163500465,0.4036755098863984,0.04756895191366622,8408,4473
test,SA,SA_S2B_18GYN_20200714_0_L2A_116.tif,0.0,0.45639801025390625,0.0,445,5270
test,SA,SA_S2B_18GYN_20200714_1_L2A_11.tif,0.00427550661824997,0.24214387045241909,0.06059248559188335,27736,6558
test,SA,SA_S2B_18GYP_20200810_0_L2A_49.tif,0.002786220871327254,0.381164685589881,0.02798610514428801,2170,13666
test,SA,SA_S2B_18GYP_20200810_0_L2A_90.tif,0.00856353591160221,0.44946611594126096,0.037188893684361964,648,6654
test,SA,SA_S2B_18GYP_20200820_0_L2A_24.tif,0.0,0.48748016357421875,0.0,8,1633
test,SA,SA_S2B_18GYP_20200820_0_L2A_32.tif,0.0,0.47989654541015625,0.0,33,2602
test,SA,SA_S2B_18GYP_20200820_1_L2A_43.tif,0.004609929078014184,0.48088500513543886,0.019821605550049557,912,1921
test,SA,SA_S2B_18GYQ_20200820_0_L2A_36.tif,0.4553323768531803,0.6260059188559395,0.22382242494153703,18957,11474
test,SA,SA_S2B_18GYS_20200727_0_L2A_8.tif,0.008556444935136628,0.4768604680976729,0.06560494414071785,561,3093
test,SA,SA_S2B_19FDU_20200718_0_L2A_3.tif,0.04031117397454031,0.4681640466277354,0.03808064135817024,1594,5761
test,SA,SA_S2B_19HCA_20200714_1_L2A_30.tif,0.0,0.48917388916015625,0.0,1281,138
test,SA,SA_S2B_19HCB_20200714_1_L2A_69.tif,0.0,0.482818603515625,0.0010718113612004287,193,2059
test,SA,SA_S2B_19HCB_20200803_1_L2A_9.tif,0.002758620689655172,0.4958630897570411,0.003300330033003301,152,575
test,SA,SA_S2B_19HCC_20200724_1_L2A_38.tif,0.0022263717322608444,0.39506784581575255,0.015353282155726147,40,13915
test,SA,SA_S2B_19HCC_20200823_1_L2A_27.tif,0.07300854932826706,0.3209609198742812,0.12421483520361352,27448,4180
test,SA,SA_S2B_19HCD_20200803_1_L2A_8.tif,0.0006510416666666666,0.4886142215276188,0.006057983556901773,471,1066
test,SA,SA_S2B_19HCD_20200813_1_L2A_15.tif,0.0008214676889375684,0.4725697987430695,0.005253489450100434,256,3399
test,SA,SA_S2B_19HCV_20200714_1_L2A_24.tif,0.00018628912071535022,0.4591455593005728,0.0037243947858473002,4426,943
test,SA,SA_S2B_19HCV_20200806_1_L2A_5.tif,0.06419957436746276,0.34632201636050386,0.05277187501777147,1913,25090
test,SA,SA_S2B_19HDD_20200724_1_L2A_14.tif,0.0028334485141672428,0.39126327742908146,0.0064283029939409125,141,14370
test,SA,SA_S2B_19HDD_20200803_1_L2A_1.tif,0.001452960406828914,0.4168131712901056,0.006975376830702349,126,10902
test,SA,SA_S2B_19HDD_20200803_1_L2A_10.tif,0.0,0.46319580078125,0.0,65,4759
test,SC,SC_S2A_32VLP_20200725_0_L2A_371.tif,0.0004488330341113106,0.4832334956350842,0.003924316748423266,53,2176
test,SC,SC_S2A_32VLP_20200725_0_L2A_477.tif,0.0020889286780065653,0.47552904368555216,0.007074428887251289,1189,2169
test,SC,SC_S2A_32VLP_20200725_1_L2A_95.tif,0.3982600289995167,0.6796427868513737,0.0603448275862069,2723,3063
test,SC,SC_S2A_32VMP_20200725_0_L2A_300.tif,0.008632138114209827,0.49292312306867336,0.03323802716225876,658,861
test,SC,SC_S2A_32VMQ_20200801_1_L2A_453.tif,0.026776519052523172,0.5061756202345504,0.0804590901023487,625,372
test,SC,SC_S2B_32VLM_20200724_0_L2A_237.tif,0.0006784260515603799,0.42166412260779734,0.0059948739483629936,260,10065
test,SC,SC_S2B_32VLM_20200724_1_L2A_147.tif,0.0010005002501250625,0.48526388426917094,0.00432043204320432,170,1831
test,SC,SC_S2B_32VLM_20200816_1_L2A_170.tif,0.03812143839654156,0.48160395325905864,0.18584152052153152,3698,1585
test,SC,SC_S2B_32VLN_20200809_1_L2A_44.tif,0.06659534634929125,0.5065695343414935,0.11823265696093432,2303,1685
test,SC,SC_S2B_32VLN_20200816_0_L2A_6.tif,0.002150537634408602,0.4904546654570652,0.004405580401842335,44,1354
test,SC,SC_S2B_32VLP_20200809_0_L2A_88.tif,0.0339652448657188,0.4889351657386218,0.05378753922008068,2683,1244
test,SC,SC_S2B_32VLP_20200809_1_L2A_36.tif,0.04897025171624714,0.508605317210582,0.05218525766470971,1980,312
test,SC,SC_S2B_32VLP_20200809_2_L2A_378.tif,0.0,0.494842529296875,0.0,2,674
test,SC,SC_S2B_32VLP_20200809_3_L2A_142.tif,0.41314093583636874,0.6731050517774523,0.08157276179084548,5835,4252
test,SC,SC_S2B_32VLP_20200812_0_L2A_48.tif,0.007090875163276731,0.4629258766790154,0.1369736538398127,5198,199
test,SC,SC_S2B_32VMP_20200724_1_L2A_570.tif,0.030705394190871368,0.49751028470351366,0.0749237694206476,1210,1274
test,SC,SC_S2B_32VMP_20200809_0_L2A_149.tif,0.00884053043182591,0.48217175353830644,0.052154770976208624,1410,1557
test,SEE,SEE_S2A_44RLV_20200918_0_L2A_29.tif,0.09408602150537634,0.5418953004908729,0.14478764478764478,325,489
test,SEE,SEE_S2A_44RMU_20200928_1_L2A_5.tif,0.0013181019332161687,0.4833166433246567,0.02295081967213115,130,2149
test,SEE,SEE_S2A_45RUM_20200929_1_L2A_158.tif,0.06924348904505995,0.5000900655605509,0.06012754327361069,1135,4038
test,SEE,SEE_S2A_45RUM_20200929_1_L2A_166.tif,0.03292181069958848,0.5074908919138592,0.17851450430347462,575,680
test,SEE,SEE_S2A_45RUM_20200929_1_L2A_88.tif,0.014616935483870967,0.4774511110725198,0.10328161896144593,1918,2108
test,SEE,SEE_S2A_45RVM_20200830_0_L2A_128.tif,0.003105590062111801,0.4819581179464508,0.004234372518922352,219,2365
test,SEE,SEE_S2A_45RVM_20200830_0_L2A_142.tif,0.17983651226158037,0.5876194933386716,0.1814499797488862,129,304
test,SEE,SEE_S2A_45RVM_20200830_0_L2A_194.tif,0.00651392632524708,0.40188795828859947,0.025532504673465867,874,12569
test,SEE,SEE_S2A_45RVM_20200929_0_L2A_15.tif,0.008942202835332607,0.4697814304504169,0.02380322665961386,381,4245
test,SEE,SEE_S2A_45RVM_20200929_0_L2A_84.tif,0.0009197516670498966,0.4673081331734505,0.04690434110239699,555,3798
test,SEE,SEE_S2A_45RWM_20200830_1_L2A_193.tif,0.0028662420382165603,0.47754220582384527,0.01128668171557562,251,2898
test,SEE,SEE_S2B_44RNU_20200831_1_L2A_143.tif,0.00858296869740828,0.45931171798999604,0.11867898981574145,1892,4101
test,SEE,SEE_S2B_44RPT_20200831_0_L2A_125.tif,0.003101736972704715,0.47702625230346307,0.017316017316017313,221,3013
test,SEE,SEE_S2B_44RPT_20200831_0_L2A_2.tif,0.08062418725617686,0.534913003913087,0.239731768650461,758,73
test,SEE,SEE_S2B_44RPT_20200831_0_L2A_96.tif,0.006731101139109423,0.45943224064696286,0.0719560283018463,1065,4768
test,SEE,SEE_S2B_44RPU_20200831_1_L2A_32.tif,0.0020077949687020195,0.372000202940673,0.027225585943235008,4815,12153
test,SEE,SEE_S2B_44RQT_20200818_1_L2A_29.tif,0.001856052794390596,0.46399668511802794,0.013094588562075293,235,4623
test,SEE,SEE_S2B_45RTN_20200818_1_L2A_10.tif,0.0011249045839861796,0.31079173726482084,0.014403885699397975,713,24206
test,SV,SV_S2A_33XVG_20200825_0_L2A_60.tif,0.0005255321012525182,0.4131957738333212,0.02477186891552699,218,11205
test,SV,SV_S2A_33XWF_20200801_3_L2A_17.tif,0.010577705451586655,0.496009668317265,0.051734756723465405,63,1179
test,SV,SV_S2A_33XWG_20200801_0_L2A_54.tif,0.009330406147091108,0.4633198568110427,0.01467710371819961,332,5185
test,SV,SV_S2A_33XXH_20200826_0_L2A_27.tif,0.032234957020057305,0.49547450567746437,0.006327778949588695,1219,1663
test,SV,SV_S2A_33XXK_20200801_0_L2A_133.tif,0.19096850861556744,0.5422376838937306,0.3654805838439833,6605,3417
test,SV,SV_S2A_33XXK_20200801_1_L2A_145.tif,0.016162825501346904,0.4578429827207169,0.023423200488090004,261,6529
test,SV,SV_S2A_35XMK_20200801_1_L2A_1.tif,0.2487458193979933,0.6105372742760743,0.20546633537361372,1290,1697
test,SV,SV_S2B_33XVG_20200825_1_L2A_11.tif,0.0631378266233038,0.4018685562242431,0.03418681618102242,1807,17153
test,SV,SV_S2B_33XWF_20200801_1_L2A_67.tif,0.21819474058280028,0.6006655378242459,0.2051620145577007,692,1022
test,SV,SV_S2B_33XWJ_20200802_3_L2A_4.tif,0.04940923737916219,0.5179478619328244,0.08833319801899812,246,731
test,WC,WC_S2A_10UCC_20200801_1_L2A_50.tif,0.0006641208699983397,0.4544079317650364,0.009029345372460496,948,5079
test,WC,WC_S2A_10UDA_20200729_0_L2A_166.tif,0.023243243243243242,0.48401275989511283,0.01768389569118609,1363,2423
test,WC,WC_S2A_10UDA_20200729_0_L2A_352.tif,0.002368064952638701,0.4561762488311315,0.027325459866220737,843,5083
test,WC,WC_S2A_10UDA_20200729_0_L2A_56.tif,0.17604166666666668,0.5758885593371985,0.03694210731598596,1260,998
test,WC,WC_S2A_10UDA_20200729_1_L2A_433.tif,0.0011004126547455295,0.44513877915120376,0.005426109160548994,85,7193
test,WC,WC_S2A_10UDB_20200729_1_L2A_35.tif,0.0014757969303423849,0.4749256874505369,0.003299241174529858,246,3147
test,WC,WC_S2A_10UDB_20200729_1_L2A_88.tif,0.0012300123001230013,0.48202895026981796,0.0031567445060504268,469,1973
test,WC,WC_S2A_10UEA_20200729_0_L2A_371.tif,0.0059254095503659815,0.4811980258270916,0.04150774063271259,1028,1858
test,WC,WC_S2A_10UEA_20200729_1_L2A_253.tif,0.008413461538461538,0.4979118079106491,0.019102196752626553,338,501
test,WC,WC_S2A_10UEA_20200729_1_L2A_376.tif,0.003271537622682661,0.47373759409673294,0.01801645910416465,291,3389
test,WC,WC_S2A_10UEA_20200729_1_L2A_379.tif,0.01509433962264151,0.479645520452738,0.049691701485851864,1009,2757
test,WC,WC_S2A_10UEA_20200828_0_L2A_121.tif,0.0008873114463176575,0.47467038118971766,0.019430337822918965,103,3281
test,WC,WC_S2A_10UEV_20200828_0_L2A_87.tif,0.06609049313675648,0.5190021924143251,0.03766478342749529,1618,479
test,WC,WC_S2A_9UWB_20200731_1_L2A_28.tif,0.004456824512534819,0.48859301975229963,0.01603863371990553,211,1592
test,WC,WC_S2A_9UWB_20200731_1_L2A_64.tif,0.0020454080589077522,0.4637932073411164,0.007015266974753808,251,4648
test,WC,WC_S2A_9UXU_20200725_1_L2A_176.tif,0.001181753722524226,0.468346595528763,0.018651124063280598,108,4128
test,WC,WC_S2A_9UXU_20200725_1_L2A_202.tif,0.00043789227849948915,0.4479704606433927,0.0023103581055063534,14,6840
test,WC,WC_S2A_9UXV_20200725_1_L2A_130.tif,0.0044444444444444444,0.49880414916091054,0.01679389312977099,102,350
test,WC,WC_S2A_9UYS_20200725_0_L2A_241.tif,0.012145025897481693,0.4638305015844102,0.026136924033534167,1082,4585
test,WC,WC_S2A_9UYS_20200725_1_L2A_106.tif,0.0008012820512820513,0.4623428982434888,0.012467902572247043,200,4796
test,WC,WC_S2A_9UYS_20200804_0_L2A_109.tif,0.00043275056257573136,0.41209777492420496,0.0059721082854799,82,11477
test,WC,WC_S2A_9UYS_20200804_1_L2A_240.tif,0.0011273957158962795,0.48028383885561343,0.014855930128152804,230,2434
test,WC,WC_S2B_10UCB_20200720_1_L2A_128.tif,0.01256937642833823,0.4600801937978169,0.06664832003202323,3084,3119
test,WC,WC_S2B_10UCB_20200727_0_L2A_295.tif,0.0017389525368248773,0.42639489637555694,0.01377241843667748,653,9140
test,WC,WC_S2B_10UCC_20200720_1_L2A_3.tif,0.0,0.46671295166015625,0.0,588,3775
test,WC,WC_S2B_10UCC_20200727_0_L2A_59.tif,0.006175716616173386,0.43796408572588974,0.21748446539532892,8569,66
test,WC,WC_S2B_10UDA_20200727_1_L2A_206.tif,0.0024752475247524753,0.4920132635163933,0.05543237250554325,325,890
test,WC,WC_S2B_10UDA_20200727_1_L2A_372.tif,0.0007396449704142012,0.49006235319398866,0.011528910961333806,52,1301
test,WC,WC_S2B_10UDB_20200727_1_L2A_190.tif,0.02238314680710994,0.4998560416640661,0.0941136353949107,636,917
test,WC,WC_S2B_10UEB_20200813_0_L2A_66.tif,0.05211622054449783,0.36521210812929195,0.06709257053368334,3478,19516
test,WC,WC_S2B_9UWU_20200730_1_L2A_11.tif,0.0,0.48485565185546875,0.01392515230635335,124,1861
test,WC,WC_S2B_9UWV_20200730_0_L2A_144.tif,0.0018000720028801152,0.43742420382549646,0.11522793404461688,8329,19
test,WC,WC_S2B_9UWV_20200730_1_L2A_34.tif,0.0015854141894569957,0.48157308919812836,0.009745293466223699,254,2273
test,WC,WC_S2B_9UXU_20200730_0_L2A_48.tif,0.0029484029484029483,0.4705084484676695,0.025541753059689167,244,3838
test,WC,WC_S2B_9UXU_20200730_1_L2A_101.tif,0.0001939487975174554,0.46076684546002367,0.0029875647467359884,164,4993
test,WC,WC_S2B_9UXV_20200730_0_L2A_75.tif,0.0030234315948601664,0.49144793016598287,0.015115080728272074,268,1059
test,WC,WC_S2B_9UYR_20200816_0_L2A_70.tif,0.0,0.49908447265625,0.0,5,115
test,WC,WC_S2B_9UYS_20200730_1_L2A_52.tif,0.025657071339173967,0.48904083743876836,0.08081563932279488,2692,586
test,WC,WC_S2B_9UYT_20200720_1_L2A_297.tif,0.0017267843438219493,0.46116220029680605,0.017100190902993268,431,4790
test,WC,WC_S2B_9UYT_20200720_1_L2A_34.tif,0.0,0.484893798828125,0.003246753246753247,84,1896
test,WC,WC_S2B_9UYT_20200816_0_L2A_19.tif,0.0005280388636603654,0.4280539203947332,0.0017640039430676373,93,9381
test,WC,WC_S2B_9UYT_20200829_0_L2A_223.tif,0.02731778537672417,0.3183947199155121,0.0375880404974994,11900,14838
himalaya,SAW,SAW_S2A_42SWE_20200910_1_L2A_66.tif,0.0892542571931885,0.5327664287311837,0.04984894259818731,288,1567
himalaya,SAW,SAW_S2A_42SWE_20200913_0_L2A_29.tif,0.0064794816414686825,0.47866521590277666,0.012277645441509345,644,2618
himalaya,SAW,SAW_S2A_42SWE_20200913_1_L2A_165.tif,0.0,0.49446868896484375,0.021333333333333333,93,632
himalaya,SAW,SAW_S2A_42SWE_20200923_0_L2A_9.tif,0.007718696397941681,0.4950309263270707,0.01352787708957387,349,826
himalaya,SAW,SAW_S2A_42SXE_20200910_0_L2A_118.tif,0.0023161551823972205,0.48801182843048324,0.0062414667446850005,51,1680
himalaya,SAW,SAW_S2A_42SXE_20200910_0_L2A_182.tif,0.08824436902190681,0.5214785063500339,0.02736337439114579,539,2988
himalaya,SAW,SAW_S2A_42SXE_20200910_0_L2A_228.tif,0.0037313432835820895,0.45499711120340475,0.017642046878393505,79,6108
himalaya,SAW,SAW_S2A_42SXE_20200910_0_L2A_279.tif,0.41470888661899896,0.6939911546500263,0.3128304817304506,2274,1881
himalaya,SAW,SAW_S2A_42SXE_20200910_1_L2A_218.tif,0.0006505334374186833,0.4417194160526124,0.004552763274376253,527,7164
himalaya,SAW,SAW_S2A_42SXE_20200910_1_L2A_372.tif,0.005442793967570019,0.43575492984476716,0.014938601370390518,89,8778
himalaya,SAW,SAW_S2A_42SXE_20200920_1_L2A_164.tif,0.2696629213483146,0.6328449081069201,0.16030534351145037,283,169
himalaya,SAW,SAW_S2A_42SXE_20200920_1_L2A_185.tif,0.008496176720475786,0.4864356455981645,0.013012466913176132,191,2183
himalaya,SAW,SAW_S2A_42SXE_20200920_1_L2A_353.tif,0.06401028277634961,0.50412057018717,0.2146479794950101,3813,326
himalaya,SAW,SAW_S2A_42SXE_20200920_1_L2A_363.tif,0.0010840761262346423,0.4372627791316845,0.0040529667120307545,101,8210
himalaya,SAW,SAW_S2A_42SXE_20200923_0_L2A_35.tif,0.09663865546218488,0.5169440377880826,0.039341444062417345,628,4331
himalaya,SAW,SAW_S2A_42SXF_20200910_0_L2A_103.tif,0.007663782447466007,0.4731930086956817,0.02399970186705755,361,3715
himalaya,SAW,SAW_S2A_42SYE_20200910_0_L2A_150.tif,0.05567010309278351,0.5243393486658715,0.1271393643031785,425,87
himalaya,SAW,SAW_S2A_42SYE_20200910_1_L2A_71.tif,0.0005585812037424941,0.39105880470271365,0.0025181285053493398,511,13819
himalaya,SAW,SAW_S2A_42SYF_20200920_1_L2A_77.tif,0.0011337154374252063,0.37953904856702914,0.0060595859282949,108,15787
himalaya,SAW,SAW_S2A_42SYF_20200920_1_L2A_82.tif,0.0020903010033444815,0.40995357809398497,0.011152191652478768,399,11586
himalaya,SAW,SAW_S2A_43SBA_20200920_1_L2A_35.tif,0.0010766580534022395,0.3943357374911629,0.0055740377624534584,75,13872
himalaya,SAW,SAW_S2A_43SBV_20200920_1_L2A_119.tif,0.00135623869801085,0.41639216522742606,0.01682513897251238,3078,7997
himalaya,SAW,SAW_S2A_43SBV_20200920_1_L2A_26.tif,0.0010498687664041995,0.35529323525627127,0.03555096025364955,3559,15511
himalaya,SAW,SAW_S2A_43SBV_20200920_1_L2A_75.tif,0.001584786053882726,0.33728593520885947,0.012788876018951926,293,21195
himalaya,SAW,SAW_S2A_43SCA_20200920_1_L2A_56.tif,0.0005680607825037279,0.3928871923983328,0.0022794620469569183,84,14007
himalaya,SAW,SAW_S2A_43SCA_20200920_1_L2A_57.tif,0.0013790725736941907,0.45648705795697286,0.010293904950949341,337,5472
himalaya,SAW,SAW_S2A_43SDB_20200907_1_L2A_14.tif,0.003740648379052369,0.49577415889875665,0.01353461738677772,59,746
himalaya,SAW,SAW_S2A_43SDB_20200907_1_L2A_56.tif,0.005216095380029807,0.4618496670342171,0.059294886420677005,687,4709
himalaya,SAW,SAW_S2A_43SEB_20200904_0_L2A_4.tif,0.0006064281382656155,0.45000717549255953,0.02601479693835291,554,6046
himalaya,SAW,SAW_S2A_43SET_20200917_0_L2A_2.tif,0.01231162196679438,0.35810465852149354,0.021094017389714195,833,18983
himalaya,SAW,SAW_S2A_43SET_20200924_0_L2A_51.tif,0.03345549119281239,0.45407928498923106,0.028079530306038516,808,7934
himalaya,SAW,SAW_S2A_43SET_20200924_0_L2A_84.tif,0.056686046511627904,0.513462025380579,0.048832271762208064,392,1789
himalaya,SAW,SAW_S2A_43SET_20200924_1_L2A_43.tif,0.05132519983172066,0.4388329785007108,0.018836096402489056,830,11665
himalaya,SAW,SAW_S2A_43SET_20200924_1_L2A_68.tif,0.011942174732872407,0.49397420106211826,0.04052772949913098,513,1097
himalaya,SAW,SAW_S2A_43SET_20200924_1_L2A_78.tif,0.0014019627478469858,0.4626567566795134,0.012031719989062073,188,4812
himalaya,SAW,SAW_S2A_43SET_20200924_1_L2A_87.tif,0.003849743350443304,0.43674465092197373,0.01768396465861322,332,8273
himalaya,SAW,SAW_S2A_43SEU_20200924_1_L2A_104.tif,0.49523809523809526,0.747214368613489,0.6865671641791046,96,61
himalaya,SAW,SAW_S2A_43SEU_20200924_1_L2A_291.tif,0.0001934984520123839,0.46067506615589093,0.0005822981366459627,205,4964
himalaya,SAW,SAW_S2A_43SEU_20200924_1_L2A_71.tif,0.022508921218775735,0.45678159760993853,0.06906906906906907,6164,1286
himalaya,SAW,SAW_S2A_43SFR_20200921_0_L2A_21.tif,0.025260453831882402,0.4078466977207646,0.052056625868489956,1033,13335
himalaya,SAW,SAW_S2A_43SFS_20200901_1_L2A_24.tif,0.030106627639556762,0.4795826140399888,0.027631776543024476,537,4390
himalaya,SAW,SAW_S2A_43SFS_20200924_0_L2A_15.tif,0.008333333333333333,0.49599446284228893,0.03892445582586428,103,986
himalaya,SAW,SAW_S2A_43SFT_20200914_1_L2A_33.tif,0.0002532286654849329,0.439883076627124,0.012709726590594375,94,7806
himalaya,SAW,SAW_S2A_43SFT_20200924_1_L2A_23.tif,0.004353700645548716,0.45155630595347035,0.01364172558782449,1433,5257
himalaya,SAW,SAW_S2A_43SFT_20200924_1_L2A_8.tif,0.00042052144659377626,0.4639390122110742,0.00196078431372549,93,4665
himalaya,SAW,SAW_S2A_43SFU_20200914_1_L2A_69.tif,0.0019342359767891683,0.4615934342597983,0.009449350357162944,304,4876
himalaya,SAW,SAW_S2A_43SFU_20200921_1_L2A_47.tif,0.0206052801030264,0.49869266203490353,0.08241758241758243,97,1488
himalaya,SAW,SAW_S2A_43SFU_20200924_0_L2A_117.tif,0.0,0.4009857177734375,0.003483092488545187,215,12763
himalaya,SAW,SAW_S2A_43SGR_20200901_1_L2A_52.tif,0.007532956685499058,0.4997455420063032,0.10810810810810811,453,82
himalaya,SAW,SAW_S2A_43SGR_20200911_1_L2A_27.tif,0.0041569992266047955,0.4234365073393189,0.01195015527339911,226,10161
himalaya,SAW,SAW_S2A_43SGR_20200911_1_L2A_43.tif,0.0051739518287243534,0.4600266388511476,0.008638501163953892,48,5586
himalaya,SAW,SAW_S2A_43SGR_20200911_1_L2A_60.tif,0.00236655272153563,0.4143097170025117,0.011174499346502394,132,11304
himalaya,SAW,SAW_S2A_43SGS_20200901_0_L2A_38.tif,0.0020067922198209326,0.45166957439845035,0.008044595037709039,214,6277
himalaya,SAW,SAW_S2A_43SGS_20200911_3_L2A_31.tif,0.0031182537778843846,0.46984507228216293,0.016120715390669525,411,3771
himalaya,SAW,SAW_S2A_43SGS_20200921_1_L2A_50.tif,0.007159904534606206,0.4813560340806283,0.0011961722488038277,774,2180
himalaya,SAW,SAW_S2A_43SGS_20200921_1_L2A_54.tif,0.0033093245084679776,0.4234891100573545,0.014568158168574402,48,10260
himalaya,SAW,SAW_S2A_43SGT_20200901_0_L2A_6.tif,0.00021519259737465033,0.46466088843266157,0.011587132184784266,88,4560
himalaya,SAW,SAW_S2A_43SGT_20200911_1_L2A_33.tif,0.0018648018648018648,0.48459687019932396,0.009887005649717513,81,2068
himalaya,SAW,SAW_S2A_43SGT_20200914_1_L2A_2.tif,0.0007274490785645005,0.46892155036749095,0.015378635526338027,101,4026
himalaya,SAW,SAW_S2A_43SGU_20200911_1_L2A_15.tif,0.004142194744976816,0.3790510420791435,0.023725061724891448,692,15550
himalaya,SAW,SAW_S2A_43SGU_20200914_1_L2A_37.tif,0.0061162079510703364,0.5005784750806104,0.03080308030803081,173,156
himalaya,SAW,SAW_S2A_43SGU_20200921_1_L2A_12.tif,0.013300270513976555,0.4397419448506781,0.022850478784952215,155,8835
himalaya,SAW,SAW_S2A_43SGV_20200901_1_L2A_22.tif,0.006972285166463308,0.4164505767069178,0.02257636122177955,156,11398
himalaya,SAW,SAW_S2A_43SGV_20200901_1_L2A_26.tif,0.0,0.49115753173828125,0.0018501387604070306,61,1098
himalaya,SAW,SAW_S2A_43SGV_20200901_1_L2A_8.tif,0.033116883116883114,0.5051894257532954,0.07612064403960996,253,1338
himalaya,SAW,SAW_S2A_43SGV_20200921_1_L2A_55.tif,0.05309734513274336,0.5257322526060482,0.34749034749034746,113,6
himalaya,SAW,SAW_S2A_44RKV_20200901_0_L2A_3.tif,0.0,0.45223236083984375,0.003093694755450796,88,6173
himalaya,SAW,SAW_S2A_44RMV_20200908_0_L2A_2.tif,0.0038429865495470767,0.4742285046602624,0.015076833864888374,315,3342
himalaya,SAW,SAW_S2A_44RMV_20200918_0_L2A_43.tif,0.004324324324324324,0.48810710172998045,0.021621621621621623,384,1474
himalaya,SAW,SAW_S2A_44RNU_20200905_1_L2A_46.tif,0.011411889596602972,0.4772677911024867,0.19829114445910292,2694,1117
himalaya,SAW,SAW_S2A_44RNU_20200905_1_L2A_56.tif,0.007487131492746842,0.487557668310476,0.043175024908668216,123,2030
himalaya,SAW,SAW_S2A_44RNU_20200905_2_L2A_68.tif,0.040768782760629,0.5078053427138312,0.2582917522747285,1290,497
himalaya,SAW,SAW_S2A_44RNV_20200908_0_L2A_111.tif,0.04013377926421405,0.5178768523938432,0.2736842105263158,287,24
himalaya,SAW,SAW_S2A_44RNV_20200908_1_L2A_106.tif,0.03164556962025317,0.5111521699984776,0.2794520547945205,584,68
himalaya,SAW,SAW_S2A_44RNV_20200915_1_L2A_93.tif,0.02288329519450801,0.504924155686881,0.3173287838167195,847,47
himalaya,SAW,SAW_S2A_44SKA_20200901_1_L2A_12.tif,0.0022454647521125094,0.3722256668168025,0.011037920598184084,135,16826
himalaya,SAW,SAW_S2A_44SKA_20200921_1_L2A_13.tif,0.085728298185385,0.4707893601904006,0.08009327623153774,1418,9651
himalaya,SAW,SAW_S2A_44SKB_20200901_0_L2A_41.tif,0.0,0.43984222412109375,0.0,17,7868
himalaya,SAW,SAW_S2A_44SKB_20200901_1_L2A_58.tif,0.014810337010729938,0.45759466084926304,0.09155808683478625,1976,4739
himalaya,SAW,SAW_S2A_44SKB_20200901_1_L2A_89.tif,0.00023442261709409723,0.33741558917551073,0.004630360431465403,69,21265
himalaya,SAW,SAW_S2A_44SKB_20200911_2_L2A_47.tif,0.03643680061738603,0.38349778373836546,0.17852517483910818,18108,694
himalaya,SAW,SAW_S2A_44SKB_20200921_1_L2A_85.tif,0.012139605462822459,0.5011024605265523,0.055286800276434,334,333
himalaya,SAW,SAW_S2A_44SKB_20200921_1_L2A_86.tif,0.000727802037845706,0.4794129442636508,0.003534460994698308,108,2642
himalaya,SAW,SAW_S2A_44SKC_20200901_1_L2A_44.tif,0.007564062982401976,0.4055363638363216,0.21163801357303047,11830,1224
himalaya,SAW,SAW_S2A_44SKC_20200921_1_L2A_34.tif,0.025158309087797363,0.469024428213782,0.02053771992242546,369,5621
himalaya,SAW,SAW_S2A_44SKD_20200901_1_L2A_22.tif,8.130081300813008e-05,0.40620529525276944,0.046237409014043086,1259,11042
himalaya,SAW,SAW_S2A_44SKD_20200921_1_L2A_37.tif,0.0,0.4499053955078125,0.0041971383147853735,114,6452
himalaya,SAW,SAW_S2A_44SLA_20200911_1_L2A_10.tif,0.010626123916952755,0.45909412533004545,0.07248748439337188,2280,3902
himalaya,SAW,SAW_S2A_44SLB_20200911_2_L2A_32.tif,0.005251312828207052,0.48238817892562635,0.03706359907054132,331,2349
himalaya,SAW,SAW_S2A_44SLB_20200918_1_L2A_12.tif,0.010498687664041995,0.5023728865287188,0.04640371229698376,138,247
himalaya,SAW,SAW_S2A_44SMA_20200918_1_L2A_26.tif,0.023872679045092837,0.5063195624536494,0.06741174383537343,154,618
himalaya,SAW,SAW_S2B_42SWE_20200918_1_L2A_37.tif,0.0024849130280440185,0.47980156774721644,0.013169949610627578,458,2366
himalaya,SAW,SAW_S2B_42SXE_20200905_1_L2A_191.tif,0.0017103762827822121,0.46077247414563366,0.00819217584190361,434,4837
himalaya,SAW,SAW_S2B_42SXE_20200905_1_L2A_230.tif,0.04706264199935086,0.5010817484285265,0.03892126024854329,958,2268
himalaya,SAW,SAW_S2B_42SXE_20200905_1_L2A_239.tif,0.0030048076923076925,0.374834108332609,0.024398130134321246,1561,15129
himalaya,SAW,SAW_S2B_42SXE_20200905_1_L2A_6.tif,0.05501439008191277,0.4618773421834401,0.019946343170418757,824,8707
himalaya,SAW,SAW_S2B_42SXE_20200918_1_L2A_64.tif,0.008816120906801008,0.49840308555678986,0.0231023102310231,303,498
himalaya,SAW,SAW_S2B_42SXF_20200905_0_L2A_2.tif,0.022155943757988922,0.4760033906343435,0.01689397272327321,259,4539
himalaya,SAW,SAW_S2B_42SXF_20200905_1_L2A_10.tif,0.08052147239263803,0.503434149796663,0.05666427374970088,1095,4541
himalaya,SAW,SAW_S2B_42SXF_20200905_1_L2A_60.tif,0.0010775862068965517,0.45102636349213115,0.0012972972972972972,137,6366
himalaya,SAW,SAW_S2B_42SXF_20200915_1_L2A_45.tif,0.0006687720601894854,0.29507018382612027,0.018332958885643676,4673,22260
himalaya,SAW,SAW_S2B_42SYE_20200922_1_L2A_29.tif,0.19812925170068027,0.5918444368850552,0.1861469165784503,590,819
himalaya,SAW,SAW_S2B_42SYE_20200922_1_L2A_41.tif,0.0010119537031180823,0.37997026256584476,0.005723673135307401,70,15757
himalaya,SAW,SAW_S2B_43SBA_20200922_1_L2A_15.tif,0.006358381502890174,0.424410288964367,0.015950589152400083,133,10313
himalaya,SAW,SAW_S2B_43SBA_20200922_1_L2A_7.tif,0.004915514592933948,0.4777401138288235,0.013311669244171249,184,3087
himalaya,SAW,SAW_S2B_43SBV_20200922_0_L2A_146.tif,0.0014127619496114904,0.4359820051735726,0.010356381358513557,179,8327
himalaya,SAW,SAW_S2B_43SBV_20200922_0_L2A_65.tif,0.005803218148245845,0.41654908119876016,0.00529720368766872,628,10811
himalaya,SAW,SAW_S2B_43SBV_20200922_1_L2A_68.tif,0.525990099009901,0.7540549458651067,0.2255132591958939,1645,2054
himalaya,SAW,SAW_S2B_43SBV_20200925_1_L2A_65.tif,0.034417086110733235,0.4628452325457393,0.06365425208400416,1381,6223
himalaya,SAW,SAW_S2B_43SCA_20200922_0_L2A_125.tif,0.0037071362372567192,0.4772442646573012,0.009535285796615497,55,3194
himalaya,SAW,SAW_S2B_43SCA_20200922_0_L2A_130.tif,0.003301010934598721,0.46478389985069374,0.012559182656366808,223,4640
himalaya,SAW,SAW_S2B_43SCA_20200922_0_L2A_91.tif,0.19029126213592232,0.5855582487069054,0.0870264564448838,412,1427
himalaya,SAW,SAW_S2B_43SCA_20200922_1_L2A_152.tif,0.0011785503830288745,0.4617902518434296,0.0030305553242860714,271,4826
himalaya,SAW,SAW_S2B_43SCA_20200922_1_L2A_169.tif,0.0002737226277372263,0.4165377585717387,0.006050967766960165,260,10703
himalaya,SAW,SAW_S2B_43SCA_20200922_1_L2A_76.tif,0.008456334563345633,0.45498487533439036,0.09311391418149417,1824,4735
himalaya,SAW,SAW_S2B_43SCA_20200925_0_L2A_54.tif,0.016743038420867114,0.4657453368476946,0.06787965762902978,931,4838
himalaya,SAW,SAW_S2B_43SCA_20200925_1_L2A_40.tif,0.0,0.4940185546875,0.022878932316491896,58,726
himalaya,SAW,SAW_S2B_43SCU_20200922_0_L2A_53.tif,0.40681362725450904,0.7011414959470623,0.3643208803938604,421,281
himalaya,SAW,SAW_S2B_43SCV_20200922_0_L2A_252.tif,0.016995383969785983,0.4727097460678507,0.036240225290852024,1368,3479
himalaya,SAW,SAW_S2B_43SCV_20200922_0_L2A_258.tif,0.0162577593851611,0.4827169281341132,0.014619289340101522,206,3232
himalaya,SAW,SAW_S2B_43SCV_20200922_0_L2A_312.tif,0.15119310206536996,0.5429254386866629,0.10173690440144237,1692,4049
himalaya,SAW,SAW_S2B_43SCV_20200922_0_L2A_398.tif,0.018651362984218076,0.5041061402623118,0.03864734299516908,336,374
himalaya,SAW,SAW_S2B_43SCV_20200922_0_L2A_410.tif,0.04945054945054945,0.5234052081878169,0.15730337078651685,156,35
himalaya,SAW,SAW_S2B_43SCV_20200922_0_L2A_80.tif,0.04037538192928852,0.4186887912862768,0.029993389220073153,1469,12832
himalaya,SAW,SAW_S2B_43SCV_20200922_1_L2A_107.tif,0.0027200791295746785,0.40900549091816046,0.013653741125068267,117,12048
himalaya,SAW,SAW_S2B_43SCV_20200922_1_L2A_225.tif,0.09077705156136529,0.5358182700133041,0.005994754589733983,429,1073
himalaya,SAW,SAW_S2B_43SDA_20200922_1_L2A_52.tif,0.002045842015533245,0.2998913123214101,0.011970552821893956,381,26068
himalaya,SAW,SAW_S2B_43SDB_20200922_1_L2A_22.tif,0.0014516798009124845,0.46398638103491574,0.01177914110429448,197,4632
himalaya,SAW,SAW_S2B_43SDU_20200909_0_L2A_41.tif,0.0,0.497344970703125,0.06263345195729537,201,147
himalaya,SAW,SAW_S2B_43SDU_20200912_1_L2A_82.tif,0.00642560897248671,0.37322625479651755,0.02606603069022914,470,16759
himalaya,SAW,SAW_S2B_43SDU_20200922_0_L2A_48.tif,0.10915934755332497,0.5491556031262324,0.2353455271864661,413,471
himalaya,SAW,SAW_S2B_43SDU_20200922_0_L2A_50.tif,0.1726182074805928,0.5407351140337052,0.0441824475185767,2616,5692
himalaya,SAW,SAW_S2B_43SDV_20200922_1_L2A_76.tif,0.009464916708732963,0.44478073137188834,0.01065611441301791,363,7636
himalaya,SAW,SAW_S2B_43SET_20200909_0_L2A_55.tif,0.019299820466786355,0.44279353669444205,0.01838690286764966,371,8713
himalaya,SAW,SAW_S2B_43SET_20200909_1_L2A_18.tif,0.0051162790697674414,0.48623612503660063,0.014086869025658226,124,2037
himalaya,SAW,SAW_S2B_43SEU_20200919_0_L2A_207.tif,0.02999073645206114,0.45083034838749636,0.014538961867108787,501,8394
himalaya,SAW,SAW_S2B_43SEU_20200919_0_L2A_243.tif,0.0835445828281715,0.4775915510392671,0.057929517856681635,1127,8704
himalaya,SAW,SAW_S2B_43SEU_20200919_1_L2A_171.tif,0.2006160954948017,0.5681190069063924,0.1952930932930421,1403,4833
himalaya,SAW,SAW_S2B_43SEU_20200922_1_L2A_104.tif,0.0,0.43486785888671875,0.0,922,7615
himalaya,SAW,SAW_S2B_43SEV_20200922_0_L2A_4.tif,0.0012933025404157045,0.4181476433034181,0.016063541608174282,294,10545
himalaya,SAW,SAW_S2B_43SEV_20200922_0_L2A_74.tif,0.005502063273727648,0.49723464269710915,0.02773100921065663,154,577
himalaya,SAW,SAW_S2B_43SEV_20200922_0_L2A_76.tif,0.007308970099667774,0.49225425612957446,0.01387082791504118,310,1206
himalaya,SAW,SAW_S2B_43SFA_20200919_1_L2A_20.tif,0.0031608060055314103,0.42454693939748966,0.03653811021047874,768,9388
himalaya,SAW,SAW_S2B_43SFR_20200909_0_L2A_1.tif,0.006181542132089795,0.43311413733614673,0.03382408565858768,2438,6840
himalaya,SAW,SAW_S2B_43SFU_20200909_0_L2A_114.tif,0.0005119803399549457,0.4257797880671559,0.0018099299337730184,552,9219
himalaya,SAW,SAW_S2B_43SFU_20200909_1_L2A_49.tif,0.0008192244675040961,0.44457259102209323,0.009791160757649343,764,6566
himalaya,SAW,SAW_S2B_43SFU_20200909_1_L2A_91.tif,0.001030337721808815,0.3673303952109151,0.008210541246016551,3092,14396
himalaya,SAW,SAW_S2B_43SFV_20200919_1_L2A_21.tif,0.0020491803278688526,0.46386376850535616,0.008391608391608392,193,4697
himalaya,SAW,SAW_S2B_43SFV_20200919_1_L2A_41.tif,0.0005132811497497754,0.38139142265276527,0.004965380265371989,78,15516
himalaya,SAW,SAW_S2B_43SFV_20200919_1_L2A_48.tif,0.00041684035014589413,0.4270228009356174,0.028185804453328293,462,9138
himalaya,SAW,SAW_S2B_43SFV_20200919_1_L2A_67.tif,0.019158878504672898,0.4775111164607576,0.1285769131653545,2145,2217
himalaya,SAW,SAW_S2B_43SGT_20200909_1_L2A_3.tif,0.0014169323414806943,0.479199890207852,0.01718213058419244,188,2639
himalaya,SAW,SAW_S2B_43SGU_20200916_1_L2A_55.tif,0.0008868393047179851,0.45746376117011395,0.02905294931455163,301,5342
himalaya,SAW,SAW_S2B_43SGV_20200916_1_L2A_47.tif,0.0058823529411764705,0.5016517891203174,0.0,119,52
himalaya,SAW,SAW_S2B_43SGV_20200919_1_L2A_4.tif,0.004333694474539545,0.4881423081089582,0.06904225862381286,1244,610
himalaya,SAW,SAW_S2B_43SGV_20200919_1_L2A_48.tif,0.017278617710583154,0.5051675105400676,0.556390977443609,455,16
himalaya,SAW,SAW_S2B_44RMV_20200913_0_L2A_42.tif,0.02145922746781116,0.5072500788927738,0.12471283229405973,312,164
himalaya,SAW,SAW_S2B_44RNV_20200920_1_L2A_50.tif,0.006085192697768763,0.4993040218902147,0.05025125628140704,193,303
himalaya,SAW,SAW_S2B_44RNV_20200920_1_L2A_94.tif,0.03669724770642202,0.5159449244453604,0.479253112033195,324,15
himalaya,SAW,SAW_S2B_44SKA_20200913_1_L2A_42.tif,0.10568852968604289,0.5307800277732625,0.1045773100702597,1126,2431
himalaya,SAW,SAW_S2B_44SKD_20200916_1_L2A_30.tif,0.0012872774082814847,0.46512555538352424,0.004713340683572216,21,4646
himalaya,SAW,SAW_S2B_44SKE_20200916_1_L2A_23.tif,0.0,0.4989776611328125,0.0,92,42
himalaya,SAW,SAW_S2B_44SLA_20200913_1_L2A_106.tif,0.0009823986901350797,0.407372647364114,0.005639409520650191,450,11777
himalaya,SAW,SAW_S2B_44SLA_20200913_1_L2A_123.tif,0.04925156929019797,0.4793475384393654,0.05737051792828685,749,5770
himalaya,SAW,SAW_S2B_44SLA_20200923_0_L2A_127.tif,0.0010651754210771586,0.38602556695351786,0.010806435735614208,115,14922
himalaya,SAW,SAW_S2B_44SLB_20200923_1_L2A_10.tif,0.0007790858725761773,0.41231134616243914,0.008620689655172412,169,11392
himalaya,SA,SA_S2A_18FWH_20200706_1_L2A_1.tif,0.010780338245475226,0.4289538354990043,0.0648263443229057,7327,2893
himalaya,SA,SA_S2A_18FWJ_20200706_0_L2A_3.tif,0.09910514541387025,0.45547404544355263,0.06557841570859489,9240,5499
himalaya,SA,SA_S2A_18FWK_20200706_0_L2A_216.tif,0.0039198606271777,0.484509108514941,0.02881844380403458,642,1663
himalaya,SA,SA_S2A_18FWK_20200706_1_L2A_79.tif,0.003607801871547221,0.29922902318516237,0.08158870678310802,23394,3311
himalaya,SA,SA_S2A_18FWL_20200706_0_L2A_68.tif,0.000562350625615071,0.44604049900199755,0.016979987871437237,2265,4852
himalaya,SA,SA_S2A_18FXF_20200716_2_L2A_132.tif,0.0,0.4848785400390625,0.0,35,1947
himalaya,SA,SA_S2A_18FXF_20200716_2_L2A_167.tif,0.00035787778473651247,0.4149305106435738,0.004875076173065204,10276,905
himalaya,SA,SA_S2A_18FXF_20200716_2_L2A_253.tif,0.028167458301115653,0.44669811924874875,0.12497470500805953,6546,2762
himalaya,SA,SA_S2A_18FXF_20200716_2_L2A_320.tif,0.0,0.49671173095703125,0.0,289,142
himalaya,SA,SA_S2A_18FXF_20200716_2_L2A_347.tif,0.058195571280424574,0.40956757598427096,0.06984604462031013,5827,11520
himalaya,SA,SA_S2A_18FXF_20200716_2_L2A_78.tif,0.009153621650305121,0.4475328039209107,0.03873169799497355,355,7252
himalaya,SA,SA_S2A_18FXH_20200825_0_L2A_122.tif,0.0022522522522522522,0.44027262021935243,0.0042058446738053226,1347,6663
himalaya,SA,SA_S2A_18FXH_20200825_0_L2A_250.tif,0.006562089869383164,0.38180957116843395,0.037958459890794806,2684,13422
himalaya,SA,SA_S2A_18FXH_20200825_0_L2A_251.tif,0.004005340453938585,0.4450613213428976,0.013413658398832776,123,7397
himalaya,SA,SA_S2A_18FXH_20200825_0_L2A_254.tif,0.0,0.46686553955078125,0.004354136429608128,119,4224
himalaya,SA,SA_S2A_18FXH_20200825_0_L2A_37.tif,0.004512214096779213,0.4534216313435031,0.012841987716359577,1721,4735
himalaya,SA,SA_S2A_18FXH_20200825_0_L2A_63.tif,0.04333621008506966,0.40198368507122395,0.0835846976347486,9342,7583
himalaya,SA,SA_S2A_18FXH_20200825_0_L2A_78.tif,0.011414077362079899,0.4580778073477881,0.020648121594493838,3382,2998
himalaya,SA,SA_S2A_18FXH_20200825_0_L2A_98.tif,0.0,0.46672821044921875,0.0,343,4018
himalaya,SA,SA_S2A_18FXJ_20200825_0_L2A_133.tif,0.008963786303334529,0.4200024017402118,0.02050823931722452,911,10345
himalaya,SA,SA_S2A_18FXJ_20200825_0_L2A_228.tif,0.2901639344262295,0.5862193958439462,0.3926246488893476,10230,3149
himalaya,SA,SA_S2A_18FXJ_20200825_0_L2A_237.tif,0.04517945109078114,0.4705771517510181,0.02861381941500636,3129,4297
himalaya,SA,SA_S2A_18FXJ_20200825_0_L2A_344.tif,0.829436742211081,0.6187486723424465,0.232717616891891,58641,48639
himalaya,SA,SA_S2A_18FXJ_20200825_0_L2A_349.tif,0.58264426069174,0.7017932346754523,0.23599380580634624,20902,14698
himalaya,SA,SA_S2A_18FXJ_20200825_0_L2A_50.tif,0.0,0.43949127197265625,0.0033491487580240027,340,7591
himalaya,SA,SA_S2A_18FXJ_20200825_0_L2A_8.tif,0.04059123229382453,0.3880958352455221,0.10342278145881889,15537,3049
himalaya,SA,SA_S2A_18FXM_20200706_1_L2A_193.tif,0.0,0.4336090087890625,0.0,220,8482
himalaya,SA,SA_S2A_18FXM_20200706_1_L2A_383.tif,0.0608780487804878,0.4562924875403548,0.035887962140448246,878,9996
himalaya,SA,SA_S2A_18FXM_20200825_0_L2A_152.tif,0.010211317543610836,0.45180155269823824,0.030268634127884976,652,6471
himalaya,SA,SA_S2A_18FXM_20200825_1_L2A_223.tif,0.00585480093676815,0.46404546598909974,0.01587525360564399,358,4796
himalaya,SA,SA_S2A_18FXM_20200825_1_L2A_25.tif,0.0,0.46710205078125,0.0010314063225207572,79,4233
himalaya,SA,SA_S2A_18FXM_20200825_1_L2A_316.tif,0.0005110732538330494,0.45549182979219205,0.0024033647105948324,364,5509
himalaya,SA,SA_S2A_18FXM_20200825_1_L2A_463.tif,0.002461654989585306,0.4610312029354776,0.019290962562293734,1836,3458
himalaya,SA,SA_S2A_18FXM_20200825_1_L2A_531.tif,0.00896952400366935,0.4302044173006979,0.014265444644706061,1018,8881
himalaya,SA,SA_S2A_18GWP_20200722_0_L2A_74.tif,0.026598323751471913,0.2963247300575541,0.16780322126993394,28844,798
himalaya,SA,SA_S2A_18GXN_20200726_0_L2A_140.tif,0.003415046491969569,0.27649166017576243,0.023112038301288627,225,29451
himalaya,SA,SA_S2A_18GXN_20200726_0_L2A_177.tif,0.8133759527907548,0.9005894355455992,0.5909737823310084,3827,3548
himalaya,SA,SA_S2A_18GXN_20200726_0_L2A_261.tif,0.0018234016139044072,0.30447413113876365,0.02804211483421675,21585,4238
himalaya,SA,SA_S2A_18GXN_20200726_0_L2A_76.tif,0.0,0.41954803466796875,0.0,510,10035
himalaya,SA,SA_S2A_18GXP_20200726_1_L2A_36.tif,0.00090569766165331,0.22258007964468252,0.0020086371397007134,35,36434
himalaya,SA,SA_S2A_18GXP_20200726_1_L2A_54.tif,0.0,0.48603057861328125,0.0,774,1057
himalaya,SA,SA_S2A_18GXP_20200818_0_L2A_109.tif,0.18264997248211337,0.4968528881510136,0.08613778316397874,4566,12625
himalaya,SA,SA_S2A_18GXP_20200818_0_L2A_120.tif,0.010422757200599944,0.20635224399967964,0.023862506510108423,440,39307
himalaya,SA,SA_S2A_18GXP_20200818_0_L2A_129.tif,0.0010725585885128974,0.3583801647573494,0.005586204503660526,414,18253
himalaya,SA,SA_S2A_18GXP_20200818_0_L2A_156.tif,0.0028558875219683658,0.29340142293847205,0.018106286824025875,7608,19782
himalaya,SA,SA_S2A_18GXP_20200818_0_L2A_166.tif,0.002709845772975143,0.27364122645382394,0.0071835643873798885,693,29279
himalaya,SA,SA_S2A_18GXP_20200818_0_L2A_176.tif,0.007185163608117293,0.4254938374943828,0.009661219424502153,6836,3537
himalaya,SA,SA_S2A_18GXP_20200818_0_L2A_200.tif,0.0009865623405341045,0.27634929655793555,0.00808582879745174,161,29263
himalaya,SA,SA_S2A_18GXP_20200818_0_L2A_250.tif,0.00782451224929101,0.28159305603889667,0.00814599832751242,1292,28204
himalaya,SA,SA_S2A_18GXP_20200818_0_L2A_307.tif,0.0,0.4012908935546875,0.0002724053391446472,175,12763
himalaya,SA,SA_S2A_18GXP_20200818_0_L2A_330.tif,0.0036569148936170214,0.3186601406151253,0.06366750743515416,7357,16795
himalaya,SA,SA_S2A_18GXP_20200818_0_L2A_349.tif,0.0029390898956116345,0.4263783333215674,0.006220701606274022,61,9835
himalaya,SA,SA_S2A_18GXP_20200818_0_L2A_391.tif,0.0,0.39585113525390625,0.0,442,13209
himalaya,SA,SA_S2A_18GYQ_20200818_0_L2A_3.tif,0.03433208489388265,0.4816686506371174,0.055116162545110904,1209,3762
himalaya,SA,SA_S2A_18GYQ_20200818_0_L2A_31.tif,0.008588498879761016,0.42315617719490767,0.02220715835140998,115,10689
himalaya,SA,SA_S2A_18GYQ_20200818_0_L2A_81.tif,0.0017513134851138354,0.3747059344228048,0.0043502985499004835,54,16534
himalaya,SA,SA_S2A_18GYT_20200821_0_L2A_31.tif,0.0,0.4739227294921875,0.0,239,3179
himalaya,SA,SA_S2A_18GYT_20200821_1_L2A_3.tif,0.0003315649867374005,0.47716280698409885,0.004375410194705753,746,2271
himalaya,SA,SA_S2A_18GYU_20200729_0_L2A_205.tif,0.000450112528132033,0.44939570311374477,0.0013270771126593678,409,6259
himalaya,SA,SA_S2A_18GYU_20200821_0_L2A_134.tif,0.004080118694362018,0.46105645278980395,0.016185518220539517,3324,2090
himalaya,SA,SA_S2A_18GYU_20200821_0_L2A_9.tif,0.00509585052171803,0.4712573811106644,0.03769436155175122,2363,1779
himalaya,SA,SA_S2A_18GYV_20200729_1_L2A_35.tif,0.013744930148715638,0.4734474937112421,0.02833357505438724,1994,2505
himalaya,SA,SA_S2A_19FCV_20200720_1_L2A_161.tif,0.06293057763645998,0.42195239128625717,0.07997741289100566,1176,14870
himalaya,SA,SA_S2A_19FCV_20200720_1_L2A_230.tif,0.0022273969828895414,0.42590076690430306,0.0023945723027803643,665,9234
himalaya,SA,SA_S2A_19FCV_20200720_1_L2A_34.tif,0.0,0.45116424560546875,0.0,1270,5131
himalaya,SA,SA_S2A_19FCV_20200720_1_L2A_8.tif,0.0,0.4856109619140625,0.0,511,1375
himalaya,SA,SA_S2A_19FCV_20200720_1_L2A_93.tif,0.0,0.47564697265625,0.0,2085,1107
himalaya,SA,SA_S2A_19FDU_20200720_0_L2A_48.tif,0.001040582726326743,0.47854662923873753,0.006234413965087281,274,2612
himalaya,SA,SA_S2A_19FDU_20200720_0_L2A_53.tif,0.005321035828307911,0.45985527869942555,0.032409581963363084,298,5370
himalaya,SA,SA_S2A_19FDU_20200720_1_L2A_64.tif,0.07795447458684128,0.5163307280877717,0.08240258128567883,1332,2125
himalaya,SA,SA_S2A_19FDV_20200720_1_L2A_117.tif,0.07099636950383219,0.5001674287381704,0.037206337965831636,974,4336
himalaya,SA,SA_S2A_19FDV_20200720_1_L2A_131.tif,0.017561634582911177,0.48656928470334243,0.016971429889086172,223,2790
himalaya,SA,SA_S2A_19FDV_20200720_1_L2A_161.tif,0.0,0.4712371826171875,0.0,1609,2161
himalaya,SA,SA_S2A_19FDV_20200720_1_L2A_213.tif,0.0,0.480743408203125,0.0,1494,1030
himalaya,SA,SA_S2A_19FDV_20200720_1_L2A_225.tif,0.0,0.489166259765625,0.0,450,970
himalaya,SA,SA_S2A_19FDV_20200720_1_L2A_274.tif,0.0,0.4581298828125,0.0,4514,974
himalaya,SA,SA_S2A_19FDV_20200720_1_L2A_352.tif,0.0,0.494476318359375,0.0,133,591
himalaya,SA,SA_S2A_19FDV_20200720_1_L2A_359.tif,0.007537688442211055,0.491712193222998,0.015409018808067077,36,1568
himalaya,SA,SA_S2A_19FDV_20200720_1_L2A_380.tif,0.002929483155471856,0.4651029089108454,0.017999496517579927,128,4665
himalaya,SA,SA_S2A_19FDV_20200720_1_L2A_410.tif,0.0,0.455841064453125,0.0,3834,1954
himalaya,SA,SA_S2A_19FDV_20200720_1_L2A_413.tif,0.0,0.484222412109375,0.0,710,1358
himalaya,SA,SA_S2A_19FDV_20200720_1_L2A_458.tif,0.0,0.4788665771484375,0.0,1327,1443
himalaya,SA,SA_S2A_19FDV_20200720_1_L2A_86.tif,0.013269523602349358,0.4372918076934913,0.029112964366944653,247,9069
himalaya,SA,SA_S2A_19FEV_20200717_1_L2A_7.tif,0.030515715593530668,0.49098222970213856,0.07051075257554873,691,2686
himalaya,SA,SA_S2A_19FEV_20200720_1_L2A_112.tif,0.0319567354965585,0.5009411757090557,0.05519420346133141,130,1969
himalaya,SA,SA_S2A_19FEV_20200720_1_L2A_147.tif,0.0,0.4885711669921875,0.0,742,756
himalaya,SA,SA_S2A_19FEV_20200720_1_L2A_153.tif,0.0,0.486053466796875,0.0,148,1680
himalaya,SA,SA_S2A_19FEV_20200720_1_L2A_180.tif,0.0034328870580157913,0.4795649311522414,0.012287560839384027,567,2356
himalaya,SA,SA_S2A_19FEV_20200720_1_L2A_211.tif,0.0,0.47811126708984375,0.0,1721,1148
himalaya,SA,SA_S2A_19FEV_20200720_1_L2A_91.tif,0.0,0.48941802978515625,0.0,750,637
himalaya,SA,SA_S2A_19GBP_20200729_1_L2A_157.tif,0.00010915838882218098,0.4301682589075415,0.00036360330879011,940,8222
himalaya,SA,SA_S2A_19GBP_20200729_1_L2A_184.tif,0.0,0.4794921875,0.0,48,2640
himalaya,SA,SA_S2A_19GBP_20200729_1_L2A_236.tif,0.0015883821193555707,0.46722126914724205,0.005401341128450643,133,4281
himalaya,SA,SA_S2A_19GBP_20200729_1_L2A_256.tif,0.0017416545718432512,0.42213673894378667,0.0037945663917362776,248,10105
himalaya,SA,SA_S2A_19GBP_20200729_1_L2A_271.tif,0.032780743654584624,0.4371785778838075,0.033084630800061667,6774,4253
himalaya,SA,SA_S2A_19GBP_20200729_1_L2A_44.tif,0.007130333138515488,0.43870071448831083,0.02196873679763414,983,7633
himalaya,SA,SA_S2A_19GBP_20200729_1_L2A_79.tif,0.014722863741339492,0.48130202895397123,0.020541108484370893,746,2769
himalaya,SA,SA_S2A_19GBP_20200821_0_L2A_126.tif,0.006934812760055479,0.476143750810734,0.02388646175322493,1195,2435
himalaya,SA,SA_S2A_19GBP_20200821_1_L2A_155.tif,0.0,0.49620819091796875,0.0,240,257
himalaya,SA,SA_S2A_19GBP_20200821_1_L2A_91.tif,0.006815761448349307,0.467814634510203,0.004820729135281711,1431,3296
himalaya,SA,SA_S2A_19HBS_20200729_1_L2A_15.tif,0.020796197266785502,0.4978181380221044,0.03979346327485064,672,1046
himalaya,SA,SA_S2A_19HBS_20200729_1_L2A_4.tif,0.0053705692803437165,0.46734770774468865,0.03451744770920678,739,3941
himalaya,SA,SA_S2A_19HCB_20200722_1_L2A_104.tif,0.0,0.48458099365234375,0.0,298,1723
himalaya,SA,SA_S2A_19HCB_20200722_1_L2A_95.tif,0.0,0.43654632568359375,0.0013510470614726414,91,8226
himalaya,SA,SA_S2A_19HCB_20200722_1_L2A_97.tif,0.0013005202080832333,0.42447090323698733,0.011768167107972934,301,9708
himalaya,SA,SA_S2A_19HCB_20200729_1_L2A_45.tif,0.0,0.48522186279296875,0.0,50,1887
himalaya,SA,SA_S2A_19HCB_20200821_1_L2A_82.tif,0.008911274699728787,0.4653962389684321,0.03318474626212057,1589,3619
himalaya,SA,SA_S2A_19HCD_20200821_1_L2A_21.tif,0.31852445870088214,0.6258318595628722,0.054729532744957725,2433,5788
himalaya,SA,SA_S2A_19HDD_20200808_1_L2A_18.tif,0.000784313725490196,0.4712312760851216,0.0027116304294236555,116,3712
himalaya,SA,SA_S2A_19HDE_20200811_1_L2A_7.tif,0.0006454111268878275,0.4412514263215584,0.00543773790103317,423,7329
himalaya,SA,SA_S2B_18FWJ_20200701_1_L2A_26.tif,0.00014345144168698896,0.4468940344108565,0.0020380434782608695,3801,3171
himalaya,SA,SA_S2B_18FWJ_20200701_1_L2A_62.tif,0.012389380530973451,0.5019370333502279,0.05712138293874483,179,393
himalaya,SA,SA_S2B_18FWL_20200714_0_L2A_17.tif,0.0,0.4323272705078125,0.0,311,8559
himalaya,SA,SA_S2B_18FWL_20200714_0_L2A_22.tif,0.011317665189751493,0.3484713469514706,0.025146155740106067,6311,14688
himalaya,SA,SA_S2B_18FWL_20200714_0_L2A_237.tif,0.054328667703473305,0.38572716724709705,0.038528626583422855,2477,17861
himalaya,SA,SA_S2B_18FWL_20200714_0_L2A_307.tif,0.04447074092453334,0.3277999880695743,0.09411532092632412,22951,4411
himalaya,SA,SA_S2B_18FWL_20200714_1_L2A_140.tif,0.0,0.4912567138671875,0.0,879,267
himalaya,SA,SA_S2B_18FWL_20200714_1_L2A_53.tif,0.07145055080312634,0.4185369258870001,0.0302247817822867,1431,15979
himalaya,SA,SA_S2B_18FWL_20200714_1_L2A_87.tif,0.01478526167566299,0.34647820143625835,0.022220058714277152,16654,4966
himalaya,SA,SA_S2B_18FWL_20200714_3_L2A_139.tif,0.0,0.42839813232421875,0.0,2410,6975
himalaya,SA,SA_S2B_18FWL_20200714_3_L2A_235.tif,0.35101589730510924,0.5422281553636829,0.11995713765138763,12102,19682
himalaya,SA,SA_S2B_18FWM_20200714_1_L2A_148.tif,0.024323297158059205,0.3343214392194237,0.06793127095189566,10273,13984
himalaya,SA,SA_S2B_18FWM_20200714_1_L2A_152.tif,0.026263702801461633,0.3158799006250469,0.013468137367641513,1887,25075
himalaya,SA,SA_S2B_18FWM_20200714_1_L2A_18.tif,0.05738522954091816,0.4852280261002439,0.05212891685565529,2335,4022
himalaya,SA,SA_S2B_18FWM_20200714_1_L2A_62.tif,0.0,0.4381256103515625,0.0,163,7947
himalaya,SA,SA_S2B_18FXG_20200704_1_L2A_30.tif,0.002669336002669336,0.4785276236844015,0.00776173815893923,135,2870
himalaya,SA,SA_S2B_18FXJ_20200714_0_L2A_128.tif,0.98228862184692,0.9708656654774785,0.829335193069177,46136,45416
himalaya,SA,SA_S2B_18FXK_20200714_0_L2A_122.tif,0.02696636741256867,0.2891161879855323,0.03092918685905666,1284,29373
himalaya,SA,SA_S2B_18FXK_20200714_0_L2A_49.tif,0.0,0.45599365234375,0.0,632,5136
himalaya,SA,SA_S2B_18FXK_20200714_1_L2A_41.tif,0.005932081960166213,0.2374790443935748,0.02240086504591435,479,34623
himalaya,SA,SA_S2B_18FXK_20200820_0_L2A_110.tif,0.00146484375,0.485129595817899,0.008391608391608392,614,1437
himalaya,SA,SA_S2B_18FXK_20200820_0_L2A_99.tif,0.8923003404814527,0.8955893177449328,0.40550378191393244,32086,31272
himalaya,SA,SA_S2B_18FXL_20200714_1_L2A_102.tif,0.018607705779334502,0.4062953205448808,0.04217674062739097,371,13588
himalaya,SA,SA_S2B_18FXL_20200714_1_L2A_128.tif,0.0,0.18120574951171875,0.0022956464704435514,80,41705
himalaya,SA,SA_S2B_18FXL_20200714_1_L2A_18.tif,0.002129285870277353,0.36153916848592726,0.0066542965000959756,73,18282
himalaya,SA,SA_S2B_18FXL_20200714_2_L2A_31.tif,0.0023083206079761356,0.2866011521018833,0.004957650260857495,126,28098
himalaya,SA,SA_S2B_18FXL_20200714_2_L2A_66.tif,0.0018300122000813339,0.4259890315586933,0.0055976087600747805,3298,6556
himalaya,SA,SA_S2B_18FXL_20200714_3_L2A_3.tif,0.0,0.2963409423828125,0.0,275,26419
himalaya,SA,SA_S2B_18FXL_20200714_3_L2A_76.tif,0.008823089576790788,0.403093864639201,0.021914472683001066,173,13319
himalaya,SA,SA_S2B_18FXM_20200714_0_L2A_258.tif,0.030267465563036628,0.3944575958937773,0.05989073986645984,1161,15518
himalaya,SA,SA_S2B_18FXM_20200714_0_L2A_328.tif,0.0,0.22209930419921875,0.0,2498,33927
himalaya,SA,SA_S2B_18FXM_20200714_0_L2A_33.tif,0.04986149584487535,0.40837940725766564,0.06556833565094071,1435,15241
himalaya,SA,SA_S2B_18FXM_20200714_0_L2A_36.tif,0.0,0.4766845703125,0.0,3039,17
himalaya,SA,SA_S2B_18FXM_20200714_0_L2A_509.tif,0.008471917163476624,0.4076412284967594,0.04055214846481152,578,12278
himalaya,SA,SA_S2B_18FXM_20200714_1_L2A_180.tif,0.018831105473704753,0.35506405619042103,0.017178842114794292,479,20405
himalaya,SA,SA_S2B_18FXM_20200714_1_L2A_263.tif,0.0,0.44133758544921875,0.0,321,7368
himalaya,SA,SA_S2B_18FXM_20200714_1_L2A_3.tif,0.0,0.3893585205078125,0.0,191,14311
himalaya,SA,SA_S2B_18FXM_20200714_1_L2A_397.tif,0.06994688581772059,0.2551470821780489,0.030678721251612483,3429,37061
himalaya,SA,SA_S2B_18FXM_20200714_1_L2A_435.tif,0.0017465168896121938,0.30887270875934836,0.004413116763714373,45,25192
himalaya,SA,SA_S2B_18FXM_20200714_1_L2A_80.tif,0.0005492996429552321,0.3336639422944646,0.008299402157933657,4373,17485
himalaya,SA,SA_S2B_18GWN_20200704_0_L2A_150.tif,0.0005841803949059469,0.43502526991392304,0.004772510340439071,84,8480
himalaya,SA,SA_S2B_18GWN_20200704_0_L2A_24.tif,0.003490585995345885,0.42983255617645866,0.013416639263400199,1059,8428
himalaya,SA,SA_S2B_18GWN_20200704_0_L2A_254.tif,6.048509042521019e-05,0.37389916754712,0.0005839188742044105,92,16442
himalaya,SA,SA_S2B_18GWN_20200704_1_L2A_158.tif,0.0,0.45664215087890625,0.0007367839381101492,1,5682
himalaya,SA,SA_S2B_18GWN_20200704_1_L2A_181.tif,0.0013252555850056798,0.4604132725452077,0.007011540782267982,329,4960
himalaya,SA,SA_S2B_18GWN_20200704_1_L2A_247.tif,0.006370126304228446,0.43410079057201095,0.025860854704065055,1683,7480
himalaya,SA,SA_S2B_18GWN_20200704_1_L2A_70.tif,0.14800401707255836,0.46657537268202615,0.08736807457157064,12358,5932
himalaya,SA,SA_S2B_18GWN_20200727_0_L2A_2.tif,0.0006364359586316627,0.45239506593146134,0.005900844734022937,455,5834
himalaya,SA,SA_S2B_18GWN_20200727_0_L2A_81.tif,0.03823780345924145,0.4237973452208496,0.05069998807475828,5589,7797
himalaya,SA,SA_S2B_18GWP_20200704_0_L2A_137.tif,0.01016566265060241,0.3642730007286403,0.032058805687503786,2685,16096
himalaya,SA,SA_S2B_18GWP_20200704_0_L2A_145.tif,0.0,0.3437957763671875,0.0,4,20470
himalaya,SA,SA_S2B_18GWP_20200704_0_L2A_2.tif,0.0049532195927352776,0.48868076991357123,0.01566579634464752,1711,115
himalaya,SA,SA_S2B_18GWP_20200704_0_L2A_92.tif,0.0028807225163500465,0.4036755098863984,0.04756895191366622,8408,4473
himalaya,SA,SA_S2B_18GYN_20200714_0_L2A_116.tif,0.0,0.45639801025390625,0.0,445,5270
himalaya,SA,SA_S2B_18GYN_20200714_1_L2A_11.tif,0.00427550661824997,0.24214387045241909,0.06059248559188335,27736,6558
himalaya,SA,SA_S2B_18GYP_20200810_0_L2A_49.tif,0.002786220871327254,0.381164685589881,0.02798610514428801,2170,13666
himalaya,SA,SA_S2B_18GYP_20200810_0_L2A_90.tif,0.00856353591160221,0.44946611594126096,0.037188893684361964,648,6654
himalaya,SA,SA_S2B_18GYP_20200820_0_L2A_24.tif,0.0,0.48748016357421875,0.0,8,1633
himalaya,SA,SA_S2B_18GYP_20200820_0_L2A_32.tif,0.0,0.47989654541015625,0.0,33,2602
himalaya,SA,SA_S2B_18GYP_20200820_1_L2A_43.tif,0.004609929078014184,0.48088500513543886,0.019821605550049557,912,1921
himalaya,SA,SA_S2B_18GYQ_20200820_0_L2A_36.tif,0.4553323768531803,0.6260059188559395,0.22382242494153703,18957,11474
himalaya,SA,SA_S2B_18GYS_20200727_0_L2A_8.tif,0.008556444935136628,0.4768604680976729,0.06560494414071785,561,3093
himalaya,SA,SA_S2B_19FDU_20200718_0_L2A_3.tif,0.04031117397454031,0.4681640466277354,0.03808064135817024,1594,5761
himalaya,SA,SA_S2B_19HCA_20200714_1_L2A_30.tif,0.0,0.48917388916015625,0.0,1281,138
himalaya,SA,SA_S2B_19HCB_20200714_1_L2A_69.tif,0.0,0.482818603515625,0.0010718113612004287,193,2059
himalaya,SA,SA_S2B_19HCB_20200803_1_L2A_9.tif,0.002758620689655172,0.4958630897570411,0.003300330033003301,152,575
himalaya,SA,SA_S2B_19HCC_20200724_1_L2A_38.tif,0.0022263717322608444,0.39506784581575255,0.015353282155726147,40,13915
himalaya,SA,SA_S2B_19HCC_20200823_1_L2A_27.tif,0.07300854932826706,0.3209609198742812,0.12421483520361352,27448,4180
himalaya,SA,SA_S2B_19HCD_20200803_1_L2A_8.tif,0.0006510416666666666,0.4886142215276188,0.006057983556901773,471,1066
himalaya,SA,SA_S2B_19HCD_20200813_1_L2A_15.tif,0.0008214676889375684,0.4725697987430695,0.005253489450100434,256,3399
himalaya,SA,SA_S2B_19HCV_20200714_1_L2A_24.tif,0.00018628912071535022,0.4591455593005728,0.0037243947858473002,4426,943
himalaya,SA,SA_S2B_19HCV_20200806_1_L2A_5.tif,0.06419957436746276,0.34632201636050386,0.05277187501777147,1913,25090
himalaya,SA,SA_S2B_19HDD_20200724_1_L2A_14.tif,0.0028334485141672428,0.39126327742908146,0.0064283029939409125,141,14370
himalaya,SA,SA_S2B_19HDD_20200803_1_L2A_1.tif,0.001452960406828914,0.4168131712901056,0.006975376830702349,126,10902
himalaya,SA,SA_S2B_19HDD_20200803_1_L2A_10.tif,0.0,0.46319580078125,0.0,65,4759
challenge,S2A,S2A_10UCA_20200715_0_L2A_19.tif,0.0010209290454313426,0.4706471916178753,0.004756076237104389,212,3710
challenge,S2A,S2A_10UCA_20200715_0_L2A_25.tif,0.011978221415607986,0.48521143640281034,0.03443633162446274,1150,1638
challenge,S2A,S2A_10UCA_20200715_0_L2A_33.tif,0.041365406006674085,0.4145171065388539,0.09295246866187641,2469,12510
challenge,S2A,S2A_10UCA_20200715_0_L2A_43.tif,0.01675977653631285,0.5030078108614047,0.047423019924254906,393,335
challenge,S2A,S2A_10UCA_20200715_0_L2A_44.tif,0.013986936728904137,0.3926021267442206,0.040439643736971766,4590,10779
challenge,S2A,S2A_10UCA_20200715_0_L2A_45.tif,0.02964569775849602,0.5045777920046775,0.10866752910737387,711,713
challenge,S2A,S2A_18FWG_20200706_0_L2A_10.tif,0.042764205450161505,0.35851598098379645,0.0337337785274173,16939,5982
challenge,S2A,S2A_18FWG_20200706_0_L2A_11.tif,0.03256920957033697,0.45712810009738125,0.0228594762008061,2577,5666
challenge,S2A,S2A_18FWG_20200706_0_L2A_12.tif,0.01925008369601607,0.4648458425083465,0.0853517877739331,4886,1203
challenge,S2A,S2A_18FWG_20200706_0_L2A_14.tif,0.0003359086328518643,0.4547564122161421,0.0026037307742379436,610,5346
challenge,S2A,S2A_18FWG_20200706_0_L2A_15.tif,0.01503662768281712,0.4489420592364773,0.02997269154770098,4785,3113
challenge,S2A,S2A_18FWG_20200706_0_L2A_16.tif,0.02151914948123479,0.4523288441078919,0.05027268442668941,3239,4736
challenge,S2A,S2A_18FWG_20200706_0_L2A_18.tif,0.003880017907774959,0.45099358856005445,0.011858181594209007,1404,5323
challenge,S2A,S2A_18FWG_20200706_0_L2A_19.tif,0.00774764803541782,0.4491090103341414,0.033360037797087155,2418,4866
challenge,S2A,S2A_18FWG_20200706_0_L2A_2.tif,0.009572240502542627,0.42889217159601456,0.024574345218136433,1371,8754
challenge,S2A,S2A_18FWG_20200706_0_L2A_20.tif,0.0,0.4625244140625,0.0,763,4149
challenge,S2A,S2A_18FWG_20200706_0_L2A_21.tif,0.02797157622739018,0.3984227572241816,0.14333253039995003,14008,1905
challenge,S2A,S2A_18FWG_20200706_0_L2A_24.tif,0.07658654588501725,0.39823425470618584,0.11721025590892038,12380,8537
challenge,S2A,S2A_18FWG_20200706_0_L2A_25.tif,0.12659114052953158,0.4553203708060974,0.16487727237763602,12517,5184
challenge,S2A,S2A_18FWG_20200706_0_L2A_3.tif,0.013194367446501829,0.4385720526411163,0.01955135755797237,1541,7597
challenge,S2A,S2A_18FWG_20200706_0_L2A_5.tif,0.0,0.447509765625,0.0014981594041606025,215,6665
challenge,S2A,S2A_18FWG_20200706_0_L2A_6.tif,0.05073649754500818,0.47196452892719076,0.03376865374145476,3921,3783
challenge,S2A,S2A_18FWG_20200706_0_L2A_8.tif,0.04605967865340475,0.47524874022346025,0.08348785489414551,3498,3338
challenge,S2A,S2A_18FWG_20200706_1_L2A_10.tif,0.017648110088463943,0.3400593753494161,0.04524862469690259,16939,5838
challenge,S2A,S2A_18FWG_20200706_1_L2A_12.tif,0.022621629996901146,0.46307714012461665,0.07880498947692623,4886,1714
challenge,S2A,S2A_18FWG_20200706_1_L2A_15.tif,0.004355065966440374,0.44284346684783504,0.026091272185853047,4785,3056
challenge,S2A,S2A_18FWG_20200706_1_L2A_16.tif,0.009401709401709401,0.4515925608257974,0.04995210512443024,3239,3847
challenge,S2A,S2A_18FWG_20200706_1_L2A_19.tif,0.00593372145096283,0.4351706388052884,0.03283848649667818,2418,6567
challenge,S2A,S2A_18FWG_20200706_1_L2A_2.tif,0.03072502210433245,0.48183650833032887,0.041819064573555595,1371,3292
challenge,S2A,S2A_18FWG_20200706_1_L2A_20.tif,0.0,0.46187591552734375,0.0,763,4234
challenge,S2A,S2A_18FWG_20200706_1_L2A_21.tif,0.013036710338565313,0.3900646932729025,0.13601453948525533,14008,1611
challenge,S2A,S2A_18FWG_20200706_1_L2A_23.tif,0.022857906696965646,0.45551217831597307,0.09332219720896273,3102,4550
challenge,S2A,S2A_18FWG_20200706_1_L2A_24.tif,0.026612563237774032,0.37128939736368566,0.12268228077512894,12380,7101
challenge,S2A,S2A_18FWG_20200706_1_L2A_25.tif,0.044587984447510345,0.4047853150158878,0.14337544097045402,12517,4140
challenge,S2A,S2A_18FWG_20200706_1_L2A_7.tif,0.026289383905277946,0.47605272650657215,0.08164988156825262,1271,3843
challenge,S2A,S2A_18FWG_20200706_1_L2A_9.tif,0.012404961984793917,0.4496341696374774,0.02653899229241695,1380,6210
challenge,S2A,S2A_18FWG_20200716_1_L2A_1.tif,0.0,0.4712677001953125,0.0010090817356205853,1881,1885
challenge,S2A,S2A_18FWG_20200716_1_L2A_10.tif,0.05085791514866612,0.2722748160493742,0.043692447745924304,16939,18828
challenge,S2A,S2A_18FWG_20200716_1_L2A_11.tif,0.01869282778735251,0.4527518730266375,0.03509447996809593,2577,5107
challenge,S2A,S2A_18FWG_20200716_1_L2A_2.tif,0.019477357571822757,0.4635649598180748,0.05786145632767372,1371,4910
challenge,S2A,S2A_18FWG_20200716_1_L2A_21.tif,0.15530637471304962,0.42339152138858005,0.1548448939588985,14008,12162
challenge,S2A,S2A_18FWG_20200716_1_L2A_23.tif,0.06527214215754862,0.4292275606380827,0.06405725167124149,3102,12125
challenge,S2A,S2A_18FWG_20200716_1_L2A_24.tif,0.06722578954265496,0.36677694933638516,0.11318014545134801,12380,12052
challenge,S2A,S2A_18FWG_20200716_1_L2A_25.tif,0.058697470206983064,0.3895555256581932,0.13568071455752886,12517,7738
challenge,S2A,S2A_18FWG_20200716_1_L2A_26.tif,0.0,0.492706298828125,0.0,826,130
challenge,S2A,S2A_18FWG_20200716_1_L2A_6.tif,0.002168570189388463,0.44841414880251307,0.03680293961313582,3921,3011
challenge,S2A,S2A_18FWG_20200716_1_L2A_7.tif,0.006695432227347121,0.45237888070117416,0.04454426537009157,1271,5495
challenge,S2A,S2A_18FWG_20200716_1_L2A_8.tif,0.010548804913873682,0.44867235836692354,0.04514706923224704,3498,4070
challenge,S2A,S2A_18FWH_20200706_1_L2A_10.tif,0.001120490027638754,0.39851662541094396,0.0249873031995937,10367,3035
challenge,S2A,S2A_18FWH_20200706_1_L2A_11.tif,0.00600400266844563,0.4461239570227907,0.044275356174836786,4638,2902
challenge,S2A,S2A_18FWH_20200706_1_L2A_15.tif,0.004174865712918151,0.21568813032812428,0.189342124686316,36779,984
challenge,S2A,S2A_18FWH_20200706_1_L2A_19.tif,0.022187981510015407,0.46257123567793407,0.07637474541751528,4886,1748
challenge,S2A,S2A_18FWH_20200706_1_L2A_2.tif,0.012075134168157423,0.4046669916259455,0.1182490483111175,10532,3046
challenge,S2A,S2A_18FWH_20200706_1_L2A_20.tif,0.013477343577793873,0.26614611787847114,0.024602452376004086,1062,31123
challenge,S2A,S2A_18FWH_20200706_1_L2A_22.tif,0.015213815789473685,0.47102079686849263,0.032082866035762436,1504,3434
challenge,S2A,S2A_18FWH_20200706_1_L2A_24.tif,0.005851672815163465,0.4432602386063907,0.034756482141071146,2390,5517
challenge,S2A,S2A_18FWH_20200706_1_L2A_32.tif,0.0008361204013377926,0.327142421816738,0.06004586045319242,20486,2257
challenge,S2A,S2A_18FWH_20200706_1_L2A_35.tif,0.0,0.48104095458984375,0.004558404558404559,816,1669
challenge,S2A,S2A_18FWH_20200706_1_L2A_38.tif,0.2847127555988315,0.5522582584208385,0.10075451391671725,10314,9477
challenge,S2A,S2A_18FWH_20200706_1_L2A_40.tif,0.022032374100719423,0.49440983769858,0.07804679477097577,887,1386
challenge,S2A,S2A_18FWH_20200706_1_L2A_42.tif,0.0019338619222587507,0.461585616673671,0.02487574043451533,1721,3460
challenge,S2A,S2A_18FWH_20200706_1_L2A_43.tif,0.0,0.47299957275390625,0.0,1659,1880
challenge,S2A,S2A_18FWH_20200706_1_L2A_44.tif,0.009295250971776237,0.4598865497539964,0.009460737937559131,2613,3359
challenge,S2A,S2A_18FWH_20200706_1_L2A_45.tif,0.01167776662713256,0.42302791217853697,0.04705214269779139,6494,4595
challenge,S2A,S2A_18FWH_20200706_1_L2A_46.tif,0.0,0.29766082763671875,0.010377934402575058,24312,2209
challenge,S2A,S2A_18FWH_20200706_1_L2A_48.tif,0.0016735468035256054,0.43255332229448423,0.02144376353589014,3731,5247
challenge,S2A,S2A_18FWH_20200706_1_L2A_49.tif,0.0012532450093993375,0.4154872799937873,0.013440483857418868,4089,7096
challenge,S2A,S2A_18FWH_20200706_1_L2A_5.tif,0.013294361682066755,0.426633418320963,0.13934251633058792,9104,1643
challenge,S2A,S2A_18FWH_20200706_1_L2A_50.tif,0.004204035874439462,0.4478627116141348,0.06299952985425482,5489,1677
challenge,S2A,S2A_18FWH_20200706_1_L2A_51.tif,0.0,0.4552001953125,0.0,1610,4262
challenge,S2A,S2A_18FWH_20200706_1_L2A_52.tif,0.018813756032007817,0.3862772404370501,0.03242119654304109,5036,11643
challenge,S2A,S2A_18FWH_20200706_1_L2A_54.tif,0.0,0.49568939208984375,0.0,129,436
challenge,S2A,S2A_18FWH_20200706_1_L2A_55.tif,0.0,0.462127685546875,0.0,1734,3230
challenge,S2A,S2A_18FWH_20200706_1_L2A_59.tif,0.05176104300447558,0.48855096734259323,0.03538331929233362,831,4574
challenge,S2A,S2A_18FWH_20200706_1_L2A_6.tif,0.009455566225899386,0.29932030762275363,0.1807578360723414,24780,2550
challenge,S2A,S2A_18FWH_20200706_1_L2A_62.tif,0.0,0.47362518310546875,0.0,2922,535
challenge,S2A,S2A_18FWH_20200706_1_L2A_63.tif,0.0,0.4879913330078125,0.0,1020,554
challenge,S2A,S2A_18FWH_20200706_1_L2A_66.tif,0.03411207042491959,0.4294583504750763,0.08938943681180642,8401,3816
challenge,S2A,S2A_18FWH_20200706_1_L2A_68.tif,0.0003527959075674722,0.4569392996536647,0.009059353066829416,189,5482
challenge,S2A,S2A_18FWH_20200706_1_L2A_7.tif,0.0,0.44945526123046875,0.0004643603436266543,2370,4255
challenge,S2A,S2A_18FWH_20200706_1_L2A_70.tif,0.09460285132382892,0.33476417407224773,0.09783290655344234,7509,24738
challenge,S2A,S2A_18FWH_20200706_1_L2A_74.tif,0.1244939901600548,0.45161854236743476,0.06825120453497084,7055,11001
challenge,S2A,S2A_18FWH_20200706_1_L2A_75.tif,0.007174713980996703,0.42537404239577165,0.013230111734307283,102,10286
challenge,S2A,S2A_18FWH_20200706_1_L2A_9.tif,0.0025720927931938468,0.3473171379609485,0.0901612372490951,17617,2652
challenge,S2A,S2A_18FWH_20200716_1_L2A_1.tif,0.008515116724071948,0.42508662615735127,0.03058026342768431,7327,3214
challenge,S2A,S2A_18FWH_20200716_1_L2A_10.tif,0.0013530836063238856,0.39365851594727724,0.029283098278059937,10367,3694
challenge,S2A,S2A_18FWH_20200716_1_L2A_11.tif,0.010025949516395377,0.44089630732760077,0.03894719170965649,4638,3925
challenge,S2A,S2A_18FWH_20200716_1_L2A_13.tif,0.002287980475899939,0.4512286959048354,0.0301609181624764,2319,4252
challenge,S2A,S2A_18FWH_20200716_1_L2A_16.tif,0.01041814316087881,0.3984403490124234,0.05389822887262372,11518,2739
challenge,S2A,S2A_18FWH_20200716_1_L2A_17.tif,0.0010104011887072809,0.3722370646337926,0.020332851418348417,14486,2356
challenge,S2A,S2A_18FWH_20200716_1_L2A_18.tif,0.0,0.47491455078125,0.0,836,2452
challenge,S2A,S2A_18FWH_20200716_1_L2A_2.tif,0.014358670712752573,0.40527703668171067,0.12965370757256361,10532,3173
challenge,S2A,S2A_18FWH_20200716_1_L2A_20.tif,0.0005179558011049724,0.45609039108169785,0.006827223553921261,1062,4733
challenge,S2A,S2A_18FWH_20200716_1_L2A_22.tif,0.007522059887169101,0.45137418735608226,0.021422375826200383,1504,5461
challenge,S2A,S2A_18FWH_20200716_1_L2A_23.tif,0.010765090349865437,0.4660881041242302,0.05201703257767762,2181,3077
challenge,S2A,S2A_18FWH_20200716_1_L2A_24.tif,0.007581175797453869,0.4508150064501067,0.04823871490538157,2390,4654
challenge,S2A,S2A_18FWH_20200716_1_L2A_28.tif,0.0,0.47309112548828125,0.0,968,2559
challenge,S2A,S2A_18FWH_20200716_1_L2A_29.tif,0.0,0.46582794189453125,0.0008116883116883117,222,4257
challenge,S2A,S2A_18FWH_20200716_1_L2A_30.tif,0.0017226528854435831,0.430104305685701,0.006794879572893284,4850,4454
challenge,S2A,S2A_18FWH_20200716_1_L2A_33.tif,0.0012740476493820869,0.44082107290444567,0.008159720238163264,3091,4768
challenge,S2A,S2A_18FWH_20200716_1_L2A_35.tif,0.0,0.47942352294921875,0.00303951367781155,816,1881
challenge,S2A,S2A_18FWH_20200716_1_L2A_36.tif,0.013176858142886555,0.46998499554260653,0.05055432372505543,1612,3309
challenge,S2A,S2A_18FWH_20200716_1_L2A_38.tif,0.013198350206224223,0.4059336304274695,0.09123897329661897,10314,3197
challenge,S2A,S2A_18FWH_20200716_1_L2A_39.tif,0.032699008308764405,0.4610747384863065,0.02534804820028858,2233,5473
challenge,S2A,S2A_18FWH_20200716_1_L2A_40.tif,0.0091324200913242,0.4813782024740678,0.03387065337443242,887,2207
challenge,S2A,S2A_18FWH_20200716_1_L2A_42.tif,0.0007285974499089253,0.4585068855527638,0.01603905622956148,1721,3773
challenge,S2A,S2A_18FWH_20200716_1_L2A_43.tif,0.0,0.46839141845703125,0.0,1659,2484
challenge,S2A,S2A_18FWH_20200716_1_L2A_44.tif,0.00018057060310581438,0.45784568318054886,0.0007261636772928618,2613,2926
challenge,S2A,S2A_18FWH_20200716_1_L2A_45.tif,0.018802228412256268,0.43393475767866707,0.07991790769266546,6494,3747
challenge,S2A,S2A_18FWH_20200716_1_L2A_46.tif,0.0,0.307647705078125,0.008645533141210374,24312,900
challenge,S2A,S2A_18FWH_20200716_1_L2A_48.tif,0.006878930817610063,0.4262543616908446,0.04438634878235913,3731,6515
challenge,S2A,S2A_18FWH_20200716_1_L2A_5.tif,0.014250653154936267,0.411870108999893,0.0672113091894514,9104,3707
challenge,S2A,S2A_18FWH_20200716_1_L2A_51.tif,0.0,0.4042816162109375,0.0,1610,10936
challenge,S2A,S2A_18FWH_20200716_1_L2A_52.tif,0.03201286949527448,0.33011672205069564,0.02594610924555268,5036,20625
challenge,S2A,S2A_18FWH_20200716_1_L2A_54.tif,0.0,0.49806976318359375,0.0,129,124
challenge,S2A,S2A_18FWH_20200716_1_L2A_55.tif,0.0,0.445220947265625,0.0,1734,5446
challenge,S2A,S2A_18FWH_20200716_1_L2A_56.tif,0.0,0.49385833740234375,0.0,728,77
challenge,S2A,S2A_18FWH_20200716_1_L2A_59.tif,0.004214667041303737,0.4750625692466023,0.012435694578068968,831,2743
challenge,S2A,S2A_18FWH_20200716_1_L2A_60.tif,0.013461858068805052,0.46138679947974665,0.029238118678294702,166,5932
challenge,S2A,S2A_18FWH_20200716_1_L2A_62.tif,0.0,0.47077178955078125,0.0,2922,909
challenge,S2A,S2A_18FWH_20200716_1_L2A_66.tif,0.029845851098720892,0.4241477460244111,0.10495324225115293,8401,4159
challenge,S2A,S2A_18FWH_20200716_1_L2A_7.tif,0.0011046236389458735,0.45225308552271887,0.007362249965915509,2370,3974
challenge,S2A,S2A_18FWH_20200716_1_L2A_70.tif,0.01857536812529268,0.36459384095366953,0.09360386207844416,7509,12067
challenge,S2A,S2A_18FWH_20200716_1_L2A_71.tif,0.04156142365097589,0.4244472605307331,0.07549590613657467,5842,7766
challenge,S2A,S2A_18FWH_20200716_1_L2A_72.tif,0.0,0.4622955322265625,0.0,324,4618
challenge,S2A,S2A_18FWH_20200716_1_L2A_73.tif,0.0,0.47336578369140625,0.0,650,2841
challenge,S2A,S2A_18FWH_20200716_1_L2A_74.tif,0.16275697347095452,0.42235385938615777,0.03861273173866903,7055,20207
challenge,S2A,S2A_18FWH_20200716_1_L2A_75.tif,0.0009367194004995837,0.35395900349279535,0.0049813200498132005,102,19132
challenge,S2A,S2A_18FWH_20200716_1_L2A_8.tif,0.0,0.44173431396484375,0.0,1883,5754
challenge,S2A,S2A_18FWH_20200716_1_L2A_9.tif,0.002846254040233489,0.3435814421536751,0.08856729377713458,17617,3171
challenge,S2A,S2A_18FWJ_20200706_0_L2A_1.tif,0.04392405063291139,0.46403047244710655,0.03108924621124575,4038,4209
challenge,S2A,S2A_18FWJ_20200706_0_L2A_100.tif,0.03324374027443769,0.46429495324467507,0.03261328641793674,372,6932
challenge,S2A,S2A_18FWJ_20200706_0_L2A_101.tif,0.0,0.47104644775390625,0.0,318,3477
challenge,S2A,S2A_18FWJ_20200706_0_L2A_102.tif,0.0,0.4457855224609375,0.0,146,6960
challenge,S2A,S2A_18FWJ_20200706_0_L2A_103.tif,0.0,0.4618072509765625,0.0,145,4861
challenge,S2A,S2A_18FWJ_20200706_0_L2A_105.tif,0.0,0.412994384765625,0.0,5192,6212
challenge,S2A,S2A_18FWJ_20200706_0_L2A_106.tif,0.0002468831008517467,0.43833108948890054,0.0005914534969688009,855,7248
challenge,S2A,S2A_18FWJ_20200706_0_L2A_108.tif,0.0003411513859275053,0.4107409840430828,0.023251042877658487,10253,1476
challenge,S2A,S2A_18FWJ_20200706_0_L2A_109.tif,0.031051964512040557,0.46872463545467347,0.03150013270565885,3155,3353
challenge,S2A,S2A_18FWJ_20200706_0_L2A_11.tif,0.0035441442860518232,0.4051786470922556,0.01676094699350513,10105,2637
challenge,S2A,S2A_18FWJ_20200706_0_L2A_110.tif,0.0530608504398827,0.44699319289702005,0.08181433538537922,8706,2785
challenge,S2A,S2A_18FWJ_20200706_0_L2A_112.tif,0.013134851138353765,0.4807547184796531,0.054161400974905224,2486,985
challenge,S2A,S2A_18FWJ_20200706_0_L2A_114.tif,0.025753551218385493,0.44829545182985325,0.047316393917251454,6403,2479
challenge,S2A,S2A_18FWJ_20200706_0_L2A_117.tif,0.016960352422907488,0.4743901351170282,0.0292526793580693,166,4451
challenge,S2A,S2A_18FWJ_20200706_0_L2A_118.tif,0.015970031545741326,0.46985958608835454,0.03659462652025602,1871,3282
challenge,S2A,S2A_18FWJ_20200706_0_L2A_119.tif,0.0020761245674740486,0.45702365534887346,0.03294226756318108,3956,1836
challenge,S2A,S2A_18FWJ_20200706_0_L2A_12.tif,0.04072183307610115,0.45839107314995675,0.020106762481790146,2065,6701
challenge,S2A,S2A_18FWJ_20200706_0_L2A_120.tif,0.002352941176470588,0.48823622765348584,0.008896023544363064,128,1576
challenge,S2A,S2A_18FWJ_20200706_0_L2A_121.tif,0.0,0.4933319091796875,0.0,363,511
challenge,S2A,S2A_18FWJ_20200706_0_L2A_122.tif,0.0,0.49261474609375,0.0,208,760
challenge,S2A,S2A_18FWJ_20200706_0_L2A_123.tif,0.013234788587143349,0.46276551754629475,0.016418288430444353,301,5594
challenge,S2A,S2A_18FWJ_20200706_0_L2A_124.tif,0.0,0.403839111328125,0.003233804031475692,9784,2820
challenge,S2A,S2A_18FWJ_20200706_0_L2A_125.tif,0.0,0.49187469482421875,0.004606525911708253,228,837
challenge,S2A,S2A_18FWJ_20200706_0_L2A_127.tif,0.04662609629497047,0.44138580058922944,0.14544355562271563,9633,2062
challenge,S2A,S2A_18FWJ_20200706_0_L2A_129.tif,0.0,0.44760894775390625,0.0,524,6343
challenge,S2A,S2A_18FWJ_20200706_0_L2A_132.tif,0.000681973175721755,0.4668006328729386,0.0035382574082264487,413,3989
challenge,S2A,S2A_18FWJ_20200706_0_L2A_133.tif,0.0,0.4774627685546875,0.0,1000,1954
challenge,S2A,S2A_18FWJ_20200706_0_L2A_134.tif,0.0,0.46060943603515625,0.0,202,4961
challenge,S2A,S2A_18FWJ_20200706_0_L2A_135.tif,0.009206108523773422,0.4347187133045293,0.028049575994781473,474,8844
challenge,S2A,S2A_18FWJ_20200706_0_L2A_137.tif,0.0,0.48028564453125,0.0,1233,1351
challenge,S2A,S2A_18FWJ_20200706_0_L2A_138.tif,0.0,0.4875640869140625,0.0,74,1556
challenge,S2A,S2A_18FWJ_20200706_0_L2A_140.tif,0.010081103615553703,0.4051980369384284,0.07559871099950627,11577,1749
challenge,S2A,S2A_18FWJ_20200706_0_L2A_141.tif,0.011285358346768283,0.40246443439653423,0.07613873997391976,11370,2430
challenge,S2A,S2A_18FWJ_20200706_0_L2A_142.tif,0.0,0.47998046875,0.0031043046357615896,749,1875
challenge,S2A,S2A_18FWJ_20200706_0_L2A_143.tif,0.001166316771635176,0.46791159836079127,0.02854364668611399,1944,2348
challenge,S2A,S2A_18FWJ_20200706_0_L2A_144.tif,0.00023914863087408825,0.43632825988323387,0.013181662842357078,4462,3903
challenge,S2A,S2A_18FWJ_20200706_0_L2A_145.tif,0.0022818791946308723,0.44441693587320485,0.00952167581494343,4494,2973
challenge,S2A,S2A_18FWJ_20200706_0_L2A_146.tif,0.004234259004674182,0.3638015426464426,0.05649266862170088,15714,2548
challenge,S2A,S2A_18FWJ_20200706_0_L2A_147.tif,7.792258391288255e-05,0.10840586601026199,0.014414414414414416,50949,388
challenge,S2A,S2A_18FWJ_20200706_0_L2A_148.tif,3.0603501040519036e-05,0.2507210315132425,0.02524176364530405,32192,485
challenge,S2A,S2A_18FWJ_20200706_0_L2A_15.tif,0.006359781950333132,0.4280115009517982,0.026776960784313728,7300,2669
challenge,S2A,S2A_18FWJ_20200706_0_L2A_152.tif,0.0,0.4886016845703125,0.012797074954296163,108,1386
challenge,S2A,S2A_18FWJ_20200706_0_L2A_154.tif,0.0,0.48001861572265625,0.004226096143687269,816,1803
challenge,S2A,S2A_18FWJ_20200706_0_L2A_155.tif,0.0,0.471710205078125,0.0,1873,1835
challenge,S2A,S2A_18FWJ_20200706_0_L2A_156.tif,0.0028689831048772712,0.4536918864668133,0.016969817611784323,434,5858
challenge,S2A,S2A_18FWJ_20200706_0_L2A_157.tif,0.0002962085308056872,0.4743985048147276,0.001536806516059628,2131,1246
challenge,S2A,S2A_18FWJ_20200706_0_L2A_158.tif,0.0017158544955387784,0.47866232516631174,0.005412719891745603,481,2438
challenge,S2A,S2A_18FWJ_20200706_0_L2A_159.tif,0.011471321695760598,0.475471498380328,0.02897874546397097,1161,2895
challenge,S2A,S2A_18FWJ_20200706_0_L2A_16.tif,0.0055665081758088835,0.43731324431512164,0.026825110797253204,4985,3686
challenge,S2A,S2A_18FWJ_20200706_0_L2A_160.tif,0.014379722154521083,0.4763087883341599,0.052768439033412766,1226,2936
challenge,S2A,S2A_18FWJ_20200706_0_L2A_161.tif,0.0,0.464813232421875,0.0,1534,3078
challenge,S2A,S2A_18FWJ_20200706_0_L2A_162.tif,0.0,0.4789886474609375,0.0,238,2516
challenge,S2A,S2A_18FWJ_20200706_0_L2A_164.tif,0.002178649237472767,0.4871114206939363,0.014609203798392988,85,1755
challenge,S2A,S2A_18FWJ_20200706_0_L2A_165.tif,0.000467180565288484,0.46758641477069623,0.008668278662347735,766,3517
challenge,S2A,S2A_18FWJ_20200706_0_L2A_166.tif,0.038509942109237354,0.43120542974201975,0.05742630841079768,8781,3597
challenge,S2A,S2A_18FWJ_20200706_0_L2A_167.tif,0.00037972280235428136,0.46001987330339583,0.0,634,4635
challenge,S2A,S2A_18FWJ_20200706_0_L2A_168.tif,0.15694736842105264,0.4504403050501209,0.045813662867873306,7145,14837
challenge,S2A,S2A_18FWJ_20200706_0_L2A_169.tif,0.0,0.429443359375,0.0,4742,4506
challenge,S2A,S2A_18FWJ_20200706_0_L2A_17.tif,0.06391860161753196,0.4489050269549674,0.019032149935547152,7428,4806
challenge,S2A,S2A_18FWJ_20200706_0_L2A_171.tif,0.0,0.40740966796875,0.0,2662,9474
challenge,S2A,S2A_18FWJ_20200706_0_L2A_18.tif,0.0018522329697468615,0.46391847078157555,0.00790584853112928,1934,2934
challenge,S2A,S2A_18FWJ_20200706_0_L2A_19.tif,0.02074124447466848,0.4221515448618518,0.028807020198199564,7596,4412
challenge,S2A,S2A_18FWJ_20200706_0_L2A_2.tif,0.019003186162949475,0.443560550691351,0.0444647626380501,6391,2564
challenge,S2A,S2A_18FWJ_20200706_0_L2A_20.tif,0.0,0.42761993408203125,0.0,2435,7052
challenge,S2A,S2A_18FWJ_20200706_0_L2A_22.tif,0.0010306090899721736,0.4265522974943497,0.001668474180362059,350,9363
challenge,S2A,S2A_18FWJ_20200706_0_L2A_25.tif,0.006440943511184611,0.4160324848318808,0.021477064457007148,5067,6496
challenge,S2A,S2A_18FWJ_20200706_0_L2A_26.tif,0.0003150267772760685,0.4275223524773414,0.0022348929830090826,3801,5725
challenge,S2A,S2A_18FWJ_20200706_0_L2A_28.tif,0.0012242899118511264,0.4694894701913103,0.012087330966231019,1576,2513
challenge,S2A,S2A_18FWJ_20200706_0_L2A_29.tif,0.0,0.45733642578125,0.0,112,5480
challenge,S2A,S2A_18FWJ_20200706_0_L2A_30.tif,0.017389232968080037,0.4139643012521708,0.013832853025936601,5708,7105
challenge,S2A,S2A_18FWJ_20200706_0_L2A_31.tif,0.010750090590651044,0.4428053323978665,0.026041862818461818,2777,5591
challenge,S2A,S2A_18FWJ_20200706_0_L2A_32.tif,0.006805849351604893,0.42091995745818,0.022431835700194663,6501,4446
challenge,S2A,S2A_18FWJ_20200706_0_L2A_33.tif,0.024114383269312846,0.4771077090367933,0.03602363626322743,1972,2827
challenge,S2A,S2A_18FWJ_20200706_0_L2A_35.tif,0.01839938239835306,0.4508677596468697,0.050873328336197364,3598,4317
challenge,S2A,S2A_18FWJ_20200706_0_L2A_37.tif,0.01974090067859346,0.43691807521686776,0.03265333173592861,3391,6527
challenge,S2A,S2A_18FWJ_20200706_0_L2A_38.tif,0.0023344032681645753,0.4228838337014898,0.00981840785880243,1024,9281
challenge,S2A,S2A_18FWJ_20200706_0_L2A_39.tif,0.17010150722854506,0.5216946160373669,0.10968499840203143,4724,6688
challenge,S2A,S2A_18FWJ_20200706_0_L2A_40.tif,0.002386634844868735,0.42143571946178654,0.0008091706001348617,2640,7860
challenge,S2A,S2A_18FWJ_20200706_0_L2A_41.tif,0.04300567107750473,0.44371515557071256,0.010706012253999869,5399,5636
challenge,S2A,S2A_18FWJ_20200706_0_L2A_42.tif,0.010137418337463393,0.4379293882018277,0.010589838062555887,1181,7787
challenge,S2A,S2A_18FWJ_20200706_0_L2A_43.tif,0.008202443280977313,0.41726096614707464,0.02942054187468447,5862,5692
challenge,S2A,S2A_18FWJ_20200706_0_L2A_46.tif,0.016132005899705013,0.4264194553144124,0.018619934282584884,7798,3225
challenge,S2A,S2A_18FWJ_20200706_0_L2A_47.tif,0.00897353722186613,0.42179017030413885,0.03014971320499458,338,10681
challenge,S2A,S2A_18FWJ_20200706_0_L2A_5.tif,0.01907816984636164,0.37586729020870013,0.027072460434769373,8536,9572
challenge,S2A,S2A_18FWJ_20200706_0_L2A_50.tif,0.016657564172583288,0.45327940427725993,0.026994384590585167,3551,3895
challenge,S2A,S2A_18FWJ_20200706_0_L2A_51.tif,0.0018039687312086591,0.39954650750640297,0.008485378539063445,1904,11424
challenge,S2A,S2A_18FWJ_20200706_0_L2A_52.tif,0.013513513513513514,0.45488719087499707,0.015503291053916946,774,6201
challenge,S2A,S2A_18FWJ_20200706_0_L2A_53.tif,0.00589622641509434,0.44502412365173033,0.008982035928143712,706,6971
challenge,S2A,S2A_18FWJ_20200706_0_L2A_55.tif,0.007832345469940728,0.46813700053386803,0.005141742224262596,2163,2598
challenge,S2A,S2A_18FWJ_20200706_0_L2A_57.tif,0.007914545052025681,0.36690131852482005,0.1050956281495029,16158,2053
challenge,S2A,S2A_18FWJ_20200706_0_L2A_58.tif,0.012808613328383145,0.46578842385300423,0.14584595151158566,4468,988
challenge,S2A,S2A_18FWJ_20200706_0_L2A_59.tif,0.016169337057180655,0.4569352783778857,0.034394059207954984,4643,2270
challenge,S2A,S2A_18FWJ_20200706_0_L2A_6.tif,0.0011004401760704283,0.42435792707010317,0.0021076993015663095,292,9715
challenge,S2A,S2A_18FWJ_20200706_0_L2A_60.tif,0.019176706827309237,0.43483894642000553,0.08777605851737234,6023,4128
challenge,S2A,S2A_18FWJ_20200706_0_L2A_61.tif,0.0,0.48511505126953125,0.0,328,1623
challenge,S2A,S2A_18FWJ_20200706_0_L2A_62.tif,0.018779342723004695,0.5062001951070767,0.10721649484536083,179,255
challenge,S2A,S2A_18FWJ_20200706_0_L2A_63.tif,0.0011312217194570137,0.4668792639399501,0.008260196179659268,1124,3301
challenge,S2A,S2A_18FWJ_20200706_0_L2A_67.tif,0.000782472613458529,0.46141791029806173,0.0029607698001480384,3920,1196
challenge,S2A,S2A_18FWJ_20200706_0_L2A_69.tif,0.010485603781693166,0.41724176235802485,0.058424621804903494,7192,4565
challenge,S2A,S2A_18FWJ_20200706_0_L2A_7.tif,0.07190002640147848,0.45447471228447045,0.05291715956222783,6520,5660
challenge,S2A,S2A_18FWJ_20200706_0_L2A_70.tif,0.01860032550569635,0.47705712926470345,0.025126398038915275,1282,3099
challenge,S2A,S2A_18FWJ_20200706_0_L2A_71.tif,0.0027220142905750254,0.47899652173447077,0.0123794295146232,402,2545
challenge,S2A,S2A_18FWJ_20200706_0_L2A_72.tif,0.08237738235028452,0.4625878617619211,0.15784408326053553,4036,7947
challenge,S2A,S2A_18FWJ_20200706_0_L2A_76.tif,0.00010327377878756583,0.4261827118874864,0.001512001512001512,1047,8637
challenge,S2A,S2A_18FWJ_20200706_0_L2A_77.tif,0.015938260213069374,0.4182084714587215,0.017870439314966492,622,11489
challenge,S2A,S2A_18FWJ_20200706_0_L2A_79.tif,0.020921770770163734,0.4857996056563636,0.03581609531466998,695,2672
challenge,S2A,S2A_18FWJ_20200706_0_L2A_84.tif,0.001172103926548154,0.4615733860087495,0.009746401205475937,1455,3670
challenge,S2A,S2A_18FWJ_20200706_0_L2A_86.tif,0.0,0.47313690185546875,0.0,1394,2127
challenge,S2A,S2A_18FWJ_20200706_0_L2A_87.tif,0.005873207807911556,0.4590066475667447,0.028719344832972574,1220,4603
challenge,S2A,S2A_18FWJ_20200706_0_L2A_91.tif,0.055641272902603664,0.45244232089841463,0.07813127461906719,2296,8651
challenge,S2A,S2A_18FWJ_20200706_0_L2A_94.tif,0.009834972495415902,0.4595580470553198,0.04725609756097562,3565,2493
challenge,S2A,S2A_18FWJ_20200706_0_L2A_97.tif,0.025437693099897015,0.440248752047046,0.10942579365378667,8244,1713
challenge,S2A,S2A_18FWJ_20200706_0_L2A_98.tif,0.00024752475247524753,0.3460363838836158,0.009768861753161797,18965,1240
challenge,S2A,S2A_18FWJ_20200706_1_L2A_102.tif,0.0,0.461761474609375,0.0,146,4866
challenge,S2A,S2A_18FWJ_20200706_1_L2A_103.tif,0.0,0.45941925048828125,0.0,145,5174
challenge,S2A,S2A_18FWJ_20200706_1_L2A_105.tif,0.0,0.42473602294921875,0.0,5192,4673
challenge,S2A,S2A_18FWJ_20200706_1_L2A_109.tif,0.004850008981498114,0.460140738206727,0.03936278595906271,3155,2439
challenge,S2A,S2A_18FWJ_20200706_1_L2A_110.tif,0.011016569637259293,0.4211061017663312,0.06750419784675155,8706,2582
challenge,S2A,S2A_18FWJ_20200706_1_L2A_112.tif,0.0,0.473419189453125,0.01396271320904403,2486,998
challenge,S2A,S2A_18FWJ_20200706_1_L2A_114.tif,0.0032591593616543043,0.4339345241905742,0.049574000274838534,6403,2524
challenge,S2A,S2A_18FWJ_20200706_1_L2A_117.tif,0.02078454332552693,0.48484426891320265,0.03427461721846626,166,3321
challenge,S2A,S2A_18FWJ_20200706_1_L2A_118.tif,0.014991181657848324,0.4733720495568523,0.0324376372882376,1871,2733
challenge,S2A,S2A_18FWJ_20200706_1_L2A_119.tif,0.0007165890361877463,0.4577989342055748,0.01742536562151081,3956,1630
challenge,S2A,S2A_18FWJ_20200706_1_L2A_12.tif,0.002025658338960162,0.44461869599080456,0.02823012947796464,2065,5355
challenge,S2A,S2A_18FWJ_20200706_1_L2A_122.tif,0.0,0.49260711669921875,0.0,208,761
challenge,S2A,S2A_18FWJ_20200706_1_L2A_124.tif,7.609770945894529e-05,0.399786274993434,0.002864508736751647,9784,3358
challenge,S2A,S2A_18FWJ_20200706_1_L2A_125.tif,0.0,0.493133544921875,0.0,228,672
challenge,S2A,S2A_18FWJ_20200706_1_L2A_129.tif,0.0,0.45737457275390625,0.0,524,5063
challenge,S2A,S2A_18FWJ_20200706_1_L2A_131.tif,0.0029701920016972526,0.4297457664533124,0.018437855160404464,6642,2813
challenge,S2A,S2A_18FWJ_20200706_1_L2A_132.tif,0.0010529086601737299,0.4715711347915408,0.005836494767999333,413,3390
challenge,S2A,S2A_18FWJ_20200706_1_L2A_133.tif,0.0,0.47994232177734375,0.0,1000,1629
challenge,S2A,S2A_18FWJ_20200706_1_L2A_134.tif,0.0,0.4672088623046875,0.0,202,4096
challenge,S2A,S2A_18FWJ_20200706_1_L2A_138.tif,0.0,0.4911651611328125,0.0,74,1084
challenge,S2A,S2A_18FWJ_20200706_1_L2A_140.tif,0.005607476635514018,0.40121653372265453,0.06501307058752528,11577,1873
challenge,S2A,S2A_18FWJ_20200706_1_L2A_142.tif,0.0,0.47718048095703125,0.0,749,2242
challenge,S2A,S2A_18FWJ_20200706_1_L2A_156.tif,0.006211180124223602,0.4542476445387211,0.019715593910648584,434,6046
challenge,S2A,S2A_18FWJ_20200706_1_L2A_157.tif,0.0,0.47245025634765625,0.0,2131,1480
challenge,S2A,S2A_18FWJ_20200706_1_L2A_158.tif,0.0,0.47846221923828125,0.0,481,2342
challenge,S2A,S2A_18FWJ_20200706_1_L2A_159.tif,0.00967221923696937,0.4626184009351824,0.02389034942188417,1161,4476
challenge,S2A,S2A_18FWJ_20200706_1_L2A_160.tif,0.008368200836820083,0.4408306039469592,0.030010724935634468,1226,7209
challenge,S2A,S2A_18FWJ_20200706_1_L2A_161.tif,0.0,0.46488189697265625,0.0,1534,3069
challenge,S2A,S2A_18FWJ_20200706_1_L2A_162.tif,0.0,0.47905731201171875,0.0,238,2507
challenge,S2A,S2A_18FWJ_20200706_1_L2A_163.tif,0.0,0.48755645751953125,0.0,1073,558
challenge,S2A,S2A_18FWJ_20200706_1_L2A_164.tif,0.001379310344827586,0.48411785165357596,0.015228426395939089,85,2093
challenge,S2A,S2A_18FWJ_20200706_1_L2A_165.tif,0.0011235955056179776,0.45986288122602736,0.009514460469682096,766,4580
challenge,S2A,S2A_18FWJ_20200706_1_L2A_166.tif,0.025791518558320244,0.42255324732037197,0.03819885495480569,8781,3628
challenge,S2A,S2A_18FWJ_20200706_1_L2A_168.tif,0.15523657628920787,0.4639522997170589,0.07056254715991915,7145,12412
challenge,S2A,S2A_18FWJ_20200706_1_L2A_171.tif,0.0,0.46728515625,0.0,2662,1626
challenge,S2A,S2A_18FWJ_20200706_1_L2A_18.tif,0.00024154589371980676,0.46854222713164667,0.0017156337122024449,1934,2207
challenge,S2A,S2A_18FWJ_20200706_1_L2A_19.tif,9.274717121127805e-05,0.4177926160514636,0.004578230513906376,7596,3187
challenge,S2A,S2A_18FWJ_20200706_1_L2A_20.tif,0.0,0.44378662109375,0.0,2435,4933
challenge,S2A,S2A_18FWJ_20200706_1_L2A_21.tif,0.0,0.45319366455078125,0.0028300218147514883,1865,4270
challenge,S2A,S2A_18FWJ_20200706_1_L2A_25.tif,0.0013307984790874524,0.4204938538044227,0.01694755672723849,5067,5467
challenge,S2A,S2A_18FWJ_20200706_1_L2A_26.tif,0.0005544774050457444,0.4452659465093959,0.002975895248487254,3801,3417
challenge,S2A,S2A_18FWJ_20200706_1_L2A_27.tif,0.0,0.46677398681640625,0.0,596,3759
challenge,S2A,S2A_18FWJ_20200706_1_L2A_28.tif,0.0036496350364963502,0.47265904113779583,0.02472203051913197,1576,2274
challenge,S2A,S2A_18FWJ_20200706_1_L2A_33.tif,0.012035010940919038,0.47154185604543547,0.055281258460873874,1972,2653
challenge,S2A,S2A_18FWJ_20200706_1_L2A_37.tif,0.014538027153670552,0.4445769704674567,0.05798391237378059,3391,5053
challenge,S2A,S2A_18FWJ_20200706_1_L2A_39.tif,0.1543573802122414,0.5156381883587418,0.11134598792062123,4724,6045
challenge,S2A,S2A_18FWJ_20200706_1_L2A_40.tif,0.0,0.44275665283203125,0.0,2640,4863
challenge,S2A,S2A_18FWJ_20200706_1_L2A_42.tif,0.0013679890560875513,0.44498091483448704,0.02162686449786353,1181,6139
challenge,S2A,S2A_18FWJ_20200706_1_L2A_43.tif,0.003923278116826504,0.4147359133861835,0.02838346433652517,5862,5653
challenge,S2A,S2A_18FWJ_20200706_1_L2A_47.tif,0.009638280984238575,0.43809747084612455,0.030914805023882733,338,8566
challenge,S2A,S2A_18FWJ_20200706_1_L2A_49.tif,0.0,0.4788665771484375,0.0,232,2538
challenge,S2A,S2A_18FWJ_20200706_1_L2A_51.tif,0.003356093044786483,0.4359446134541715,0.007367236263174051,1904,6766
challenge,S2A,S2A_18FWJ_20200706_1_L2A_52.tif,0.0010826416456153013,0.45830112549242463,0.02046871068958479,774,4774
challenge,S2A,S2A_18FWJ_20200706_1_L2A_53.tif,0.009398120375924815,0.4668759143161366,0.012063973528195231,706,4342
challenge,S2A,S2A_18FWJ_20200706_1_L2A_6.tif,0.0,0.4537811279296875,0.0,292,5766
challenge,S2A,S2A_18FWJ_20200706_1_L2A_60.tif,0.022489217498459644,0.4383769020266308,0.09027255871394446,6023,3934
challenge,S2A,S2A_18FWJ_20200706_1_L2A_72.tif,0.09855265663683108,0.4758898691937508,0.1687591091167303,4036,7501
challenge,S2A,S2A_18FWJ_20200706_1_L2A_76.tif,0.0,0.44412994384765625,0.0,1047,6276
challenge,S2A,S2A_18FWJ_20200706_1_L2A_84.tif,0.00018099547511312217,0.457945079258881,0.006566604127579738,1455,4071
challenge,S2A,S2A_18FWJ_20200716_0_L2A_100.tif,0.016435935198821798,0.3802929940333567,0.013081611416679052,372,16882
challenge,S2A,S2A_18FWJ_20200716_0_L2A_103.tif,0.0,0.44171905517578125,0.0,145,7494
challenge,S2A,S2A_18FWJ_20200716_0_L2A_106.tif,0.0,0.394683837890625,0.0,855,12949
challenge,S2A,S2A_18FWJ_20200716_0_L2A_111.tif,0.039253740687410006,0.4014152201873323,0.04584011456409304,9716,6884
challenge,S2A,S2A_18FWJ_20200716_0_L2A_112.tif,0.0,0.47614288330078125,0.0,2486,641
challenge,S2A,S2A_18FWJ_20200716_0_L2A_117.tif,0.006921045442127311,0.42016538064956965,0.015897333309699196,166,10891
challenge,S2A,S2A_18FWJ_20200716_0_L2A_118.tif,0.007631234101595621,0.40544619302463525,0.018762264873402577,1871,11201
challenge,S2A,S2A_18FWJ_20200716_0_L2A_119.tif,0.012804878048780487,0.4445433813911583,0.03413875141793068,3956,4349
challenge,S2A,S2A_18FWJ_20200716_0_L2A_121.tif,0.0,0.45981597900390625,0.0,363,4904
challenge,S2A,S2A_18FWJ_20200716_0_L2A_125.tif,0.0,0.49268341064453125,0.0,228,731
challenge,S2A,S2A_18FWJ_20200716_0_L2A_129.tif,0.0,0.42034149169921875,0.0,524,9917
challenge,S2A,S2A_18FWJ_20200716_0_L2A_132.tif,0.002074074074074074,0.4496344546982806,0.00661448572373498,413,6351
challenge,S2A,S2A_18FWJ_20200716_0_L2A_133.tif,0.0,0.47216796875,0.0,1000,2648
challenge,S2A,S2A_18FWJ_20200716_0_L2A_134.tif,0.0,0.4224090576171875,0.0,202,9968
challenge,S2A,S2A_18FWJ_20200716_0_L2A_138.tif,0.0,0.46976470947265625,0.0,74,3889
challenge,S2A,S2A_18FWJ_20200716_0_L2A_141.tif,0.308819520174482,0.5712936220657674,0.09592599761611263,11370,7833
challenge,S2A,S2A_18FWJ_20200716_0_L2A_142.tif,0.00023568230025925054,0.46775345570723653,0.0035159683562847933,749,3495
challenge,S2A,S2A_18FWJ_20200716_0_L2A_144.tif,0.0021923414206372407,0.4489983700052012,0.03074648928307465,4462,2395
challenge,S2A,S2A_18FWJ_20200716_0_L2A_152.tif,0.0004021717273275689,0.4622742082123683,0.0021996438671834087,108,4867
challenge,S2A,S2A_18FWJ_20200716_0_L2A_154.tif,0.0,0.47650909423828125,0.0036646816307833257,816,2263
challenge,S2A,S2A_18FWJ_20200716_0_L2A_156.tif,0.0033165599268069534,0.4351386713719552,0.017386548342615916,434,8339
challenge,S2A,S2A_18FWJ_20200716_0_L2A_157.tif,0.0,0.478271484375,0.0,2131,717
challenge,S2A,S2A_18FWJ_20200716_0_L2A_158.tif,0.0,0.466094970703125,0.0,481,3963
challenge,S2A,S2A_18FWJ_20200716_0_L2A_16.tif,0.13537117903930132,0.49822923554949117,0.024926052710292797,4985,6715
challenge,S2A,S2A_18FWJ_20200716_0_L2A_160.tif,0.022557451008036092,0.4049704575943026,0.05126744517231558,1226,13280
challenge,S2A,S2A_18FWJ_20200716_0_L2A_161.tif,0.0,0.44916534423828125,0.0,1534,5129
challenge,S2A,S2A_18FWJ_20200716_0_L2A_162.tif,0.0,0.47245025634765625,0.0,238,3373
challenge,S2A,S2A_18FWJ_20200716_0_L2A_165.tif,0.003373662168450442,0.43629687275916074,0.013598774885145484,766,7859
challenge,S2A,S2A_18FWJ_20200716_0_L2A_166.tif,0.20470896010464357,0.5151081910489894,0.12526680835970802,8781,7797
challenge,S2A,S2A_18FWJ_20200716_0_L2A_168.tif,0.16216925145086725,0.3702164956709692,0.05209349916168464,7145,28300
challenge,S2A,S2A_18FWJ_20200716_0_L2A_17.tif,0.01520794537554314,0.41048123011048354,0.035169745083177086,7428,5656
challenge,S2A,S2A_18FWJ_20200716_0_L2A_171.tif,0.001189243104308129,0.3018617004010969,0.009379663184822,2662,23436
challenge,S2A,S2A_18FWJ_20200716_0_L2A_18.tif,0.0,0.44939422607421875,0.0,1934,4699
challenge,S2A,S2A_18FWJ_20200716_0_L2A_2.tif,0.09042278937870585,0.43518223653364524,0.08183338344495421,6391,10528
challenge,S2A,S2A_18FWJ_20200716_0_L2A_20.tif,0.0,0.39333343505859375,0.00023716352424997035,2435,11546
challenge,S2A,S2A_18FWJ_20200716_0_L2A_21.tif,0.0005668291576918716,0.4330175404124209,0.007772125595390699,1865,6961
challenge,S2A,S2A_18FWJ_20200716_0_L2A_22.tif,0.004009496175151675,0.3578021816347802,0.006621010539280303,350,18681
challenge,S2A,S2A_18FWJ_20200716_0_L2A_29.tif,0.0,0.43951416015625,0.0,112,7816
challenge,S2A,S2A_18FWJ_20200716_0_L2A_3.tif,0.009363525091799265,0.38089576312709045,0.025336870634042066,9240,7253
challenge,S2A,S2A_18FWJ_20200716_0_L2A_31.tif,0.014576457645764576,0.37005270309169996,0.02476677949310658,2777,15668
challenge,S2A,S2A_18FWJ_20200716_0_L2A_39.tif,0.1715521383950024,0.47575692433470607,0.10382544030275362,4724,14780
challenge,S2A,S2A_18FWJ_20200716_0_L2A_40.tif,0.00015385798907608278,0.40091466207965415,0.00025793139025019347,2640,10361
challenge,S2A,S2A_18FWJ_20200716_0_L2A_42.tif,0.0011648223645894002,0.4089719597308738,0.00405083801711479,1181,10852
challenge,S2A,S2A_18FWJ_20200716_0_L2A_46.tif,0.04727522778064294,0.4383577074489341,0.058760144511528695,7798,4386
challenge,S2A,S2A_18FWJ_20200716_0_L2A_47.tif,0.006078863844208941,0.3618352682487786,0.024798872024550056,338,18364
challenge,S2A,S2A_18FWJ_20200716_0_L2A_60.tif,0.08107696988135077,0.44683598765511623,0.1039194995980335,6023,8191
challenge,S2A,S2A_31TGK_20200822_0_L2A_12.tif,0.003332758719760961,0.36921731249772827,0.008763240512167383,136,17325
challenge,S2A,S2A_31TGK_20200822_0_L2A_15.tif,0.004093959731543624,0.3887289195374022,0.019693521468669397,1723,13238
challenge,S2A,S2A_31TGK_20200822_0_L2A_26.tif,0.008484696122179624,0.38363257145216945,0.012824070220224386,1571,14475
challenge,S2A,S2A_31TGK_20200822_0_L2A_36.tif,0.005395413898186542,0.3505533650771119,0.01546676486834837,350,19775
challenge,S2A,S2A_32TLQ_20200822_0_L2A_16.tif,0.02000292013432618,0.3554064504702341,0.015034873453781532,905,20053
challenge,S2A,S2A_32TLQ_20200822_0_L2A_17.tif,0.011555633371268493,0.3327939951388761,0.01921027354903225,596,22514
challenge,S2A,S2A_32TLQ_20200822_0_L2A_18.tif,0.01564810675104034,0.2879288458648796,0.024050850369352346,1333,28199
challenge,S2A,S2A_32TLQ_20200822_0_L2A_19.tif,0.0015069697350244883,0.37938640708023663,0.007391588345387535,455,15495
challenge,S2A,S2A_32TLQ_20200822_0_L2A_20.tif,0.00022656471254602095,0.36543861959609475,0.001312802559964992,171,17488
challenge,S2A,S2A_32TLQ_20200822_0_L2A_24.tif,0.022799240025332488,0.44053311664463196,0.022451843347365733,719,8971
challenge,S2A,S2A_32TLQ_20200822_0_L2A_26.tif,0.20265926358854472,0.5587958432706789,0.14801235316514605,4735,3496
challenge,S2A,S2A_32TLQ_20200822_0_L2A_28.tif,0.0021386047049303508,0.3692810307757999,0.0063827729602527325,369,16969
challenge,S2A,S2A_32TLQ_20200822_0_L2A_30.tif,0.010505116481602439,0.366148140016967,0.0236080929137224,1107,17458
challenge,S2A,S2A_32TLQ_20200822_0_L2A_38.tif,0.0122040517451794,0.4752022915782367,0.06868018204385602,2196,1951
challenge,S2A,S2A_32TLQ_20200822_0_L2A_4.tif,0.003372681281618887,0.4791380392032122,0.027165889092304968,802,2173
challenge,S2A,S2A_32TLQ_20200901_1_L2A_30.tif,0.011107646737859536,0.3111276843059269,0.019876069173434416,1107,24836
challenge,S2A,S2A_32TLQ_20200901_1_L2A_31.tif,0.006078467489408731,0.46185028056698735,0.029837196634993648,528,4934
challenge,S2A,S2A_32TLR_20200809_0_L2A_1.tif,0.0017124753831663669,0.41187797284024913,0.0009068238494672411,421,11278
challenge,S2A,S2A_32TLR_20200809_0_L2A_10.tif,0.04844337090713902,0.41481631007170755,0.08395438248105797,2171,13455
challenge,S2A,S2A_32TLR_20200809_0_L2A_11.tif,0.05185216797541823,0.35322199045682495,0.052661362035315455,2938,21709
challenge,S2A,S2A_32TLR_20200809_0_L2A_15.tif,0.037042438384133,0.4169803444919373,0.019382083573984202,1783,12439
challenge,S2A,S2A_32TLR_20200809_0_L2A_18.tif,0.004095363463507386,0.3980617318233847,0.011425462459194777,901,12829
challenge,S2A,S2A_32TLR_20200809_0_L2A_2.tif,0.0004866969500324465,0.45323649696508994,0.004689331770222744,235,5932
challenge,S2A,S2A_32TLR_20200809_0_L2A_3.tif,0.01654647613148697,0.33770603632239615,0.011251649844347048,1003,21974
challenge,S2A,S2A_32TLR_20200809_0_L2A_31.tif,0.013577732518669382,0.49569997194344234,0.019337016574585635,530,963
challenge,S2A,S2A_32TLR_20200809_0_L2A_32.tif,0.011078998073217727,0.47419120158661654,0.01690378926609382,264,3934
challenge,S2A,S2A_32TLR_20200809_0_L2A_40.tif,0.026252983293556086,0.4255567363269767,0.02111717738101094,688,11352
challenge,S2A,S2A_32TLR_20200809_0_L2A_45.tif,0.006535947712418301,0.4556918230049991,0.024943357791681386,250,6064
challenge,S2A,S2A_32TLR_20200809_0_L2A_51.tif,0.010155880963627776,0.4410443270364357,0.017061024383950456,179,8375
challenge,S2A,S2A_32TLR_20200809_0_L2A_6.tif,0.06494661921708185,0.5244458742633841,0.04582901413061269,174,1023
challenge,S2A,S2A_32TLR_20200809_1_L2A_1.tif,0.0014668133480014668,0.41761374855434263,0.0008877052818464269,421,10503
challenge,S2A,S2A_32TLR_20200809_1_L2A_10.tif,0.06477761330795799,0.4297223256969553,0.07983933331686639,2171,12935
challenge,S2A,S2A_32TLR_20200809_1_L2A_11.tif,0.05242990654205607,0.3688112832614028,0.0573919149191235,2938,19584
challenge,S2A,S2A_32TLR_20200809_1_L2A_18.tif,0.003083590299191599,0.4102274239378216,0.010014714602595919,901,11135
challenge,S2A,S2A_32TLR_20200809_1_L2A_32.tif,0.02396598376497874,0.4733815120316974,0.03193248560187033,264,5034
challenge,S2A,S2A_32TLR_20200809_1_L2A_40.tif,0.018843614108552103,0.41613216814581994,0.02492528416024197,688,11964
challenge,S2A,S2A_32TLR_20200809_1_L2A_45.tif,0.008150196477950808,0.45203630776860276,0.03228869895536562,250,6677
challenge,S2A,S2A_32TLR_20200819_0_L2A_18.tif,0.004363900842475302,0.3767160454963935,0.015391092814371258,901,15670
challenge,S2A,S2A_32TLR_20200819_0_L2A_31.tif,0.07042253521126761,0.5271447801942429,0.030263812842210056,530,686
challenge,S2A,S2A_32TLR_20200819_1_L2A_7.tif,0.12357281553398058,0.47355433332801933,0.04003603055578302,4507,9959
challenge,S2A,S2A_32TLR_20200901_0_L2A_121.tif,0.015004670714619337,0.37828007398688424,0.014018827781178047,1783,15602
challenge,S2A,S2A_32TLR_20200901_0_L2A_122.tif,0.0012523481527864746,0.3301889755662876,0.004885661939336364,980,21406
challenge,S2A,S2A_32TLR_20200901_0_L2A_123.tif,0.07080993623298754,0.3829724175294341,0.05365368354262577,1937,20565
challenge,S2A,S2A_32TLR_20200901_0_L2A_124.tif,0.0,0.46636199951171875,0.0,344,4065
challenge,S2A,S2A_32TLR_20200901_0_L2A_126.tif,0.001984408221119773,0.3397331574803342,0.002578880531405685,901,20306
challenge,S2A,S2A_32TLR_20200901_0_L2A_127.tif,0.0030921459492888066,0.4892465506111829,0.00794986906098017,248,1374
challenge,S2A,S2A_32TLR_20200901_0_L2A_129.tif,0.0545785324439054,0.45533099186660775,0.05709743744703773,1235,9199
challenge,S2A,S2A_32TLR_20200901_0_L2A_137.tif,0.031600708800945065,0.3386583351682192,0.046875,1306,23145
challenge,S2A,S2A_32TLR_20200901_0_L2A_143.tif,0.043194493888691114,0.4597378594773352,0.02789502661038723,4427,4364
challenge,S2A,S2A_32TLR_20200901_0_L2A_146.tif,0.0,0.365570068359375,0.0035642152786028274,211,17409
challenge,S2A,S2A_32TLR_20200901_0_L2A_147.tif,0.04054054054054054,0.5143087112577059,0.062307428962684014,498,349
challenge,S2A,S2A_32TLR_20200901_0_L2A_148.tif,0.03699096857930885,0.3812059635347047,0.006779390652416653,688,18487
challenge,S2A,S2A_32TLR_20200901_0_L2A_15.tif,0.028816793893129772,0.3971197040467293,0.023198100992662923,543,15630
challenge,S2A,S2A_32TLR_20200901_0_L2A_150.tif,0.04082955281918341,0.5091124074941609,0.12290502793296089,1278,328
challenge,S2A,S2A_32TLR_20200901_0_L2A_38.tif,0.00038582727798855377,0.38158311659947036,0.0024544179523141654,141,15416
challenge,S2A,S2A_32TLR_20200901_0_L2A_53.tif,0.008650114555571142,0.34210871781855773,0.026776158638566618,487,21085
challenge,S2A,S2A_32TLR_20200901_0_L2A_65.tif,0.000145623998835008,0.4476885898280587,0.0008043434546551379,462,6406
challenge,S2A,S2A_32TLR_20200901_0_L2A_73.tif,0.020706455542021926,0.504217602990413,0.0231809401159047,325,513
challenge,S2A,S2A_32TLR_20200908_0_L2A_1.tif,0.005445041382314506,0.39808769995820176,0.015612235635835529,421,13428
challenge,S2A,S2A_32TLR_20200908_0_L2A_18.tif,0.0017794860844188199,0.39385428334841754,0.006923246888221479,901,13173
challenge,S2A,S2A_32TLR_20200908_0_L2A_3.tif,0.038367581549073146,0.36412084182883486,0.02140710551232967,1003,20675
challenge,S2A,S2A_39XWA_20200829_0_L2A_1.tif,0.11625738265464719,0.5142471083181244,0.14476952356375597,4373,2809
challenge,S2A,S2A_39XWA_20200829_0_L2A_10.tif,0.049069373942470386,0.4814669127015481,0.04875962360992302,3355,2845
challenge,S2A,S2A_39XWA_20200829_0_L2A_12.tif,0.0008428150021070375,0.39186576376745974,0.011750376155334242,389,13861
challenge,S2A,S2A_39XWA_20200829_0_L2A_5.tif,0.0001543130497402397,0.35177019667258197,0.001925612122468931,650,18794
challenge,S2A,S2A_39XWA_20200829_0_L2A_8.tif,0.11774550940549715,0.2497681809428173,0.12225088262843142,27715,19702
challenge,S2A,S2A_39XWA_20200829_0_L2A_9.tif,0.112164014541987,0.3149209634323611,0.09267209165707851,8197,29125
challenge,S2A,S2A_39XWB_20200829_0_L2A_10.tif,0.0029140200379804857,0.26880310686070946,0.006793757977518836,466,30165
challenge,S2A,S2A_39XWB_20200829_0_L2A_11.tif,0.014346237475062204,0.1683926083825015,0.04505151371496637,2935,42316
challenge,S2A,S2A_39XWB_20200829_0_L2A_21.tif,0.15164583700052808,0.33631292131637214,0.07014517431955045,6083,33172
challenge,S2A,S2A_39XWB_20200829_0_L2A_24.tif,0.14597889103612308,0.28402492268257096,0.14325308232265332,30079,16175
challenge,S2A,S2A_39XWB_20200829_0_L2A_25.tif,0.11211861291508393,0.3829612510037349,0.11683926159387663,5833,21395
challenge,S2A,S2A_39XWB_20200829_0_L2A_26.tif,0.03752295985305694,0.49071566462519656,0.05926380368098159,3355,599
challenge,S2A,S2A_39XWB_20200829_0_L2A_28.tif,0.020670505964623612,0.43745701008034504,0.04691508857666463,6148,3777
challenge,S2A,S2A_39XWB_20200829_0_L2A_30.tif,0.0007939658594680428,0.4043663996498146,0.010187297713163901,389,12216
challenge,S2A,S2A_39XWB_20200829_0_L2A_35.tif,0.0,0.48279571533203125,0.0,1959,296
challenge,S2A,S2A_39XWB_20200829_0_L2A_37.tif,0.0006830601092896175,0.4891795555372114,0.0042507970244420835,456,1009
challenge,S2A,S2A_39XWB_20200829_0_L2A_8.tif,0.0017078879119488898,0.38039721281979466,0.005823788790593194,127,15709
challenge,S2A,S2A_39XXA_20200829_0_L2A_2.tif,0.09148410236525785,0.2422414601947887,0.06335567327109368,6131,38908
challenge,S2A,S2A_39XXA_20200829_0_L2A_3.tif,0.12397723664606893,0.26537101991086115,0.14758094787629125,28335,17684
challenge,S2A,S2A_39XXA_20200829_0_L2A_6.tif,0.0008274984086569065,0.380631382707068,0.010272946480802432,389,15334
challenge,S2A,S2A_40XDF_20200829_0_L2A_10.tif,0.04057428214731586,0.4731947947289064,0.04591659258686662,3143,3525
challenge,S2A,S2A_40XDF_20200829_0_L2A_15.tif,0.0008883863673073817,0.31161432475858425,0.011895246701155925,865,23921
challenge,S2A,S2A_40XDF_20200829_0_L2A_16.tif,0.01833472628499791,0.3650161013491416,0.06522202108401662,5765,13730
challenge,S2A,S2A_40XDF_20200829_0_L2A_6.tif,0.14836198507946805,0.23856957370718185,0.14115750732795707,29501,23605
challenge,S2A,S2A_40XDF_20200829_0_L2A_7.tif,0.06708056804395918,0.32817079803479854,0.07699694973622198,4085,25821
challenge,S2A,S2A_40XDH_20200811_0_L2A_27.tif,8.644163028914726e-05,0.32353179163334583,0.0018205954864403565,5500,17639
challenge,S2A,S2A_40XDH_20200811_0_L2A_29.tif,0.0019098548510313217,0.40123884920964353,0.012671177242811544,131,12984
challenge,S2A,S2A_40XDH_20200811_0_L2A_30.tif,0.04794520547945205,0.33044554270830245,0.08358233912940484,12044,15343
challenge,S2A,S2A_40XDH_20200811_0_L2A_33.tif,0.0,0.22359466552734375,0.00023665838362323986,19990,16239
challenge,S2A,S2A_40XDH_20200811_0_L2A_37.tif,0.0,0.325592041015625,0.0001880759826970096,941,21919
challenge,S2A,S2A_40XDH_20200811_0_L2A_45.tif,0.0,0.40087127685546875,0.0,12264,729
challenge,S2A,S2A_40XDH_20200811_0_L2A_54.tif,0.19044712345490614,0.55396391762591,0.19870970288951545,2222,5579
challenge,S2A,S2A_40XDH_20200811_0_L2A_55.tif,0.21544265245379662,0.4166184953860762,0.17638779276293268,17468,17651
challenge,S2A,S2A_40XDH_20200811_0_L2A_61.tif,0.085824493731919,0.5138235693575213,0.07179487179487179,779,3725
challenge,S2A,S2A_40XDH_20200811_0_L2A_68.tif,0.0,0.18389129638671875,0.008589658676254613,29551,11882
challenge,S2A,S2A_40XDH_20200811_0_L2A_75.tif,0.0,0.4831695556640625,0.0,1220,986
challenge,S2A,S2A_40XDH_20200811_0_L2A_9.tif,0.05038865572304865,0.2241409006802687,0.08633798512360381,29098,13198
challenge,S2A,S2A_40XDH_20200811_2_L2A_16.tif,0.00010303436195971356,0.35196807957607246,0.005617280015033103,2934,16479
challenge,S2A,S2A_40XDH_20200811_2_L2A_30.tif,0.06200772774557884,0.333350928867231,0.11265353192489631,12044,16541
challenge,S2A,S2A_40XDH_20200811_2_L2A_33.tif,0.000211701817989362,0.21182450552992008,0.0032345636227112578,19990,17807
challenge,S2A,S2A_40XDH_20200811_2_L2A_37.tif,0.014445893089960887,0.3624306573588146,0.016314122862571247,941,18511
challenge,S2A,S2A_40XDH_20200811_2_L2A_45.tif,0.0,0.38196563720703125,0.0,12264,3207
challenge,S2A,S2A_40XDH_20200811_2_L2A_64.tif,0.00046968202526889296,0.3378489178676233,0.00711992300944497,508,20793
challenge,S2A,S2A_40XDH_20200811_2_L2A_66.tif,0.0,0.480316162109375,0.0,2571,9
challenge,S2A,S2A_40XDH_20200811_2_L2A_68.tif,0.0,0.1863861083984375,0.004936071024577521,29551,11555
challenge,S2A,S2A_40XDH_20200811_2_L2A_70.tif,0.0020942408376963353,0.49377608553619184,0.04040404040404041,955,2
challenge,S2A,S2A_40XDJ_20200811_0_L2A_16.tif,0.0,0.39099884033203125,0.0,14287,0
challenge,S2A,S2A_40XDJ_20200811_0_L2A_19.tif,0.0,0.4816436767578125,0.0,2406,0
challenge,S2A,S2A_40XDJ_20200811_0_L2A_20.tif,0.0,0.47533416748046875,0.0,3233,0
challenge,S2A,S2A_40XDJ_20200811_0_L2A_23.tif,0.0,0.47261810302734375,0.0,3589,0
challenge,S2A,S2A_40XDJ_20200811_0_L2A_28.tif,0.0,0.47635650634765625,0.0,3099,0
challenge,S2A,S2A_40XDJ_20200811_0_L2A_29.tif,0.0,0.4971923828125,0.0,368,0
challenge,S2A,S2A_40XDJ_20200811_0_L2A_48.tif,0.0,0.4824371337890625,0.0,2302,0
challenge,S2A,S2A_40XDJ_20200811_0_L2A_5.tif,0.0,0.49236297607421875,0.0,1001,0
challenge,S2A,S2A_40XDJ_20200811_0_L2A_51.tif,0.0,0.2159576416015625,0.0,37230,0
challenge,S2A,S2A_40XDJ_20200811_0_L2A_57.tif,0.0,0.4850921630859375,0.0,1954,0
challenge,S2A,S2A_40XDJ_20200811_0_L2A_63.tif,0.0,0.4981689453125,0.0,240,0
challenge,S2A,S2A_40XDJ_20200811_0_L2A_7.tif,0.0,0.49210357666015625,0.0,1035,0
challenge,S2A,S2A_40XDJ_20200811_0_L2A_8.tif,0.0,0.46810150146484375,0.0,4181,0
challenge,S2A,S2A_40XDJ_20200811_1_L2A_17.tif,0.008455127430849136,0.25263384053288196,0.09546257008509791,9471,23925
challenge,S2A,S2A_40XDJ_20200811_1_L2A_19.tif,0.0,0.45893096923828125,0.0,2406,2977
challenge,S2A,S2A_40XDJ_20200811_1_L2A_20.tif,0.0034581509699032798,0.36088260676549905,0.03343372361622229,3233,15338
challenge,S2A,S2A_40XDJ_20200811_1_L2A_29.tif,0.0,0.49710845947265625,0.0,368,11
challenge,S2A,S2A_40XDJ_20200811_1_L2A_30.tif,0.0,0.444854736328125,0.0,5924,1304
challenge,S2A,S2A_40XDJ_20200811_1_L2A_35.tif,0.0007250085295121119,0.3215517776053137,0.008642892410891024,508,22957
challenge,S2A,S2A_40XDJ_20200811_1_L2A_48.tif,0.0,0.48238372802734375,0.0,2302,7
challenge,S2A,S2A_40XDJ_20200811_1_L2A_49.tif,0.0,0.47380828857421875,0.0,162,3271
challenge,S2A,S2A_40XDJ_20200811_1_L2A_54.tif,0.0028949272978485425,0.38574630930946296,0.012216367596426825,1352,13891
challenge,S2A,S2A_40XDJ_20200811_1_L2A_56.tif,0.0020942408376963353,0.49377608553619184,0.04040404040404041,955,2
challenge,S2A,S2A_40XDJ_20200811_1_L2A_8.tif,0.015244700340225072,0.3923826215205865,0.030537876758514302,4181,11336
challenge,S2A,S2A_40XDJ_20200812_1_L2A_63.tif,0.006845798391237378,0.3703591227494893,0.013457319104453608,240,17409
challenge,S2A,S2A_40XDJ_20200818_0_L2A_35.tif,0.006885593220338983,0.3026134671123576,0.01822743522132077,508,26106
challenge,S2A,S2A_40XDJ_20200818_0_L2A_40.tif,0.000542740841248304,0.35975462897448063,0.006710795522926946,395,18040
challenge,S2A,S2A_40XDJ_20200818_0_L2A_44.tif,0.0002340276152586005,0.4349294775668993,0.003197248428625062,601,7947
challenge,S2A,S2A_40XDJ_20200818_0_L2A_48.tif,0.004159605607764597,0.40336565235032257,0.028882980020979193,2302,10734
challenge,S2A,S2A_40XDJ_20200818_0_L2A_54.tif,0.03473893481217955,0.3751663597479322,0.08159108113687977,1352,18426
challenge,S2A,S2A_40XDJ_20200818_0_L2A_7.tif,0.01547061882475299,0.4498528018073197,0.0573622433911855,1035,6776
challenge,S2A,S2A_40XDJ_20200818_1_L2A_24.tif,0.0,0.49828338623046875,0.0,225,0
challenge,S2A,S2A_40XDJ_20200829_0_L2A_14.tif,0.015822784810126583,0.4127111964946923,0.05787443002455279,628,12212
challenge,S2A,S2A_40XDJ_20200829_0_L2A_15.tif,0.013106687541936926,0.337477734127022,0.0974638935212863,19323,3325
challenge,S2A,S2A_40XDJ_20200829_0_L2A_16.tif,0.010475019356014028,0.3388898540261527,0.04873841741719119,14287,7900
challenge,S2A,S2A_40XDJ_20200829_0_L2A_17.tif,0.02514890800794176,0.2851754173237189,0.10924308276859587,9471,21509
challenge,S2A,S2A_40XDJ_20200829_0_L2A_18.tif,0.0021612635078969242,0.36362395434887645,0.012768947223721324,702,17382
challenge,S2A,S2A_40XDJ_20200829_0_L2A_19.tif,0.03238358227689218,0.4571443325766029,0.050505942394970596,2406,5819
challenge,S2A,S2A_40XDJ_20200829_0_L2A_20.tif,0.054452760603102286,0.46020759013025614,0.04948618242958135,3233,6488
challenge,S2A,S2A_40XDJ_20200829_0_L2A_24.tif,0.001489668428640077,0.34213862094815717,0.010695187165775402,225,20616
challenge,S2A,S2A_40XDJ_20200829_0_L2A_25.tif,0.16176573304463226,0.48596828252990865,0.1294347538967767,3266,13367
challenge,S2A,S2A_40XDJ_20200829_0_L2A_26.tif,0.00705390920554855,0.3107625988336907,0.028835209308207915,6665,18890
challenge,S2A,S2A_40XDJ_20200829_0_L2A_27.tif,0.03356953689785985,0.41303017702777944,0.041146637637865704,11967,2473
challenge,S2A,S2A_40XDJ_20200829_0_L2A_28.tif,0.002134146341463415,0.4511143855238345,0.002710394362379726,3099,3475
challenge,S2A,S2A_40XDJ_20200829_0_L2A_29.tif,0.03908045977011494,0.48756642087119706,0.06995740298647193,368,4152
challenge,S2A,S2A_40XDJ_20200829_0_L2A_30.tif,0.042135406013499695,0.4491587293564827,0.06355241716458446,5924,4266
challenge,S2A,S2A_40XDJ_20200829_0_L2A_35.tif,0.0022766982580611004,0.35727564624475283,0.01292125021826436,508,18422
challenge,S2A,S2A_40XDJ_20200829_0_L2A_36.tif,0.014863616277668421,0.31927387301929333,0.06459427311497287,24082,1181
challenge,S2A,S2A_40XDJ_20200829_0_L2A_37.tif,0.001997360630595285,0.2873380205718645,0.027612919347785342,27666,427
challenge,S2A,S2A_40XDJ_20200829_0_L2A_44.tif,0.0009254298378062443,0.3439231908259196,0.0070784528524479645,601,19949
challenge,S2A,S2A_40XDJ_20200829_0_L2A_45.tif,0.07839473215874711,0.2921825949601711,0.06091100214149525,3835,32522
challenge,S2A,S2A_40XDJ_20200829_0_L2A_48.tif,0.07157464212678936,0.5079584624143816,0.12185837128009376,2302,1890
challenge,S2A,S2A_40XDJ_20200829_0_L2A_49.tif,0.0,0.4785308837890625,0.0,162,2652
challenge,S2A,S2A_40XDJ_20200829_0_L2A_53.tif,0.0074306472919418755,0.41186861032506517,0.029143154521984915,6557,5645
challenge,S2A,S2A_40XDJ_20200829_0_L2A_54.tif,0.0036465297192172117,0.439256477084443,0.02928810568113986,1352,6905
challenge,S2A,S2A_40XDJ_20200829_0_L2A_56.tif,0.0010351966873706005,0.4931551202785293,0.00970873786407767,955,12
challenge,S2A,S2A_40XDJ_20200829_0_L2A_59.tif,0.00023832221163012392,0.40409883546834996,0.008883567331646743,3931,8660
challenge,S2A,S2A_40XDJ_20200829_0_L2A_63.tif,9.134505594884677e-05,0.3330102405384728,0.0005956862388205414,240,21657
challenge,S2A,S2A_40XDJ_20200829_0_L2A_64.tif,0.0,0.493804931640625,0.0,751,61
challenge,S2A,S2A_40XEH_20200829_0_L2A_3.tif,0.04793872360560714,0.2721270712606773,0.05904561199567382,23723,11712
challenge,S2A,S2A_40XEH_20200829_0_L2A_9.tif,0.00087527352297593,0.48301919747806255,0.0,1121,1166
challenge,S2A,S2A_40XEH_20200829_1_L2A_10.tif,0.0,0.49271392822265625,0.0,955,0
challenge,S2A,S2A_40XEH_20200829_1_L2A_13.tif,0.0,0.49526214599609375,0.0,621,0
challenge,S2A,S2A_40XEH_20200829_1_L2A_18.tif,0.0,0.36896514892578125,0.0,17175,0
challenge,S2A,S2A_40XEH_20200829_1_L2A_2.tif,0.0,0.415618896484375,0.0,11060,0
challenge,S2A,S2A_40XEH_20200829_1_L2A_25.tif,0.0,0.47179412841796875,0.0,3697,0
challenge,S2A,S2A_40XEH_20200829_1_L2A_26.tif,0.0,0.4923248291015625,0.0,1006,0
challenge,S2A,S2A_40XEH_20200829_1_L2A_27.tif,0.0,0.49683380126953125,0.0,415,0
challenge,S2A,S2A_40XEH_20200829_1_L2A_30.tif,0.0,0.49932861328125,0.0,88,0
challenge,S2A,S2A_40XEH_20200829_1_L2A_35.tif,0.0,0.4947052001953125,0.0,694,0
challenge,S2A,S2A_40XEH_20200829_1_L2A_6.tif,0.0,0.32513427734375,0.0,22920,0
challenge,S2A,S2A_40XEH_20200829_1_L2A_8.tif,0.0,0.25283050537109375,0.0,32397,0
challenge,S2A,S2A_40XEJ_20200811_0_L2A_1.tif,0.033752481800132364,0.5057286498486804,0.11761860336546769,955,607
challenge,S2A,S2A_40XEJ_20200811_0_L2A_16.tif,0.0316810243374288,0.3572755367590047,0.04076774289540247,3605,18311
challenge,S2A,S2A_40XEJ_20200811_0_L2A_47.tif,0.0,0.42354583740234375,0.001334816462736374,85,9936
challenge,S2A,S2A_40XEJ_20200811_0_L2A_48.tif,0.005208695048267241,0.28353604544111893,0.018397175914035016,838,28110
challenge,S2A,S2A_40XEJ_20200811_0_L2A_51.tif,0.002296211251435132,0.40165340285039924,0.00492966425465237,435,12660
challenge,S2A,S2A_40XEJ_20200811_0_L2A_53.tif,0.003978537796109063,0.2934515092575391,0.018195662448143673,480,27026
challenge,S2A,S2A_40XEJ_20200811_0_L2A_54.tif,0.06308654848800835,0.5178078924508375,0.08342022940563086,456,1583
challenge,S2A,S2A_40XEJ_20200811_0_L2A_55.tif,0.022869588891913966,0.428972016429904,0.020162049189258794,443,10828
challenge,S2A,S2A_40XEJ_20200811_0_L2A_59.tif,0.0,0.4762725830078125,0.0,3105,5
challenge,S2A,S2A_40XEJ_20200811_0_L2A_60.tif,0.0,0.4919891357421875,0.0,1049,1
challenge,S2A,S2A_40XEJ_20200811_0_L2A_61.tif,0.000281135788585887,0.4730100269619667,0.0,3555,3
challenge,S2A,S2A_40XEJ_20200811_0_L2A_9.tif,0.009955632507304404,0.4350783602301817,0.00834007278608977,539,8794
challenge,S2A,S2A_40XEJ_20200818_1_L2A_109.tif,0.005827702702702703,0.32292363758334625,0.02007437908525686,2727,21091
challenge,S2A,S2A_40XEJ_20200818_1_L2A_125.tif,0.001735887874501736,0.3823575102563826,0.0011550202128537248,1732,13849
challenge,S2A,S2A_40XEJ_20200818_1_L2A_126.tif,0.0,0.46404266357421875,0.0013042060645582002,1167,3546
challenge,S2A,S2A_40XEJ_20200818_1_L2A_135.tif,0.00029687293838237235,0.26889261825685123,0.01122091169907555,25625,4700
challenge,S2A,S2A_40XEJ_20200818_1_L2A_52.tif,0.00042170368287883047,0.44595574372796987,0.0010861694424330196,435,6682
challenge,S2A,S2A_40XEJ_20200818_1_L2A_55.tif,0.020673159063728002,0.46652399831960384,0.05599626691553897,3279,2695
challenge,S2A,S2A_40XEJ_20200818_1_L2A_63.tif,0.01827171109200344,0.36903523587608333,0.11388339505659595,3429,15519
challenge,S2A,S2A_40XEJ_20200818_1_L2A_65.tif,0.0008656937917388078,0.4387883841389221,0.0028217699552044017,3710,4383
challenge,S2A,S2A_40XEJ_20200818_1_L2A_72.tif,0.0396361273554256,0.40599617414193356,0.10391885942927877,6292,9708
challenge,S2A,S2A_40XEJ_20200829_0_L2A_12.tif,0.0033090668431502318,0.40967945097379205,0.02557028808678667,1634,10494
challenge,S2A,S2A_40XEJ_20200829_0_L2A_14.tif,0.03323348216808907,0.3849344721920078,0.046421257154860056,1781,16500
challenge,S2A,S2A_40XEJ_20200829_0_L2A_17.tif,0.04388792462186958,0.40298301950844206,0.04623293742244284,3605,13235
challenge,S2A,S2A_40XEJ_20200829_0_L2A_2.tif,0.008210630029010893,0.3655511902783234,0.046163476543558186,1844,16575
challenge,S2A,S2A_40XEJ_20200829_0_L2A_25.tif,0.01688735367491844,0.3512578643681416,0.05640726529694204,957,20239
challenge,S2A,S2A_40XEJ_20200829_0_L2A_30.tif,0.0008080399979799,0.34941958776455767,0.007507383180149595,123,19694
challenge,S2A,S2A_40XEJ_20200829_0_L2A_33.tif,0.06671363939776014,0.33592832447632487,0.06687840793240271,2660,26105
challenge,S2A,S2A_40XEJ_20200829_0_L2A_34.tif,0.10669408270504913,0.3986817670688898,0.08563540659241077,5297,18923
challenge,S2A,S2A_40XEJ_20200829_0_L2A_35.tif,0.040647388544489405,0.3197991834794265,0.05799488877731204,1669,26365
challenge,S2A,S2A_40XEJ_20200829_0_L2A_39.tif,0.0,0.43439483642578125,0.0,206,8393
challenge,S2A,S2A_40XEJ_20200829_0_L2A_4.tif,0.0039494470774091624,0.3574993870788277,0.036357444489851516,3931,15134
challenge,S2A,S2A_40XEJ_20200829_0_L2A_41.tif,0.0025545114496852476,0.4178294325582065,0.007859252751917647,727,10262
challenge,S2A,S2A_40XEJ_20200829_0_L2A_44.tif,0.008360330233044205,0.431696359201098,0.039695482700872455,225,9424
challenge,S2A,S2A_40XEJ_20200829_0_L2A_47.tif,0.028822882288228824,0.4806678435598319,0.13705326831677056,3642,1034
challenge,S2A,S2A_40XEJ_20200829_0_L2A_50.tif,0.0012626262626262627,0.42216268379504956,0.00791802515137401,137,10172
challenge,S2A,S2A_40XEJ_20200829_0_L2A_51.tif,0.0009956853634251576,0.4545646822971559,0.0038240917782026767,297,5735
challenge,S2A,S2A_40XEJ_20200829_0_L2A_52.tif,0.008485062754109953,0.46141789174842074,0.02067845010093053,435,5270
challenge,S2A,S2A_40XEJ_20200829_0_L2A_53.tif,0.011320021376864402,0.1929198846702979,0.010080142761830502,607,41025
challenge,S2A,S2A_40XEJ_20200829_0_L2A_56.tif,0.009448637437345163,0.3732230643590079,0.013959084478798994,480,17041
challenge,S2A,S2A_40XEJ_20200829_0_L2A_6.tif,0.0025505199136747108,0.42366878766253113,0.01863780004034156,2078,8142
challenge,S2A,S2A_40XEJ_20200829_0_L2A_60.tif,0.0,0.44948577880859375,0.0006709908297919929,443,6178
challenge,S2A,S2A_40XEJ_20200829_0_L2A_7.tif,0.0008465250148141877,0.32026879642278655,0.009379049757707881,240,23406
challenge,S2A,S2A_40XEJ_20200829_0_L2A_75.tif,0.0,0.47222900390625,0.0,3551,89
challenge,S2A,S2A_40XEJ_20200829_0_L2A_8.tif,0.00778669183577159,0.471795579403375,0.01758818197597053,751,3520
challenge,S2A,S2A_40XEJ_20200829_0_L2A_80.tif,0.0,0.476287841796875,0.0,3105,3
challenge,S2A,S2A_40XEJ_20200829_0_L2A_81.tif,0.0,0.491943359375,0.0,1049,7
challenge,S2A,S2A_40XEJ_20200829_0_L2A_9.tif,0.007271026447827196,0.3250460540332152,0.015887463798096812,539,23150
challenge,S2A,S2A_40XEK_20200802_0_L2A_60.tif,0.0,0.48282623291015625,0.0,2251,0
challenge,S2A,S2A_40XEK_20200802_0_L2A_61.tif,0.0,0.4805145263671875,0.0,2554,0
challenge,S2A,S2A_40XEK_20200802_0_L2A_62.tif,0.0,0.4970245361328125,0.0,390,0
challenge,S2A,S2A_41XMD_20200818_1_L2A_110.tif,0.014992503748125937,0.5024829747016428,0.07542478242851222,451,226
challenge,S2A,S2A_41XMD_20200818_1_L2A_113.tif,7.746533426291734e-05,0.40155700534585276,0.0006032922520037921,8,12902
challenge,S2A,S2A_42SVD_20200913_0_L2A_1.tif,0.0007389162561576355,0.46941558755905255,0.004321209938782859,83,3980
challenge,S2A,S2A_42SVD_20200913_0_L2A_2.tif,0.0010634526763559022,0.45752852169908137,0.006298661534423935,267,5381
challenge,S2A,S2A_42SVD_20200913_1_L2A_1.tif,0.00022716946842344388,0.4665361070505313,0.00471821756225426,83,4320
challenge,S2A,S2A_42SVD_20200913_1_L2A_2.tif,0.0009078529278256923,0.4500724218095561,0.005256899680831092,267,6348
challenge,S2A,S2A_42SVD_20200913_1_L2A_3.tif,0.0007744733581164808,0.45116625729525517,0.0024438259452854525,197,6264
challenge,S2A,S2A_42SVD_20200923_0_L2A_3.tif,0.020771513353115726,0.48013458024191874,0.012493926563476088,197,3931
challenge,S2A,S2A_42SVE_20200903_0_L2A_12.tif,0.0009955201592832255,0.4545569696019978,0.00416790711521286,221,5812
challenge,S2A,S2A_42SVE_20200903_0_L2A_13.tif,0.0017340414002384307,0.4305755066586052,0.009080540445692228,459,8784
challenge,S2A,S2A_42SVE_20200903_0_L2A_14.tif,0.012989247311827956,0.41875278684318934,0.028627488822413068,3710,8066
challenge,S2A,S2A_42SVE_20200903_0_L2A_15.tif,0.03103578154425612,0.41676013633444,0.051226305743136094,1649,12038
challenge,S2A,S2A_42SVE_20200903_0_L2A_16.tif,0.004296528677623952,0.390651922335238,0.02428209579645388,126,14600
challenge,S2A,S2A_42SVE_20200903_0_L2A_19.tif,0.0021337832473203653,0.3475466680883205,0.004298690941627278,742,19453
challenge,S2A,S2A_42SVE_20200903_0_L2A_2.tif,0.03328427487829729,0.4512011638331893,0.022530783337699766,416,8711
challenge,S2A,S2A_42SVE_20200903_0_L2A_21.tif,0.009418879466147643,0.28636116730527944,0.030321557404525915,1534,27509
challenge,S2A,S2A_42SVE_20200903_0_L2A_22.tif,0.00696312124673028,0.0898101772168763,0.013680786499683451,536,54128
challenge,S2A,S2A_42SVE_20200903_0_L2A_23.tif,0.006661172915808268,0.2819568911317739,0.019833487511563365,522,28796
challenge,S2A,S2A_42SVE_20200903_0_L2A_24.tif,0.01354443122540496,0.25837763563359595,0.009834825368805951,516,32709
challenge,S2A,S2A_42SVE_20200903_0_L2A_3.tif,0.025032691948440128,0.4726169545183013,0.05601450524874725,796,4691
challenge,S2A,S2A_42SVE_20200903_0_L2A_5.tif,0.016321283889062014,0.31425582446215317,0.03194616046168064,2491,23600
challenge,S2A,S2A_42SVE_20200903_0_L2A_6.tif,0.005073280721533258,0.48906890950173143,0.014285714285714287,477,1306
challenge,S2A,S2A_42SVE_20200903_0_L2A_7.tif,0.020025465910406298,0.44525132359516767,0.028387435931134183,1103,7709
challenge,S2A,S2A_42SWE_20200910_0_L2A_104.tif,0.06998625647531452,0.4671924684972374,0.04798147550629188,835,9286
challenge,S2A,S2A_42SWE_20200910_0_L2A_159.tif,0.0100418410041841,0.4598516981916272,0.014202197667656331,165,5870
challenge,S2A,S2A_42SWE_20200910_0_L2A_161.tif,0.00576008014024543,0.4725807101661342,0.012482853223593967,393,3623
challenge,S2A,S2A_42SWE_20200910_1_L2A_116.tif,0.005703422053231939,0.49886135502277057,0.01884570082449941,98,431
challenge,S2A,S2A_42SWE_20200910_1_L2A_183.tif,0.004843173431734318,0.4694901969577965,0.025093251949813496,853,3504
challenge,S2A,S2A_42SWE_20200910_1_L2A_5.tif,0.00706756109247724,0.3768255351092029,0.008177410875956465,122,16692
challenge,S2A,S2A_42SWE_20200913_0_L2A_101.tif,0.00011463288817561759,0.36695846699189505,0.000943284989977597,1117,16332
challenge,S2A,S2A_42SWE_20200913_0_L2A_103.tif,0.006878787878787879,0.2525321682890242,0.017702531589526536,563,32664
challenge,S2A,S2A_42SWE_20200913_0_L2A_104.tif,0.000494746951485696,0.23815546120601958,0.0025070468797656516,196,34182
challenge,S2A,S2A_42SWE_20200913_0_L2A_105.tif,0.00443835875159356,0.34112233025749356,0.010983608078146885,137,21136
challenge,S2A,S2A_42SWE_20200913_0_L2A_106.tif,0.006041247135615583,0.39366830344068593,0.005905881721296072,93,14395
challenge,S2A,S2A_42SWE_20200913_0_L2A_119.tif,0.03791079812206573,0.45610750063587224,0.0450185468660552,1124,7719
challenge,S2A,S2A_42SWE_20200913_0_L2A_120.tif,0.025310142759179602,0.39262589895520783,0.019755248165011365,515,15932
challenge,S2A,S2A_42SWE_20200913_0_L2A_121.tif,0.0005559416261292564,0.33565889993827064,0.005056875282191701,505,21092
challenge,S2A,S2A_42SWE_20200913_0_L2A_123.tif,0.011818830808281113,0.3149470928314069,0.024137109775758465,696,24816
challenge,S2A,S2A_42SWE_20200913_0_L2A_124.tif,0.0007170771933598652,0.28765477157793645,0.006757556111849858,330,27581
challenge,S2A,S2A_42SWE_20200913_0_L2A_134.tif,0.02019590023225285,0.4358433278558105,0.03425987244967387,835,9268
challenge,S2A,S2A_42SWE_20200913_0_L2A_135.tif,0.003150551346485635,0.2985409910066169,0.014383023542920289,151,26595
challenge,S2A,S2A_42SWE_20200913_0_L2A_136.tif,0.03032419902835551,0.27873033165675837,0.06501209891107598,1928,30520
challenge,S2A,S2A_42SWE_20200913_0_L2A_147.tif,0.037367014307426234,0.3770053990747905,0.054550174859883026,1361,18433
challenge,S2A,S2A_42SWE_20200913_0_L2A_148.tif,0.010522360015031942,0.38442223740563125,0.030467340123213508,1047,15087
challenge,S2A,S2A_42SWE_20200913_0_L2A_150.tif,0.004758380035952204,0.28651093112285214,0.02114119266687511,730,27776
challenge,S2A,S2A_42SWE_20200913_0_L2A_156.tif,0.0200133422281521,0.3634358916341387,0.04468291094526351,993,18884
challenge,S2A,S2A_42SWE_20200913_0_L2A_160.tif,0.021530404422461447,0.3817485370791066,0.035273479499254926,1606,15949
challenge,S2A,S2A_42SWE_20200913_0_L2A_164.tif,0.026543758329631274,0.44615547259177246,0.062420277132450304,963,8280
challenge,S2A,S2A_42SWE_20200913_0_L2A_166.tif,0.021937718613101505,0.28904714563726425,0.04412199064502098,2301,27792
challenge,S2A,S2A_42SWE_20200913_0_L2A_173.tif,0.018521650879566982,0.42042484093345284,0.04229370438711373,1356,10687
challenge,S2A,S2A_42SWE_20200913_0_L2A_174.tif,0.02636177163260655,0.41488209307519663,0.03988662085279064,627,12883
challenge,S2A,S2A_42SWE_20200913_0_L2A_179.tif,0.016652926628194557,0.37118728529070416,0.04033374392158638,1520,16978
challenge,S2A,S2A_42SWE_20200913_0_L2A_182.tif,0.002835641836623405,0.3617959285476563,0.014956133562508654,520,17870
challenge,S2A,S2A_42SWE_20200913_0_L2A_183.tif,0.014544279250161603,0.3905613252140321,0.0240600765380496,556,15139
challenge,S2A,S2A_42SWE_20200913_0_L2A_185.tif,0.0036877206747744215,0.4048962813546573,0.01190765098933812,793,11999
challenge,S2A,S2A_42SWE_20200913_0_L2A_186.tif,0.01630509879784441,0.3991326412825363,0.036149637331321226,683,14027
challenge,S2A,S2A_42SWE_20200913_0_L2A_187.tif,0.0,0.493804931640625,0.0,736,76
challenge,S2A,S2A_42SWE_20200913_0_L2A_188.tif,0.0019152196118488254,0.3816250295842653,0.007148023656554482,79,15615
challenge,S2A,S2A_42SWE_20200913_0_L2A_191.tif,0.0037730640040491417,0.33649557041067796,0.017589682783172057,393,21422
challenge,S2A,S2A_42SWE_20200913_0_L2A_193.tif,0.02580822563538516,0.32177909547772127,0.040605515730626124,2222,23892
challenge,S2A,S2A_42SWE_20200913_0_L2A_196.tif,0.029090158861151228,0.4424268951047105,0.06264313145192545,1831,8145
challenge,S2A,S2A_42SWE_20200913_0_L2A_197.tif,0.017084890549919914,0.4381419925094191,0.05606418853443932,1605,7920
challenge,S2A,S2A_42SWE_20200913_0_L2A_198.tif,0.023924417128054046,0.3642944916655409,0.04451080110110577,2005,18153
challenge,S2A,S2A_42SWE_20200913_0_L2A_199.tif,0.0,0.48680877685546875,0.0,299,1430
challenge,S2A,S2A_42SWE_20200913_0_L2A_200.tif,0.0077969475779694755,0.45823431644958423,0.01530363809214645,103,5972
challenge,S2A,S2A_42SWE_20200913_0_L2A_201.tif,0.017299952960852977,0.3644739163623374,0.032917965871081124,1628,17836
challenge,S2A,S2A_42SWE_20200913_0_L2A_203.tif,0.08834871665191554,0.31433262803794837,0.12221392866512747,6167,28264
challenge,S2A,S2A_42SWE_20200913_0_L2A_208.tif,7.68787238131847e-05,0.30156894261212785,0.0007892867478755032,626,25391
challenge,S2A,S2A_42SWE_20200913_0_L2A_209.tif,0.004384133611691023,0.42937623634809363,0.011612154054577124,156,9466
challenge,S2A,S2A_42SWE_20200913_0_L2A_210.tif,0.001530661054242801,0.3414315493839851,0.009912713054492386,557,20381
challenge,S2A,S2A_42SWE_20200913_0_L2A_213.tif,0.012904496872383391,0.3529378322827462,0.030372648846231098,853,19712
challenge,S2A,S2A_42SWE_20200913_0_L2A_214.tif,0.002312381753205802,0.4649410058327265,0.0050772159932303785,725,4043
challenge,S2A,S2A_42SWE_20200913_0_L2A_96.tif,0.008814589665653495,0.3797341746786771,0.02981372273705888,288,16307
challenge,S2A,S2A_42SWE_20200913_1_L2A_100.tif,0.0008658008658008658,0.41237625116390797,0.005663232924864522,209,11351
challenge,S2A,S2A_42SWE_20200913_1_L2A_101.tif,0.0007880951277177692,0.3359074100999171,0.0032009467042373747,1117,20471
challenge,S2A,S2A_42SWE_20200913_1_L2A_102.tif,0.009949380345610053,0.2876600130031065,0.01664193103195028,672,28258
challenge,S2A,S2A_42SWE_20200913_1_L2A_103.tif,0.006266688463843932,0.223894070658284,0.017698340164943715,563,36369
challenge,S2A,S2A_42SWE_20200913_1_L2A_104.tif,0.0010904608382325052,0.17883199175672504,0.005457924013967977,196,42034
challenge,S2A,S2A_42SWE_20200913_1_L2A_105.tif,0.00407351269420235,0.3414103239559629,0.01284080914687775,137,21061
challenge,S2A,S2A_42SWE_20200913_1_L2A_106.tif,0.0049816154667299255,0.3743205455565025,0.005958291956305859,93,16853
challenge,S2A,S2A_42SWE_20200913_1_L2A_117.tif,0.0027315619567916563,0.4707209889142982,0.01342298228945894,92,3946
challenge,S2A,S2A_42SWE_20200913_1_L2A_120.tif,0.023364759618199917,0.38365990410404754,0.017342308738733204,515,16961
challenge,S2A,S2A_42SWE_20200913_1_L2A_121.tif,0.00103762345797625,0.30211859191186374,0.009481273387689709,505,25543
challenge,S2A,S2A_42SWE_20200913_1_L2A_123.tif,0.009502653338269777,0.25866069074591175,0.01803721406407661,696,32024
challenge,S2A,S2A_42SWE_20200913_1_L2A_135.tif,0.0023868567885926843,0.25536779708309393,0.015138882455571512,151,32186
challenge,S2A,S2A_42SWE_20200913_1_L2A_136.tif,0.027575719173742238,0.2161292821290757,0.061159065636749735,1928,38615
challenge,S2A,S2A_42SWE_20200913_1_L2A_147.tif,0.03076395732464973,0.340885696765321,0.045976632664832,1361,22696
challenge,S2A,S2A_42SWE_20200913_1_L2A_148.tif,0.015207872310372428,0.3472371381241188,0.03346624955253615,1047,20515
challenge,S2A,S2A_42SWE_20200913_1_L2A_149.tif,0.001908953522284381,0.213430035847052,0.011713120445302792,267,37522
challenge,S2A,S2A_42SWE_20200913_1_L2A_150.tif,0.0038639406109285627,0.2516529567140625,0.018085925293620003,730,32265
challenge,S2A,S2A_42SWE_20200913_1_L2A_151.tif,0.010766369775863757,0.3506431518179337,0.019554686458379628,360,20294
challenge,S2A,S2A_42SWE_20200913_1_L2A_155.tif,0.0024797843665768193,0.3599664153165912,0.014363514641833598,785,17811
challenge,S2A,S2A_42SWE_20200913_1_L2A_156.tif,0.02253583567311955,0.3075128736323889,0.03386514717670033,993,26685
challenge,S2A,S2A_42SWE_20200913_1_L2A_159.tif,0.0035725885027606367,0.3612028209048094,0.01401132973552777,182,18358
challenge,S2A,S2A_42SWE_20200913_1_L2A_160.tif,0.022622128126715282,0.3194284919794278,0.033475578944087904,1606,24477
challenge,S2A,S2A_42SWE_20200913_1_L2A_164.tif,0.024215339846185825,0.4402197015296041,0.05585812254643663,963,8892
challenge,S2A,S2A_42SWE_20200913_1_L2A_166.tif,0.023822828740331165,0.25551522118659176,0.04542462146148782,2301,32510
challenge,S2A,S2A_42SWE_20200913_1_L2A_172.tif,0.016082597041596345,0.432238991793353,0.055995128201210526,619,9616
challenge,S2A,S2A_42SWE_20200913_1_L2A_173.tif,0.01743644349793691,0.39562571937436297,0.03331157918479255,1356,13932
challenge,S2A,S2A_42SWE_20200913_1_L2A_174.tif,0.021748878923766816,0.37693325937960925,0.030132055587797163,627,17601
challenge,S2A,S2A_42SWE_20200913_1_L2A_175.tif,0.03243823845327605,0.37748937118253034,0.02159017567436145,1427,17797
challenge,S2A,S2A_42SWE_20200913_1_L2A_179.tif,0.012756785290106893,0.3343908378524225,0.0357922594743354,1520,21503
challenge,S2A,S2A_42SWE_20200913_1_L2A_180.tif,0.0019862766341639583,0.37442641618221795,0.013227440324954117,976,15671
challenge,S2A,S2A_42SWE_20200913_1_L2A_181.tif,0.0035584137191854233,0.3242319592162456,0.008279421673588205,268,23140
challenge,S2A,S2A_42SWE_20200913_1_L2A_182.tif,0.0026121761112281442,0.3205244037229018,0.014926533468086763,520,23277
challenge,S2A,S2A_42SWE_20200913_1_L2A_183.tif,0.011837503362927092,0.36533298402882103,0.0234250585559042,556,18249
challenge,S2A,S2A_42SWE_20200913_1_L2A_185.tif,0.007147047842551602,0.36126136221368277,0.02120259758046773,793,18090
challenge,S2A,S2A_42SWE_20200913_1_L2A_186.tif,0.013850861652440007,0.3662271863947117,0.03141873356884143,683,18202
challenge,S2A,S2A_42SWE_20200913_1_L2A_187.tif,0.0,0.49185943603515625,0.0,736,331
challenge,S2A,S2A_42SWE_20200913_1_L2A_188.tif,0.001444043321299639,0.3423777478536703,0.005628695309420576,79,20726
challenge,S2A,S2A_42SWE_20200913_1_L2A_189.tif,0.0002868103108306744,0.28737176555097144,0.0021117094287826,165,27736
challenge,S2A,S2A_42SWE_20200913_1_L2A_191.tif,0.007870590096503718,0.311969027848962,0.030025249848379263,393,25090
challenge,S2A,S2A_42SWE_20200913_1_L2A_193.tif,0.027850863120066738,0.2796673750251165,0.04275631103004944,2222,29812
challenge,S2A,S2A_42SWE_20200913_1_L2A_198.tif,0.022031336991966913,0.321794037890585,0.04604571882223831,2005,23695
challenge,S2A,S2A_42SWE_20200913_1_L2A_199.tif,0.000304228780042592,0.47508154141374903,0.000946521533364884,299,2989
challenge,S2A,S2A_42SWE_20200913_1_L2A_200.tif,0.004785120982304081,0.4182256774833485,0.008434081356025027,103,11026
challenge,S2A,S2A_42SWE_20200913_1_L2A_201.tif,0.01774633904194589,0.32651950555242887,0.028836247647490217,1628,22975
challenge,S2A,S2A_42SWE_20200913_1_L2A_203.tif,0.08329694005298861,0.29046378713858045,0.12064484276755222,6167,31041
challenge,S2A,S2A_42SWE_20200913_1_L2A_204.tif,0.001024665154065725,0.3963564765286827,0.00437989579698461,1263,12414
challenge,S2A,S2A_42SWE_20200913_1_L2A_208.tif,0.0007691793191090897,0.2723458797851785,0.006059422654178293,626,29299
challenge,S2A,S2A_42SWE_20200913_1_L2A_209.tif,0.004281738385784628,0.3955903774096435,0.011451240210212052,156,13917
challenge,S2A,S2A_42SWE_20200913_1_L2A_210.tif,0.0022999636847839244,0.31234135617614783,0.015178178618565774,557,24283
challenge,S2A,S2A_42SWE_20200913_1_L2A_213.tif,0.012704523580365737,0.3097062476197078,0.03529203306528027,853,25452
challenge,S2A,S2A_42SWE_20200913_1_L2A_214.tif,0.0038200862600123228,0.4402048297875132,0.008317755046314773,725,7421
challenge,S2A,S2A_42SWE_20200913_1_L2A_79.tif,0.010350867880460746,0.36250850199857043,0.041125625303379265,1451,17583
challenge,S2A,S2A_43SGV_20200825_0_L2A_3.tif,0.0006447453255963894,0.4648440640244023,0.007378074735253524,625,4031
challenge,S2A,S2A_43SGV_20200825_1_L2A_2.tif,0.020618556701030927,0.5074097544828559,0.1450094161958569,289,107
challenge,S2A,S2A_43SGV_20200825_2_L2A_2.tif,0.0,0.49694061279296875,0.0,289,112
challenge,S2A,S2A_43SGV_20200825_3_L2A_4.tif,0.0096964586846543,0.4869204898097153,0.07572056668295066,639,1756
challenge,S2A,S2A_43SGV_20200825_3_L2A_6.tif,0.0273972602739726,0.51261518998561,0.39588688946015427,127,23
challenge,S2A,S2A_43SGV_20200901_1_L2A_10.tif,0.004302925989672977,0.4933235800081584,0.009958071278825998,176,991
challenge,S2A,S2A_43SGV_20200901_1_L2A_9.tif,0.005854177754124534,0.4886729873890806,0.043862027413767136,753,1137
challenge,S2A,S2A_43SGV_20200914_1_L2A_4.tif,0.0038809831824062097,0.49019014823701423,0.06134969325153374,639,913
challenge,S2A,S2A_43SGV_20200921_1_L2A_2.tif,0.007359705611775529,0.4872115988376338,0.1452870591087229,1425,765
challenge,S2A,S2A_44RNV_20200915_0_L2A_39.tif,0.002486325211337643,0.45531895509967835,0.006782215523737755,778,5270
challenge,S2A,S2A_44RPU_20200905_1_L2A_26.tif,0.00012493128779171456,0.1947336899499495,0.010481794777491725,2290,37737
challenge,S2A,S2A_44RPU_20200905_1_L2A_51.tif,0.0019064616882326696,0.3130896201614063,0.00996419118791842,136,24564
challenge,S2A,S2A_44RPU_20200905_1_L2A_56.tif,0.002287207972553504,0.4079183490555813,0.02286692386384151,3058,9212
challenge,S2A,S2A_44RPU_20200905_1_L2A_83.tif,0.0,0.44344329833984375,0.012066325868645717,154,7259
challenge,S2A,S2A_44RPU_20200905_2_L2A_8.tif,0.008325566946256602,0.3821405211569912,0.012280875507576507,1039,15190
challenge,S2A,S2A_44RPV_20200905_0_L2A_18.tif,0.01882306320586487,0.47157592395635006,0.026650495759074477,323,4819
challenge,S2A,S2A_44RPV_20200905_0_L2A_24.tif,0.012769353551476457,0.4969448110858725,0.012811957827305483,775,494
challenge,S2A,S2A_44RPV_20200905_0_L2A_33.tif,0.0,0.49445343017578125,0.0,119,608
challenge,S2A,S2A_44RPV_20200905_0_L2A_93.tif,0.0019237051286704657,0.2909989614322857,0.023763719051515086,2673,24931
challenge,S2A,S2A_44RPV_20200905_1_L2A_18.tif,0.02165087956698241,0.4721469731657363,0.020910889760874667,323,4962
challenge,S2A,S2A_44RPV_20200905_1_L2A_19.tif,0.00021079258010118043,0.42773075106772324,0.0007513148009015778,487,9003
challenge,S2A,S2A_44RPV_20200905_1_L2A_9.tif,0.036947304663840094,0.4575363679119357,0.03959675520643822,5754,2806
challenge,S2A,S2A_44RPV_20200905_1_L2A_92.tif,0.000495949743759299,0.1772532408415049,0.018764430928647855,210,42154
challenge,S2A,S2A_44RPV_20200905_1_L2A_93.tif,0.008425980105324752,0.11377615053435321,0.050585839463157485,2673,49029
challenge,S2A,S2A_44RPV_20200915_0_L2A_26.tif,0.011074078056122998,0.36474414143124534,0.03401140491132081,351,18457
challenge,S2A,S2A_44RPV_20200915_0_L2A_43.tif,0.004554588077695914,0.3319300739392056,0.025723866995386365,501,21996
challenge,S2A,S2A_44RQT_20200912_0_L2A_97.tif,0.0008405379442843419,0.43692929551001086,0.00690667357334024,126,8209
challenge,S2A,S2A_44RQU_20200905_1_L2A_5.tif,0.01910200866482867,0.47149265992006084,0.07082630691399662,1020,4155
challenge,S2A,S2A_44RQU_20200915_0_L2A_9.tif,0.018713047471442514,0.37828000172989396,0.020385761329778894,434,17313
challenge,S2A,S2A_44RQU_20200915_1_L2A_14.tif,0.00392156862745098,0.41275632561774134,0.024200518582541054,254,11522
challenge,S2A,S2A_44RQV_20200915_0_L2A_5.tif,0.01209796400118029,0.37793216150189884,0.0334249529104625,1511,15639
challenge,S2A,S2A_44RQV_20200915_1_L2A_6.tif,0.0029824367612945983,0.4325999210016612,0.035798517520215636,1296,7784
challenge,S2A,S2A_44SKE_20200825_0_L2A_8.tif,0.0,0.3899688720703125,0.0028539394557129754,80,14342
challenge,S2A,S2A_44SKE_20200825_3_L2A_1.tif,0.0016233766233766235,0.486734811013228,0.007751937984496123,733,1118
challenge,S2A,S2A_44SKE_20200911_1_L2A_14.tif,0.008919202518363064,0.49004393557441833,0.008438818565400845,321,1602
challenge,S2A,S2A_44SKE_20200911_1_L2A_4.tif,0.015426147319706903,0.4882233338284134,0.16546710190893021,1791,842
challenge,S2A,S2A_44SKE_20200911_1_L2A_58.tif,0.022792022792022793,0.48519520474727024,0.10776871895792335,3372,218
challenge,S2A,S2A_44SLC_20200829_1_L2A_11.tif,0.048548094373865695,0.210564458663556,0.10171364258418648,22206,21703
challenge,S2A,S2A_44SLD_20200918_1_L2A_12.tif,0.006076388888888889,0.49430160453768557,0.045241114576550015,259,900
challenge,S2A,S2A_44SLE_20200901_0_L2A_14.tif,0.015479876160990712,0.4883189047349475,0.04123431671753137,237,2387
challenge,S2A,S2A_44SLE_20200918_1_L2A_3.tif,0.001989389920424403,0.48951193055144104,0.016718106995884774,974,537
challenge,S2A,S2A_44SMC_20200829_1_L2A_1.tif,0.06554218296081105,0.2838725521989211,0.14372350831431366,30852,5093
challenge,S2A,S2A_44SMC_20200829_1_L2A_16.tif,0.011910825529914196,0.3126530458284842,0.12698099458159703,10453,15374
challenge,S2A,S2A_44SMC_20200829_1_L2A_17.tif,0.0,0.43353271484375,0.0,237,8475
challenge,S2A,S2A_44SMC_20200829_1_L2A_18.tif,0.0,0.490234375,0.0,232,1048
challenge,S2A,S2A_44SMC_20200829_1_L2A_27.tif,0.000985585807564371,0.1909700739591138,0.015309244679753841,569,40056
challenge,S2A,S2A_44SMC_20200829_1_L2A_33.tif,0.02470316808283158,0.3792271697058857,0.032106517168885775,797,17413
challenge,S2A,S2A_44SMC_20200829_1_L2A_7.tif,0.1193782476258735,0.40334518145477477,0.30109964789307103,19843,5146
challenge,S2A,S2A_44SMC_20200901_0_L2A_4.tif,0.004259850905218318,0.49499600614601086,0.03517078119715928,231,712
challenge,S2A,S2A_44SMC_20200908_1_L2A_18.tif,0.0,0.49654388427734375,0.0,232,221
challenge,S2A,S2A_44SMD_20200928_1_L2A_81.tif,0.02201974183750949,0.5011788604923881,0.09321433630825895,377,969
challenge,S2A,S2A_44SMD_20200928_1_L2A_85.tif,0.008855154965211892,0.4924697617871144,0.033052332860362243,242,1353
challenge,S2A,S2A_44SME_20200901_1_L2A_17.tif,0.0014505572262515478,0.2852584490841541,0.02031947472375429,1025,27281
challenge,S2A,S2A_44SMF_20200829_0_L2A_2.tif,0.0026752870360049045,0.2963318388009061,0.031772463403777366,408,26577
challenge,S2A,S2A_44SMF_20200829_0_L2A_3.tif,0.0032083887628139916,0.4043601299490076,0.02048389490871308,189,12631
challenge,S2A,S2A_44SMF_20200829_1_L2A_1.tif,0.000517063081695967,0.35275982873585454,0.009928514694201748,175,19175
challenge,S2A,S2A_44SMF_20200829_1_L2A_4.tif,0.08059132093466857,0.4958231943368387,0.05949298488589149,1025,5773
challenge,S2A,S2A_44SMF_20200901_0_L2A_3.tif,0.0007684285635874636,0.3614614097275982,0.006601060884785054,189,18044
challenge,S2A,S2A_44SND_20200908_1_L2A_45.tif,0.05580957504034427,0.4739974458024466,0.13245336333429264,1628,6223
challenge,S2A,S2A_44SND_20200928_1_L2A_2.tif,0.021106259097525473,0.500287051114397,0.08384314512085048,377,1026
challenge,S2A,S2A_44SND_20200928_1_L2A_24.tif,0.01126126126126126,0.5022810708802835,0.17820093789967315,268,181
challenge,S2A,S2A_44SNE_20200918_0_L2A_101.tif,0.005456750202101859,0.46516865048305955,0.052005102514931616,649,4326
challenge,S2A,S2A_44SNE_20200918_0_L2A_106.tif,0.0070611151692232775,0.4412500969718867,0.1438899228642432,6956,1316
challenge,S2A,S2A_44SNE_20200918_0_L2A_3.tif,0.004081632653061225,0.5001792156551337,0.10471204188481675,149,97
challenge,S2A,S2A_44SNE_20200918_0_L2A_33.tif,0.02138157894736842,0.49706421115712013,0.0398355681706959,222,1641
challenge,S2A,S2A_44SNE_20200918_0_L2A_6.tif,0.005470459518599562,0.4957995809823851,0.033991416309012874,429,490
challenge,S2A,S2A_45UVQ_20200905_0_L2A_122.tif,0.0,0.49768829345703125,0.0,82,221
challenge,S2A,S2A_45UVQ_20200905_0_L2A_13.tif,0.004385252558063992,0.455405161961152,0.031050921824241656,2656,3528
challenge,S2A,S2A_45UVQ_20200905_0_L2A_14.tif,0.062140992167101824,0.5173431774966393,0.2118540621185406,1482,552
challenge,S2A,S2A_45UVQ_20200905_0_L2A_18.tif,0.031292932376736374,0.46707840508414505,0.11331444759206799,2179,4577
challenge,S2A,S2A_45UVQ_20200905_0_L2A_19.tif,0.09440892395592436,0.4958719922823945,0.14047729738106307,5964,2081
challenge,S2A,S2A_45UVQ_20200905_0_L2A_25.tif,0.07046310658098826,0.4705936488220812,0.04423760196166742,738,8924
challenge,S2A,S2A_45UVR_20200921_0_L2A_25.tif,0.0025210084033613447,0.43784754533729847,0.016758588863212513,2246,6105
challenge,S2A,S2A_45UVR_20200921_0_L2A_26.tif,0.002694509936005389,0.4787538597781602,0.026661926768574477,1121,1856
challenge,S2A,S2A_45UVR_20200921_1_L2A_24.tif,0.0008453978653703899,0.4282779669097332,0.00870187491054816,175,9296
challenge,S2A,S2A_45UVR_20200921_1_L2A_29.tif,0.0014354925533823794,0.4157818488407938,0.00905031204817072,281,10881
challenge,S2A,S2A_45UVR_20200921_1_L2A_3.tif,0.00040749796251018743,0.48148855862495693,0.002728512960436562,151,2304
challenge,S2A,S2A_45UWQ_20200905_1_L2A_241.tif,3.796795504594123e-05,0.29908055413087614,0.0021977879910278536,597,25742
challenge,S2A,S2A_45UWQ_20200905_1_L2A_59.tif,0.0008271298593879239,0.3990171513470919,0.003027152641878669,634,12676
challenge,S2A,S2A_45UWQ_20200905_1_L2A_72.tif,0.03672643146327357,0.4416768524440917,0.041420463056974985,606,10149
challenge,S2A,S2A_45UWQ_20200928_1_L2A_82.tif,0.0009346802315131035,0.2883546855592003,0.010566880971092575,271,27572
challenge,S2A,S2A_45UWQ_20200928_1_L2A_9.tif,0.006559766763848397,0.48247644005337326,0.014555536302200658,1249,1513
challenge,S2A,S2A_45UWR_20200915_1_L2A_157.tif,0.0008590538135853224,0.3761735518144573,0.003994341349754515,101,16210
challenge,S2A,S2A_45UWR_20200915_1_L2A_161.tif,0.008138674558714724,0.43239088206311516,0.015661252900232018,311,9227
challenge,S2A,S2A_45UXP_20200905_0_L2A_220.tif,0.0013041506010433204,0.3662283731345393,0.008886537952922508,258,17401
challenge,S2A,S2A_45UXP_20200905_0_L2A_227.tif,0.0036412185944896223,0.43916222685899486,0.005080771235018239,248,8021
challenge,S2A,S2A_45UXP_20200912_1_L2A_104.tif,0.07682523530908165,0.5105973679381353,0.042089284482163807,553,3680
challenge,S2A,S2A_45UYP_20200905_0_L2A_55.tif,0.017306780464675202,0.2855468927313764,0.028389273028589426,813,29224
challenge,S2A,S2A_45UYP_20200905_0_L2A_57.tif,0.002311756935270806,0.36277679030688786,0.01825735327182978,993,17217
challenge,S2A,S2A_45UYP_20200905_0_L2A_6.tif,0.0004828118964851294,0.42126351762058084,0.001671891327063741,564,9797
challenge,S2A,S2A_45UYP_20200905_0_L2A_78.tif,0.009546109510086455,0.336412268520275,0.022205428200893815,532,21888
challenge,S2A,S2A_45UYP_20200905_0_L2A_80.tif,0.0071319817293052324,0.40890924571208637,0.022621443365600714,1840,10728
challenge,S2A,S2A_45UYP_20200905_0_L2A_81.tif,0.03169517044357796,0.3220594371881028,0.017820937046667144,3125,23599
challenge,S2A,S2A_45UYP_20200905_0_L2A_92.tif,0.0013298803107720306,0.3917771705688665,0.006157960483487869,167,14139
challenge,S2A,S2A_45UYP_20200905_1_L2A_14.tif,0.09792024422820073,0.36125962981618076,0.03573637816382288,3510,25261
challenge,S2A,S2A_45UYP_20200905_1_L2A_29.tif,0.014839534223232037,0.4012232480612999,0.01682128632505716,1452,12841
challenge,S2A,S2A_45UYP_20200905_1_L2A_31.tif,0.00020508613617719443,0.35132026875935396,0.0010386642777388282,192,19316
challenge,S2A,S2A_45UYP_20200905_1_L2A_35.tif,0.014097978873825169,0.3252384766832583,0.029590718785459953,676,23709
challenge,S2A,S2A_45UYP_20200905_1_L2A_37.tif,0.0004398504508467121,0.2921282336315036,0.005970586083266262,448,26846
challenge,S2A,S2A_45UYP_20200905_1_L2A_5.tif,0.0014570552147239264,0.40135737202942035,0.004480366575447082,383,12676
challenge,S2A,S2A_45UYP_20200905_1_L2A_56.tif,0.030401409336856675,0.21574323669180853,0.021285763307472207,1470,39473
challenge,S2A,S2A_45UYP_20200905_1_L2A_57.tif,0.0017137042789053714,0.3585678316216217,0.015311702515493984,993,17712
challenge,S2A,S2A_45UYP_20200905_1_L2A_6.tif,0.0007291951508522468,0.4167133339934459,0.0036830325523415585,564,10415
challenge,S2A,S2A_45UYP_20200905_1_L2A_73.tif,0.03329041750965606,0.39533983740714446,0.039512627757429065,6958,9896
challenge,S2A,S2A_45UYP_20200905_1_L2A_78.tif,0.008634353883373655,0.32241480586605425,0.01957248867700431,532,23649
challenge,S2A,S2A_45UYP_20200905_1_L2A_80.tif,0.00744455763654886,0.4069480852698873,0.027494148204942868,1840,11016
challenge,S2A,S2A_45UYP_20200905_1_L2A_81.tif,0.030107149130511154,0.30163036146672284,0.015178247373336555,3125,26197
challenge,S2A,S2A_45UYP_20200905_1_L2A_9.tif,0.005353487639741773,0.3578667062247368,0.0039261876717707105,104,19051
challenge,S2A,S2A_45UYP_20200905_1_L2A_92.tif,0.0011058124265671434,0.39025833966871704,0.0070759301737879565,167,14318
challenge,S2A,S2A_45UYP_20200905_1_L2A_96.tif,0.00032118931816096176,0.3339212197258448,0.003701721300404688,299,21502
challenge,S2A,S2A_45UYQ_20200912_0_L2A_11.tif,0.009674434255909817,0.2339716068443268,0.029951688886842274,1213,34793
challenge,S2A,S2A_45UYQ_20200912_0_L2A_13.tif,0.030751708428246014,0.40422291231452717,0.04636254852022197,1774,13611
challenge,S2A,S2A_45UYQ_20200912_1_L2A_13.tif,0.02735516750355992,0.41410875712644046,0.04423382491336146,1774,11934
challenge,S2A,S2A_45UYR_20200912_0_L2A_66.tif,0.007858409541360965,0.285486393562596,0.020682353904554678,1153,27832
challenge,S2A,S2A_45UYR_20200912_0_L2A_67.tif,0.01733955191850983,0.24420804794446976,0.03497751700191639,1236,34319
challenge,S2A,S2A_45UYR_20200912_1_L2A_67.tif,0.018899535594615248,0.2522648634162496,0.03541640071703019,1236,33429
challenge,S2A,S2A_46RDS_20201222_0_L2A_1.tif,0.004734848484848485,0.494348318780887,0.015609412593157679,119,942
challenge,S2A,S2A_46RDS_20201222_0_L2A_100.tif,0.0015471892728210418,0.45645598510140967,0.004163222214475662,522,5304
challenge,S2A,S2A_46RDS_20201222_0_L2A_101.tif,0.0054363376251788265,0.4496478460546426,0.029936607114869937,921,6107
challenge,S2A,S2A_46RDS_20201222_0_L2A_102.tif,0.014871906209292228,0.438054158275979,0.037888699028359056,2171,7178
challenge,S2A,S2A_46RDS_20201222_0_L2A_103.tif,0.0021316280309086064,0.4439076943573346,0.01680706763419429,971,6551
challenge,S2A,S2A_46RDS_20201222_0_L2A_104.tif,0.0007775186049094747,0.4317473944105748,0.002195871761089153,670,8340
challenge,S2A,S2A_46RDS_20201222_0_L2A_106.tif,0.011578541103820918,0.48624144287200327,0.022081251934043585,179,2442
challenge,S2A,S2A_46RDS_20201222_0_L2A_108.tif,0.014979029358897543,0.3815819694170648,0.11156674892340446,10292,6648
challenge,S2A,S2A_46RDS_20201222_0_L2A_109.tif,0.005496137849079026,0.4516404184260586,0.026382807203972083,733,6036
challenge,S2A,S2A_46RDS_20201222_0_L2A_110.tif,0.006222222222222222,0.46044000685316083,0.02579420467868907,589,5071
challenge,S2A,S2A_46RDS_20201222_0_L2A_111.tif,0.0013623978201634877,0.4559369674365132,0.008353055826256438,212,5668
challenge,S2A,S2A_46RDS_20201222_0_L2A_112.tif,0.00011419435879867534,0.4332530993156624,0.0028504691397125775,85,8673
challenge,S2A,S2A_46RDS_20201222_0_L2A_113.tif,0.00437193431435274,0.43090571675638245,0.02200339816816957,683,8736
challenge,S2A,S2A_46RDS_20201222_0_L2A_114.tif,0.004010312231452306,0.47547208325470236,0.01091949548427281,217,3288
challenge,S2A,S2A_46RDS_20201222_0_L2A_116.tif,0.006215391569668889,0.43595844638424497,0.02367414703951596,512,8392
challenge,S2A,S2A_46RDS_20201222_0_L2A_119.tif,0.0017675651789659744,0.4664099698682035,0.008738214907526035,145,4389
challenge,S2A,S2A_46RDS_20201222_0_L2A_125.tif,0.03129527673138221,0.438752281682872,0.048163888739085885,912,9765
challenge,S2A,S2A_46RDS_20201222_0_L2A_16.tif,0.009734513274336283,0.4963285309599457,0.032582099162910494,479,662
challenge,S2A,S2A_46RDS_20201222_0_L2A_19.tif,0.0004291319274153997,0.37580399964955674,0.0022437003797031413,149,16170
challenge,S2A,S2A_46RDS_20201222_0_L2A_20.tif,0.004552980132450331,0.4839247159342145,0.019158629820485194,264,2163
challenge,S2A,S2A_46RDS_20201222_0_L2A_22.tif,0.006333333333333333,0.45765382657994647,0.029475940318954418,1962,4076
challenge,S2A,S2A_46RDS_20201222_0_L2A_25.tif,0.008072653884964682,0.49653571651640493,0.04483411377901764,154,845
challenge,S2A,S2A_46RDS_20201222_0_L2A_30.tif,0.005890603085553997,0.47589806045295024,0.017709867848041377,446,3140
challenge,S2A,S2A_46RDS_20201222_0_L2A_33.tif,0.0013412017167381974,0.47226419778196255,0.005891512014476286,189,3544
challenge,S2A,S2A_46RDS_20201222_0_L2A_39.tif,0.006834910620399579,0.48900266966241196,0.07709332349686462,424,1491
challenge,S2A,S2A_46RDS_20201222_0_L2A_43.tif,0.009057225195553726,0.48615849323397675,0.11141151111743533,1307,1144
challenge,S2A,S2A_46RDS_20201222_0_L2A_48.tif,0.014508928571428572,0.4937756060961249,0.13668022436664273,560,1258
challenge,S2A,S2A_46RDS_20201222_0_L2A_59.tif,0.002230275996654586,0.4738062013605541,0.03727171077152441,731,2864
challenge,S2A,S2A_46RDS_20201222_0_L2A_78.tif,0.0058232365924673615,0.42207800495353276,0.07391657612840764,3771,6938
challenge,S2A,S2A_46RDS_20201222_0_L2A_82.tif,0.002134605725765947,0.44042077284868864,0.048857702916023385,1759,6222
challenge,S2A,S2A_46RDS_20201222_0_L2A_88.tif,0.0033409060537217695,0.3877835153607948,0.02077584555065231,299,14717
challenge,S2A,S2A_46RDS_20201222_0_L2A_94.tif,0.0021533676277066633,0.4374224208632138,0.03415565664249895,833,7544
challenge,S2A,S2A_46RDS_20201222_0_L2A_97.tif,0.003940180890122683,0.41705132174048676,0.021464350547979485,928,10283
challenge,S2A,S2A_46RDS_20201222_1_L2A_102.tif,0.017315573770491803,0.43529508093270103,0.04357568286810364,2171,7758
challenge,S2A,S2A_46RDS_20201222_1_L2A_103.tif,0.0022152267692666433,0.4357963201325003,0.015724171669839856,971,7625
challenge,S2A,S2A_46RDS_20201222_1_L2A_104.tif,0.0014458329030259218,0.4269385386852665,0.002929072703295538,670,9027
challenge,S2A,S2A_46RDS_20201222_1_L2A_106.tif,0.008349389852280027,0.4806057741506859,0.01973366671150392,179,2961
challenge,S2A,S2A_46RDS_20201222_1_L2A_109.tif,0.0048699370471552445,0.4384758876777115,0.026126740779387567,733,7727
challenge,S2A,S2A_46RDS_20201222_1_L2A_110.tif,0.005890272635476271,0.4578542216752136,0.026658908783158342,589,5388
challenge,S2A,S2A_46RDS_20201222_1_L2A_111.tif,0.0012172854534388314,0.4505231830758831,0.007050591555314206,212,6368
challenge,S2A,S2A_46RDS_20201222_1_L2A_113.tif,0.006248779535247022,0.42539650609215923,0.022752851036463326,683,9623
challenge,S2A,S2A_46RDS_20201222_1_L2A_116.tif,0.01015378548895899,0.42834955332858843,0.028384044726373507,512,9735
challenge,S2A,S2A_46RDS_20201222_1_L2A_118.tif,0.0029545006893834944,0.46284841378847313,0.006927873142945115,765,4327
challenge,S2A,S2A_46RDS_20201222_1_L2A_120.tif,0.002704326923076923,0.4253549722359053,0.007427258404735859,192,9819
challenge,S2A,S2A_46RDS_20201222_1_L2A_122.tif,0.0,0.4800567626953125,0.0023743569449940637,91,2523
challenge,S2A,S2A_46RDS_20201222_1_L2A_124.tif,0.0006478082487583676,0.39438284166157755,0.0066414537404298505,107,13795
challenge,S2A,S2A_46RDS_20201222_1_L2A_125.tif,0.03187886033074318,0.4414331740319074,0.048267784277209805,912,9446
challenge,S2A,S2A_46RDS_20201222_1_L2A_13.tif,0.00023712603248626646,0.3071000981909723,0.0016906673673929265,223,25086
challenge,S2A,S2A_46RDS_20201222_1_L2A_15.tif,0.0017809892122939142,0.3511446891985959,0.005790977573815914,222,19465
challenge,S2A,S2A_46RDS_20201222_1_L2A_16.tif,0.0060189165950128975,0.4941889360859665,0.02599107377264374,479,691
challenge,S2A,S2A_46RDS_20201222_1_L2A_19.tif,0.00047211566833874297,0.3710012269221928,0.0020064774325812677,149,16804
challenge,S2A,S2A_46RDS_20201222_1_L2A_20.tif,0.0026981450252951096,0.47878619862667515,0.015451638517501129,264,2709
challenge,S2A,S2A_46RDS_20201222_1_L2A_21.tif,0.0016972843450479233,0.4245425324944153,0.0054629882545752535,307,9726
challenge,S2A,S2A_46RDS_20201222_1_L2A_22.tif,0.008938729075247847,0.4579062393562736,0.034546670133343234,1962,4246
challenge,S2A,S2A_46RDS_20201222_1_L2A_23.tif,0.014149947201689547,0.4714245130775436,0.07972881355932203,2428,2374
challenge,S2A,S2A_46RDS_20201222_1_L2A_30.tif,0.008449960390810668,0.47556260843184894,0.02270508493486932,446,3373
challenge,S2A,S2A_46RDS_20201222_1_L2A_32.tif,0.0013554727211114877,0.4781925382893844,0.0064414543372459205,92,2863
challenge,S2A,S2A_46RDS_20201222_1_L2A_4.tif,0.03099510603588907,0.5018901368997998,0.40744797371303393,1522,374
challenge,S2A,S2A_46RDS_20201222_1_L2A_5.tif,0.023474178403755867,0.5085627767152314,0.10114441416893731,145,291
challenge,S2A,S2A_46RDS_20201222_1_L2A_51.tif,0.008684863523573201,0.4982458943508693,0.02169869807811531,183,630
challenge,S2A,S2A_46RDS_20201222_1_L2A_52.tif,0.012279596977329974,0.4821921367637005,0.08332110037873229,915,2300
challenge,S2A,S2A_46RDS_20201222_1_L2A_54.tif,0.04223107569721116,0.5119375832649732,0.08752604941947008,230,1078
challenge,S2A,S2A_46RDS_20201222_1_L2A_60.tif,0.0013202565069784986,0.4602581688156831,0.02502623413684028,422,4887
challenge,S2A,S2A_46RDS_20201222_1_L2A_62.tif,0.008950242718446601,0.45458737451682063,0.044846270678543576,549,6102
challenge,S2A,S2A_46RDS_20201222_1_L2A_70.tif,0.01605651894669236,0.49633556664313444,0.10075969612155138,342,1240
challenge,S2A,S2A_46RDS_20201222_1_L2A_71.tif,0.00037038996772315995,0.35603527662710355,0.0045003867519864986,179,18727
challenge,S2A,S2A_46RDS_20201222_1_L2A_73.tif,0.00031133250311332503,0.47565730659641053,0.01730006286990266,631,2582
challenge,S2A,S2A_46RDS_20201222_1_L2A_74.tif,0.01724784401949756,0.4886132333549923,0.06105575577697689,148,2565
challenge,S2A,S2A_46RDS_20201222_1_L2A_75.tif,0.0037199415437757406,0.44462268677604005,0.035399224588413776,950,6605
challenge,S2A,S2A_46RDS_20201222_1_L2A_76.tif,0.0006370102983331564,0.4284964389199586,0.007209243908565688,834,8591
challenge,S2A,S2A_46RDS_20201222_1_L2A_82.tif,0.0024295432458697765,0.43854305784309483,0.04377865205644731,1759,6493
challenge,S2A,S2A_46RDS_20201222_1_L2A_94.tif,0.0019180294770845953,0.4255053156985985,0.02967825030866821,833,9092
challenge,S2A,S2A_46RDS_20201222_1_L2A_97.tif,0.006398537477148081,0.40355372696750513,0.027483489020288517,928,12284
challenge,S2A,S2A_46RDS_20201222_1_L2A_98.tif,0.0021332299040046545,0.4225261503184889,0.023053659926848966,2438,7897
challenge,S2A,S2A_46RES_20201222_0_L2A_14.tif,0.02498948254101809,0.42368283428235776,0.037953149584288415,865,11317
challenge,S2A,S2A_46RES_20201222_0_L2A_15.tif,0.0016294606485253381,0.45406229617598565,0.010713959069192142,296,5851
challenge,S2A,S2A_46RES_20201222_0_L2A_16.tif,0.004065652763138082,0.45155121316811747,0.025162449882483062,443,6225
challenge,S2A,S2A_46RES_20201222_0_L2A_17.tif,0.019065656565656567,0.39043849097406297,0.0495923154249972,850,15292
challenge,S2A,S2A_46RES_20201222_0_L2A_24.tif,0.01382852627419992,0.48786111891029427,0.021724756777179558,606,1960
challenge,S2A,S2A_46RES_20201222_0_L2A_26.tif,0.0054105665181413114,0.45499681634202993,0.017466846635399103,679,5639
challenge,S2A,S2A_46RES_20201222_0_L2A_27.tif,0.0013831258644536654,0.4566188001438005,0.00842941479456397,172,5620
challenge,S2A,S2A_46RES_20201222_0_L2A_29.tif,0.0011497556769186547,0.39450039676397824,0.005257807390715955,109,13823
challenge,S2A,S2A_46RES_20201222_0_L2A_32.tif,0.0037205770690964314,0.4016801001002025,0.023087729874771572,720,12499
challenge,S2A,S2A_46RES_20201222_0_L2A_34.tif,0.006531881804043546,0.4544981148416193,0.016971767720652127,1174,5298
challenge,S2A,S2A_46RES_20201222_0_L2A_36.tif,0.0005505597357313268,0.4587236951700798,0.0026800966012840905,89,5363
challenge,S2A,S2A_46RES_20201222_0_L2A_38.tif,0.0009285769558152132,0.4019431359231185,0.005766097020849872,122,12813
challenge,S2A,S2A_46RES_20201222_0_L2A_39.tif,0.0011192836584585865,0.3575313277026934,0.008061964635160946,219,18564
challenge,S2A,S2A_46RES_20201222_0_L2A_4.tif,0.006324019776934575,0.43717340250617315,0.02508638904396125,512,8240
challenge,S2A,S2A_46RES_20201222_0_L2A_41.tif,0.02246900826446281,0.33657981437310264,0.03126928162185985,1465,22289
challenge,S2A,S2A_46RES_20201222_0_L2A_42.tif,0.0,0.44280242919921875,0.0002856326763781777,72,7425
challenge,S2A,S2A_46RES_20201222_0_L2A_43.tif,0.007305422871593144,0.44970060099660536,0.03789759691332737,878,6292
challenge,S2A,S2A_46RES_20201222_0_L2A_44.tif,0.0009578544061302681,0.4368114873300338,0.00595331982512123,196,8164
challenge,S2A,S2A_46RES_20201222_0_L2A_45.tif,0.0027113049628669102,0.43678831470114554,0.011239813918636236,240,8266
challenge,S2A,S2A_46RES_20201222_0_L2A_46.tif,0.008421985815602837,0.4700572782905612,0.02709808402104986,470,4080
challenge,S2A,S2A_46RES_20201222_0_L2A_47.tif,0.0011957431543704413,0.43685981340180446,0.010607988024431638,392,7981
challenge,S2A,S2A_46RES_20201222_0_L2A_48.tif,0.02442847811887655,0.3976075664588429,0.014945032676427378,444,15240
challenge,S2A,S2A_46RES_20201222_0_L2A_49.tif,0.0002042483660130719,0.46275566809084206,0.000854335753951303,137,4760
challenge,S2A,S2A_46RES_20201222_0_L2A_50.tif,0.006686649757897164,0.4046099599688659,0.019067039180117314,683,12415
challenge,S2A,S2A_46RES_20201222_0_L2A_53.tif,0.03376304481276857,0.45658517389808684,0.07575017994390715,2931,5489
challenge,S2A,S2A_46RES_20201222_0_L2A_54.tif,0.04367184539598333,0.3656004319374754,0.052542135402777836,1621,20413
challenge,S2A,S2A_46RES_20201222_0_L2A_55.tif,0.0003726377428799574,0.35690624440059504,0.0018760552810956164,210,18582
challenge,S2A,S2A_46RES_20201222_0_L2A_58.tif,0.004739001273164521,0.3949064265098963,0.022893292600502855,1086,13119
challenge,S2A,S2A_46RES_20201222_0_L2A_6.tif,0.0047005926834253016,0.4651821007164169,0.009643533666264853,765,4151
challenge,S2A,S2A_46RES_20201222_0_L2A_63.tif,0.004661739624786811,0.4355013408407162,0.019813476359646552,689,8147
challenge,S2A,S2A_46RES_20201222_0_L2A_66.tif,0.01532473850644612,0.4767488629223691,0.04884610649290245,2109,2065
challenge,S2A,S2A_46RES_20201222_0_L2A_7.tif,0.0019353055017970694,0.47342259636365014,0.010408921933085503,145,3479
challenge,S2A,S2A_46RES_20201222_0_L2A_73.tif,0.006229235880398671,0.43001913257151464,0.01990706179869562,952,8740
challenge,S2A,S2A_46RES_20201222_0_L2A_75.tif,0.0,0.4372100830078125,0.0010245114361089056,341,7889
challenge,S2A,S2A_46RES_20201222_0_L2A_8.tif,0.0035288928098809,0.43279155925301077,0.009758403069309682,192,8908
challenge,S2A,S2A_46RES_20201222_1_L2A_1.tif,0.008448154480539073,0.4289093427783738,0.025631405382990066,683,9344
challenge,S2A,S2A_46RES_20201222_1_L2A_13.tif,0.000625564745951206,0.39060228135812675,0.006731689803733845,107,14289
challenge,S2A,S2A_46RES_20201222_1_L2A_14.tif,0.02625025938991492,0.44124577366046147,0.04231185016170493,865,9026
challenge,S2A,S2A_46RES_20201222_1_L2A_15.tif,0.0020271323873382193,0.45217575351720435,0.009976380562419502,296,6130
challenge,S2A,S2A_46RES_20201222_1_L2A_17.tif,0.018758755100797855,0.38588179982304255,0.05344270281301638,850,15877
challenge,S2A,S2A_46RES_20201222_1_L2A_18.tif,0.022458878110501897,0.44026668474206876,0.06881465926981353,2236,7461
challenge,S2A,S2A_46RES_20201222_1_L2A_19.tif,0.0270042194092827,0.5047011204520766,0.05748929823541945,241,976
challenge,S2A,S2A_46RES_20201222_1_L2A_2.tif,0.0007005065200991486,0.35883506012176225,0.00308191403081914,77,18494
challenge,S2A,S2A_46RES_20201222_1_L2A_20.tif,0.0023591860808021233,0.47536620029226284,0.013045927595101847,159,3240
challenge,S2A,S2A_46RES_20201222_1_L2A_23.tif,0.0058601925491837585,0.43038886231002255,0.02075076852025574,535,9077
challenge,S2A,S2A_46RES_20201222_1_L2A_26.tif,0.006757771437152726,0.45288339778893716,0.0231158673851173,679,6025
challenge,S2A,S2A_46RES_20201222_1_L2A_28.tif,0.0041924398625429555,0.391450935471554,0.01695536481575433,896,13715
challenge,S2A,S2A_46RES_20201222_1_L2A_29.tif,0.0011288180610889774,0.3857656483656992,0.00617006234333826,109,14968
challenge,S2A,S2A_46RES_20201222_1_L2A_38.tif,0.001497311645001021,0.3887802215947019,0.00883990391408789,122,14593
challenge,S2A,S2A_46RES_20201222_1_L2A_39.tif,0.0015000937558597412,0.3788258192555095,0.009338424504025899,219,15804
challenge,S2A,S2A_46RES_20201222_1_L2A_4.tif,0.010443099746242437,0.4277406163421182,0.027593582887700537,512,9841
challenge,S2A,S2A_46RES_20201222_1_L2A_41.tif,0.01931379231992729,0.3439398898169494,0.028633860466552797,1465,20965
challenge,S2A,S2A_46RES_20201222_1_L2A_43.tif,0.008620689655172414,0.44458651028246493,0.04067318290144042,878,7078
challenge,S2A,S2A_46RES_20201222_1_L2A_45.tif,0.0030408829823178286,0.4339572059052089,0.011732415021857434,240,8666
challenge,S2A,S2A_46RES_20201222_1_L2A_46.tif,0.007492195629552549,0.4673415176621045,0.025931178190026917,470,4371
challenge,S2A,S2A_46RES_20201222_1_L2A_48.tif,0.028978875924654923,0.41677779206632404,0.018764285379581084,444,13049
challenge,S2A,S2A_46RES_20201222_1_L2A_49.tif,0.00019264110961279138,0.46049915873287917,0.0012117234241284427,137,5055
challenge,S2A,S2A_46RES_20201222_1_L2A_5.tif,0.012491237014849277,0.38767353402624927,0.03932130684794734,7392,8495
challenge,S2A,S2A_46RES_20201222_1_L2A_53.tif,0.025767292716445258,0.4477567917701747,0.06697259581191095,2931,6026
challenge,S2A,S2A_46RES_20201222_1_L2A_54.tif,0.034828496042216356,0.34791591612934986,0.05794463606909116,1621,21911
challenge,S2A,S2A_46RES_20201222_1_L2A_55.tif,0.000744324525493115,0.2749623261971728,0.0033898305084745766,210,29369
challenge,S2A,S2A_46RES_20201222_1_L2A_61.tif,0.02540346682606097,0.4126649213386701,0.06419011199125922,5193,8531
challenge,S2A,S2A_46RES_20201222_1_L2A_73.tif,0.01254329308246747,0.42562426572719136,0.029516374095769585,952,9865
challenge,S2A,S2A_46RES_20201222_1_L2A_75.tif,0.0001031778786628147,0.42611399833888886,0.0015262078504316306,341,9352
challenge,S2A,S2A_46RES_20201222_1_L2A_8.tif,0.003216434945009338,0.428277937341217,0.00867252308256731,192,9477
challenge,S2A,S2A_46RES_20201222_1_L2A_9.tif,0.0008918333545674609,0.4406098135778926,0.004422577256896457,73,7783
challenge,S2A,S2A_46UCA_20200922_0_L2A_37.tif,0.03215434083601286,0.4999848476855957,0.005063291139240506,1995,252
challenge,S2A,S2A_46UCA_20200922_1_L2A_35.tif,0.016406010426249618,0.4591804005576968,0.02262556912222823,124,6505
challenge,S2A,S2A_46UCV_20200922_2_L2A_27.tif,0.016057808109193095,0.4518270574115734,0.010810323859285619,124,7469
challenge,S2A,S2A_5VMF_20200820_0_L2A_1.tif,0.022727272727272728,0.5103793994143131,0.21215880893300246,62,73
challenge,S2A,S2A_5VMF_20200820_0_L2A_104.tif,0.0031877590054191903,0.4777331219408258,0.003026447019981429,260,2887
challenge,S2A,S2A_5VMF_20200820_0_L2A_105.tif,0.0044444444444444444,0.4970950343931895,0.0,183,495
challenge,S2A,S2A_5VMF_20200820_0_L2A_11.tif,0.01291823401306672,0.3536977229046567,0.02794040086714022,2635,17830
challenge,S2A,S2A_5VMF_20200820_0_L2A_13.tif,0.03912254944295708,0.43408580493674215,0.06428734276339917,985,11047
challenge,S2A,S2A_5VMF_20200820_0_L2A_14.tif,0.006555877420338466,0.4535321643526043,0.029239029062586644,1454,5148
challenge,S2A,S2A_5VMF_20200820_0_L2A_16.tif,0.0002729044834307992,0.30447498937794515,0.005672830415098456,291,25366
challenge,S2A,S2A_5VMF_20200820_0_L2A_2.tif,0.016020236087689713,0.4544960096399441,0.024839860241665453,615,6615
challenge,S2A,S2A_5VMF_20200820_0_L2A_24.tif,0.005036290919863724,0.45124490189484984,0.03842405680077962,1185,5600
challenge,S2A,S2A_5VMF_20200820_0_L2A_28.tif,0.002100288789708585,0.44303732388203376,0.009170405790456228,395,7239
challenge,S2A,S2A_5VMF_20200820_0_L2A_33.tif,0.03100932306445075,0.4789431700130231,0.10815801622370244,3766,1321
challenge,S2A,S2A_5VMF_20200820_0_L2A_4.tif,0.0,0.33808135986328125,0.0,165,21058
challenge,S2A,S2A_5VMF_20200820_0_L2A_44.tif,0.009766306243460064,0.4832140440052862,0.10221238938053098,1230,1665
challenge,S2A,S2A_5VMF_20200820_0_L2A_65.tif,0.0073120494335736355,0.356257180786151,0.02175286923313939,331,19231
challenge,S2A,S2A_5VMF_20200820_0_L2A_69.tif,0.009116131589377725,0.40902299295874933,0.015923208457525404,254,12476
challenge,S2A,S2A_5VMF_20200820_0_L2A_70.tif,0.06403508771929825,0.5075139689863389,0.12498455836936381,968,2671
challenge,S2A,S2A_5VMF_20200820_0_L2A_77.tif,0.00047859380438565957,0.32493979289608826,0.010845006778129237,1916,21079
challenge,S2A,S2A_5VMF_20200820_0_L2A_95.tif,0.005389140881124534,0.3334164121918158,0.07768600054594535,19341,3046
challenge,S2A,S2A_5VMF_20200820_1_L2A_13.tif,0.039079891169923324,0.42997153391609194,0.07255697936026606,985,11618
challenge,S2A,S2A_5VMF_20200820_1_L2A_16.tif,0.00023783098144918344,0.3076727076469889,0.006490796977143122,291,24943
challenge,S2A,S2A_5VMF_20200820_1_L2A_69.tif,0.009570104815433692,0.40510610423465465,0.018490319773765498,254,13038
challenge,S2A,S2A_5VMF_20200909_0_L2A_3.tif,0.02512025654730091,0.32994942361442825,0.05069681222702479,779,24155
challenge,S2A,S2A_5VMF_20200909_0_L2A_38.tif,0.016181786882423825,0.3767196365067711,0.03861091474004835,1313,16396
challenge,S2A,S2A_5VMF_20200909_0_L2A_4.tif,0.0,0.40967559814453125,0.0,165,11674
challenge,S2A,S2A_5VMF_20200909_0_L2A_6.tif,0.042634875732471204,0.26244670931911496,0.054019719970979416,2859,33261
challenge,S2A,S2A_5VMF_20200909_0_L2A_69.tif,0.0004707090590097993,0.3219980405272157,0.00552202895120893,254,23126
challenge,S2A,S2A_5VMF_20200909_0_L2A_7.tif,0.02178477690288714,0.22289745753313617,0.035036337079433696,8278,30652
challenge,S2A,S2A_5VMF_20200909_0_L2A_70.tif,0.07115295570304059,0.48933752279965703,0.052223866306902254,968,5972
challenge,S2A,S2A_5VMF_20200909_0_L2A_8.tif,0.18138989918715062,0.30211393246940355,0.11001782190387095,12115,36283
challenge,S2A,S2A_5VMF_20200909_0_L2A_84.tif,0.12091962091962093,0.4008866980036142,0.07757605398004105,4580,20968
challenge,S2A,S2A_5VMF_20200909_0_L2A_89.tif,0.02082288008028098,0.48059615273474576,0.05790494114593051,2613,1456
challenge,S2A,S2A_5VMF_20200909_0_L2A_9.tif,0.016811557146509844,0.27181140847634677,0.01743939671671033,919,30895
challenge,S2A,S2A_5VMF_20200912_1_L2A_27.tif,0.004391743522178305,0.4675936371924342,0.024024913570334455,291,4283
challenge,S2A,S2A_5VMF_20200912_1_L2A_5.tif,0.007036059806508356,0.4776678039904443,0.024773602581451025,918,2517
challenge,S2A,S2A_5VMF_20200912_1_L2A_77.tif,0.019121601434120106,0.4844890143045478,0.11085936033047505,1916,1495
challenge,S2A,S2A_5VMG_20200820_0_L2A_148.tif,0.001041124414367517,0.4273053499250362,0.012391374316060508,183,9432
challenge,S2A,S2A_5VMG_20200820_0_L2A_149.tif,0.0009095043201455207,0.416633063059563,0.012051096649795132,195,10810
challenge,S2A,S2A_5VMG_20200820_0_L2A_153.tif,0.0003257328990228013,0.4299158153454875,0.0036734838048814947,161,9052
challenge,S2A,S2A_5VMG_20200820_0_L2A_25.tif,0.0008089305937550558,0.4532817294924491,0.002320300976183768,112,6074
challenge,S2A,S2A_5VMG_20200820_0_L2A_35.tif,0.004899559039686428,0.486952114470855,0.007687669580946638,313,1738
challenge,S2A,S2A_5VMG_20200820_0_L2A_38.tif,0.004247852987348786,0.2547998493047695,0.01631258953026648,419,32206
challenge,S2A,S2A_5VMG_20200820_0_L2A_74.tif,0.001051625239005736,0.34103318508950925,0.013226118709207488,745,20197
challenge,S2A,S2A_5VMG_20200820_1_L2A_74.tif,0.0008346425765907306,0.34511122687293494,0.013611340489953208,745,19640
challenge,S2A,S2A_5VMJ_20200905_0_L2A_12.tif,0.0012254901960784314,0.4881764524865704,0.007789678675754625,83,1551
challenge,S2A,S2A_5VMJ_20200905_0_L2A_22.tif,0.0,0.4448699951171875,0.00033350008337502084,126,7100
challenge,S2A,S2A_5VMJ_20200905_0_L2A_27.tif,0.0037317411237871843,0.4305387152512876,0.013543786445953108,367,9047
challenge,S2A,S2A_5VMJ_20200905_0_L2A_29.tif,0.0036597537983808362,0.4332528651592701,0.014795783725074098,543,8507
challenge,S2A,S2A_5VMJ_20200905_0_L2A_32.tif,0.004538258575197889,0.4302614338086928,0.015547471756138189,141,9377
challenge,S2A,S2A_5VMJ_20200905_0_L2A_53.tif,0.0008863003291972652,0.44023316679845537,0.0023596035865974517,279,7626
challenge,S2A,S2A_5VMJ_20200905_0_L2A_58.tif,0.017014036580178648,0.4378082909283664,0.020035252643948297,267,9297
challenge,S2A,S2A_5VMJ_20200905_0_L2A_60.tif,0.003014507316460466,0.3803018419797548,0.018578216430110157,196,15775
challenge,S2A,S2A_5VMJ_20200905_0_L2A_63.tif,0.004891734407596575,0.39679883353849615,0.03135703806968771,3627,10342
challenge,S2A,S2A_5VMJ_20200905_0_L2A_75.tif,0.0071146245059288534,0.48438700790912,0.009557691286571444,507,2041
challenge,S2A,S2A_5VMJ_20200905_0_L2A_76.tif,0.0024469820554649264,0.4825602833365986,0.0,627,1831
challenge,S2A,S2A_5VMJ_20200905_0_L2A_77.tif,0.004974789915966386,0.3894370756887888,0.024753759769172486,592,14357
challenge,S2A,S2A_5VMJ_20200905_0_L2A_79.tif,0.002203128442388191,0.32820201317211495,0.01127243766464498,119,22626
challenge,S2A,S2A_5VMJ_20200905_0_L2A_80.tif,0.02995631370917412,0.3714128859186264,0.02601961032271596,1037,18767
challenge,S2A,S2A_5VMJ_20200905_0_L2A_82.tif,0.001607717041800643,0.38705370587710985,0.0,427,14525
challenge,S2A,S2A_5VMJ_20200905_0_L2A_83.tif,0.030998851894374284,0.48970007398778137,0.0192933094602989,1204,2388
challenge,S2A,S2A_5VMJ_20200905_0_L2A_89.tif,0.00060156406657309,0.4242440141407183,0.000968054211035818,364,9616
challenge,S2A,S2A_5VMJ_20200905_0_L2A_94.tif,0.005585323767141949,0.3354023877790352,0.02234910313951687,471,21674
challenge,S2A,S2A_5VMJ_20200905_0_L2A_95.tif,0.0002813335208890139,0.28322576015563433,0.006559720791371444,204,28240
challenge,S2A,S2A_5VMJ_20200905_1_L2A_16.tif,0.0008663366336633663,0.4388344868170377,0.006885248601948624,56,8031
challenge,S2B,S2B_45UVQ_20200913_0_L2A_100.tif,0.023741690408357077,0.4489346385187371,0.022143454218106994,662,7962
challenge,S2B,S2B_45UVQ_20200913_0_L2A_128.tif,0.0017194792434291329,0.43883477090891576,0.007091536810674629,181,7975
challenge,S2B,S2B_45UVQ_20200913_0_L2A_132.tif,0.002673320263767599,0.4159093710285956,0.014860551969566285,1291,9961
challenge,S2B,S2B_45UVQ_20200920_0_L2A_48.tif,0.004201176329372224,0.43877331071854025,0.016057519472738167,559,7807
challenge,S2B,S2B_45UVQ_20200920_0_L2A_50.tif,0.007121764808059754,0.45992396355526277,0.013609227720259102,623,5175
challenge,S2B,S2B_45UVQ_20200920_1_L2A_21.tif,0.036830474586972535,0.44820844442385166,0.040412542758873855,662,9191
challenge,S2B,S2B_45UVQ_20200920_1_L2A_22.tif,0.033987316686484345,0.44222336091867204,0.047443606409231516,1128,9307
challenge,S2B,S2B_45UVQ_20200920_1_L2A_31.tif,0.026550647032574745,0.4799277227397308,0.023745989865979075,720,3881
challenge,S2B,S2B_45UVQ_20200920_1_L2A_57.tif,0.02862857857232154,0.4548260261596966,0.015199014241911914,400,7828
challenge,S2B,S2B_45UVR_20200903_1_L2A_118.tif,0.0004144791378833932,0.38979979259808867,0.001569550716107514,197,14285
challenge,S2B,S2B_45UVR_20200903_1_L2A_158.tif,0.017212102500771844,0.4111292855222767,0.02008281484843684,1652,11527
challenge,S2B,S2B_45UVR_20200903_1_L2A_167.tif,0.0025380710659898475,0.4592831376666294,0.011531941470378301,833,4697
challenge,S2B,S2B_45UVR_20200903_1_L2A_168.tif,0.0930988338749761,0.5100845981086052,0.16932639005543423,4227,1491
challenge,S2B,S2B_45UVR_20200903_1_L2A_174.tif,0.04554537885095754,0.434580841574304,0.04919365580976615,827,11730
challenge,S2B,S2B_45UVR_20200913_0_L2A_112.tif,0.0012999675008124798,0.4303017144139799,0.006991829917263346,357,8886
challenge,S2B,S2B_45UVR_20200913_0_L2A_116.tif,0.019858019953952418,0.43173249694294846,0.008410198100353856,977,9654
challenge,S2B,S2B_45UWQ_20200920_0_L2A_16.tif,0.0008512310110005239,0.3839855868132853,0.006249127912771343,830,14455
challenge,S2B,S2B_45UWQ_20200920_0_L2A_24.tif,0.007158241479792221,0.3837970868985865,0.010634515257608149,756,15143
challenge,S2B,S2B_45UWQ_20200920_1_L2A_14.tif,0.055598799065940174,0.4625047934686365,0.04350864589881038,1396,8097
challenge,S2B,S2B_45UWQ_20200920_1_L2A_24.tif,0.007142857142857143,0.3728863965441557,0.005382869808433163,756,16587
challenge,S2B,S2B_46RDS_20201227_1_L2A_1.tif,0.001998001998001998,0.4933770032573707,0.014539234552063287,119,884
challenge,S2B,S2B_46RDS_20201227_1_L2A_100.tif,0.0007856409016740195,0.3742233837644826,0.007765960012541303,522,16038
challenge,S2B,S2B_46RDS_20201227_1_L2A_101.tif,0.006686649757897164,0.43755023406982185,0.031545169659708196,921,7811
challenge,S2B,S2B_46RDS_20201227_1_L2A_102.tif,0.00630623055578912,0.41288562776624643,0.02036850333873961,2171,9797
challenge,S2B,S2B_46RDS_20201227_1_L2A_103.tif,0.01047748540350316,0.4106588176195713,0.02158474606359386,971,11663
challenge,S2B,S2B_46RDS_20201227_1_L2A_105.tif,0.009879253567508232,0.498056967727182,0.056416615003099815,196,724
challenge,S2B,S2B_46RDS_20201227_1_L2A_106.tif,0.005390835579514825,0.4886170366891256,0.01186618593400575,179,1686
challenge,S2B,S2B_46RDS_20201227_1_L2A_108.tif,0.09415749364944961,0.4214524550980385,0.18115035835044094,10292,9091
challenge,S2B,S2B_46RDS_20201227_1_L2A_109.tif,0.009579364229904741,0.3632057660845348,0.02629046518784835,733,18132
challenge,S2B,S2B_46RDS_20201227_1_L2A_11.tif,0.0,0.49417877197265625,0.0,181,582
challenge,S2B,S2B_46RDS_20201227_1_L2A_110.tif,0.007549883156570196,0.4616260424424864,0.027517964424549415,589,5016
challenge,S2B,S2B_46RDS_20201227_1_L2A_112.tif,0.004840331908473724,0.3814971454375776,0.007601886394031112,85,15900
challenge,S2B,S2B_46RDS_20201227_1_L2A_113.tif,0.034502051473330846,0.3977468629813985,0.02019303273863288,683,15958
challenge,S2B,S2B_46RDS_20201227_1_L2A_115.tif,0.0003518648838845883,0.41347020089094433,0.002060992141778625,77,11295
challenge,S2B,S2B_46RDS_20201227_1_L2A_120.tif,0.007710100231303007,0.43504834128969605,0.012650674304809643,192,8957
challenge,S2B,S2B_46RDS_20201227_1_L2A_121.tif,0.0018438844499078057,0.4513523188808357,0.0073238203275817464,73,6447
challenge,S2B,S2B_46RDS_20201227_1_L2A_122.tif,0.000949780363290989,0.4362656971649198,0.010945409768778218,91,8340
challenge,S2B,S2B_46RDS_20201227_1_L2A_124.tif,0.005009633911368015,0.48280181190402277,0.022718052738336714,107,2501
challenge,S2B,S2B_46RDS_20201227_1_L2A_125.tif,0.04970849953973611,0.47736299049243447,0.0881221680517283,912,5930
challenge,S2B,S2B_46RDS_20201227_1_L2A_15.tif,0.0017551557700745941,0.3445798679613732,0.006483781847624801,222,20325
challenge,S2B,S2B_46RDS_20201227_1_L2A_18.tif,0.0,0.4794921875,0.0,90,2598
challenge,S2B,S2B_46RDS_20201227_1_L2A_19.tif,0.000754016588364944,0.3689117212957239,0.002522157591175724,149,17105
challenge,S2B,S2B_46RDS_20201227_1_L2A_2.tif,0.01905459875412239,0.48908719186988386,0.28485008662966554,2292,489
challenge,S2B,S2B_46RDS_20201227_1_L2A_35.tif,0.008936170212765958,0.46890757574674696,0.08317562110490977,1023,3719
challenge,S2B,S2B_46RDS_20201227_1_L2A_39.tif,0.008169934640522876,0.490188659266355,0.10141379827146924,424,1427
challenge,S2B,S2B_46RDS_20201227_1_L2A_48.tif,0.011157601115760111,0.48934513344345826,0.11809637673939756,560,1615
challenge,S2B,S2B_46RDS_20201227_1_L2A_50.tif,0.0010242403550699897,0.47818748983862175,0.009346728644974258,93,2839
challenge,S2B,S2B_46RDS_20201227_1_L2A_51.tif,0.005488474204171241,0.4958314782551277,0.01085481682496608,183,733
challenge,S2B,S2B_46RDS_20201227_1_L2A_52.tif,0.01171569903670919,0.47687676814839536,0.07661637844238066,915,2971
challenge,S2B,S2B_46RDS_20201227_1_L2A_53.tif,0.0036281179138321997,0.48505023280626297,0.07375852434884489,439,1774
challenge,S2B,S2B_46RDS_20201227_1_L2A_55.tif,0.000943930526713234,0.46009412881953615,0.016070347773456794,203,5099
challenge,S2B,S2B_46RDS_20201227_1_L2A_59.tif,0.0010034115994380895,0.4625196820247118,0.027685721962955982,731,4257
challenge,S2B,S2B_46RDS_20201227_1_L2A_60.tif,0.001584786053882726,0.45752778454494153,0.02196565534382269,422,5266
challenge,S2B,S2B_46RDS_20201227_1_L2A_61.tif,0.00958994708994709,0.48193482119484304,0.0854962645323674,957,2096
challenge,S2B,S2B_46RDS_20201227_1_L2A_62.tif,0.005870123517182341,0.4408702559926493,0.03349148758024002,549,7676
challenge,S2B,S2B_46RDS_20201227_1_L2A_63.tif,0.002716161158895428,0.48454898550848785,0.009286234522942461,151,2064
challenge,S2B,S2B_46RDS_20201227_1_L2A_68.tif,0.004357750570657813,0.4655613067895646,0.029842489192371834,194,4646
challenge,S2B,S2B_46RDS_20201227_1_L2A_72.tif,0.007693622841511369,0.4595353793155809,0.04901605698418448,821,5073
challenge,S2B,S2B_46RDS_20201227_1_L2A_73.tif,0.00027240533914464724,0.47213589748913437,0.02577651589836613,631,3041
challenge,S2B,S2B_46RDS_20201227_1_L2A_74.tif,0.017094017094017096,0.4874744456347193,0.05724546214154918,148,2708
challenge,S2B,S2B_46RDS_20201227_1_L2A_83.tif,0.0013025458851391356,0.43629415733783855,0.006683747354350005,644,7812
challenge,S2B,S2B_46RDS_20201227_1_L2A_88.tif,0.002965497576276019,0.3679921251243423,0.01810528292438658,299,17288
challenge,S2B,S2B_46RDS_20201227_1_L2A_89.tif,0.007915057915057915,0.46472552651459437,0.02348351781958719,563,4658
challenge,S2B,S2B_46RDS_20201227_1_L2A_91.tif,0.0,0.33612060546875,0.0019353590090961873,135,21345
challenge,S2B,S2B_46RDS_20201227_1_L2A_92.tif,0.00025933609958506224,0.3530618680772604,0.006364809828450525,127,19158
challenge,S2B,S2B_46RDS_20201227_1_L2A_96.tif,0.0011748251748251747,0.36432854057337,0.00761512641018751,656,17240
challenge,S2B,S2B_46RDS_20201227_1_L2A_97.tif,0.015007776049766719,0.41057690273189096,0.0422946022004978,928,12125
challenge,S2B,S2B_46RES_20201227_0_L2A_1.tif,0.02329808327825512,0.42106455639684354,0.02994062163538718,683,11703
challenge,S2B,S2B_46RES_20201227_0_L2A_14.tif,0.01336996336996337,0.46553960185209897,0.0517149244078845,865,4668
challenge,S2B,S2B_46RES_20201227_0_L2A_15.tif,0.001278118609406953,0.44101387235601136,0.0093373530740031,296,7538
challenge,S2B,S2B_46RES_20201227_0_L2A_16.tif,0.008669698692438886,0.4510702445352229,0.035698760500499326,443,6654
challenge,S2B,S2B_46RES_20201227_0_L2A_17.tif,0.010794764539198488,0.4493979322573773,0.04758234780611927,850,6641
challenge,S2B,S2B_46RES_20201227_0_L2A_18.tif,0.03792796232658776,0.46102995498223376,0.09503576047082421,2236,5919
challenge,S2B,S2B_46RES_20201227_0_L2A_2.tif,0.0,0.42804718017578125,0.0011160091512750405,77,9354
challenge,S2B,S2B_46RES_20201227_0_L2A_23.tif,0.0076045627376425855,0.44400938015310865,0.023841005158700253,535,7415
challenge,S2B,S2B_46RES_20201227_0_L2A_24.tif,0.06136626785025087,0.5120833205350953,0.07531463680507382,606,2144
challenge,S2B,S2B_46RES_20201227_0_L2A_27.tif,0.0020191822311963654,0.4557513651220691,0.01048777180055151,172,5783
challenge,S2B,S2B_46RES_20201227_0_L2A_28.tif,0.004131093362709997,0.446864496395885,0.014630225771374785,896,6396
challenge,S2B,S2B_46RES_20201227_0_L2A_30.tif,0.01379013143719026,0.4719411923070604,0.03264784278808011,404,4301
challenge,S2B,S2B_46RES_20201227_0_L2A_32.tif,0.004271520104002229,0.4202682993709811,0.02583047717370046,720,10095
