set,region,file,iou,miou_2class,boundary_f1,lake_pixels_true,lake_pixels_pred
test,ACS,ACS_S2A_17XPA_20200811_0_L2A_100.tif,0.38198757763975155,0.6894726844522424,0.4866437450409944,322,123
test,ACS,ACS_S2A_17XPA_20200811_0_L2A_170.tif,0.0,0.498748779296875,0.0,164,0
test,ACS,ACS_S2A_18WWD_20200825_0_L2A_144.tif,0.23072325164375374,0.6054844193752154,0.2160136734157244,1673,386
test,ACS,ACS_S2A_18WWD_20200825_0_L2A_171.tif,0.2053782202607,0.47687248842527635,0.035665305862090955,19481,4007
test,ACS,ACS_S2A_18WWE_20200723_1_L2A_106.tif,0.32596732100306364,0.44315758963466156,0.10763358778625955,35252,11491
test,ACS,ACS_S2A_18WWE_20200723_1_L2A_115.tif,0.5105287786616752,0.7471489420502107,0.17691477885652643,2136,1092
test,ACS,ACS_S2A_18XVF_20200811_0_L2A_103.tif,0.21245421245421245,0.5996425172279637,0.2581808097615086,1087,237
test,ACS,ACS_S2A_19WFP_20200821_0_L2A_69.tif,0.23741007194244604,0.6146512506535745,0.4106891701828411,526,334
test,ACS,ACS_S2A_19WFQ_20200821_0_L2A_132.tif,0.7871589085072231,0.8883245560226813,0.4907994150621497,2861,2706
test,ACS,ACS_S2A_20WMA_20200725_1_L2A_5.tif,0.625,0.8115816701359129,0.6091854419410745,304,216
test,ACS,ACS_S2A_20WMU_20200821_1_L2A_170.tif,0.4544138929088278,0.7213987255879567,0.16155088852988694,1382,628
test,ACS,ACS_S2A_20WMV_20200827_1_L2A_1.tif,0.8281334780249593,0.9034073188445538,0.5086119872167041,7367,6110
test,ACS,ACS_S2A_20WNU_20200716_1_L2A_9.tif,0.09570957095709572,0.5457634059313239,0.2134646962233169,303,29
test,ACS,ACS_S2A_20WNU_20200824_1_L2A_37.tif,0.0,0.49889373779296875,0.0,145,0
test,ACS,ACS_S2A_20WNU_20200824_1_L2A_79.tif,0.16542155816435433,0.5767304484050692,0.5213327101555719,928,164
test,ACS,ACS_S2B_17XMA_20200723_1_L2A_3.tif,0.257985257985258,0.6243696611084787,0.024291497975708502,814,210
test,ACS,ACS_S2B_18WWC_20200725_0_L2A_90.tif,0.7729070533948583,0.8751298571053443,0.4013113169066216,5915,4843
test,ACS,ACS_S2B_18WWD_20200807_1_L2A_40.tif,0.6365168539325843,0.8080324114771187,0.2862282953649613,3559,2267
test,ACS,ACS_S2B_18WWD_20200811_0_L2A_265.tif,0.07228915662650602,0.5349694363805261,0.03921568627450981,166,12
test,ACS,ACS_S2B_18WWE_20200724_1_L2A_28.tif,0.6832603938730853,0.8371269536680748,0.33116883116883117,1828,1249
test,ACS,ACS_S2B_18XVF_20200724_1_L2A_162.tif,0.19339242546333602,0.5890311183920454,0.3304484657749803,1123,358
test,ACS,ACS_S2B_19WEQ_20200802_1_L2A_121.tif,0.04907699234579019,0.5083983705366898,0.07372072853425846,2221,109
test,ACS,ACS_S2B_19WFP_20200822_1_L2A_114.tif,0.7898305084745763,0.859598874311049,0.36929886798047296,17365,13787
test,ACS,ACS_S2B_20WMU_20200823_0_L2A_122.tif,0.4067003325532701,0.6646494560539272,0.151004043004261,3820,7601
test,ACS,ACS_S2B_20WMU_20200823_0_L2A_259.tif,0.16793893129770993,0.583137582387262,0.182648401826484,130,23
test,ACS,ACS_S2B_20WMU_20200823_1_L2A_290.tif,0.5845516569200779,0.7787734447547632,0.4535182719307011,3621,2882
test,AC,AC_S2A_15XVJ_20200810_4_L2A_36.tif,0.007259528130671506,0.49945623052447025,0.0,527,28
test,AC,AC_S2A_15XWH_20200828_1_L2A_60.tif,0.0,0.499298095703125,0.0,91,1
test,AC,AC_S2A_15XWJ_20200808_5_L2A_20.tif,0.40958164642375167,0.6980526938705953,0.37501217571999085,1171,918
test,AC,AC_S2A_15XWJ_20200827_0_L2A_80.tif,0.023508137432188065,0.49938709007585097,0.17761033369214208,1627,71
test,AC,AC_S2A_16XEL_20200808_3_L2A_55.tif,0.027805864509605663,0.49921928356281586,0.26552462526766596,1902,131
test,AC,AC_S2A_16XEM_20200827_3_L2A_9.tif,0.8019740421232611,0.8779144166101029,0.11477145282840881,12867,10319
test,AC,AC_S2A_16XER_20200806_0_L2A_89.tif,0.0,0.49559783935546875,0.0,577,0
test,AC,AC_S2A_16XER_20200809_6_L2A_29.tif,0.5197568389057751,0.7586698215794079,0.4918032786885245,329,171
test,AC,AC_S2A_16XES_20200825_2_L2A_36.tif,0.18488529014844804,0.5878248374624868,0.1997780244173141,741,137
test,AC,AC_S2A_17XMG_20200827_0_L2A_16.tif,0.0,0.494171142578125,0.0,762,2
test,AC,AC_S2A_17XML_20200806_7_L2A_58.tif,0.04408122833085686,0.49251094679494584,0.11101517207351672,4035,181
test,AC,AC_S2A_17XNG_20200808_3_L2A_17.tif,0.04918032786885246,0.5237050731363185,0.20338983050847456,92,36
test,AC,AC_S2A_17XNJ_20200812_3_L2A_169.tif,0.25571725571725573,0.625122168744996,0.25821972734562953,383,221
test,AC,AC_S2A_17XNL_20200808_3_L2A_28.tif,0.0013986013986013986,0.4952518298821801,0.0,685,31
test,AC,AC_S2A_17XNM_20200806_0_L2A_34.tif,0.4088607594936709,0.6972335851714001,0.1927801927801928,942,1284
test,AC,AC_S2A_17XNM_20200807_4_L2A_1.tif,0.0,0.48058319091796875,0.0,2545,0
test,AC,AC_S2A_17XNM_20200807_4_L2A_94.tif,0.0,0.492584228515625,0.0,972,0
test,AC,AC_S2A_17XNM_20200816_1_L2A_61.tif,0.15661909448818898,0.52497403536323,0.24316659627104326,8118,1283
test,AC,AC_S2A_18XVN_20200811_1_L2A_53.tif,0.0,0.4797515869140625,0.0,539,2115
test,AC,AC_S2A_18XVP_20200812_2_L2A_27.tif,0.404320987654321,0.70068507145884,0.488715016551309,324,131
test,AC,AC_S2A_18XVP_20200816_7_L2A_39.tif,0.008206330597889801,0.49764800804032655,0.030456852791878174,828,32
test,AC,AC_S2A_18XVR_20200810_3_L2A_35.tif,0.36818181818181817,0.6787555081297691,0.11450381679389313,1078,427
test,AC,AC_S2A_19XDL_20200815_2_L2A_24.tif,0.2853598014888337,0.6360532191472639,0.0,1208,346
test,AC,AC_S2B_15XWH_20200827_1_L2A_16.tif,0.03064066852367688,0.47005567833749373,0.02726146220570012,6016,274
test,AC,AC_S2B_15XWJ_20200805_2_L2A_1.tif,0.007597340930674264,0.49582497982927315,0.0,1053,8
test,AC,AC_S2B_16XDP_20200810_2_L2A_55.tif,0.0005445634416409512,0.4582629123954424,0.0,859,4653
test,AC,AC_S2B_16XEJ_20200808_1_L2A_97.tif,0.268839404217667,0.5543098297546567,0.11713363697905371,4474,12734
test,AC,AC_S2B_17XMG_20200827_1_L2A_28.tif,0.03423449897149574,0.41610295718514856,0.18449422369779853,12846,1232
test,AC,AC_S2B_17XML_20200808_1_L2A_90.tif,0.0,0.4968109130859375,0.0,417,1
test,AC,AC_S2B_17XNJ_20200807_0_L2A_81.tif,0.20577098071447442,0.3717318150676223,0.16769547325102882,34067,7010
test,AC,AC_S2B_17XNJ_20200807_0_L2A_88.tif,0.3349358974358974,0.6642916204004077,0.45962732919254656,623,210
test,AC,AC_S2B_17XNM_20200807_1_L2A_8.tif,0.29310344827586204,0.6408948178064884,0.31886443118699853,1040,310
test,AC,AC_S2B_18XWT_20200806_0_L2A_2.tif,0.17330210772833723,0.5649092455369944,0.3074172589717874,3385,623
test,AC,AC_S2B_19XDJ_20200807_3_L2A_13.tif,0.0,0.48248291015625,0.0,2290,6
test,AC,AC_S2B_19XDL_20200826_2_L2A_161.tif,0.8774578555124715,0.8724765860273708,0.19025273288075803,36210,32060
test,AC,AC_S2B_19XDL_20200826_2_L2A_74.tif,0.15155029296875,0.075775146484375,0.07518117987040841,65536,9932
test,AK,AK_S2A_5VMG_20200912_1_L2A_82.tif,0.29411764705882354,0.6468756901167206,0.9090909090909091,34,10
test,AK,AK_S2A_5VMJ_20200912_1_L2A_9.tif,0.39760239760239763,0.6941725642100232,0.2444113263785395,995,404
test,AK,AK_S2A_5VPH_20200909_0_L2A_74.tif,0.876015753527095,0.9120821824928445,0.5365977454012367,20051,17580
test,AK,AK_S2A_6VUN_20200909_0_L2A_214.tif,0.0,0.49793243408203125,0.0,271,0
test,AK,AK_S2A_6VUQ_20200906_1_L2A_29.tif,0.0,0.4969940185546875,0.0,393,1
test,AK,AK_S2A_6VVP_20200817_1_L2A_99.tif,0.17488262910798122,0.5657905600113359,0.08000820596984307,3267,737
test,AK,AK_S2A_6VVP_20200906_0_L2A_59.tif,0.0,0.49956512451171875,0.0,57,0
test,AK,AK_S2A_6VVR_20200817_0_L2A_39.tif,0.2239858906525573,0.6086294938134899,0.28050514343062644,494,200
test,AK,AK_S2A_6VWN_20200821_0_L2A_100.tif,0.5321100917431193,0.7648846410491859,0.4793388429752066,327,174
test,AK,AK_S2A_6VWR_20200913_0_L2A_48.tif,0.03837953091684435,0.5157479632056061,0.22380106571936054,469,18
test,AK,AK_S2A_6VXN_20200828_0_L2A_53.tif,0.23529411764705882,0.6171509967928804,0.5982905982905983,74,31
test,AK,AK_S2A_6VXN_20200913_0_L2A_148.tif,0.15123456790123457,0.5735176305843004,0.047430830039525695,317,56
test,AK,AK_S2A_6VXN_20200913_0_L2A_44.tif,0.43982494529540483,0.7179533389521334,0.44623927309439676,353,305
test,AK,AK_S2A_6VXN_20200913_0_L2A_75.tif,0.009220985691573928,0.480826775075167,0.07762468464971861,3047,127
test,AK,AK_S2A_6VXN_20200913_1_L2A_30.tif,0.0021419828641370867,0.4761888781692384,0.03125536664949339,35,3240
test,AK,AK_S2A_7VCH_20200913_0_L2A_78.tif,0.4428923582580115,0.7162305537924517,0.4853594037983812,1206,550
test,AK,AK_S2A_7VCH_20200913_1_L2A_2.tif,0.07526881720430108,0.5369782105829529,0.35159817351598177,85,15
test,AK,AK_S2A_7VCJ_20200913_0_L2A_81.tif,0.0,0.49188995361328125,0.0,145,918
test,AK,AK_S2A_7VEH_20200914_1_L2A_40.tif,0.046147507210548,0.4876285061775425,0.2036230222426049,4760,318
test,AK,AK_S2A_7VFF_20200911_1_L2A_81.tif,0.6758241758241759,0.8356400957985961,0.5705474171164224,904,621
test,AK,AK_S2A_7VFF_20200914_0_L2A_173.tif,0.06666666666666667,0.532692405514014,0.2285714285714286,90,6
test,AK,AK_S2A_7VFF_20200914_1_L2A_140.tif,0.07242339832869081,0.5234835090900403,0.18690029203170633,1648,277
test,AK,AK_S2A_8VLL_20200911_1_L2A_159.tif,0.0,0.495758056640625,0.0,77,479
test,AK,AK_S2A_8VLL_20200914_1_L2A_72.tif,0.9526909355291412,0.8241313452534184,0.6875914333452497,59143,56345
test,AK,AK_S2A_8VNK_20200915_1_L2A_220.tif,1.0,1.0,1.0,0,0
test,AK,AK_S2A_8VNK_20200915_1_L2A_37.tif,0.049490538573508006,0.5097759872621185,0.35774811375507837,1916,247
test,AK,AK_S2A_8VNL_20200905_0_L2A_32.tif,0.6825341267063353,0.8341349902553159,0.1453154875717017,2542,2265
test,AK,AK_S2A_8VNL_20200915_0_L2A_207.tif,0.005612138848472251,0.3931734974282083,0.013473816145078532,1083,13431
test,AK,AK_S2A_8VNL_20200915_0_L2A_221.tif,0.4603174603174603,0.7278148006298141,0.4990988492998752,560,268
test,AK,AK_S2A_8VNL_20200915_0_L2A_241.tif,0.20952380952380953,0.6022255400143188,0.0,420,88
test,AK,AK_S2A_8VPJ_20200912_1_L2A_198.tif,0.29383561643835615,0.6309773029469062,0.29292076887013596,2920,858
test,AK,AK_S2A_8VPJ_20200915_0_L2A_242.tif,0.2958715596330275,0.6455889362065026,0.5031351893654377,418,147
test,AK,AK_S2A_8VPK_20200905_0_L2A_182.tif,0.0,0.49971771240234375,0.0,16,21
test,AK,AK_S2A_8VPK_20200912_0_L2A_99.tif,0.6422535211267606,0.8201544447674594,0.7936805462578659,353,230
test,AK,AK_S2A_8VPK_20200912_1_L2A_2.tif,0.30062630480167013,0.6451788954121151,0.4592673592126845,958,288
test,AK,AK_S2A_8VPK_20200915_0_L2A_177.tif,0.3401559454191033,0.6648852195532475,0.4109826446485603,1021,354
test,AK,AK_S2A_8VPK_20200915_0_L2A_242.tif,0.43499027065275075,0.6921768735193776,0.18014765246347733,5640,2472
test,AK,AK_S2A_8VPK_20200915_0_L2A_40.tif,0.20638297872340425,0.6003415069353203,0.4410810810810811,462,105
test,AK,AK_S2A_9UUB_20200909_1_L2A_16.tif,0.0508209538702111,0.5161391965208764,0.28873677660236463,1275,69
test,AK,AK_S2A_9UVB_20200909_0_L2A_55.tif,0.004484304932735426,0.498854597914532,0.0,284,164
test,AK,AK_S2A_9UVB_20200909_1_L2A_226.tif,0.44532979194333777,0.7129562333341359,0.19094943433964623,2255,1010
test,AK,AK_S2A_9VUC_20200909_0_L2A_249.tif,0.5352112676056338,0.7650732499855168,0.3533123028391167,706,384
test,AK,AK_S2A_9VUD_20200912_1_L2A_132.tif,0.7230769230769231,0.8612634088200238,0.8577263444520082,118,106
test,AK,AK_S2A_9VUE_20200912_0_L2A_74.tif,0.7723035952063915,0.8807417748241524,0.2576489533011272,3001,2323
test,AK,AK_S2A_9VVC_20200912_0_L2A_73.tif,0.15176151761517614,0.5734907160464396,0.2884867558353003,368,57
test,AK,AK_S2A_9VWD_20200909_0_L2A_73.tif,0.3119266055045872,0.655390801149289,0.4970414201183432,108,35
test,AK,AK_S2B_5VMF_20200815_0_L2A_48.tif,0.48490749756572543,0.7342572814757663,0.46184779449706703,2044,1006
test,AK,AK_S2B_5VMH_20200815_0_L2A_133.tif,0.5555555555555556,0.7775945884516091,0.8347280334728034,51,33
test,AK,AK_S2B_5VMH_20200910_0_L2A_87.tif,0.0,0.49999237060546875,0.0,0,1
test,AK,AK_S2B_5VNH_20200828_0_L2A_5.tif,0.30077120822622105,0.6483066973734783,0.48650252150697126,376,130
test,AK,AK_S2B_5VNH_20200828_0_L2A_91.tif,0.8561116965226554,0.9003507739009486,0.3341399542546491,18007,17222
test,AK,AK_S2B_5VNJ_20200805_1_L2A_87.tif,0.4,0.6997710482935466,0.767716535433071,46,24
test,AK,AK_S2B_5VPG_20200911_0_L2A_316.tif,0.866039789702851,0.830258995160561,0.40285427323013345,43167,37403
test,AK,AK_S2B_5VPJ_20200805_1_L2A_23.tif,0.09614368726888536,0.5349815966717473,0.27695301778986503,1891,184
test,AK,AK_S2B_5VPJ_20200815_1_L2A_19.tif,0.36666666666666664,0.6810077519379845,0.45161994109305115,457,199
test,AK,AK_S2B_6VUQ_20200805_0_L2A_50.tif,0.04032258064516129,0.5183452173133934,0.10794602698650675,62,196
test,AK,AK_S2B_6VUQ_20200805_1_L2A_113.tif,0.01264367816091954,0.4997670889850763,0.18957345971563982,866,15
test,AK,AK_S2B_6VVN_20200911_1_L2A_145.tif,0.16104294478527606,0.5763414965402134,0.1450533284295697,279,478
test,AK,AK_S2B_6VXM_20200912_1_L2A_55.tif,0.05471457231442641,0.4876322876901092,0.07537688442211055,5197,586
test,AK,AK_S2B_6VXP_20200816_1_L2A_59.tif,0.19471947194719472,0.5954964862828662,0.2783155856727977,255,107
test,AK,AK_S2B_6VXP_20200816_1_L2A_81.tif,0.42613636363636365,0.7115235086465549,0.336192905170415,352,150
test,AK,AK_S2B_6VXP_20200912_0_L2A_64.tif,0.006481481481481481,0.4786738476628197,0.0,3240,21
test,AK,AK_S2B_7VDH_20200905_0_L2A_142.tif,0.09361702127659574,0.5451829038977538,0.38443935926773454,230,27
test,AK,AK_S2B_7VDH_20200912_0_L2A_75.tif,0.3535983372304495,0.6574146730951624,0.2749445676274944,3841,1369
test,AK,AK_S2B_7VEG_20200912_0_L2A_148.tif,0.009915014164305949,0.47293930694168207,0.040359056433094426,636,3642
test,AK,AK_S2B_7VEH_20200830_0_L2A_121.tif,0.01338432122370937,0.5027549724966691,0.15203619909502264,519,11
test,AK,AK_S2B_7VEH_20200830_0_L2A_34.tif,0.0,0.49858856201171875,0.0,181,4
test,AK,AK_S2B_8VLK_20200906_1_L2A_58.tif,0.09294482665587482,0.49462730098658003,0.0,1311,6791
test,AK,AK_S2B_8VLM_20200906_1_L2A_93.tif,0.5651058370750481,0.7773097045556201,0.3573195147803557,1559,881
test,AK,AK_S2B_8VMJ_20200913_0_L2A_2.tif,0.6588541666666666,0.8284237593439333,0.635728952772074,383,254
test,AK,AK_S2B_8VMJ_20200913_0_L2A_30.tif,0.29740698985343855,0.5991629689958471,0.03509284983184676,8870,2638
test,AK,AK_S2B_8VML_20200906_1_L2A_157.tif,0.0529595015576324,0.49622636334867,0.10373066424021837,384,4010
test,AK,AK_S2B_8VMM_20200906_0_L2A_146.tif,0.5315721649484536,0.7544064374815836,0.2626583876015952,3083,1671
test,AK,AK_S2B_8VMM_20200906_0_L2A_207.tif,0.4688128772635815,0.7323850919861543,0.317326509107331,455,275
test,AK,AK_S2B_8VMM_20200906_0_L2A_257.tif,0.3919007184846506,0.6887817624701188,0.21853111867120276,1509,622
test,AK,AK_S2B_8VNK_20200913_0_L2A_92.tif,0.0,0.49990081787109375,0.0,0,13
test,AK,AK_S2B_8VNK_20200913_1_L2A_132.tif,0.5394180552101467,0.7550957430878957,0.3059705797519469,3193,2997
test,AK,AK_S2B_9UVB_20200911_1_L2A_24.tif,0.20318725099601595,0.6000665582306949,0.46913580246913583,242,60
test,AK,AK_S2B_9VUC_20200914_0_L2A_72.tif,0.07151370679380215,0.5298081088187351,0.212217626471524,783,116
test,AK,AK_S2B_9VVC_20200914_1_L2A_172.tif,0.10309278350515463,0.550882533131572,0.20194174757281552,43,64
test,AK,AK_S2B_9VVC_20200914_1_L2A_261.tif,0.11607142857142858,0.5572802543708752,0.5124481327800829,103,22
test,AK,AK_S2B_9VVE_20200914_1_L2A_24.tif,0.389937106918239,0.694227801404869,0.3814180929095355,159,62
test,CA,CA_S2A_43SGV_20200901_1_L2A_12.tif,0.0,0.49874114990234375,0.0,112,53
test,CA,CA_S2A_44RPV_20200905_1_L2A_3.tif,0.0,0.49383544921875,0.0,808,0
test,CA,CA_S2A_44SKD_20200822_1_L2A_4.tif,0.0,0.49903106689453125,0.0,124,3
test,CA,CA_S2A_44SKE_20200901_1_L2A_41.tif,0.0,0.48471832275390625,0.0,1998,5
test,CA,CA_S2A_44SKF_20200825_0_L2A_1.tif,0.2311111111111111,0.6142346221977888,0.42324455205811146,215,62
test,CA,CA_S2A_44SMD_20200908_1_L2A_89.tif,0.8321149795564367,0.8900518088324176,0.43635357967901994,15204,14370
test,CA,CA_S2A_44SMD_20200918_1_L2A_36.tif,0.3406344410876133,0.6636106061165192,0.05301204819277108,1279,496
test,CA,CA_S2A_45RTP_20200912_0_L2A_11.tif,0.3342884431709647,0.6617979815953003,0.4662756598240469,1002,395
test,CA,CA_S2A_45RTP_20200912_0_L2A_200.tif,0.8757103574702109,0.9322757584023152,0.5511811023622047,5401,4831
test,CA,CA_S2A_45RTP_20200912_1_L2A_100.tif,0.5395498392282958,0.7642414327445868,0.1701532115497938,1552,842
test,CA,CA_S2A_45RUN_20200929_1_L2A_13.tif,0.11267605633802817,0.5553764897074757,0.03278688524590164,139,19
test,CA,CA_S2A_45RUP_20200912_1_L2A_50.tif,0.14710610932475884,0.5654356002226444,0.26212503504345386,303,1124
test,CA,CA_S2A_45RVQ_20200919_0_L2A_11.tif,0.027491914142899147,0.46313309382947193,0.026465028355387527,187,6802
test,CA,CA_S2A_45SWR_20200919_0_L2A_14.tif,0.012698412698412698,0.5016031435974055,0.06,630,8
test,CA,CA_S2A_45SWV_20200823_0_L2A_3.tif,0.6955159112825458,0.8376783080698056,0.6391502789203809,4127,2906
test,CA,CA_S2A_45SXV_20200929_1_L2A_26.tif,0.5147540983606558,0.7562451872674812,0.5854756990054419,305,157
test,CA,CA_S2A_45SYV_20200830_0_L2A_43.tif,1.0,1.0,1.0,0,0
test,CA,CA_S2A_46REU_20200831_0_L2A_129.tif,0.0,0.49950408935546875,0.0,65,0
test,CA,CA_S2A_46REU_20200831_0_L2A_179.tif,0.3383838383838384,0.6681914456853741,0.5844076120319215,198,67
test,CA,CA_S2A_46REU_20200831_1_L2A_154.tif,0.1283987915407855,0.5553721767268534,0.1867968584164721,1280,214
test,CA,CA_S2A_46RGU_20200831_0_L2A_39.tif,0.845872899926954,0.9212976913813526,0.8331790735598747,1344,1183
test,CA,CA_S2A_46SBE_20200830_1_L2A_66.tif,0.5684523809523809,0.7831166947228811,0.7783263704266364,329,198
test,CA,CA_S2A_46SCB_20200824_0_L2A_20.tif,1.0,1.0,1.0,0,0
test,CA,CA_S2A_46SDB_20200824_1_L2A_109.tif,0.10344827586206896,0.5509305355868552,0.12244897959183675,115,13
test,CA,CA_S2A_46SDB_20200903_0_L2A_33.tif,0.22982216142270862,0.6106046922644077,0.2848071122400381,719,180
test,CA,CA_S2A_46SEB_20200824_1_L2A_44.tif,0.07692307692307693,0.5370879330525856,0.0,144,66
test,CA,CA_S2A_46SGH_20200923_1_L2A_38.tif,0.4557416267942584,0.720846390017378,0.3797600417318728,1612,822
test,CA,CA_S2B_44RNV_20200920_1_L2A_47.tif,0.7363198742509087,0.845038350660714,0.10973097117706572,10179,7495
test,CA,CA_S2B_44RPU_20200831_1_L2A_43.tif,0.09036144578313253,0.544028420576278,0.18823529411764706,166,15
test,CA,CA_S2B_44RPV_20200920_0_L2A_68.tif,0.058823529411764705,0.5289234536517409,0.40930232558139534,67,5
test,CA,CA_S2B_44SKC_20200926_1_L2A_53.tif,0.10476190476190476,0.5516636689013644,0.32727272727272727,105,11
test,CA,CA_S2B_44SME_20200903_0_L2A_29.tif,0.0,0.49658966064453125,0.0,447,0
test,CA,CA_S2B_44SNC_20200903_0_L2A_33.tif,0.28688524590163933,0.6421136888476211,0.29919999999999997,244,70
test,CA,CA_S2B_44SNE_20200923_1_L2A_8.tif,0.43558282208588955,0.7128405354144757,0.19802329685845393,1138,500
test,CA,CA_S2B_44SPE_20200903_1_L2A_4.tif,0.5306627101879328,0.7579705434655903,0.4118116520351158,2022,1073
test,CA,CA_S2B_45RUN_20200914_0_L2A_10.tif,0.4036312849162011,0.6985434613616517,0.1275626423690205,600,405
test,CA,CA_S2B_45RUN_20200914_1_L2A_7.tif,0.3510436432637571,0.6729051822537512,0.4737118822292324,405,307
test,CA,CA_S2B_45RVP_20200904_0_L2A_38.tif,0.0,0.492706298828125,0.0,457,499
test,CA,CA_S2B_45STA_20200831_1_L2A_9.tif,0.2898089171974522,0.6432007379172379,0.3767228177641654,229,176
test,CA,CA_S2B_45SXT_20200825_1_L2A_31.tif,0.01639344262295082,0.5072811660271955,0.2727272727272727,119,5
test,CA,CA_S2B_46RCS_20200928_0_L2A_2.tif,0.0,0.49388885498046875,0.0,681,120
test,CA,CA_S2B_46RDT_20200928_0_L2A_110.tif,0.29324894514767935,0.6440631930044405,0.0851063829787234,474,139
test,CA,CA_S2B_46RDT_20200928_1_L2A_208.tif,0.35454545454545455,0.6751008092549848,0.7070101857399641,439,157
test,CA,CA_S2B_46RDU_20200928_0_L2A_200.tif,0.3953997809419496,0.6934651378817918,0.4718498659517426,913,361
test,CA,CA_S2B_46RDU_20200928_0_L2A_244.tif,0.5103448275862069,0.7535418292323661,0.616488809141562,431,226
test,CA,CA_S2B_46SBD_20200825_0_L2A_15.tif,0.000877963125548727,0.4917565981035541,0.006134969325153374,164,976
test,CA,CA_S2B_46SCC_20200901_1_L2A_14.tif,0.2768166089965398,0.6368118121980988,0.17187500000000003,254,115
test,CA,CA_S2B_46SCF_20200921_1_L2A_44.tif,0.06395348837209303,0.5307482054603693,0.27713625866050806,158,25
test,CA,CA_S2B_46SFA_20200826_0_L2A_22.tif,0.10526315789473684,0.5519829814440873,0.22222222222222224,95,10
test,CA,CA_S2B_46SFA_20200826_1_L2A_32.tif,0.3208092485549133,0.6586086747168911,0.41202185792349727,342,115
test,CA,CA_S2B_46SGC_20200826_0_L2A_3.tif,0.004341534008683068,0.4916717589164429,0.004669260700389106,976,412
test,CA,CA_S2B_47SLD_20200925_1_L2A_8.tif,0.3394919168591224,0.6675590462577892,0.17651694247438926,432,148
test,CA,CA_S2B_47SMR_20200902_0_L2A_24.tif,0.0,0.49771881103515625,0.0,299,0
test,CE,CE_S2A_32TLR_20200819_0_L2A_15.tif,0.022994952327537857,0.49819875107025036,0.010989010989010988,1783,41
test,CE,CE_S2A_32TLR_20200901_0_L2A_103.tif,0.10334645669291338,0.5447116963509194,0.11041405269761605,1003,118
test,CE,CE_S2A_32TNS_20200809_0_L2A_112.tif,0.25752508361204013,0.6270668238757126,0.5344050186237993,280,96
test,CE,CE_S2A_32TNS_20200809_0_L2A_88.tif,0.7563706563706564,0.873222841751555,0.4162125757668524,2586,1963
test,CE,CE_S2B_31TGL_20200807_0_L2A_70.tif,0.5256410256410257,0.7622552303320477,0.8431718061674008,156,82
test,CE,CE_S2B_32TPS_20200821_0_L2A_63.tif,0.386219401631913,0.687910806636875,0.2436548223350254,1103,426
test,CE,CE_S2B_32TPS_20200903_0_L2A_2.tif,0.05660377358490566,0.5279203996027927,0.18584070796460175,29,27
test,CE,CE_S2B_32TQT_20200808_1_L2A_18.tif,0.3700440528634361,0.683929622838245,0.49593783115506884,227,84
test,CE,CE_S2B_33TUN_20200821_0_L2A_10.tif,0.25782227784730916,0.6243726420615698,0.12390294269488901,799,206
test,CE,CE_S2B_33TUN_20200821_1_L2A_39.tif,0.12601626016260162,0.5613670339817665,0.06666666666666667,246,31
test,GL,GL_S2A_19XEG_20200725_2_L2A_90.tif,0.7976868166621487,0.879101925647855,0.38067384936565085,11028,8867
test,GL,GL_S2A_20XML_20200728_2_L2A_97.tif,0.4004464285714286,0.6681681581953332,0.14980451252721694,6718,2693
test,GL,GL_S2A_20XML_20200810_2_L2A_86.tif,0.0,0.4902496337890625,0.0,1267,11
test,GL,GL_S2A_20XMM_20200725_2_L2A_6.tif,0.0,0.4976806640625,0.0,275,29
test,GL,GL_S2A_20XNK_20200812_0_L2A_20.tif,0.004975124378109453,0.49943571124145497,0.12371134020618557,402,2
test,GL,GL_S2A_21WWT_20200805_1_L2A_16.tif,0.16883116883116883,0.5829498684285926,0.3250564334085779,218,52
test,GL,GL_S2A_21WXP_20200723_0_L2A_151.tif,0.0,0.4991607666015625,0.0,109,1
test,GL,GL_S2A_21WXP_20200723_1_L2A_126.tif,0.0,0.495269775390625,0.0,619,1
test,GL,GL_S2A_21WXQ_20200717_1_L2A_18.tif,0.07133243606998654,0.5303976750543724,0.14401694316978467,742,54
test,GL,GL_S2A_21WXU_20200815_0_L2A_24.tif,0.49,0.7438300784535625,0.3917815930199831,272,175
test,GL,GL_S2A_21WXV_20200801_1_L2A_94.tif,0.3352165725047081,0.6649077752208047,0.11318327974276528,530,179
test,GL,GL_S2A_22VEQ_20200810_0_L2A_246.tif,0.014705882352941176,0.5063305711090247,0.1081081081081081,118,20
test,GL,GL_S2A_22VEQ_20200813_1_L2A_75.tif,0.37884314747264203,0.6802253201295689,0.29643034882142694,1880,766
test,GL,GL_S2A_22VER_20200711_0_L2A_129.tif,0.8253648716658278,0.9071086758740344,0.6756038834951457,3590,3664
test,GL,GL_S2A_22VER_20200714_0_L2A_569.tif,0.6155717761557178,0.7788047308325696,0.3492155000561332,6673,7935
test,GL,GL_S2A_22VFN_20200810_1_L2A_67.tif,0.21424284856971396,0.5766552798654045,0.19056523132813336,4991,1079
test,GL,GL_S2A_22VFP_20200718_0_L2A_193.tif,0.014444211848440443,0.4712650588623417,0.11360792208498831,4757,89
test,GL,GL_S2A_22VFP_20200718_0_L2A_274.tif,0.8228311317386647,0.8328100060604673,0.2593932623523715,33457,27812
test,GL,GL_S2A_22WDC_20200720_0_L2A_42.tif,0.0,0.49959564208984375,0.0,53,0
test,GL,GL_S2A_22WDT_20200717_1_L2A_198.tif,0.023505760457743757,0.4149522302411358,0.0765658256606481,548,12689
test,GL,GL_S2A_22WDU_20200717_1_L2A_297.tif,0.2936708860759494,0.644703067617614,0.5000967305088025,379,132
test,GL,GL_S2A_22WEA_20200717_1_L2A_67.tif,0.5494111623143881,0.7381431175119164,0.26926731444123475,9752,5378
test,GL,GL_S2A_22WES_20200711_1_L2A_67.tif,0.4130781499202552,0.6980151632258513,0.38865789226873415,1364,1294
test,GL,GL_S2A_22WES_20200714_0_L2A_179.tif,0.47424153290192456,0.6848942959118342,0.2844118689370794,11874,5668
test,GL,GL_S2A_22WES_20200714_0_L2A_245.tif,0.42242849024436446,0.6871327994456271,0.47982165680531774,5244,2265
test,GL,GL_S2A_22WES_20200813_1_L2A_90.tif,0.0005420054200542005,0.4439931537202206,0.008804108584005868,187,7197
test,GL,GL_S2A_22WET_20200803_0_L2A_126.tif,0.8251715420729505,0.8558823250224663,0.23974385182936994,27401,23138
test,GL,GL_S2A_22WEU_20200717_0_L2A_329.tif,0.007429420505200594,0.49861788584888295,0.05405405405405406,672,6
test,GL,GL_S2A_22WEU_20200717_0_L2A_41.tif,0.384950333378691,0.6169883434821575,0.1060847314639447,14698,5658
test,GL,GL_S2A_22WEV_20200813_0_L2A_88.tif,0.3091317365269461,0.6403022304949674,0.07889908256880734,1751,1747
test,GL,GL_S2A_22XDF_20200801_0_L2A_39.tif,0.6559139784946236,0.8272225164610587,0.7415730337078651,247,215
test,GL,GL_S2A_23VLH_20200718_1_L2A_149.tif,0.00014287755393627662,0.33989259758245544,0.00968783638320775,123,20877
test,GL,GL_S2A_23VLJ_20200718_0_L2A_86.tif,0.002336448598130841,0.4881364230416645,0.008385744234800839,109,1607
test,GL,GL_S2A_23VMJ_20200715_0_L2A_68.tif,0.0,0.44017791748046875,0.0,7841,0
test,GL,GL_S2B_19XDG_20200726_0_L2A_16.tif,0.012658227848101266,0.5057340120700795,0.1923076923076923,79,1
test,GL,GL_S2B_19XEE_20200806_1_L2A_29.tif,0.0,0.49402618408203125,0.0,763,20
test,GL,GL_S2B_19XEG_20200727_0_L2A_124.tif,0.004484304932735426,0.4971607431000942,0.08695652173913045,657,15
test,GL,GL_S2B_20XMM_20200729_1_L2A_33.tif,0.38,0.6883410546916808,0.3383389518847686,350,133
test,GL,GL_S2B_20XNK_20200808_0_L2A_39.tif,0.0,0.49957275390625,0.0,55,1
test,GL,GL_S2B_21XWA_20200720_0_L2A_47.tif,0.6108374384236454,0.8011430341744008,0.7141668913376432,1056,1233
test,GL,GL_S2B_21XWA_20200720_1_L2A_120.tif,0.37889983579638753,0.6777417477157228,0.03937007874015748,2436,923
test,GL,GL_S2B_21XWB_20200717_1_L2A_69.tif,0.020457474226804124,0.4637443083650647,0.0881595572829199,209,6126
test,GL,GL_S2B_21XWB_20200718_3_L2A_46.tif,0.591243948642391,0.7632110126736105,0.3119422014449639,8788,6332
test,GL,GL_S2B_22VEQ_20200716_0_L2A_87.tif,0.01866156264953175,0.39934503135924176,0.20258677711180537,2290,12612
test,GL,GL_S2B_22VEQ_20200805_0_L2A_42.tif,0.7848898216159497,0.8841514937583277,0.4696219573100558,4523,3982
test,GL,GL_S2B_22VFP_20200716_0_L2A_51.tif,0.11303861219921657,0.5443893278340803,0.23926617315738652,1787,202
test,GL,GL_S2B_22VFP_20200815_0_L2A_148.tif,0.17877723120168657,0.5439277043597129,0.42570805557286157,7081,1306
test,GL,GL_S2B_22WDD_20200814_0_L2A_38.tif,0.05278592375366569,0.5239279904186076,0.1590909090909091,341,18
test,GL,GL_S2B_22WDT_20200722_1_L2A_115.tif,0.0,0.49732208251953125,0.0,169,182
test,GL,GL_S2B_22WDU_20200722_0_L2A_150.tif,0.012195121951219513,0.5054795705887936,0.05333333333333334,60,23
test,GL,GL_S2B_22WDU_20200722_1_L2A_138.tif,0.1919805589307412,0.590904470783551,0.20776512112947215,695,286
test,GL,GL_S2B_22WDU_20200722_1_L2A_259.tif,0.3204900010470108,0.6083042242129812,0.17608682208892462,9541,3071
test,GL,GL_S2B_22WEA_20200722_1_L2A_74.tif,0.0,0.4987335205078125,0.0,166,0
test,GL,GL_S2B_22WEC_20200718_0_L2A_188.tif,0.18074324324324326,0.5792162125899571,0.17131663302861214,1700,397
test,GL,GL_S2B_22WEC_20200718_1_L2A_51.tif,0.29054726368159206,0.628733266854715,0.36045938904382263,1876,2015
test,GL,GL_S2B_22WEU_20200719_1_L2A_53.tif,0.24230254350736277,0.616821075135213,0.4451224495355363,689,239
test,GL,GL_S2B_22WEU_20200729_0_L2A_93.tif,0.3037264480111654,0.4236681823808457,0.10161959451154373,35710,10996
test,GL,GL_S2B_22WEV_20200722_0_L2A_76.tif,0.6186009112838381,0.7980475297230223,0.30506325770581866,3372,2667
test,GL,GL_S2B_23VNG_20200720_0_L2A_185.tif,0.02642559109874826,0.5078706706047033,0.07513416815742398,719,19
test,GL,GL_S2B_23VNG_20200720_1_L2A_109.tif,0.3882863340563991,0.6919857852634307,0.28581196581196583,459,181
test,IS,IS_S2B_28WDS_20200816_0_L2A_145.tif,0.5408805031446541,0.7698825739558259,0.8137637460092231,152,93
test,LL,LL_S2A_17LRK_20200816_1_L2A_61.tif,0.0,0.49981689453125,0.0,12,12
test,LL,LL_S2A_17LRL_20200826_0_L2A_64.tif,0.2682926829268293,0.6336884240717121,0.5800524934383202,80,24
test,LL,LL_S2A_18LTP_20200813_0_L2A_19.tif,0.29337539432176657,0.643260000144816,0.3691000629326621,634,186
test,LL,LL_S2A_18LTQ_20200826_1_L2A_171.tif,0.08807829181494661,0.5283514909440523,0.3983882867033653,2248,198
test,LL,LL_S2A_18LTR_20200826_0_L2A_32.tif,0.38061041292639136,0.6876645231002663,0.050761421319796954,557,212
test,LL,LL_S2A_18LTR_20200826_0_L2A_47.tif,0.8040540540540541,0.9018053721055235,1.0,148,119
test,LL,LL_S2A_18LUP_20200813_1_L2A_52.tif,0.26925038245792965,0.6236034708253222,0.13538532747049295,1961,528
test,LL,LL_S2B_18LVN_20200828_0_L2A_11.tif,0.4422511549769005,0.7108282898312382,0.3586811956039853,2381,1053
test,LL,LL_S2B_18LVN_20200828_1_L2A_121.tif,0.32041343669250644,0.6480292890339925,0.21791907514450867,2322,744
test,ME,ME_S2B_37TFJ_20200904_0_L2A_48.tif,0.480719794344473,0.737259930934245,0.1912852288626824,704,448
test,NA,NA_S2A_44UQA_20200921_0_L2A_52.tif,0.4531422271223815,0.7189066205612217,0.23555523213506038,1804,832
test,NA,NA_S2A_45UWQ_20200905_1_L2A_500.tif,0.0,0.4974517822265625,0.0,313,21
test,NA,NA_S2A_45UXP_20200905_1_L2A_228.tif,0.21505376344086022,0.6069697659013935,0.5112359550561798,88,25
test,NA,NA_S2A_45UYP_20200905_0_L2A_108.tif,0.07004470938897168,0.5302581958281114,0.014388489208633094,671,47
test,NA,NA_S2B_45UVR_20200903_0_L2A_114.tif,0.4823091247672253,0.7368788233574968,0.3241309731266624,1001,591
test,NA,NA_S2B_45UVR_20200903_0_L2A_118.tif,0.5432692307692307,0.7709085710271264,0.609375,197,124
test,NA,NA_S2B_45UWR_20200920_0_L2A_171.tif,0.43590541381456127,0.7038184588368043,0.3341737041531489,3124,1491
test,NA,NA_S2B_45UWR_20200920_1_L2A_143.tif,0.5176304654442877,0.7561912857534931,0.37565564898842735,702,374
test,NA,NA_S2B_45UXS_20200903_1_L2A_4.tif,0.2518518518518518,0.6251549571005466,0.5840528186896902,46,123
test,NZ,NZ_S2B_58GGR_20200814_0_L2A_40.tif,0.02662895044869294,0.4368622741303116,0.09502262443438915,10220,305
test,NZ,NZ_S2B_59GLM_20200814_1_L2A_1.tif,0.6549267906608627,0.8206382047416804,0.3649576975920168,2523,1659
test,NZ,NZ_S2B_59GMM_20200804_0_L2A_54.tif,0.03568800588668138,0.4978177189231081,0.0717556806580521,2094,721
test,RA,RA_S2A_40XDF_20200829_0_L2A_4.tif,0.0,0.4982757568359375,0.0,135,91
test,RA,RA_S2A_40XDJ_20200811_0_L2A_34.tif,0.1289906103286385,0.4473302541680769,0.1700239175707751,2382,16856
test,RA,RA_S2A_40XEJ_20200811_0_L2A_10.tif,0.14705882352941177,0.571758311239483,0.19230769230769232,244,68
test,RA,RA_S2A_40XEJ_20200811_0_L2A_52.tif,0.27219701879455604,0.6274754367269666,0.26864204810692616,607,1356
test,RA,RA_S2A_40XEJ_20200829_0_L2A_62.tif,0.0,0.49686431884765625,0.0,376,35
test,RA,RA_S2A_40XEK_20200819_0_L2A_51.tif,0.029523809523809525,0.42093709351643177,0.1401604864081445,590,12382
test,RA,RA_S2A_42XVK_20200830_0_L2A_33.tif,0.3244444444444444,0.6598977077704712,0.3757389971534925,412,184
test,RA,RA_S2A_42XVL_20200823_0_L2A_65.tif,0.09448818897637795,0.545488690898007,0.35752979414951247,251,27
test,RA,RA_S2B_41XME_20200814_0_L2A_51.tif,0.09582542694497154,0.5406306778646306,0.21541491456858464,479,676
test,RA,RA_S2B_41XME_20200814_0_L2A_59.tif,0.0,0.45645904541015625,0.0,4770,937
test,RA,RA_S2B_41XME_20200830_0_L2A_71.tif,0.5553319919517102,0.7759727688842217,0.7550226149153255,489,284
test,RA,RA_S2B_41XNE_20200805_5_L2A_10.tif,0.027450980392156862,0.5118331982337411,0.09059233449477352,158,104
test,SAW,SAW_S2A_42SWE_20200910_1_L2A_66.tif,0.5154639175257731,0.7566537463015034,0.4914933837429112,288,153
test,SAW,SAW_S2A_42SWE_20200913_0_L2A_29.tif,0.5074183976261127,0.7511629522259471,0.6653327997865813,644,372
test,SAW,SAW_S2A_42SWE_20200913_1_L2A_165.tif,0.0,0.4991912841796875,0.0,93,13
test,SAW,SAW_S2A_42SWE_20200923_0_L2A_9.tif,0.4562841530054645,0.7266199482768148,0.4296675191815857,349,184
test,SAW,SAW_S2A_42SXE_20200910_0_L2A_118.tif,0.21052631578947367,0.6049197722650439,0.5194805194805195,51,18
test,SAW,SAW_S2A_42SXE_20200910_0_L2A_182.tif,0.5649913344887348,0.7805711157952031,0.43930635838150295,539,364
test,SAW,SAW_S2A_42SXE_20200910_0_L2A_228.tif,0.39285714285714285,0.6960392762817843,0.8093525179856116,79,38
test,SAW,SAW_S2A_42SXE_20200910_0_L2A_279.tif,0.4804088586030664,0.7307335561180778,0.37783658086761285,2274,1202
test,SAW,SAW_S2A_42SXE_20200910_1_L2A_218.tif,0.1270718232044199,0.5599157671019274,0.3941475067184234,527,85
test,SAW,SAW_S2A_42SXE_20200910_1_L2A_372.tif,0.0,0.49932098388671875,0.0,89,0
test,SAW,SAW_S2A_42SXE_20200920_1_L2A_164.tif,0.2226148409893993,0.6096273386288924,0.10723860589812334,283,63
test,SAW,SAW_S2A_42SXE_20200920_1_L2A_185.tif,0.025380710659898477,0.5112253998127131,0.2828282828282829,191,11
test,SAW,SAW_S2A_42SXE_20200920_1_L2A_353.tif,0.8527253668763103,0.9218509464997139,0.612575595358662,3813,3257
test,SAW,SAW_S2A_42SXE_20200920_1_L2A_363.tif,0.4666666666666667,0.7328446344939931,0.717391304347826,101,75
test,SAW,SAW_S2A_42SXE_20200923_0_L2A_35.tif,0.669218989280245,0.8329504829809573,0.534649393378573,628,462
test,SAW,SAW_S2A_42SXF_20200910_0_L2A_103.tif,0.14127423822714683,0.5682701648492381,0.031007751937984496,361,51
test,SAW,SAW_S2A_42SYE_20200910_0_L2A_150.tif,0.2503725782414307,0.6213388408279727,0.37427776588915046,425,414
test,SAW,SAW_S2A_42SYE_20200910_1_L2A_71.tif,0.3627287853577371,0.6784325821519082,0.44487170987204133,511,308
test,SAW,SAW_S2A_42SYF_20200920_1_L2A_77.tif,0.06481481481481481,0.5316367562453265,0.40909090909090906,108,7
test,SAW,SAW_S2A_42SYF_20200920_1_L2A_82.tif,0.05275779376498801,0.5233642740537856,0.03669724770642202,399,40
test,SAW,SAW_S2A_43SBA_20200920_1_L2A_35.tif,0.09210526315789473,0.5455261471216841,0.3783783783783784,75,8
test,SAW,SAW_S2A_43SBV_20200920_1_L2A_119.tif,0.24618382591750568,0.605176880077219,0.1752322161721457,3078,759
test,SAW,SAW_S2A_43SBV_20200920_1_L2A_26.tif,0.2841958041958042,0.6222668419615103,0.24634110998406028,3559,1032
test,SAW,SAW_S2A_43SBV_20200920_1_L2A_75.tif,0.026058631921824105,0.5107478484966219,0.08391608391608392,293,22
test,SAW,SAW_S2A_43SCA_20200920_1_L2A_56.tif,0.16470588235294117,0.5818111384231969,0.5581395348837209,84,15
test,SAW,SAW_S2A_43SCA_20200920_1_L2A_57.tif,0.2551928783382789,0.625678944898704,0.0,337,86
test,SAW,SAW_S2A_43SDB_20200907_1_L2A_14.tif,0.0,0.2569732666015625,0.0,59,31795
test,SAW,SAW_S2A_43SDB_20200907_1_L2A_56.tif,0.5114285714285715,0.7530907010691601,0.4992588932806325,687,371
test,SAW,SAW_S2A_43SEB_20200904_0_L2A_4.tif,0.5180505415162455,0.7569792623901784,0.4096450826334327,554,287
test,SAW,SAW_S2A_43SET_20200917_0_L2A_2.tif,0.14934289127837516,0.5692289359695601,0.44354901201084845,833,129
test,SAW,SAW_S2A_43SET_20200924_0_L2A_51.tif,0.2786683107274969,0.6348555150330181,0.4588967332774919,808,229
test,SAW,SAW_S2A_43SET_20200924_0_L2A_84.tif,0.13181019332161686,0.5621318576329903,0.11561133295303289,392,252
test,SAW,SAW_S2A_43SET_20200924_1_L2A_43.tif,0.5815347721822542,0.7880848754456335,0.42694676986258095,830,489
test,SAW,SAW_S2A_43SET_20200924_1_L2A_68.tif,0.12415784408084697,0.5551224800693807,0.29130719668013544,513,655
test,SAW,SAW_S2A_43SET_20200924_1_L2A_78.tif,0.029850746268656716,0.5084759760957083,0.07345689508586975,188,709
test,SAW,SAW_S2A_43SET_20200924_1_L2A_87.tif,0.014577259475218658,0.5047096976291415,0.025974025974025976,332,16
test,SAW,SAW_S2A_43SEU_20200924_1_L2A_104.tif,0.47474747474747475,0.7369767241348728,0.7537688442211055,96,50
test,SAW,SAW_S2A_43SEU_20200924_1_L2A_291.tif,0.0,0.4984283447265625,0.0,205,1
test,SAW,SAW_S2A_43SEU_20200924_1_L2A_71.tif,0.08192731992212848,0.49745364166209916,0.21685978526629104,6164,505
test,SAW,SAW_S2A_43SFR_20200921_0_L2A_21.tif,0.2759825327510917,0.6316358539253771,0.39012345679012345,1033,428
test,SAW,SAW_S2A_43SFS_20200901_1_L2A_24.tif,0.24666666666666667,0.61987704165902,0.40309900877292926,537,211
test,SAW,SAW_S2A_43SFS_20200924_0_L2A_15.tif,0.1031390134529148,0.5500430921217224,0.17869415807560138,103,143
test,SAW,SAW_S2A_43SFT_20200914_1_L2A_33.tif,0.3333333333333333,0.6661781468816154,0.7154471544715447,94,34
test,SAW,SAW_S2A_43SFT_20200924_1_L2A_23.tif,0.1414059325477448,0.554495995665785,0.16394243690292948,1433,1376
test,SAW,SAW_S2A_43SFT_20200924_1_L2A_8.tif,0.13513513513513514,0.566834978016126,0.4571428571428572,93,33
test,SAW,SAW_S2A_43SFU_20200914_1_L2A_69.tif,0.28289473684210525,0.6397819749909534,0.5670035865666775,304,86
test,SAW,SAW_S2A_43SFU_20200921_1_L2A_47.tif,0.1134020618556701,0.5560447928507652,0.43902439024390244,97,11
test,SAW,SAW_S2A_43SFU_20200924_0_L2A_117.tif,0.3013698630136986,0.6495164573965697,0.2417582417582418,215,70
test,SAW,SAW_S2A_43SGR_20200901_1_L2A_52.tif,0.4620355411954766,0.7284660464598073,0.2740740740740741,453,452
test,SAW,SAW_S2A_43SGR_20200911_1_L2A_27.tif,0.004424778761061947,0.5004957494171526,0.14084507042253522,226,1
test,SAW,SAW_S2A_43SGR_20200911_1_L2A_43.tif,0.10526315789473684,0.5522424441999245,0.6037735849056605,48,15
test,SAW,SAW_S2A_43SGR_20200911_1_L2A_60.tif,0.2620689655172414,0.6302176639244578,0.6153846153846154,132,51
test,SAW,SAW_S2A_43SGS_20200901_0_L2A_38.tif,0.03669724770642202,0.5167462554000306,0.3283582089552239,214,12
test,SAW,SAW_S2A_43SGS_20200911_3_L2A_31.tif,0.13636363636363635,0.5654252091926766,0.21686746987951808,411,64
test,SAW,SAW_S2A_43SGS_20200921_1_L2A_50.tif,0.05670103092783505,0.5227620466432982,0.015267175572519083,774,46
test,SAW,SAW_S2A_43SGS_20200921_1_L2A_54.tif,0.0,0.498077392578125,0.0,48,204
test,SAW,SAW_S2A_43SGT_20200901_0_L2A_6.tif,0.09090909090909091,0.5448441193771434,0.4,88,8
test,SAW,SAW_S2A_43SGT_20200911_1_L2A_33.tif,0.18292682926829268,0.5909521281763694,0.4545454545454545,81,16
test,SAW,SAW_S2A_43SGT_20200914_1_L2A_2.tif,0.2112676056338028,0.6047789192947813,0.5655632537849627,101,71
test,SAW,SAW_S2A_43SGU_20200911_1_L2A_15.tif,0.002890173410404624,0.4961806438205928,0.08196721311475409,692,2
test,SAW,SAW_S2A_43SGU_20200914_1_L2A_37.tif,0.2947976878612717,0.6464673328975749,0.44117647058823534,173,51
test,SAW,SAW_S2A_43SGU_20200921_1_L2A_12.tif,0.0,0.49878692626953125,0.0,155,4
test,SAW,SAW_S2A_43SGV_20200901_1_L2A_22.tif,0.0,0.4986724853515625,0.0,156,18
test,SAW,SAW_S2A_43SGV_20200901_1_L2A_26.tif,0.32,0.659610758334351,0.8166295471417966,61,38
test,SAW,SAW_S2A_43SGV_20200901_1_L2A_8.tif,0.0,0.49805450439453125,0.0,253,2
test,SAW,SAW_S2A_43SGV_20200921_1_L2A_55.tif,0.05309734513274336,0.5257322526060482,0.326530612244898,113,6
test,SAW,SAW_S2A_44RKV_20200901_0_L2A_3.tif,0.10989010989010989,0.5543269796772223,0.2325581395348837,88,13
test,SAW,SAW_S2A_44RMV_20200908_0_L2A_2.tif,0.23052959501557632,0.6133782068139505,0.27149321266968324,315,80
test,SAW,SAW_S2A_44RMV_20200918_0_L2A_43.tif,0.012323491655969191,0.47678995252234085,0.028150714595062798,384,3559
test,SAW,SAW_S2A_44RNU_20200905_1_L2A_46.tif,0.004699927693420101,0.4813420734875995,0.0335195530726257,2694,85
test,SAW,SAW_S2A_44RNU_20200905_1_L2A_56.tif,0.0,0.49901580810546875,0.0,123,6
test,SAW,SAW_S2A_44RNU_20200905_2_L2A_68.tif,0.22052067381316998,0.6024593315117837,0.10753156290814105,1290,304
test,SAW,SAW_S2A_44RNV_20200908_0_L2A_111.tif,0.451505016722408,0.7244987049025413,0.32196969696969696,287,147
test,SAW,SAW_S2A_44RNV_20200908_1_L2A_106.tif,0.14897260273972604,0.570689451914562,0.14757554462403374,584,87
test,SAW,SAW_S2A_44RNV_20200915_1_L2A_93.tif,0.284375,0.6369241808145504,0.48,847,386
test,SAW,SAW_S2A_44SKA_20200901_1_L2A_12.tif,0.24475524475524477,0.6215532074831933,0.4851752021563342,135,43
test,SAW,SAW_S2A_44SKA_20200921_1_L2A_13.tif,0.4756013745704467,0.7319173364740458,0.4157131960335622,1418,729
test,SAW,SAW_S2A_44SKB_20200901_0_L2A_41.tif,0.0,0.3037261962890625,0.0,17,25709
test,SAW,SAW_S2A_44SKB_20200901_1_L2A_58.tif,0.20875251509054327,0.5922987403081285,0.3518612952575217,1976,427
test,SAW,SAW_S2A_44SKB_20200901_1_L2A_89.tif,0.35443037974683544,0.6768259244401882,0.7924528301886792,69,38
test,SAW,SAW_S2A_44SKB_20200911_2_L2A_47.tif,0.8041769716955207,0.8670912361227878,0.16075388756177655,18108,14719
test,SAW,SAW_S2A_44SKB_20200921_1_L2A_85.tif,0.25936599423631124,0.6277195463343033,0.43339805825242717,334,103
test,SAW,SAW_S2A_44SKB_20200921_1_L2A_86.tif,0.21818181818181817,0.6084345407919715,0.5341365461847389,108,26
test,SAW,SAW_S2A_44SKC_20200901_1_L2A_44.tif,0.03076923076923077,0.42741739019588404,0.18315377081292852,11830,364
test,SAW,SAW_S2A_44SKC_20200921_1_L2A_34.tif,0.016260162601626018,0.5053603575101828,0.0,369,6
test,SAW,SAW_S2A_44SKD_20200901_1_L2A_22.tif,0.7812257564003103,0.8884278141204391,0.7253932991793989,1259,1037
test,SAW,SAW_S2A_44SKD_20200921_1_L2A_37.tif,0.06504065040650407,0.5316428377169866,0.36802973977695164,114,17
test,SAW,SAW_S2A_44SLA_20200911_1_L2A_10.tif,0.6852813852813853,0.8369568310548405,0.2931449188214071,2280,1613
test,SAW,SAW_S2A_44SLB_20200911_2_L2A_32.tif,0.2417910447761194,0.6189552580843396,0.3408071748878924,331,85
test,SAW,SAW_S2A_44SLB_20200918_1_L2A_12.tif,0.14492753623188406,0.5715632247372254,0.23333333333333334,138,20
test,SAW,SAW_S2A_44SMA_20200918_1_L2A_26.tif,0.006493506493506494,0.502079438071656,0.0,154,1
test,SAW,SAW_S2B_42SWE_20200918_1_L2A_37.tif,0.5081967213114754,0.7522603506079495,0.5349091704968264,458,278
test,SAW,SAW_S2B_42SXE_20200905_1_L2A_191.tif,0.39959016393442626,0.6975529981301124,0.6147012465969337,434,249
test,SAW,SAW_S2B_42SXE_20200905_1_L2A_230.tif,0.44332998996990974,0.717401929264612,0.446101649366791,958,481
test,SAW,SAW_S2B_42SXE_20200905_1_L2A_239.tif,0.486050836949783,0.736624071798341,0.36423841059602646,1561,836
test,SAW,SAW_S2B_42SXE_20200905_1_L2A_6.tif,0.7953995157384988,0.8963973333559245,0.7106598984771574,824,659
test,SAW,SAW_S2B_42SXE_20200918_1_L2A_64.tif,0.20711974110032363,0.6016888417134072,0.18839200761179828,303,70
test,SAW,SAW_S2B_42SXF_20200905_0_L2A_2.tif,0.24150943396226415,0.6192197096497538,0.2537764350453172,259,70
test,SAW,SAW_S2B_42SXF_20200905_1_L2A_10.tif,0.5378995433789955,0.7650542876794588,0.3025771835693552,1095,589
test,SAW,SAW_S2B_42SXF_20200905_1_L2A_60.tif,0.3333333333333333,0.6658725795614195,0.40444091990483744,137,71
test,SAW,SAW_S2B_42SXF_20200915_1_L2A_45.tif,0.8527712390327413,0.9207967582468544,0.3651985516709207,4673,3985
test,SAW,SAW_S2B_42SYE_20200922_1_L2A_29.tif,0.22058823529411764,0.6066473844166801,0.41450777202072536,590,157
test,SAW,SAW_S2B_42SYE_20200922_1_L2A_41.tif,0.01282051282051282,0.5058227840672336,0.2285714285714286,70,9
test,SAW,SAW_S2B_43SBA_20200922_1_L2A_15.tif,0.0,0.49898529052734375,0.0,133,0
test,SAW,SAW_S2B_43SBA_20200922_1_L2A_7.tif,0.053763440860215055,0.5255387420703724,0.18340611353711792,184,12
test,SAW,SAW_S2B_43SBV_20200922_0_L2A_146.tif,0.0,0.49863433837890625,0.0,179,0
test,SAW,SAW_S2B_43SBV_20200922_0_L2A_65.tif,0.3181818181818182,0.6556466449388104,0.5039840637450199,628,242
test,SAW,SAW_S2B_43SBV_20200922_1_L2A_68.tif,0.4954128440366973,0.7409028594255728,0.13271452552582205,1645,963
test,SAW,SAW_S2B_43SBV_20200925_1_L2A_65.tif,0.024584237165582067,0.501994723083417,0.008849557522123895,1381,36
test,SAW,SAW_S2B_43SCA_20200922_0_L2A_125.tif,0.18181818181818182,0.590565715760295,0.5789473684210525,55,10
test,SAW,SAW_S2B_43SCA_20200922_0_L2A_130.tif,0.017937219730941704,0.5072976704770804,0.147239263803681,223,4
test,SAW,SAW_S2B_43SCA_20200922_0_L2A_91.tif,0.3276699029126214,0.6617172468340572,0.2965590634976942,412,135
test,SAW,SAW_S2B_43SCA_20200922_1_L2A_152.tif,0.32971014492753625,0.663441671898408,0.5180952380952382,271,96
test,SAW,SAW_S2B_43SCA_20200922_1_L2A_169.tif,0.2,0.5984118257895058,0.0784313725490196,260,52
test,SAW,SAW_S2B_43SCA_20200922_1_L2A_76.tif,0.676341730558598,0.8335752913379917,0.5382728859123709,1824,1237
test,SAW,SAW_S2B_43SCA_20200925_0_L2A_54.tif,0.1444866920152091,0.5653609282907319,0.0,931,273
test,SAW,SAW_S2B_43SCA_20200925_1_L2A_40.tif,0.0,0.49950408935546875,0.0,58,7
test,SAW,SAW_S2B_43SCU_20200922_0_L2A_53.tif,0.58719646799117,0.7921657228878786,0.5499296765119549,421,298
test,SAW,SAW_S2B_43SCV_20200922_0_L2A_252.tif,0.14699493120926865,0.5644821134854909,0.3626943005181347,1368,216
test,SAW,SAW_S2B_43SCV_20200922_0_L2A_258.tif,0.024271844660194174,0.5106022970229905,0.0784313725490196,206,5
test,SAW,SAW_S2B_43SCV_20200922_0_L2A_312.tif,0.522083805209513,0.7545108102718256,0.4266444215682795,1692,996
test,SAW,SAW_S2B_43SCV_20200922_0_L2A_398.tif,0.19047619047619047,0.5931608713866778,0.2893175074183977,336,64
test,SAW,SAW_S2B_43SCV_20200922_0_L2A_410.tif,0.22435897435897437,0.6112558371588769,0.4163027656477438,156,35
test,SAW,SAW_S2B_43SCV_20200922_0_L2A_80.tif,0.20191693290734825,0.5913831827983537,0.4754252091569367,1469,412
test,SAW,SAW_S2B_43SCV_20200922_1_L2A_107.tif,0.008547008547008548,0.5033884810034959,0.05405405405405406,117,1
test,SAW,SAW_S2B_43SCV_20200922_1_L2A_225.tif,0.0979498861047836,0.5459517191964072,0.0,429,53
test,SAW,SAW_S2B_43SDA_20200922_1_L2A_52.tif,0.007125890736342043,0.500373712462612,0.029304029304029304,381,43
test,SAW,SAW_S2B_43SDB_20200922_1_L2A_22.tif,0.24761904761904763,0.6226031222457831,0.49207443142660234,197,65
test,SAW,SAW_S2B_43SDU_20200909_0_L2A_41.tif,0.6925925925925925,0.8456612444974929,0.7433254031192176,201,256
test,SAW,SAW_S2B_43SDU_20200912_1_L2A_82.tif,0.08534322820037106,0.5389076806752352,0.20579463144439708,470,115
test,SAW,SAW_S2B_43SDU_20200922_0_L2A_48.tif,0.24455205811138014,0.6198919838199599,0.48880850101740897,413,101
test,SAW,SAW_S2B_43SDU_20200922_0_L2A_50.tif,0.6419923901764095,0.812869624736446,0.36478615410218,2616,2131
test,SAW,SAW_S2B_43SDV_20200922_1_L2A_76.tif,0.0,0.49678802490234375,0.0,363,58
test,SAW,SAW_S2B_43SET_20200909_0_L2A_55.tif,0.10512129380053908,0.5500261796727629,0.3482587064676616,371,39
test,SAW,SAW_S2B_43SET_20200909_1_L2A_18.tif,0.20279720279720279,0.6005284653826031,0.6282871357498222,124,48
test,SAW,SAW_S2B_43SEU_20200919_0_L2A_207.tif,0.5188866799204771,0.7575896440582852,0.5394456289978677,501,263
test,SAW,SAW_S2B_43SEU_20200919_0_L2A_243.tif,0.30842745438748914,0.6481076533378664,0.05036726128016789,1127,379
test,SAW,SAW_S2B_43SEU_20200919_1_L2A_171.tif,0.7109788359788359,0.8520997715365239,0.7745251658441578,1403,1184
test,SAW,SAW_S2B_43SEU_20200922_1_L2A_104.tif,0.0,0.4929656982421875,0.0,922,0
test,SAW,SAW_S2B_43SEV_20200922_0_L2A_4.tif,0.07119741100323625,0.5334083339779743,0.3209229155742003,294,37
test,SAW,SAW_S2B_43SEV_20200922_0_L2A_74.tif,0.6073619631901841,0.8031919616216825,0.891304347826087,154,108
test,SAW,SAW_S2B_43SEV_20200922_0_L2A_76.tif,0.011869436201780416,0.5033939746473103,0.06648199445983378,310,31
test,SAW,SAW_S2B_43SFA_20200919_1_L2A_20.tif,0.006510416666666667,0.4974335361476502,0.0,768,5
test,SAW,SAW_S2B_43SFR_20200909_0_L2A_1.tif,0.3313444709626094,0.6526821113757764,0.18466056703942166,2438,909
test,SAW,SAW_S2B_43SFU_20200909_0_L2A_114.tif,0.007246376811594203,0.49944202500471063,0.047058823529411764,552,4
test,SAW,SAW_S2B_43SFU_20200909_1_L2A_49.tif,0.7634961439588689,0.8803314232775158,0.6694560669456068,764,608
test,SAW,SAW_S2B_43SFU_20200909_1_L2A_91.tif,0.933828276307295,0.9652778819079377,0.9620733632940605,3092,2899
test,SAW,SAW_S2B_43SFV_20200919_1_L2A_21.tif,0.07511737089201878,0.5360553276926516,0.0879765395894428,193,36
test,SAW,SAW_S2B_43SFV_20200919_1_L2A_41.tif,0.12605042016806722,0.5622315714033053,0.364741641337386,78,56
test,SAW,SAW_S2B_43SFV_20200919_1_L2A_48.tif,0.054,0.5233898090338732,0.24085128471321052,462,65
test,SAW,SAW_S2B_43SFV_20200919_1_L2A_67.tif,0.026573426573426574,0.49734267015838207,0.0,2145,57
test,SAW,SAW_S2B_43SGT_20200909_1_L2A_3.tif,0.047872340425531915,0.5225703210208298,0.24778761061946905,188,9
test,SAW,SAW_S2B_43SGU_20200916_1_L2A_55.tif,0.17491749174917492,0.5855498534903045,0.15074024226110364,301,55
test,SAW,SAW_S2B_43SGV_20200916_1_L2A_47.tif,0.15966386554621848,0.5790687720667277,0.5454545454545455,119,19
test,SAW,SAW_S2B_43SGV_20200919_1_L2A_4.tif,0.0,0.490509033203125,0.0,1244,0
test,SAW,SAW_S2B_43SGV_20200919_1_L2A_48.tif,0.08131868131868132,0.5374684522488306,0.18,455,37
test,SAW,SAW_S2B_44RMV_20200913_0_L2A_42.tif,0.25,0.623212594335299,0.20800000000000002,312,78
test,SAW,SAW_S2B_44RNV_20200920_1_L2A_50.tif,0.12953367875647667,0.563484611966048,0.49586776859504134,193,25
test,SAW,SAW_S2B_44RNV_20200920_1_L2A_94.tif,0.06790123456790123,0.5316457664123811,0.16985138004246286,324,22
test,SAW,SAW_S2B_44SKA_20200913_1_L2A_42.tif,0.1453900709219858,0.565321848163679,0.19151652716697404,1126,166
test,SAW,SAW_S2B_44SKD_20200916_1_L2A_30.tif,0.0,0.499786376953125,0.0,21,7
test,SAW,SAW_S2B_44SKE_20200916_1_L2A_23.tif,0.0,0.499176025390625,0.0,92,16
test,SAW,SAW_S2B_44SLA_20200913_1_L2A_106.tif,0.4424778761061947,0.7193104453385143,0.431523835767429,450,202
test,SAW,SAW_S2B_44SLA_20200913_1_L2A_123.tif,0.3912466843501326,0.6921056155920894,0.518714222809335,749,300
test,SAW,SAW_S2B_44SLA_20200923_0_L2A_127.tif,0.10071942446043165,0.5494058341434663,0.250632911392405,115,38
test,SAW,SAW_S2B_44SLB_20200923_1_L2A_10.tif,0.3546511627906977,0.676477929619862,0.5786932732539427,169,64
test,SA,SA_S2A_18FWH_20200706_1_L2A_1.tif,0.41544225683220687,0.6412810222054524,0.24232975369114243,7327,11940
test,SA,SA_S2A_18FWJ_20200706_0_L2A_3.tif,0.5626238398164564,0.7464438598493666,0.315442151019992,9240,5744
test,SA,SA_S2A_18FWK_20200706_0_L2A_216.tif,0.006089824917533621,0.44323242772873994,0.014233187047799786,642,7288
test,SA,SA_S2A_18FWK_20200706_1_L2A_79.tif,0.883529508601531,0.9096552871136909,0.4417171486265097,23394,22372
test,SA,SA_S2A_18FWL_20200706_0_L2A_68.tif,0.1498460485802258,0.5558364164066142,0.09349955476402493,2265,1096
test,SA,SA_S2A_18FXF_20200716_2_L2A_132.tif,0.000268233148252461,0.2157355572236394,0.006101901759381675,35,37256
test,SA,SA_S2A_18FXF_20200716_2_L2A_167.tif,0.25422116527942923,0.5516400953865901,0.1493411420204978,10276,5546
test,SA,SA_S2A_18FXF_20200716_2_L2A_253.tif,0.2210815575257946,0.4879480773658481,0.13128912983363664,6546,17005
test,SA,SA_S2A_18FXF_20200716_2_L2A_320.tif,0.0,0.49044036865234375,0.0,289,964
test,SA,SA_S2A_18FXF_20200716_2_L2A_347.tif,0.04060134996931888,0.4482931219058587,0.026985169889243474,5827,4348
test,SA,SA_S2A_18FXF_20200716_2_L2A_78.tif,0.0006595943494750728,0.36159437198702005,0.010748835542816195,355,17850
test,SA,SA_S2A_18FXH_20200825_0_L2A_122.tif,0.019417475728155338,0.49197320572176584,0.03460559796437659,1347,1068
test,SA,SA_S2A_18FXH_20200825_0_L2A_250.tif,0.002152852529601722,0.4798571373894766,0.03731343283582089,2684,109
test,SA,SA_S2A_18FXH_20200825_0_L2A_251.tif,0.0,0.4990386962890625,0.0,123,3
test,SA,SA_S2A_18FXH_20200825_0_L2A_254.tif,0.03225806451612903,0.5149845357602238,0.16129032258064516,119,41
test,SA,SA_S2A_18FXH_20200825_0_L2A_37.tif,0.011479028697571744,0.48865052030207545,0.11593587429663446,1721,570
test,SA,SA_S2A_18FXH_20200825_0_L2A_63.tif,0.14686433447098976,0.5110948490104602,0.22902461434305332,9342,1411
test,SA,SA_S2A_18FXH_20200825_0_L2A_78.tif,0.0,0.46999359130859375,0.0,3382,551
test,SA,SA_S2A_18FXH_20200825_0_L2A_98.tif,0.05013927576601671,0.5224672995942938,0.27237354085603116,343,34
test,SA,SA_S2A_18FXJ_20200825_0_L2A_133.tif,0.03789893617021277,0.5079001240205971,0.01631321370309951,911,650
test,SA,SA_S2A_18FXJ_20200825_0_L2A_228.tif,0.28482064314338773,0.5839883612382647,0.32536871882355484,10230,2915
test,SA,SA_S2A_18FXJ_20200825_0_L2A_237.tif,0.9208173690932312,0.9584294979284709,0.9043851749220644,3129,2887
test,SA,SA_S2A_18FXJ_20200825_0_L2A_344.tif,0.9512457154550571,0.8290675983467617,0.454511561338609,58641,55782
test,SA,SA_S2A_18FXJ_20200825_0_L2A_349.tif,0.8429669703872438,0.886850952172878,0.39007549116344575,20902,17933
test,SA,SA_S2A_18FXJ_20200825_0_L2A_50.tif,0.1786743515850144,0.5871607393444515,0.3054082714740191,340,69
test,SA,SA_S2A_18FXJ_20200825_0_L2A_8.tif,0.8628206748388727,0.9104874562105159,0.40906637884511604,15537,13944
test,SA,SA_S2A_18FXM_20200706_1_L2A_193.tif,0.17959183673469387,0.5882613797977506,0.11320754716981132,220,69
test,SA,SA_S2A_18FXM_20200706_1_L2A_383.tif,0.014629049111807733,0.5001184682694657,0.12217374057913527,878,93
test,SA,SA_S2A_18FXM_20200825_0_L2A_152.tif,0.0,0.49501800537109375,0.0,652,1
test,SA,SA_S2A_18FXM_20200825_1_L2A_223.tif,0.0009328358208955224,0.4922952116847668,0.007017543859649123,358,715
test,SA,SA_S2A_18FXM_20200825_1_L2A_25.tif,0.0,0.4922637939453125,0.0,79,935
test,SA,SA_S2A_18FXM_20200825_1_L2A_316.tif,0.0,0.49721527099609375,0.0,364,1
test,SA,SA_S2A_18FXM_20200825_1_L2A_463.tif,0.002651113467656416,0.48697357065090563,0.0,1836,55
test,SA,SA_S2A_18FXM_20200825_1_L2A_531.tif,0.444007858546169,0.7176557023663179,0.20688277973773544,1018,452
test,SA,SA_S2A_18GWP_20200722_0_L2A_74.tif,0.9577787021630616,0.9628232929377013,0.6807998667864613,28844,27634
test,SA,SA_S2A_18GXN_20200726_0_L2A_140.tif,0.0,0.4981689453125,0.0,225,15
test,SA,SA_S2A_18GXN_20200726_0_L2A_177.tif,0.8064358849341785,0.8968381777309575,0.6022057309343849,3827,3583
test,SA,SA_S2A_18GXN_20200726_0_L2A_261.tif,0.8230247682302477,0.8712855116836888,0.2196912174133131,21585,17940
test,SA,SA_S2A_18GXN_20200726_0_L2A_76.tif,0.04484126984126984,0.4484546832274384,0.052672303029012366,510,10022
test,SA,SA_S2A_18GXP_20200726_1_L2A_36.tif,0.0,0.49936676025390625,0.0,35,48
test,SA,SA_S2A_18GXP_20200726_1_L2A_54.tif,0.0012919896640826874,0.4947483828689682,0.05063291139240507,774,1
test,SA,SA_S2A_18GXP_20200818_0_L2A_109.tif,0.13807982740021574,0.5382598964417252,0.1623451454912129,4566,709
test,SA,SA_S2A_18GXP_20200818_0_L2A_120.tif,0.0,0.49550628662109375,0.0,440,149
test,SA,SA_S2A_18GXP_20200818_0_L2A_129.tif,0.0746987951807229,0.534418323626542,0.10108303249097472,414,32
test,SA,SA_S2A_18GXP_20200818_0_L2A_156.tif,0.062412431537383774,0.474623182223201,0.12912323727774375,7608,733
test,SA,SA_S2A_18GXP_20200818_0_L2A_166.tif,0.7662337662337663,0.8818708251213443,0.7619570790302498,693,531
test,SA,SA_S2A_18GXP_20200818_0_L2A_176.tif,0.358200915701589,0.6412004642125223,0.21056680542615117,6836,3250
test,SA,SA_S2A_18GXP_20200818_0_L2A_200.tif,0.0,0.49875640869140625,0.0,161,2
test,SA,SA_S2A_18GXP_20200818_0_L2A_250.tif,0.0,0.490142822265625,0.0,1292,0
test,SA,SA_S2A_18GXP_20200818_0_L2A_307.tif,0.0,0.49750518798828125,0.0,175,152
test,SA,SA_S2A_18GXP_20200818_0_L2A_330.tif,0.772388565235063,0.8721556764505725,0.20354670251781123,7357,5725
test,SA,SA_S2A_18GXP_20200818_0_L2A_349.tif,0.0,0.4992218017578125,0.0,61,41
test,SA,SA_S2A_18GXP_20200818_0_L2A_391.tif,0.581858407079646,0.7894814380012389,0.6353980439583552,442,273
test,SA,SA_S2A_18GYQ_20200818_0_L2A_3.tif,0.24793388429752067,0.6169922655898051,0.30704538241827994,1209,301
test,SA,SA_S2A_18GYQ_20200818_0_L2A_31.tif,0.0,0.49912261962890625,0.0,115,0
test,SA,SA_S2A_18GYQ_20200818_0_L2A_81.tif,0.0,0.4995880126953125,0.0,54,0
test,SA,SA_S2A_18GYT_20200821_0_L2A_31.tif,0.0,0.49784088134765625,0.0,239,44
test,SA,SA_S2A_18GYT_20200821_1_L2A_3.tif,0.0013280212483399733,0.49492661839101215,0.0,746,8
test,SA,SA_S2A_18GYU_20200729_0_L2A_205.tif,0.0,0.49687957763671875,0.0,409,0
test,SA,SA_S2A_18GYU_20200821_0_L2A_134.tif,0.0,0.474639892578125,0.0,3324,0
test,SA,SA_S2A_18GYU_20200821_0_L2A_9.tif,0.20700511609602518,0.5880049422965897,0.06191117092866756,2363,704
test,SA,SA_S2A_18GYV_20200729_1_L2A_35.tif,0.5893056071295952,0.7860052875754937,0.2647380709178462,1994,2286
test,SA,SA_S2A_19FCV_20200720_1_L2A_161.tif,0.0,0.486541748046875,0.0,1176,588
test,SA,SA_S2A_19FCV_20200720_1_L2A_230.tif,0.30564430244941426,0.6478259060715247,0.1583617747440273,665,561
test,SA,SA_S2A_19FCV_20200720_1_L2A_34.tif,0.3326488706365503,0.6563071748078572,0.13707165109034267,1270,1326
test,SA,SA_S2A_19FCV_20200720_1_L2A_8.tif,0.16614560071460474,0.5687474059677622,0.11026991441737985,511,2100
test,SA,SA_S2A_19FCV_20200720_1_L2A_93.tif,0.15739570164348926,0.5373901346767183,0.07113900876160585,2085,5239
test,SA,SA_S2A_19FDU_20200720_0_L2A_48.tif,0.14325323475046212,0.5645374018539022,0.25194585977306116,274,963
test,SA,SA_S2A_19FDU_20200720_0_L2A_53.tif,0.028985507246376812,0.5098909648017957,0.05785123966942149,298,341
test,SA,SA_S2A_19FDU_20200720_1_L2A_64.tif,0.24730603448275862,0.6129195783920163,0.2776470588235294,1332,983
test,SA,SA_S2A_19FDV_20200720_1_L2A_117.tif,0.0,0.485626220703125,0.0,974,910
test,SA,SA_S2A_19FDV_20200720_1_L2A_131.tif,0.0016747979319886406,0.3962016778114143,0.00802675585284281,223,13533
test,SA,SA_S2A_19FDV_20200720_1_L2A_161.tif,0.4118287373004354,0.6933291603459988,0.20904869181909122,1609,2282
test,SA,SA_S2A_19FDV_20200720_1_L2A_213.tif,0.4430317848410758,0.7127041950663681,0.4413646419208262,1494,1457
test,SA,SA_S2A_19FDV_20200720_1_L2A_225.tif,0.09417040358744394,0.5424573399269983,0.14960106382978722,450,282
test,SA,SA_S2A_19FDV_20200720_1_L2A_274.tif,0.5437112239142696,0.7524842435898531,0.2695976938268459,4514,3697
test,SA,SA_S2A_19FDV_20200720_1_L2A_352.tif,0.0125,0.4978100866884405,0.02719766877124818,133,1001
test,SA,SA_S2A_19FDV_20200720_1_L2A_359.tif,0.0,0.3547515869140625,0.0,36,19002
test,SA,SA_S2A_19FDV_20200720_1_L2A_380.tif,0.0,0.47486114501953125,0.0030983733539891554,128,3167
test,SA,SA_S2A_19FDV_20200720_1_L2A_410.tif,0.21158612143742256,0.5456626403176843,0.0713599022124871,3834,7899
test,SA,SA_S2A_19FDV_20200720_1_L2A_413.tif,0.16276537833424062,0.5695949000290544,0.19409764877296232,710,1426
test,SA,SA_S2A_19FDV_20200720_1_L2A_458.tif,0.19522912743251727,0.5778653570736237,0.14153821664500038,1327,2481
test,SA,SA_S2A_19FDV_20200720_1_L2A_86.tif,0.0,0.4388885498046875,0.0,247,7763
test,SA,SA_S2A_19FEV_20200717_1_L2A_7.tif,0.08413926499032882,0.5348349917825485,0.17112299465240643,691,430
test,SA,SA_S2A_19FEV_20200720_1_L2A_112.tif,0.0,0.4926300048828125,0.005780346820809249,130,836
test,SA,SA_S2A_19FEV_20200720_1_L2A_147.tif,0.22598644878437624,0.5980476349572268,0.10466760961810466,742,2334
test,SA,SA_S2A_19FEV_20200720_1_L2A_153.tif,0.06320224719101124,0.5265088208363479,0.1427121396670727,148,609
test,SA,SA_S2A_19FEV_20200720_1_L2A_180.tif,0.3033884948778566,0.6449100077495913,0.22438608570210816,567,1087
test,SA,SA_S2A_19FEV_20200720_1_L2A_211.tif,0.14270833333333333,0.5202678848541279,0.25278514032351684,1721,7055
test,SA,SA_S2A_19FEV_20200720_1_L2A_91.tif,0.17557861133280128,0.5798815954575698,0.3315062486296865,750,723
test,SA,SA_S2A_19GBP_20200729_1_L2A_157.tif,0.10206185567010309,0.5443756716344311,0.14733969986357434,940,129
test,SA,SA_S2A_19GBP_20200729_1_L2A_184.tif,0.0,0.48899078369140625,0.0,48,1395
test,SA,SA_S2A_19GBP_20200729_1_L2A_236.tif,0.0,0.4988861083984375,0.0,133,13
test,SA,SA_S2A_19GBP_20200729_1_L2A_256.tif,0.0,0.4979095458984375,0.0,248,26
test,SA,SA_S2A_19GBP_20200729_1_L2A_271.tif,0.9363837638376383,0.9645511872303478,0.8576405949881628,6774,6345
test,SA,SA_S2A_19GBP_20200729_1_L2A_44.tif,0.5894105894105894,0.7915411275510436,0.3625615763546798,983,608
test,SA,SA_S2A_19GBP_20200729_1_L2A_79.tif,0.39800995024875624,0.6952942292951337,0.3411910669975186,746,378
test,SA,SA_S2A_19GBP_20200821_0_L2A_126.tif,0.0,0.4908447265625,0.0,1195,5
test,SA,SA_S2A_19GBP_20200821_1_L2A_155.tif,0.0,0.4981689453125,0.0,240,0
test,SA,SA_S2A_19GBP_20200821_1_L2A_91.tif,0.06288873531444368,0.5210845235132842,0.19520547945205477,1431,107
test,SA,SA_S2A_19HBS_20200729_1_L2A_15.tif,0.0037267080745341614,0.4957442995151179,0.03480783176214648,672,136
test,SA,SA_S2A_19HBS_20200729_1_L2A_4.tif,0.0,0.49436187744140625,0.0,739,0
test,SA,SA_S2A_19HCB_20200722_1_L2A_104.tif,0.0,0.49709320068359375,0.0,298,83
test,SA,SA_S2A_19HCB_20200722_1_L2A_95.tif,0.0,0.4991607666015625,0.0,91,19
test,SA,SA_S2A_19HCB_20200722_1_L2A_97.tif,0.0,0.49770355224609375,0.0,301,0
test,SA,SA_S2A_19HCB_20200729_1_L2A_45.tif,0.0,0.49961090087890625,0.0,50,1
test,SA,SA_S2A_19HCB_20200821_1_L2A_82.tif,0.0,0.48787689208984375,0.0,1589,0
test,SA,SA_S2A_19HCD_20200821_1_L2A_21.tif,0.6133103843947217,0.7960239420001938,0.37340153452685415,2433,3191
test,SA,SA_S2A_19HDD_20200808_1_L2A_18.tif,0.0,0.499114990234375,0.0,116,0
test,SA,SA_S2A_19HDE_20200811_1_L2A_7.tif,0.019880715705765408,0.506178492333852,0.075,423,90
test,SA,SA_S2B_18FWJ_20200701_1_L2A_26.tif,0.7249205628688152,0.8527397078243213,0.4710974013834362,3801,3799
test,SA,SA_S2B_18FWJ_20200701_1_L2A_62.tif,0.0,0.19654083251953125,0.0,179,39596
test,SA,SA_S2B_18FWL_20200714_0_L2A_17.tif,0.008156329651656755,0.45951274826096156,0.06906253996674766,311,5622
test,SA,SA_S2B_18FWL_20200714_0_L2A_22.tif,0.056278413544442706,0.48195727142693084,0.19601406799531068,6311,427
test,SA,SA_S2B_18FWL_20200714_0_L2A_237.tif,0.0045016077170418,0.47862515140590955,0.035941594908274054,2477,647
test,SA,SA_S2B_18FWL_20200714_0_L2A_307.tif,0.8895133533742866,0.916653216947344,0.469369312034621,22951,20419
test,SA,SA_S2B_18FWL_20200714_1_L2A_140.tif,0.0,0.49329376220703125,0.0,879,0
test,SA,SA_S2B_18FWL_20200714_1_L2A_53.tif,0.0,0.48575592041015625,0.0,1431,436
test,SA,SA_S2B_18FWL_20200714_1_L2A_87.tif,0.8554744525547445,0.9034181601295124,0.4440006481101184,16654,15121
test,SA,SA_S2B_18FWL_20200714_3_L2A_139.tif,0.8109633212414349,0.9017901424543551,0.45836459114778694,2410,2083
test,SA,SA_S2B_18FWL_20200714_3_L2A_235.tif,0.06037496027963139,0.4388882335052597,0.2540334168069297,12102,1246
test,SA,SA_S2B_18FWM_20200714_1_L2A_148.tif,0.6338650778397079,0.7846115345085882,0.2502999553993019,10273,6729
test,SA,SA_S2B_18FWM_20200714_1_L2A_152.tif,0.39162303664921466,0.6868438082548414,0.18892508143322473,1887,771
test,SA,SA_S2B_18FWM_20200714_1_L2A_18.tif,0.47821187077385424,0.7282987835266032,0.16481774960380347,2335,1600
test,SA,SA_S2B_18FWM_20200714_1_L2A_62.tif,0.031209362808842653,0.5099187002101363,0.04354587869362364,163,630
test,SA,SA_S2B_18FXG_20200704_1_L2A_30.tif,0.0013409961685823754,0.46089421582758044,0.01253731343283582,135,5092
test,SA,SA_S2B_18FXJ_20200714_0_L2A_128.tif,0.9800333138641919,0.9672062575647571,0.7657815585038659,46136,45395
test,SA,SA_S2B_18FXK_20200714_0_L2A_122.tif,0.07828089025326171,0.5299632589543045,0.1738576659767553,1284,121
test,SA,SA_S2B_18FXK_20200714_0_L2A_49.tif,0.01213235294117647,0.48555566550162493,0.07161420733468091,632,2121
test,SA,SA_S2B_18FXK_20200714_1_L2A_41.tif,0.003289473684210526,0.4970211826564917,0.008368200836820085,479,131
test,SA,SA_S2B_18FXK_20200820_0_L2A_110.tif,0.0,0.4953155517578125,0.0,614,0
test,SA,SA_S2B_18FXK_20200820_0_L2A_99.tif,0.9307562920508348,0.9342043976030363,0.5772960591733836,32086,29899
test,SA,SA_S2B_18FXL_20200714_1_L2A_102.tif,0.0,0.48571014404296875,0.0,371,1502
test,SA,SA_S2B_18FXL_20200714_1_L2A_128.tif,0.00025016260569370093,0.19517742693664109,0.04488051292014766,80,39904
test,SA,SA_S2B_18FXL_20200714_1_L2A_18.tif,0.009153318077803204,0.4979687967510246,0.0913589645984012,73,809
test,SA,SA_S2B_18FXL_20200714_2_L2A_31.tif,0.0,0.49822998046875,0.0,126,106
test,SA,SA_S2B_18FXL_20200714_2_L2A_66.tif,0.2814723167336839,0.5852557902491462,0.29411764705882354,3298,9131
test,SA,SA_S2B_18FXL_20200714_3_L2A_3.tif,0.00322061191626409,0.4968875666167215,0.012262415695892091,275,348
test,SA,SA_S2B_18FXL_20200714_3_L2A_76.tif,0.0,0.4976348876953125,0.0,173,137
test,SA,SA_S2B_18FXM_20200714_0_L2A_258.tif,0.0,0.49092864990234375,0.0,1161,28
test,SA,SA_S2B_18FXM_20200714_0_L2A_328.tif,0.7329749103942652,0.8606204819253302,0.5078794231394802,2498,2337
test,SA,SA_S2B_18FXM_20200714_0_L2A_33.tif,0.20739219712525667,0.5948202228555476,0.26434782608695656,1435,329
test,SA,SA_S2B_18FXM_20200714_0_L2A_36.tif,0.0,0.47679901123046875,0.0,3039,2
test,SA,SA_S2B_18FXM_20200714_0_L2A_509.tif,0.5236220472440944,0.7590245888768179,0.5053634133435951,578,583
test,SA,SA_S2B_18FXM_20200714_1_L2A_180.tif,0.0014619883040935672,0.495520038174325,0.01097694840834248,479,206
test,SA,SA_S2B_18FXM_20200714_1_L2A_263.tif,0.06338028169014084,0.528644757767936,0.2652504664848572,321,132
test,SA,SA_S2B_18FXM_20200714_1_L2A_3.tif,0.03779527559055118,0.5142343699970096,0.024783147459727383,191,468
test,SA,SA_S2B_18FXM_20200714_1_L2A_397.tif,0.09360126916975145,0.5205050315042706,0.17453135100193923,3429,707
test,SA,SA_S2B_18FXM_20200714_1_L2A_435.tif,0.0,0.49720001220703125,0.0,45,322
test,SA,SA_S2B_18FXM_20200714_1_L2A_80.tif,0.606139279169212,0.7821249776715682,0.462321620893915,4373,6144
test,SA,SA_S2B_18GWN_20200704_0_L2A_150.tif,0.006557377049180328,0.5009669114317834,0.10241820768136557,84,223
test,SA,SA_S2B_18GWN_20200704_0_L2A_24.tif,0.5677830940988836,0.7797109966360147,0.31490159325210876,1059,907
test,SA,SA_S2B_18GWN_20200704_0_L2A_254.tif,0.003205128205128205,0.4992297861976278,0.009057971014492756,92,221
test,SA,SA_S2B_18GWN_20200704_1_L2A_158.tif,0.0,0.49791717529296875,0.0,1,272
test,SA,SA_S2B_18GWN_20200704_1_L2A_181.tif,0.3709150326797386,0.6825099899652503,0.29225210758731435,329,510
test,SA,SA_S2B_18GWN_20200704_1_L2A_247.tif,0.4663545933294324,0.7261336290146134,0.4913151364764269,1683,823
test,SA,SA_S2B_18GWN_20200704_1_L2A_70.tif,0.5923443177546673,0.7381578581337663,0.17271785219858082,12358,13059
test,SA,SA_S2B_18GWN_20200727_0_L2A_2.tif,0.0,0.495758056640625,0.0,455,101
test,SA,SA_S2B_18GWN_20200727_0_L2A_81.tif,0.13458806818181818,0.5296732369066799,0.1867366325884375,5589,801
test,SA,SA_S2B_18GWP_20200704_0_L2A_137.tif,0.050819967561722836,0.48505230455813175,0.08481881940385741,2685,3146
test,SA,SA_S2B_18GWP_20200704_0_L2A_145.tif,0.0,0.49985504150390625,0.0,4,15
test,SA,SA_S2B_18GWP_20200704_0_L2A_2.tif,0.5548387096774193,0.7699114272132667,0.33695870519700405,1711,1663
test,SA,SA_S2B_18GWP_20200704_0_L2A_92.tif,0.6341397118782278,0.7825788502504042,0.38964020894300605,8408,9628
test,SA,SA_S2B_18GYN_20200714_0_L2A_116.tif,0.29541284403669726,0.644769519532689,0.09382996872334376,445,261
test,SA,SA_S2B_18GYN_20200714_1_L2A_11.tif,0.9056895930860641,0.9204193910707033,0.5200238175247461,27736,25185
test,SA,SA_S2B_18GYP_20200810_0_L2A_49.tif,0.0017785682525566918,0.4837602479302215,0.0,2170,83
test,SA,SA_S2B_18GYP_20200810_0_L2A_90.tif,0.006051437216338881,0.4980129004429982,0.061202185792349734,648,17
test,SA,SA_S2B_18GYP_20200820_0_L2A_24.tif,0.0,0.49915313720703125,0.0,8,103
test,SA,SA_S2B_18GYP_20200820_0_L2A_32.tif,0.0,0.499603271484375,0.0,33,19
test,SA,SA_S2B_18GYP_20200820_1_L2A_43.tif,0.009782608695652175,0.49793997130953654,0.0,912,17
test,SA,SA_S2B_18GYQ_20200820_0_L2A_36.tif,0.7454794664979704,0.8257701836819067,0.2552918783755685,18957,14153
test,SA,SA_S2B_18GYS_20200727_0_L2A_8.tif,0.0,0.49571990966796875,0.0,561,0
test,SA,SA_S2B_19FDU_20200718_0_L2A_3.tif,0.013068373189626137,0.3944240583465195,0.04442499915861744,1594,13445
test,SA,SA_S2B_19HCA_20200714_1_L2A_30.tif,0.0,0.49021148681640625,0.0,1281,2
test,SA,SA_S2B_19HCB_20200714_1_L2A_69.tif,0.0,0.4984893798828125,0.0,193,5
test,SA,SA_S2B_19HCB_20200803_1_L2A_9.tif,0.0,0.49875640869140625,0.0,152,11
test,SA,SA_S2B_19HCC_20200724_1_L2A_38.tif,0.0,0.49969482421875,0.0,40,0
test,SA,SA_S2B_19HCC_20200823_1_L2A_27.tif,0.8677863596619062,0.8903977223435978,0.29678787040877463,27448,23819
test,SA,SA_S2B_19HCD_20200803_1_L2A_8.tif,0.0,0.4962310791015625,0.0,471,23
test,SA,SA_S2B_19HCD_20200813_1_L2A_15.tif,0.0,0.49781036376953125,0.0,256,31
test,SA,SA_S2B_19HCV_20200714_1_L2A_24.tif,0.000643915003219575,0.46479787040045467,0.0,4426,236
test,SA,SA_S2B_19HCV_20200806_1_L2A_5.tif,0.0,0.4852447509765625,0.0,1913,21
test,SA,SA_S2B_19HDD_20200724_1_L2A_14.tif,0.0,0.49892425537109375,0.0,141,0
test,SA,SA_S2B_19HDD_20200803_1_L2A_1.tif,0.0,0.49825286865234375,0.0,126,103
test,SA,SA_S2B_19HDD_20200803_1_L2A_10.tif,0.0,0.4994964599609375,0.0,65,1
test,SC,SC_S2A_32VLP_20200725_0_L2A_371.tif,0.0,0.49959564208984375,0.0,53,0
test,SC,SC_S2A_32VLP_20200725_0_L2A_477.tif,0.7426408746846089,0.8689539578285927,0.622889305816135,1189,883
test,SC,SC_S2A_32VLP_20200725_1_L2A_95.tif,0.7147577092511013,0.8512693073768127,0.41059013842753234,2723,1948
test,SC,SC_S2A_32VMP_20200725_0_L2A_300.tif,0.0729483282674772,0.5318168223306602,0.09186351706036747,658,48
test,SC,SC_S2A_32VMQ_20200801_1_L2A_453.tif,0.31687898089171973,0.655156511429376,0.43665233212041016,625,202
test,SC,SC_S2B_32VLM_20200724_0_L2A_237.tif,0.0,0.4310302734375,0.0,260,8780
test,SC,SC_S2B_32VLM_20200724_1_L2A_147.tif,0.0,0.49869537353515625,0.0,170,1
test,SC,SC_S2B_32VLM_20200816_1_L2A_170.tif,0.10822394856683633,0.5285561798966344,0.18405981546293348,3698,439
test,SC,SC_S2B_32VLN_20200809_1_L2A_44.tif,0.36042402826855124,0.6676071671876045,0.359646424798406,2303,1162
test,SC,SC_S2B_32VLN_20200816_0_L2A_6.tif,0.0056179775280898875,0.5014585653261873,0.01926163723916533,44,135
test,SC,SC_S2B_32VLP_20200809_0_L2A_88.tif,0.45881475959746554,0.7181174334493043,0.13335071934628592,2683,1231
test,SC,SC_S2B_32VLP_20200809_1_L2A_36.tif,0.23488555643251777,0.5796039698225541,0.09975103057018081,1980,5843
test,SC,SC_S2B_32VLP_20200809_2_L2A_378.tif,0.0,0.49993133544921875,0.0,2,7
test,SC,SC_S2B_32VLP_20200809_3_L2A_142.tif,0.6828231292517006,0.8262541387062456,0.4611857189649526,5835,4060
test,SC,SC_S2B_32VLP_20200812_0_L2A_48.tif,0.631316042267051,0.8002443665150516,0.326036038849505,5198,3293
test,SC,SC_S2B_32VMP_20200724_1_L2A_570.tif,0.36663980660757456,0.6772812745181203,0.34906902388564987,1210,486
test,SC,SC_S2B_32VMP_20200809_0_L2A_149.tif,0.3375706214689266,0.6615763587224125,0.4535446322137297,1410,484
test,SEE,SEE_S2A_44RLV_20200918_0_L2A_29.tif,0.0,0.49752044677734375,0.0,325,0
test,SEE,SEE_S2A_44RMU_20200928_1_L2A_5.tif,0.0,0.4982757568359375,0.0,130,96
test,SEE,SEE_S2A_45RUM_20200929_1_L2A_158.tif,0.62784588441331,0.8106445824664554,0.30434782608695654,1135,724
test,SEE,SEE_S2A_45RUM_20200929_1_L2A_166.tif,0.30218068535825543,0.6476622260007279,0.48727666486193827,575,261
test,SEE,SEE_S2A_45RUM_20200929_1_L2A_88.tif,0.6407867494824017,0.8149966283416239,0.2682870784078433,1918,1252
test,SEE,SEE_S2A_45RVM_20200830_0_L2A_128.tif,0.0,0.49832916259765625,0.0,219,0
test,SEE,SEE_S2A_45RVM_20200830_0_L2A_142.tif,0.33076923076923076,0.6647204222647399,0.5344978165938864,129,44
test,SEE,SEE_S2A_45RVM_20200830_0_L2A_194.tif,0.11212814645308924,0.5501347966594123,0.29055690072639223,874,98
test,SEE,SEE_S2A_45RVM_20200929_0_L2A_15.tif,0.2106537530266344,0.6028363877357957,0.36448408676261906,381,119
test,SEE,SEE_S2A_45RVM_20200929_0_L2A_84.tif,0.10233393177737882,0.5473489478981887,0.31153270094857716,555,59
test,SEE,SEE_S2A_45RWM_20200830_1_L2A_193.tif,0.05457746478873239,0.5231898086480873,0.19849874895746458,251,348
test,SEE,SEE_S2B_44RNU_20200831_1_L2A_143.tif,0.693522906793049,0.8422300841755774,0.4674279740880941,1892,1324
test,SEE,SEE_S2B_44RPT_20200831_0_L2A_125.tif,0.07142857142857142,0.5340277520370318,0.0,221,34
test,SEE,SEE_S2B_44RPT_20200831_0_L2A_2.tif,0.21648216482164823,0.6033680713949122,0.07521697203471553,758,231
test,SEE,SEE_S2B_44RPT_20200831_0_L2A_96.tif,0.14766355140186915,0.5668569523658678,0.43663366336633663,1065,163
test,SEE,SEE_S2B_44RPU_20200831_1_L2A_32.tif,0.7305835010060362,0.854476792099012,0.5605961031147314,4815,3786
test,SEE,SEE_S2B_44RQT_20200818_1_L2A_29.tif,0.11065573770491803,0.5536716078806841,0.18521983161833488,235,36
test,SEE,SEE_S2B_45RTN_20200818_1_L2A_10.tif,0.0993006993006993,0.5447316908250232,0.0,713,73
test,SV,SV_S2A_33XVG_20200825_0_L2A_60.tif,0.012203166226912929,0.41449456041816074,0.04312267657992565,218,12058
test,SV,SV_S2A_33XWF_20200801_3_L2A_17.tif,0.0,0.4220733642578125,0.0005136106831022085,63,10151
test,SV,SV_S2A_33XWG_20200801_0_L2A_54.tif,0.0,0.49662017822265625,0.0,332,111
test,SV,SV_S2A_33XXH_20200826_0_L2A_27.tif,0.0,0.490692138671875,0.0,1219,1
test,SV,SV_S2A_33XXK_20200801_0_L2A_133.tif,0.3229060078935828,0.6248809256863338,0.44832951960775064,6605,2445
test,SV,SV_S2A_33XXK_20200801_1_L2A_145.tif,0.01968984143579021,0.4668478096101807,0.040742417383431415,261,5591
test,SV,SV_S2A_35XMK_20200801_1_L2A_1.tif,0.4946401225114854,0.7422345318983687,0.49384896851933635,1290,662
test,SV,SV_S2B_33XVG_20200825_1_L2A_11.tif,0.3989333333333333,0.69076906834599,0.13867020772076258,1807,816
test,SV,SV_S2B_33XWF_20200801_1_L2A_67.tif,0.4099756690997567,0.7012684523507648,0.48051490037030503,692,467
test,SV,SV_S2B_33XWJ_20200802_3_L2A_4.tif,0.1782178217821782,0.5872076250415427,0.4127418409224155,246,111
test,WC,WC_S2A_10UCC_20200801_1_L2A_50.tif,0.0315893385982231,0.5083065769688722,0.16670967741935486,948,97
test,WC,WC_S2A_10UDA_20200729_0_L2A_166.tif,0.14600146735143066,0.5640930703302909,0.09061488673139158,1363,199
test,WC,WC_S2A_10UDA_20200729_0_L2A_352.tif,0.5397390272835113,0.7668886129180421,0.2610030706243603,843,455
test,WC,WC_S2A_10UDA_20200729_0_L2A_56.tif,0.5301587301587302,0.7605162522964829,0.16426783479349186,1260,668
test,WC,WC_S2A_10UDA_20200729_1_L2A_433.tif,0.011764705882352941,0.5052414740215152,0.18181818181818182,85,1
test,WC,WC_S2A_10UDB_20200729_1_L2A_35.tif,0.328,0.6627166559721331,0.48636698599852624,246,86
test,WC,WC_S2A_10UDB_20200729_1_L2A_88.tif,0.5049115913555993,0.7505256190513194,0.4442894507410637,469,297
test,WC,WC_S2A_10UEA_20200729_0_L2A_371.tif,0.35019455252918286,0.6699726905275103,0.3724304715840387,1028,360
test,WC,WC_S2A_10UEA_20200729_1_L2A_253.tif,0.15204678362573099,0.5727006505131007,0.2733812949640288,338,253
test,WC,WC_S2A_10UEA_20200729_1_L2A_376.tif,0.01639344262295082,0.505907728315794,0.1108910891089109,291,19
test,WC,WC_S2A_10UEA_20200729_1_L2A_379.tif,0.040634291377601585,0.5129272685989467,0.0,1009,41
test,WC,WC_S2A_10UEA_20200828_0_L2A_121.tif,0.11214953271028037,0.5553498411368996,0.3126550868486353,103,16
test,WC,WC_S2A_10UEV_20200828_0_L2A_87.tif,0.06365883807169345,0.5202526916964308,0.0,1618,103
test,WC,WC_S2A_9UWB_20200731_1_L2A_28.tif,0.16987179487179488,0.5829582849257803,0.24644549763033174,211,154
test,WC,WC_S2A_9UWB_20200731_1_L2A_64.tif,0.25572519083969464,0.6263733409635398,0.2194934765924789,251,78
test,WC,WC_S2A_9UXU_20200725_1_L2A_176.tif,0.036036036036036036,0.5172016229743752,0.24615384615384614,108,7
test,WC,WC_S2A_9UXU_20200725_1_L2A_202.tif,0.0,0.4998931884765625,0.0,14,0
test,WC,WC_S2A_9UXV_20200725_1_L2A_130.tif,0.058823529411764705,0.5286792757695173,0.3,102,6
test,WC,WC_S2A_9UYS_20200725_0_L2A_241.tif,0.18949181739879414,0.5875424669699586,0.40009571667863125,1082,299
test,WC,WC_S2A_9UYS_20200725_1_L2A_106.tif,0.02,0.5085045473966917,0.23728813559322035,200,4
test,WC,WC_S2A_9UYS_20200804_0_L2A_109.tif,0.24390243902439024,0.6214780526521915,0.5925925925925926,82,20
test,WC,WC_S2A_9UYS_20200804_1_L2A_240.tif,0.0728744939271255,0.5346896356201152,0.10319410319410319,230,35
test,WC,WC_S2B_10UCB_20200720_1_L2A_128.tif,0.627666451195863,0.8047757673471532,0.13519055716715014,3084,1952
test,WC,WC_S2B_10UCB_20200727_0_L2A_295.tif,0.2778625954198473,0.6353125444584011,0.40585979746337625,653,184
test,WC,WC_S2B_10UCC_20200720_1_L2A_3.tif,0.19169329073482427,0.5919790900292685,0.3793677204658901,588,158
test,WC,WC_S2B_10UCC_20200727_0_L2A_59.tif,0.5738563613083459,0.7567249004508927,0.25197115023193906,8569,4952
test,WC,WC_S2B_10UDA_20200727_1_L2A_206.tif,0.49230769230769234,0.7448919151699989,0.5252525252525252,325,160
test,WC,WC_S2B_10UDA_20200727_1_L2A_372.tif,0.13580246913580246,0.5673670872958676,0.3715319662243667,52,40
test,WC,WC_S2B_10UDB_20200727_1_L2A_190.tif,0.03459119496855346,0.5126095761758541,0.11627906976744187,636,22
test,WC,WC_S2B_10UEB_20200813_0_L2A_66.tif,0.028456453003736705,0.48840185915617707,0.18451348367765336,3478,100
test,WC,WC_S2B_9UWU_20200730_1_L2A_11.tif,0.016129032258064516,0.5071337015900144,0.22535211267605632,124,2
test,WC,WC_S2B_9UWV_20200730_0_L2A_144.tif,0.9303721488595438,0.9601675578340567,0.6622184164342215,8329,7751
test,WC,WC_S2B_9UWV_20200730_1_L2A_34.tif,0.16862745098039217,0.5826952319107296,0.5268895348837209,254,44
test,WC,WC_S2B_9UXU_20200730_0_L2A_48.tif,0.05327868852459016,0.5248766044610039,0.15730337078651685,244,13
test,WC,WC_S2B_9UXU_20200730_1_L2A_101.tif,0.0,0.498748779296875,0.0,164,0
test,WC,WC_S2B_9UXV_20200730_0_L2A_75.tif,0.23507462686567165,0.6159717826033336,0.35443037974683544,268,63
test,WC,WC_S2B_9UYR_20200816_0_L2A_70.tif,0.0,0.49990081787109375,0.0,5,8
test,WC,WC_S2B_9UYS_20200730_1_L2A_52.tif,0.2648588410104012,0.6171647767830649,0.01081081081081081,2692,713
test,WC,WC_S2B_9UYT_20200720_1_L2A_297.tif,0.03464203233256351,0.5141311991610468,0.16666666666666669,431,17
test,WC,WC_S2B_9UYT_20200720_1_L2A_34.tif,0.06896551724137931,0.5338647210806317,0.376068376068376,84,9
test,WC,WC_S2B_9UYT_20200816_0_L2A_19.tif,0.2805755395683453,0.6395243760409478,0.4006359300476948,93,85
test,WC,WC_S2B_9UYT_20200829_0_L2A_223.tif,0.0012588116817724068,0.40981119488561996,0.04926315789473684,11900,31
himalaya,SAW,SAW_S2A_42SWE_20200910_1_L2A_66.tif,0.5154639175257731,0.7566537463015034,0.4914933837429112,288,153
himalaya,SAW,SAW_S2A_42SWE_20200913_0_L2A_29.tif,0.5074183976261127,0.7511629522259471,0.6653327997865813,644,372
himalaya,SAW,SAW_S2A_42SWE_20200913_1_L2A_165.tif,0.0,0.4991912841796875,0.0,93,13
himalaya,SAW,SAW_S2A_42SWE_20200923_0_L2A_9.tif,0.4562841530054645,0.7266199482768148,0.4296675191815857,349,184
himalaya,SAW,SAW_S2A_42SXE_20200910_0_L2A_118.tif,0.21052631578947367,0.6049197722650439,0.5194805194805195,51,18
himalaya,SAW,SAW_S2A_42SXE_20200910_0_L2A_182.tif,0.5649913344887348,0.7805711157952031,0.43930635838150295,539,364
himalaya,SAW,SAW_S2A_42SXE_20200910_0_L2A_228.tif,0.39285714285714285,0.6960392762817843,0.8093525179856116,79,38
himalaya,SAW,SAW_S2A_42SXE_20200910_0_L2A_279.tif,0.4804088586030664,0.7307335561180778,0.37783658086761285,2274,1202
himalaya,SAW,SAW_S2A_42SXE_20200910_1_L2A_218.tif,0.1270718232044199,0.5599157671019274,0.3941475067184234,527,85
himalaya,SAW,SAW_S2A_42SXE_20200910_1_L2A_372.tif,0.0,0.49932098388671875,0.0,89,0
himalaya,SAW,SAW_S2A_42SXE_20200920_1_L2A_164.tif,0.2226148409893993,0.6096273386288924,0.10723860589812334,283,63
himalaya,SAW,SAW_S2A_42SXE_20200920_1_L2A_185.tif,0.025380710659898477,0.5112253998127131,0.2828282828282829,191,11
himalaya,SAW,SAW_S2A_42SXE_20200920_1_L2A_353.tif,0.8527253668763103,0.9218509464997139,0.612575595358662,3813,3257
himalaya,SAW,SAW_S2A_42SXE_20200920_1_L2A_363.tif,0.4666666666666667,0.7328446344939931,0.717391304347826,101,75
himalaya,SAW,SAW_S2A_42SXE_20200923_0_L2A_35.tif,0.669218989280245,0.8329504829809573,0.534649393378573,628,462
himalaya,SAW,SAW_S2A_42SXF_20200910_0_L2A_103.tif,0.14127423822714683,0.5682701648492381,0.031007751937984496,361,51
himalaya,SAW,SAW_S2A_42SYE_20200910_0_L2A_150.tif,0.2503725782414307,0.6213388408279727,0.37427776588915046,425,414
himalaya,SAW,SAW_S2A_42SYE_20200910_1_L2A_71.tif,0.3627287853577371,0.6784325821519082,0.44487170987204133,511,308
himalaya,SAW,SAW_S2A_42SYF_20200920_1_L2A_77.tif,0.06481481481481481,0.5316367562453265,0.40909090909090906,108,7
himalaya,SAW,SAW_S2A_42SYF_20200920_1_L2A_82.tif,0.05275779376498801,0.5233642740537856,0.03669724770642202,399,40
himalaya,SAW,SAW_S2A_43SBA_20200920_1_L2A_35.tif,0.09210526315789473,0.5455261471216841,0.3783783783783784,75,8
himalaya,SAW,SAW_S2A_43SBV_20200920_1_L2A_119.tif,0.24618382591750568,0.605176880077219,0.1752322161721457,3078,759
himalaya,SAW,SAW_S2A_43SBV_20200920_1_L2A_26.tif,0.2841958041958042,0.6222668419615103,0.24634110998406028,3559,1032
himalaya,SAW,SAW_S2A_43SBV_20200920_1_L2A_75.tif,0.026058631921824105,0.5107478484966219,0.08391608391608392,293,22
himalaya,SAW,SAW_S2A_43SCA_20200920_1_L2A_56.tif,0.16470588235294117,0.5818111384231969,0.5581395348837209,84,15
himalaya,SAW,SAW_S2A_43SCA_20200920_1_L2A_57.tif,0.2551928783382789,0.625678944898704,0.0,337,86
himalaya,SAW,SAW_S2A_43SDB_20200907_1_L2A_14.tif,0.0,0.2569732666015625,0.0,59,31795
himalaya,SAW,SAW_S2A_43SDB_20200907_1_L2A_56.tif,0.5114285714285715,0.7530907010691601,0.4992588932806325,687,371
himalaya,SAW,SAW_S2A_43SEB_20200904_0_L2A_4.tif,0.5180505415162455,0.7569792623901784,0.4096450826334327,554,287
himalaya,SAW,SAW_S2A_43SET_20200917_0_L2A_2.tif,0.14934289127837516,0.5692289359695601,0.44354901201084845,833,129
himalaya,SAW,SAW_S2A_43SET_20200924_0_L2A_51.tif,0.2786683107274969,0.6348555150330181,0.4588967332774919,808,229
himalaya,SAW,SAW_S2A_43SET_20200924_0_L2A_84.tif,0.13181019332161686,0.5621318576329903,0.11561133295303289,392,252
himalaya,SAW,SAW_S2A_43SET_20200924_1_L2A_43.tif,0.5815347721822542,0.7880848754456335,0.42694676986258095,830,489
himalaya,SAW,SAW_S2A_43SET_20200924_1_L2A_68.tif,0.12415784408084697,0.5551224800693807,0.29130719668013544,513,655
himalaya,SAW,SAW_S2A_43SET_20200924_1_L2A_78.tif,0.029850746268656716,0.5084759760957083,0.07345689508586975,188,709
himalaya,SAW,SAW_S2A_43SET_20200924_1_L2A_87.tif,0.014577259475218658,0.5047096976291415,0.025974025974025976,332,16
himalaya,SAW,SAW_S2A_43SEU_20200924_1_L2A_104.tif,0.47474747474747475,0.7369767241348728,0.7537688442211055,96,50
himalaya,SAW,SAW_S2A_43SEU_20200924_1_L2A_291.tif,0.0,0.4984283447265625,0.0,205,1
himalaya,SAW,SAW_S2A_43SEU_20200924_1_L2A_71.tif,0.08192731992212848,0.49745364166209916,0.21685978526629104,6164,505
himalaya,SAW,SAW_S2A_43SFR_20200921_0_L2A_21.tif,0.2759825327510917,0.6316358539253771,0.39012345679012345,1033,428
himalaya,SAW,SAW_S2A_43SFS_20200901_1_L2A_24.tif,0.24666666666666667,0.61987704165902,0.40309900877292926,537,211
himalaya,SAW,SAW_S2A_43SFS_20200924_0_L2A_15.tif,0.1031390134529148,0.5500430921217224,0.17869415807560138,103,143
himalaya,SAW,SAW_S2A_43SFT_20200914_1_L2A_33.tif,0.3333333333333333,0.6661781468816154,0.7154471544715447,94,34
himalaya,SAW,SAW_S2A_43SFT_20200924_1_L2A_23.tif,0.1414059325477448,0.554495995665785,0.16394243690292948,1433,1376
himalaya,SAW,SAW_S2A_43SFT_20200924_1_L2A_8.tif,0.13513513513513514,0.566834978016126,0.4571428571428572,93,33
himalaya,SAW,SAW_S2A_43SFU_20200914_1_L2A_69.tif,0.28289473684210525,0.6397819749909534,0.5670035865666775,304,86
himalaya,SAW,SAW_S2A_43SFU_20200921_1_L2A_47.tif,0.1134020618556701,0.5560447928507652,0.43902439024390244,97,11
himalaya,SAW,SAW_S2A_43SFU_20200924_0_L2A_117.tif,0.3013698630136986,0.6495164573965697,0.2417582417582418,215,70
himalaya,SAW,SAW_S2A_43SGR_20200901_1_L2A_52.tif,0.4620355411954766,0.7284660464598073,0.2740740740740741,453,452
himalaya,SAW,SAW_S2A_43SGR_20200911_1_L2A_27.tif,0.004424778761061947,0.5004957494171526,0.14084507042253522,226,1
himalaya,SAW,SAW_S2A_43SGR_20200911_1_L2A_43.tif,0.10526315789473684,0.5522424441999245,0.6037735849056605,48,15
himalaya,SAW,SAW_S2A_43SGR_20200911_1_L2A_60.tif,0.2620689655172414,0.6302176639244578,0.6153846153846154,132,51
himalaya,SAW,SAW_S2A_43SGS_20200901_0_L2A_38.tif,0.03669724770642202,0.5167462554000306,0.3283582089552239,214,12
himalaya,SAW,SAW_S2A_43SGS_20200911_3_L2A_31.tif,0.13636363636363635,0.5654252091926766,0.21686746987951808,411,64
himalaya,SAW,SAW_S2A_43SGS_20200921_1_L2A_50.tif,0.05670103092783505,0.5227620466432982,0.015267175572519083,774,46
himalaya,SAW,SAW_S2A_43SGS_20200921_1_L2A_54.tif,0.0,0.498077392578125,0.0,48,204
himalaya,SAW,SAW_S2A_43SGT_20200901_0_L2A_6.tif,0.09090909090909091,0.5448441193771434,0.4,88,8
himalaya,SAW,SAW_S2A_43SGT_20200911_1_L2A_33.tif,0.18292682926829268,0.5909521281763694,0.4545454545454545,81,16
himalaya,SAW,SAW_S2A_43SGT_20200914_1_L2A_2.tif,0.2112676056338028,0.6047789192947813,0.5655632537849627,101,71
himalaya,SAW,SAW_S2A_43SGU_20200911_1_L2A_15.tif,0.002890173410404624,0.4961806438205928,0.08196721311475409,692,2
himalaya,SAW,SAW_S2A_43SGU_20200914_1_L2A_37.tif,0.2947976878612717,0.6464673328975749,0.44117647058823534,173,51
himalaya,SAW,SAW_S2A_43SGU_20200921_1_L2A_12.tif,0.0,0.49878692626953125,0.0,155,4
himalaya,SAW,SAW_S2A_43SGV_20200901_1_L2A_22.tif,0.0,0.4986724853515625,0.0,156,18
himalaya,SAW,SAW_S2A_43SGV_20200901_1_L2A_26.tif,0.32,0.659610758334351,0.8166295471417966,61,38
himalaya,SAW,SAW_S2A_43SGV_20200901_1_L2A_8.tif,0.0,0.49805450439453125,0.0,253,2
himalaya,SAW,SAW_S2A_43SGV_20200921_1_L2A_55.tif,0.05309734513274336,0.5257322526060482,0.326530612244898,113,6
himalaya,SAW,SAW_S2A_44RKV_20200901_0_L2A_3.tif,0.10989010989010989,0.5543269796772223,0.2325581395348837,88,13
himalaya,SAW,SAW_S2A_44RMV_20200908_0_L2A_2.tif,0.23052959501557632,0.6133782068139505,0.27149321266968324,315,80
himalaya,SAW,SAW_S2A_44RMV_20200918_0_L2A_43.tif,0.012323491655969191,0.47678995252234085,0.028150714595062798,384,3559
himalaya,SAW,SAW_S2A_44RNU_20200905_1_L2A_46.tif,0.004699927693420101,0.4813420734875995,0.0335195530726257,2694,85
himalaya,SAW,SAW_S2A_44RNU_20200905_1_L2A_56.tif,0.0,0.49901580810546875,0.0,123,6
himalaya,SAW,SAW_S2A_44RNU_20200905_2_L2A_68.tif,0.22052067381316998,0.6024593315117837,0.10753156290814105,1290,304
himalaya,SAW,SAW_S2A_44RNV_20200908_0_L2A_111.tif,0.451505016722408,0.7244987049025413,0.32196969696969696,287,147
himalaya,SAW,SAW_S2A_44RNV_20200908_1_L2A_106.tif,0.14897260273972604,0.570689451914562,0.14757554462403374,584,87
himalaya,SAW,SAW_S2A_44RNV_20200915_1_L2A_93.tif,0.284375,0.6369241808145504,0.48,847,386
himalaya,SAW,SAW_S2A_44SKA_20200901_1_L2A_12.tif,0.24475524475524477,0.6215532074831933,0.4851752021563342,135,43
himalaya,SAW,SAW_S2A_44SKA_20200921_1_L2A_13.tif,0.4756013745704467,0.7319173364740458,0.4157131960335622,1418,729
himalaya,SAW,SAW_S2A_44SKB_20200901_0_L2A_41.tif,0.0,0.3037261962890625,0.0,17,25709
himalaya,SAW,SAW_S2A_44SKB_20200901_1_L2A_58.tif,0.20875251509054327,0.5922987403081285,0.3518612952575217,1976,427
himalaya,SAW,SAW_S2A_44SKB_20200901_1_L2A_89.tif,0.35443037974683544,0.6768259244401882,0.7924528301886792,69,38
himalaya,SAW,SAW_S2A_44SKB_20200911_2_L2A_47.tif,0.8041769716955207,0.8670912361227878,0.16075388756177655,18108,14719
himalaya,SAW,SAW_S2A_44SKB_20200921_1_L2A_85.tif,0.25936599423631124,0.6277195463343033,0.43339805825242717,334,103
himalaya,SAW,SAW_S2A_44SKB_20200921_1_L2A_86.tif,0.21818181818181817,0.6084345407919715,0.5341365461847389,108,26
himalaya,SAW,SAW_S2A_44SKC_20200901_1_L2A_44.tif,0.03076923076923077,0.42741739019588404,0.18315377081292852,11830,364
himalaya,SAW,SAW_S2A_44SKC_20200921_1_L2A_34.tif,0.016260162601626018,0.5053603575101828,0.0,369,6
himalaya,SAW,SAW_S2A_44SKD_20200901_1_L2A_22.tif,0.7812257564003103,0.8884278141204391,0.7253932991793989,1259,1037
himalaya,SAW,SAW_S2A_44SKD_20200921_1_L2A_37.tif,0.06504065040650407,0.5316428377169866,0.36802973977695164,114,17
himalaya,SAW,SAW_S2A_44SLA_20200911_1_L2A_10.tif,0.6852813852813853,0.8369568310548405,0.2931449188214071,2280,1613
himalaya,SAW,SAW_S2A_44SLB_20200911_2_L2A_32.tif,0.2417910447761194,0.6189552580843396,0.3408071748878924,331,85
himalaya,SAW,SAW_S2A_44SLB_20200918_1_L2A_12.tif,0.14492753623188406,0.5715632247372254,0.23333333333333334,138,20
himalaya,SAW,SAW_S2A_44SMA_20200918_1_L2A_26.tif,0.006493506493506494,0.502079438071656,0.0,154,1
himalaya,SAW,SAW_S2B_42SWE_20200918_1_L2A_37.tif,0.5081967213114754,0.7522603506079495,0.5349091704968264,458,278
himalaya,SAW,SAW_S2B_42SXE_20200905_1_L2A_191.tif,0.39959016393442626,0.6975529981301124,0.6147012465969337,434,249
himalaya,SAW,SAW_S2B_42SXE_20200905_1_L2A_230.tif,0.44332998996990974,0.717401929264612,0.446101649366791,958,481
himalaya,SAW,SAW_S2B_42SXE_20200905_1_L2A_239.tif,0.486050836949783,0.736624071798341,0.36423841059602646,1561,836
himalaya,SAW,SAW_S2B_42SXE_20200905_1_L2A_6.tif,0.7953995157384988,0.8963973333559245,0.7106598984771574,824,659
himalaya,SAW,SAW_S2B_42SXE_20200918_1_L2A_64.tif,0.20711974110032363,0.6016888417134072,0.18839200761179828,303,70
himalaya,SAW,SAW_S2B_42SXF_20200905_0_L2A_2.tif,0.24150943396226415,0.6192197096497538,0.2537764350453172,259,70
himalaya,SAW,SAW_S2B_42SXF_20200905_1_L2A_10.tif,0.5378995433789955,0.7650542876794588,0.3025771835693552,1095,589
himalaya,SAW,SAW_S2B_42SXF_20200905_1_L2A_60.tif,0.3333333333333333,0.6658725795614195,0.40444091990483744,137,71
himalaya,SAW,SAW_S2B_42SXF_20200915_1_L2A_45.tif,0.8527712390327413,0.9207967582468544,0.3651985516709207,4673,3985
himalaya,SAW,SAW_S2B_42SYE_20200922_1_L2A_29.tif,0.22058823529411764,0.6066473844166801,0.41450777202072536,590,157
himalaya,SAW,SAW_S2B_42SYE_20200922_1_L2A_41.tif,0.01282051282051282,0.5058227840672336,0.2285714285714286,70,9
himalaya,SAW,SAW_S2B_43SBA_20200922_1_L2A_15.tif,0.0,0.49898529052734375,0.0,133,0
himalaya,SAW,SAW_S2B_43SBA_20200922_1_L2A_7.tif,0.053763440860215055,0.5255387420703724,0.18340611353711792,184,12
himalaya,SAW,SAW_S2B_43SBV_20200922_0_L2A_146.tif,0.0,0.49863433837890625,0.0,179,0
himalaya,SAW,SAW_S2B_43SBV_20200922_0_L2A_65.tif,0.3181818181818182,0.6556466449388104,0.5039840637450199,628,242
himalaya,SAW,SAW_S2B_43SBV_20200922_1_L2A_68.tif,0.4954128440366973,0.7409028594255728,0.13271452552582205,1645,963
himalaya,SAW,SAW_S2B_43SBV_20200925_1_L2A_65.tif,0.024584237165582067,0.501994723083417,0.008849557522123895,1381,36
himalaya,SAW,SAW_S2B_43SCA_20200922_0_L2A_125.tif,0.18181818181818182,0.590565715760295,0.5789473684210525,55,10
himalaya,SAW,SAW_S2B_43SCA_20200922_0_L2A_130.tif,0.017937219730941704,0.5072976704770804,0.147239263803681,223,4
himalaya,SAW,SAW_S2B_43SCA_20200922_0_L2A_91.tif,0.3276699029126214,0.6617172468340572,0.2965590634976942,412,135
himalaya,SAW,SAW_S2B_43SCA_20200922_1_L2A_152.tif,0.32971014492753625,0.663441671898408,0.5180952380952382,271,96
himalaya,SAW,SAW_S2B_43SCA_20200922_1_L2A_169.tif,0.2,0.5984118257895058,0.0784313725490196,260,52
himalaya,SAW,SAW_S2B_43SCA_20200922_1_L2A_76.tif,0.676341730558598,0.8335752913379917,0.5382728859123709,1824,1237
himalaya,SAW,SAW_S2B_43SCA_20200925_0_L2A_54.tif,0.1444866920152091,0.5653609282907319,0.0,931,273
himalaya,SAW,SAW_S2B_43SCA_20200925_1_L2A_40.tif,0.0,0.49950408935546875,0.0,58,7
himalaya,SAW,SAW_S2B_43SCU_20200922_0_L2A_53.tif,0.58719646799117,0.7921657228878786,0.5499296765119549,421,298
himalaya,SAW,SAW_S2B_43SCV_20200922_0_L2A_252.tif,0.14699493120926865,0.5644821134854909,0.3626943005181347,1368,216
himalaya,SAW,SAW_S2B_43SCV_20200922_0_L2A_258.tif,0.024271844660194174,0.5106022970229905,0.0784313725490196,206,5
himalaya,SAW,SAW_S2B_43SCV_20200922_0_L2A_312.tif,0.522083805209513,0.7545108102718256,0.4266444215682795,1692,996
himalaya,SAW,SAW_S2B_43SCV_20200922_0_L2A_398.tif,0.19047619047619047,0.5931608713866778,0.2893175074183977,336,64
himalaya,SAW,SAW_S2B_43SCV_20200922_0_L2A_410.tif,0.22435897435897437,0.6112558371588769,0.4163027656477438,156,35
himalaya,SAW,SAW_S2B_43SCV_20200922_0_L2A_80.tif,0.20191693290734825,0.5913831827983537,0.4754252091569367,1469,412
himalaya,SAW,SAW_S2B_43SCV_20200922_1_L2A_107.tif,0.008547008547008548,0.5033884810034959,0.05405405405405406,117,1
himalaya,SAW,SAW_S2B_43SCV_20200922_1_L2A_225.tif,0.0979498861047836,0.5459517191964072,0.0,429,53
himalaya,SAW,SAW_S2B_43SDA_20200922_1_L2A_52.tif,0.007125890736342043,0.500373712462612,0.029304029304029304,381,43
himalaya,SAW,SAW_S2B_43SDB_20200922_1_L2A_22.tif,0.24761904761904763,0.6226031222457831,0.49207443142660234,197,65
himalaya,SAW,SAW_S2B_43SDU_20200909_0_L2A_41.tif,0.6925925925925925,0.8456612444974929,0.7433254031192176,201,256
himalaya,SAW,SAW_S2B_43SDU_20200912_1_L2A_82.tif,0.08534322820037106,0.5389076806752352,0.20579463144439708,470,115
himalaya,SAW,SAW_S2B_43SDU_20200922_0_L2A_48.tif,0.24455205811138014,0.6198919838199599,0.48880850101740897,413,101
himalaya,SAW,SAW_S2B_43SDU_20200922_0_L2A_50.tif,0.6419923901764095,0.812869624736446,0.36478615410218,2616,2131
himalaya,SAW,SAW_S2B_43SDV_20200922_1_L2A_76.tif,0.0,0.49678802490234375,0.0,363,58
himalaya,SAW,SAW_S2B_43SET_20200909_0_L2A_55.tif,0.10512129380053908,0.5500261796727629,0.3482587064676616,371,39
himalaya,SAW,SAW_S2B_43SET_20200909_1_L2A_18.tif,0.20279720279720279,0.6005284653826031,0.6282871357498222,124,48
himalaya,SAW,SAW_S2B_43SEU_20200919_0_L2A_207.tif,0.5188866799204771,0.7575896440582852,0.5394456289978677,501,263
himalaya,SAW,SAW_S2B_43SEU_20200919_0_L2A_243.tif,0.30842745438748914,0.6481076533378664,0.05036726128016789,1127,379
himalaya,SAW,SAW_S2B_43SEU_20200919_1_L2A_171.tif,0.7109788359788359,0.8520997715365239,0.7745251658441578,1403,1184
himalaya,SAW,SAW_S2B_43SEU_20200922_1_L2A_104.tif,0.0,0.4929656982421875,0.0,922,0
himalaya,SAW,SAW_S2B_43SEV_20200922_0_L2A_4.tif,0.07119741100323625,0.5334083339779743,0.3209229155742003,294,37
himalaya,SAW,SAW_S2B_43SEV_20200922_0_L2A_74.tif,0.6073619631901841,0.8031919616216825,0.891304347826087,154,108
himalaya,SAW,SAW_S2B_43SEV_20200922_0_L2A_76.tif,0.011869436201780416,0.5033939746473103,0.06648199445983378,310,31
himalaya,SAW,SAW_S2B_43SFA_20200919_1_L2A_20.tif,0.006510416666666667,0.4974335361476502,0.0,768,5
himalaya,SAW,SAW_S2B_43SFR_20200909_0_L2A_1.tif,0.3313444709626094,0.6526821113757764,0.18466056703942166,2438,909
himalaya,SAW,SAW_S2B_43SFU_20200909_0_L2A_114.tif,0.007246376811594203,0.49944202500471063,0.047058823529411764,552,4
himalaya,SAW,SAW_S2B_43SFU_20200909_1_L2A_49.tif,0.7634961439588689,0.8803314232775158,0.6694560669456068,764,608
himalaya,SAW,SAW_S2B_43SFU_20200909_1_L2A_91.tif,0.933828276307295,0.9652778819079377,0.9620733632940605,3092,2899
himalaya,SAW,SAW_S2B_43SFV_20200919_1_L2A_21.tif,0.07511737089201878,0.5360553276926516,0.0879765395894428,193,36
himalaya,SAW,SAW_S2B_43SFV_20200919_1_L2A_41.tif,0.12605042016806722,0.5622315714033053,0.364741641337386,78,56
himalaya,SAW,SAW_S2B_43SFV_20200919_1_L2A_48.tif,0.054,0.5233898090338732,0.24085128471321052,462,65
himalaya,SAW,SAW_S2B_43SFV_20200919_1_L2A_67.tif,0.026573426573426574,0.49734267015838207,0.0,2145,57
himalaya,SAW,SAW_S2B_43SGT_20200909_1_L2A_3.tif,0.047872340425531915,0.5225703210208298,0.24778761061946905,188,9
himalaya,SAW,SAW_S2B_43SGU_20200916_1_L2A_55.tif,0.17491749174917492,0.5855498534903045,0.15074024226110364,301,55
himalaya,SAW,SAW_S2B_43SGV_20200916_1_L2A_47.tif,0.15966386554621848,0.5790687720667277,0.5454545454545455,119,19
himalaya,SAW,SAW_S2B_43SGV_20200919_1_L2A_4.tif,0.0,0.490509033203125,0.0,1244,0
himalaya,SAW,SAW_S2B_43SGV_20200919_1_L2A_48.tif,0.08131868131868132,0.5374684522488306,0.18,455,37
himalaya,SAW,SAW_S2B_44RMV_20200913_0_L2A_42.tif,0.25,0.623212594335299,0.20800000000000002,312,78
himalaya,SAW,SAW_S2B_44RNV_20200920_1_L2A_50.tif,0.12953367875647667,0.563484611966048,0.49586776859504134,193,25
himalaya,SAW,SAW_S2B_44RNV_20200920_1_L2A_94.tif,0.06790123456790123,0.5316457664123811,0.16985138004246286,324,22
himalaya,SAW,SAW_S2B_44SKA_20200913_1_L2A_42.tif,0.1453900709219858,0.565321848163679,0.19151652716697404,1126,166
himalaya,SAW,SAW_S2B_44SKD_20200916_1_L2A_30.tif,0.0,0.499786376953125,0.0,21,7
himalaya,SAW,SAW_S2B_44SKE_20200916_1_L2A_23.tif,0.0,0.499176025390625,0.0,92,16
himalaya,SAW,SAW_S2B_44SLA_20200913_1_L2A_106.tif,0.4424778761061947,0.7193104453385143,0.431523835767429,450,202
himalaya,SAW,SAW_S2B_44SLA_20200913_1_L2A_123.tif,0.3912466843501326,0.6921056155920894,0.518714222809335,749,300
himalaya,SAW,SAW_S2B_44SLA_20200923_0_L2A_127.tif,0.10071942446043165,0.5494058341434663,0.250632911392405,115,38
himalaya,SAW,SAW_S2B_44SLB_20200923_1_L2A_10.tif,0.3546511627906977,0.676477929619862,0.5786932732539427,169,64
himalaya,SA,SA_S2A_18FWH_20200706_1_L2A_1.tif,0.41544225683220687,0.6412810222054524,0.24232975369114243,7327,11940
himalaya,SA,SA_S2A_18FWJ_20200706_0_L2A_3.tif,0.5626238398164564,0.7464438598493666,0.315442151019992,9240,5744
himalaya,SA,SA_S2A_18FWK_20200706_0_L2A_216.tif,0.006089824917533621,0.44323242772873994,0.014233187047799786,642,7288
himalaya,SA,SA_S2A_18FWK_20200706_1_L2A_79.tif,0.883529508601531,0.9096552871136909,0.4417171486265097,23394,22372
himalaya,SA,SA_S2A_18FWL_20200706_0_L2A_68.tif,0.1498460485802258,0.5558364164066142,0.09349955476402493,2265,1096
himalaya,SA,SA_S2A_18FXF_20200716_2_L2A_132.tif,0.000268233148252461,0.2157355572236394,0.006101901759381675,35,37256
himalaya,SA,SA_S2A_18FXF_20200716_2_L2A_167.tif,0.25422116527942923,0.5516400953865901,0.1493411420204978,10276,5546
himalaya,SA,SA_S2A_18FXF_20200716_2_L2A_253.tif,0.2210815575257946,0.4879480773658481,0.13128912983363664,6546,17005
himalaya,SA,SA_S2A_18FXF_20200716_2_L2A_320.tif,0.0,0.49044036865234375,0.0,289,964
himalaya,SA,SA_S2A_18FXF_20200716_2_L2A_347.tif,0.04060134996931888,0.4482931219058587,0.026985169889243474,5827,4348
himalaya,SA,SA_S2A_18FXF_20200716_2_L2A_78.tif,0.0006595943494750728,0.36159437198702005,0.010748835542816195,355,17850
himalaya,SA,SA_S2A_18FXH_20200825_0_L2A_122.tif,0.019417475728155338,0.49197320572176584,0.03460559796437659,1347,1068
himalaya,SA,SA_S2A_18FXH_20200825_0_L2A_250.tif,0.002152852529601722,0.4798571373894766,0.03731343283582089,2684,109
himalaya,SA,SA_S2A_18FXH_20200825_0_L2A_251.tif,0.0,0.4990386962890625,0.0,123,3
himalaya,SA,SA_S2A_18FXH_20200825_0_L2A_254.tif,0.03225806451612903,0.5149845357602238,0.16129032258064516,119,41
himalaya,SA,SA_S2A_18FXH_20200825_0_L2A_37.tif,0.011479028697571744,0.48865052030207545,0.11593587429663446,1721,570
himalaya,SA,SA_S2A_18FXH_20200825_0_L2A_63.tif,0.14686433447098976,0.5110948490104602,0.22902461434305332,9342,1411
himalaya,SA,SA_S2A_18FXH_20200825_0_L2A_78.tif,0.0,0.46999359130859375,0.0,3382,551
himalaya,SA,SA_S2A_18FXH_20200825_0_L2A_98.tif,0.05013927576601671,0.5224672995942938,0.27237354085603116,343,34
himalaya,SA,SA_S2A_18FXJ_20200825_0_L2A_133.tif,0.03789893617021277,0.5079001240205971,0.01631321370309951,911,650
himalaya,SA,SA_S2A_18FXJ_20200825_0_L2A_228.tif,0.28482064314338773,0.5839883612382647,0.32536871882355484,10230,2915
himalaya,SA,SA_S2A_18FXJ_20200825_0_L2A_237.tif,0.9208173690932312,0.9584294979284709,0.9043851749220644,3129,2887
himalaya,SA,SA_S2A_18FXJ_20200825_0_L2A_344.tif,0.9512457154550571,0.8290675983467617,0.454511561338609,58641,55782
himalaya,SA,SA_S2A_18FXJ_20200825_0_L2A_349.tif,0.8429669703872438,0.886850952172878,0.39007549116344575,20902,17933
himalaya,SA,SA_S2A_18FXJ_20200825_0_L2A_50.tif,0.1786743515850144,0.5871607393444515,0.3054082714740191,340,69
himalaya,SA,SA_S2A_18FXJ_20200825_0_L2A_8.tif,0.8628206748388727,0.9104874562105159,0.40906637884511604,15537,13944
himalaya,SA,SA_S2A_18FXM_20200706_1_L2A_193.tif,0.17959183673469387,0.5882613797977506,0.11320754716981132,220,69
himalaya,SA,SA_S2A_18FXM_20200706_1_L2A_383.tif,0.014629049111807733,0.5001184682694657,0.12217374057913527,878,93
himalaya,SA,SA_S2A_18FXM_20200825_0_L2A_152.tif,0.0,0.49501800537109375,0.0,652,1
himalaya,SA,SA_S2A_18FXM_20200825_1_L2A_223.tif,0.0009328358208955224,0.4922952116847668,0.007017543859649123,358,715
himalaya,SA,SA_S2A_18FXM_20200825_1_L2A_25.tif,0.0,0.4922637939453125,0.0,79,935
himalaya,SA,SA_S2A_18FXM_20200825_1_L2A_316.tif,0.0,0.49721527099609375,0.0,364,1
himalaya,SA,SA_S2A_18FXM_20200825_1_L2A_463.tif,0.002651113467656416,0.48697357065090563,0.0,1836,55
himalaya,SA,SA_S2A_18FXM_20200825_1_L2A_531.tif,0.444007858546169,0.7176557023663179,0.20688277973773544,1018,452
himalaya,SA,SA_S2A_18GWP_20200722_0_L2A_74.tif,0.9577787021630616,0.9628232929377013,0.6807998667864613,28844,27634
himalaya,SA,SA_S2A_18GXN_20200726_0_L2A_140.tif,0.0,0.4981689453125,0.0,225,15
himalaya,SA,SA_S2A_18GXN_20200726_0_L2A_177.tif,0.8064358849341785,0.8968381777309575,0.6022057309343849,3827,3583
himalaya,SA,SA_S2A_18GXN_20200726_0_L2A_261.tif,0.8230247682302477,0.8712855116836888,0.2196912174133131,21585,17940
himalaya,SA,SA_S2A_18GXN_20200726_0_L2A_76.tif,0.04484126984126984,0.4484546832274384,0.052672303029012366,510,10022
himalaya,SA,SA_S2A_18GXP_20200726_1_L2A_36.tif,0.0,0.49936676025390625,0.0,35,48
himalaya,SA,SA_S2A_18GXP_20200726_1_L2A_54.tif,0.0012919896640826874,0.4947483828689682,0.05063291139240507,774,1
himalaya,SA,SA_S2A_18GXP_20200818_0_L2A_109.tif,0.13807982740021574,0.5382598964417252,0.1623451454912129,4566,709
himalaya,SA,SA_S2A_18GXP_20200818_0_L2A_120.tif,0.0,0.49550628662109375,0.0,440,149
himalaya,SA,SA_S2A_18GXP_20200818_0_L2A_129.tif,0.0746987951807229,0.534418323626542,0.10108303249097472,414,32
himalaya,SA,SA_S2A_18GXP_20200818_0_L2A_156.tif,0.062412431537383774,0.474623182223201,0.12912323727774375,7608,733
himalaya,SA,SA_S2A_18GXP_20200818_0_L2A_166.tif,0.7662337662337663,0.8818708251213443,0.7619570790302498,693,531
himalaya,SA,SA_S2A_18GXP_20200818_0_L2A_176.tif,0.358200915701589,0.6412004642125223,0.21056680542615117,6836,3250
himalaya,SA,SA_S2A_18GXP_20200818_0_L2A_200.tif,0.0,0.49875640869140625,0.0,161,2
himalaya,SA,SA_S2A_18GXP_20200818_0_L2A_250.tif,0.0,0.490142822265625,0.0,1292,0
himalaya,SA,SA_S2A_18GXP_20200818_0_L2A_307.tif,0.0,0.49750518798828125,0.0,175,152
himalaya,SA,SA_S2A_18GXP_20200818_0_L2A_330.tif,0.772388565235063,0.8721556764505725,0.20354670251781123,7357,5725
himalaya,SA,SA_S2A_18GXP_20200818_0_L2A_349.tif,0.0,0.4992218017578125,0.0,61,41
himalaya,SA,SA_S2A_18GXP_20200818_0_L2A_391.tif,0.581858407079646,0.7894814380012389,0.6353980439583552,442,273
himalaya,SA,SA_S2A_18GYQ_20200818_0_L2A_3.tif,0.24793388429752067,0.6169922655898051,0.30704538241827994,1209,301
himalaya,SA,SA_S2A_18GYQ_20200818_0_L2A_31.tif,0.0,0.49912261962890625,0.0,115,0
himalaya,SA,SA_S2A_18GYQ_20200818_0_L2A_81.tif,0.0,0.4995880126953125,0.0,54,0
himalaya,SA,SA_S2A_18GYT_20200821_0_L2A_31.tif,0.0,0.49784088134765625,0.0,239,44
himalaya,SA,SA_S2A_18GYT_20200821_1_L2A_3.tif,0.0013280212483399733,0.49492661839101215,0.0,746,8
himalaya,SA,SA_S2A_18GYU_20200729_0_L2A_205.tif,0.0,0.49687957763671875,0.0,409,0
himalaya,SA,SA_S2A_18GYU_20200821_0_L2A_134.tif,0.0,0.474639892578125,0.0,3324,0
himalaya,SA,SA_S2A_18GYU_20200821_0_L2A_9.tif,0.20700511609602518,0.5880049422965897,0.06191117092866756,2363,704
himalaya,SA,SA_S2A_18GYV_20200729_1_L2A_35.tif,0.5893056071295952,0.7860052875754937,0.2647380709178462,1994,2286
himalaya,SA,SA_S2A_19FCV_20200720_1_L2A_161.tif,0.0,0.486541748046875,0.0,1176,588
himalaya,SA,SA_S2A_19FCV_20200720_1_L2A_230.tif,0.30564430244941426,0.6478259060715247,0.1583617747440273,665,561
himalaya,SA,SA_S2A_19FCV_20200720_1_L2A_34.tif,0.3326488706365503,0.6563071748078572,0.13707165109034267,1270,1326
himalaya,SA,SA_S2A_19FCV_20200720_1_L2A_8.tif,0.16614560071460474,0.5687474059677622,0.11026991441737985,511,2100
himalaya,SA,SA_S2A_19FCV_20200720_1_L2A_93.tif,0.15739570164348926,0.5373901346767183,0.07113900876160585,2085,5239
himalaya,SA,SA_S2A_19FDU_20200720_0_L2A_48.tif,0.14325323475046212,0.5645374018539022,0.25194585977306116,274,963
himalaya,SA,SA_S2A_19FDU_20200720_0_L2A_53.tif,0.028985507246376812,0.5098909648017957,0.05785123966942149,298,341
himalaya,SA,SA_S2A_19FDU_20200720_1_L2A_64.tif,0.24730603448275862,0.6129195783920163,0.2776470588235294,1332,983
himalaya,SA,SA_S2A_19FDV_20200720_1_L2A_117.tif,0.0,0.485626220703125,0.0,974,910
himalaya,SA,SA_S2A_19FDV_20200720_1_L2A_131.tif,0.0016747979319886406,0.3962016778114143,0.00802675585284281,223,13533
himalaya,SA,SA_S2A_19FDV_20200720_1_L2A_161.tif,0.4118287373004354,0.6933291603459988,0.20904869181909122,1609,2282
himalaya,SA,SA_S2A_19FDV_20200720_1_L2A_213.tif,0.4430317848410758,0.7127041950663681,0.4413646419208262,1494,1457
himalaya,SA,SA_S2A_19FDV_20200720_1_L2A_225.tif,0.09417040358744394,0.5424573399269983,0.14960106382978722,450,282
himalaya,SA,SA_S2A_19FDV_20200720_1_L2A_274.tif,0.5437112239142696,0.7524842435898531,0.2695976938268459,4514,3697
himalaya,SA,SA_S2A_19FDV_20200720_1_L2A_352.tif,0.0125,0.4978100866884405,0.02719766877124818,133,1001
himalaya,SA,SA_S2A_19FDV_20200720_1_L2A_359.tif,0.0,0.3547515869140625,0.0,36,19002
himalaya,SA,SA_S2A_19FDV_20200720_1_L2A_380.tif,0.0,0.47486114501953125,0.0030983733539891554,128,3167
himalaya,SA,SA_S2A_19FDV_20200720_1_L2A_410.tif,0.21158612143742256,0.5456626403176843,0.0713599022124871,3834,7899
himalaya,SA,SA_S2A_19FDV_20200720_1_L2A_413.tif,0.16276537833424062,0.5695949000290544,0.19409764877296232,710,1426
himalaya,SA,SA_S2A_19FDV_20200720_1_L2A_458.tif,0.19522912743251727,0.5778653570736237,0.14153821664500038,1327,2481
himalaya,SA,SA_S2A_19FDV_20200720_1_L2A_86.tif,0.0,0.4388885498046875,0.0,247,7763
himalaya,SA,SA_S2A_19FEV_20200717_1_L2A_7.tif,0.08413926499032882,0.5348349917825485,0.17112299465240643,691,430
himalaya,SA,SA_S2A_19FEV_20200720_1_L2A_112.tif,0.0,0.4926300048828125,0.005780346820809249,130,836
himalaya,SA,SA_S2A_19FEV_20200720_1_L2A_147.tif,0.22598644878437624,0.5980476349572268,0.10466760961810466,742,2334
himalaya,SA,SA_S2A_19FEV_20200720_1_L2A_153.tif,0.06320224719101124,0.5265088208363479,0.1427121396670727,148,609
himalaya,SA,SA_S2A_19FEV_20200720_1_L2A_180.tif,0.3033884948778566,0.6449100077495913,0.22438608570210816,567,1087
himalaya,SA,SA_S2A_19FEV_20200720_1_L2A_211.tif,0.14270833333333333,0.5202678848541279,0.25278514032351684,1721,7055
himalaya,SA,SA_S2A_19FEV_20200720_1_L2A_91.tif,0.17557861133280128,0.5798815954575698,0.3315062486296865,750,723
himalaya,SA,SA_S2A_19GBP_20200729_1_L2A_157.tif,0.10206185567010309,0.5443756716344311,0.14733969986357434,940,129
himalaya,SA,SA_S2A_19GBP_20200729_1_L2A_184.tif,0.0,0.48899078369140625,0.0,48,1395
himalaya,SA,SA_S2A_19GBP_20200729_1_L2A_236.tif,0.0,0.4988861083984375,0.0,133,13
himalaya,SA,SA_S2A_19GBP_20200729_1_L2A_256.tif,0.0,0.4979095458984375,0.0,248,26
himalaya,SA,SA_S2A_19GBP_20200729_1_L2A_271.tif,0.9363837638376383,0.9645511872303478,0.8576405949881628,6774,6345
himalaya,SA,SA_S2A_19GBP_20200729_1_L2A_44.tif,0.5894105894105894,0.7915411275510436,0.3625615763546798,983,608
himalaya,SA,SA_S2A_19GBP_20200729_1_L2A_79.tif,0.39800995024875624,0.6952942292951337,0.3411910669975186,746,378
himalaya,SA,SA_S2A_19GBP_20200821_0_L2A_126.tif,0.0,0.4908447265625,0.0,1195,5
himalaya,SA,SA_S2A_19GBP_20200821_1_L2A_155.tif,0.0,0.4981689453125,0.0,240,0
himalaya,SA,SA_S2A_19GBP_20200821_1_L2A_91.tif,0.06288873531444368,0.5210845235132842,0.19520547945205477,1431,107
himalaya,SA,SA_S2A_19HBS_20200729_1_L2A_15.tif,0.0037267080745341614,0.4957442995151179,0.03480783176214648,672,136
himalaya,SA,SA_S2A_19HBS_20200729_1_L2A_4.tif,0.0,0.49436187744140625,0.0,739,0
himalaya,SA,SA_S2A_19HCB_20200722_1_L2A_104.tif,0.0,0.49709320068359375,0.0,298,83
himalaya,SA,SA_S2A_19HCB_20200722_1_L2A_95.tif,0.0,0.4991607666015625,0.0,91,19
himalaya,SA,SA_S2A_19HCB_20200722_1_L2A_97.tif,0.0,0.49770355224609375,0.0,301,0
himalaya,SA,SA_S2A_19HCB_20200729_1_L2A_45.tif,0.0,0.49961090087890625,0.0,50,1
himalaya,SA,SA_S2A_19HCB_20200821_1_L2A_82.tif,0.0,0.48787689208984375,0.0,1589,0
himalaya,SA,SA_S2A_19HCD_20200821_1_L2A_21.tif,0.6133103843947217,0.7960239420001938,0.37340153452685415,2433,3191
himalaya,SA,SA_S2A_19HDD_20200808_1_L2A_18.tif,0.0,0.499114990234375,0.0,116,0
himalaya,SA,SA_S2A_19HDE_20200811_1_L2A_7.tif,0.019880715705765408,0.506178492333852,0.075,423,90
himalaya,SA,SA_S2B_18FWJ_20200701_1_L2A_26.tif,0.7249205628688152,0.8527397078243213,0.4710974013834362,3801,3799
himalaya,SA,SA_S2B_18FWJ_20200701_1_L2A_62.tif,0.0,0.19654083251953125,0.0,179,39596
himalaya,SA,SA_S2B_18FWL_20200714_0_L2A_17.tif,0.008156329651656755,0.45951274826096156,0.06906253996674766,311,5622
himalaya,SA,SA_S2B_18FWL_20200714_0_L2A_22.tif,0.056278413544442706,0.48195727142693084,0.19601406799531068,6311,427
himalaya,SA,SA_S2B_18FWL_20200714_0_L2A_237.tif,0.0045016077170418,0.47862515140590955,0.035941594908274054,2477,647
himalaya,SA,SA_S2B_18FWL_20200714_0_L2A_307.tif,0.8895133533742866,0.916653216947344,0.469369312034621,22951,20419
himalaya,SA,SA_S2B_18FWL_20200714_1_L2A_140.tif,0.0,0.49329376220703125,0.0,879,0
himalaya,SA,SA_S2B_18FWL_20200714_1_L2A_53.tif,0.0,0.48575592041015625,0.0,1431,436
himalaya,SA,SA_S2B_18FWL_20200714_1_L2A_87.tif,0.8554744525547445,0.9034181601295124,0.4440006481101184,16654,15121
himalaya,SA,SA_S2B_18FWL_20200714_3_L2A_139.tif,0.8109633212414349,0.9017901424543551,0.45836459114778694,2410,2083
himalaya,SA,SA_S2B_18FWL_20200714_3_L2A_235.tif,0.06037496027963139,0.4388882335052597,0.2540334168069297,12102,1246
himalaya,SA,SA_S2B_18FWM_20200714_1_L2A_148.tif,0.6338650778397079,0.7846115345085882,0.2502999553993019,10273,6729
himalaya,SA,SA_S2B_18FWM_20200714_1_L2A_152.tif,0.39162303664921466,0.6868438082548414,0.18892508143322473,1887,771
himalaya,SA,SA_S2B_18FWM_20200714_1_L2A_18.tif,0.47821187077385424,0.7282987835266032,0.16481774960380347,2335,1600
himalaya,SA,SA_S2B_18FWM_20200714_1_L2A_62.tif,0.031209362808842653,0.5099187002101363,0.04354587869362364,163,630
himalaya,SA,SA_S2B_18FXG_20200704_1_L2A_30.tif,0.0013409961685823754,0.46089421582758044,0.01253731343283582,135,5092
himalaya,SA,SA_S2B_18FXJ_20200714_0_L2A_128.tif,0.9800333138641919,0.9672062575647571,0.7657815585038659,46136,45395
himalaya,SA,SA_S2B_18FXK_20200714_0_L2A_122.tif,0.07828089025326171,0.5299632589543045,0.1738576659767553,1284,121
himalaya,SA,SA_S2B_18FXK_20200714_0_L2A_49.tif,0.01213235294117647,0.48555566550162493,0.07161420733468091,632,2121
himalaya,SA,SA_S2B_18FXK_20200714_1_L2A_41.tif,0.003289473684210526,0.4970211826564917,0.008368200836820085,479,131
himalaya,SA,SA_S2B_18FXK_20200820_0_L2A_110.tif,0.0,0.4953155517578125,0.0,614,0
himalaya,SA,SA_S2B_18FXK_20200820_0_L2A_99.tif,0.9307562920508348,0.9342043976030363,0.5772960591733836,32086,29899
himalaya,SA,SA_S2B_18FXL_20200714_1_L2A_102.tif,0.0,0.48571014404296875,0.0,371,1502
himalaya,SA,SA_S2B_18FXL_20200714_1_L2A_128.tif,0.00025016260569370093,0.19517742693664109,0.04488051292014766,80,39904
himalaya,SA,SA_S2B_18FXL_20200714_1_L2A_18.tif,0.009153318077803204,0.4979687967510246,0.0913589645984012,73,809
himalaya,SA,SA_S2B_18FXL_20200714_2_L2A_31.tif,0.0,0.49822998046875,0.0,126,106
himalaya,SA,SA_S2B_18FXL_20200714_2_L2A_66.tif,0.2814723167336839,0.5852557902491462,0.29411764705882354,3298,9131
himalaya,SA,SA_S2B_18FXL_20200714_3_L2A_3.tif,0.00322061191626409,0.4968875666167215,0.012262415695892091,275,348
himalaya,SA,SA_S2B_18FXL_20200714_3_L2A_76.tif,0.0,0.4976348876953125,0.0,173,137
himalaya,SA,SA_S2B_18FXM_20200714_0_L2A_258.tif,0.0,0.49092864990234375,0.0,1161,28
himalaya,SA,SA_S2B_18FXM_20200714_0_L2A_328.tif,0.7329749103942652,0.8606204819253302,0.5078794231394802,2498,2337
himalaya,SA,SA_S2B_18FXM_20200714_0_L2A_33.tif,0.20739219712525667,0.5948202228555476,0.26434782608695656,1435,329
himalaya,SA,SA_S2B_18FXM_20200714_0_L2A_36.tif,0.0,0.47679901123046875,0.0,3039,2
himalaya,SA,SA_S2B_18FXM_20200714_0_L2A_509.tif,0.5236220472440944,0.7590245888768179,0.5053634133435951,578,583
himalaya,SA,SA_S2B_18FXM_20200714_1_L2A_180.tif,0.0014619883040935672,0.495520038174325,0.01097694840834248,479,206
himalaya,SA,SA_S2B_18FXM_20200714_1_L2A_263.tif,0.06338028169014084,0.528644757767936,0.2652504664848572,321,132
himalaya,SA,SA_S2B_18FXM_20200714_1_L2A_3.tif,0.03779527559055118,0.5142343699970096,0.024783147459727383,191,468
himalaya,SA,SA_S2B_18FXM_20200714_1_L2A_397.tif,0.09360126916975145,0.5205050315042706,0.17453135100193923,3429,707
himalaya,SA,SA_S2B_18FXM_20200714_1_L2A_435.tif,0.0,0.49720001220703125,0.0,45,322
himalaya,SA,SA_S2B_18FXM_20200714_1_L2A_80.tif,0.606139279169212,0.7821249776715682,0.462321620893915,4373,6144
himalaya,SA,SA_S2B_18GWN_20200704_0_L2A_150.tif,0.006557377049180328,0.5009669114317834,0.10241820768136557,84,223
himalaya,SA,SA_S2B_18GWN_20200704_0_L2A_24.tif,0.5677830940988836,0.7797109966360147,0.31490159325210876,1059,907
himalaya,SA,SA_S2B_18GWN_20200704_0_L2A_254.tif,0.003205128205128205,0.4992297861976278,0.009057971014492756,92,221
himalaya,SA,SA_S2B_18GWN_20200704_1_L2A_158.tif,0.0,0.49791717529296875,0.0,1,272
himalaya,SA,SA_S2B_18GWN_20200704_1_L2A_181.tif,0.3709150326797386,0.6825099899652503,0.29225210758731435,329,510
himalaya,SA,SA_S2B_18GWN_20200704_1_L2A_247.tif,0.4663545933294324,0.7261336290146134,0.4913151364764269,1683,823
himalaya,SA,SA_S2B_18GWN_20200704_1_L2A_70.tif,0.5923443177546673,0.7381578581337663,0.17271785219858082,12358,13059
himalaya,SA,SA_S2B_18GWN_20200727_0_L2A_2.tif,0.0,0.495758056640625,0.0,455,101
himalaya,SA,SA_S2B_18GWN_20200727_0_L2A_81.tif,0.13458806818181818,0.5296732369066799,0.1867366325884375,5589,801
himalaya,SA,SA_S2B_18GWP_20200704_0_L2A_137.tif,0.050819967561722836,0.48505230455813175,0.08481881940385741,2685,3146
himalaya,SA,SA_S2B_18GWP_20200704_0_L2A_145.tif,0.0,0.49985504150390625,0.0,4,15
himalaya,SA,SA_S2B_18GWP_20200704_0_L2A_2.tif,0.5548387096774193,0.7699114272132667,0.33695870519700405,1711,1663
himalaya,SA,SA_S2B_18GWP_20200704_0_L2A_92.tif,0.6341397118782278,0.7825788502504042,0.38964020894300605,8408,9628
himalaya,SA,SA_S2B_18GYN_20200714_0_L2A_116.tif,0.29541284403669726,0.644769519532689,0.09382996872334376,445,261
himalaya,SA,SA_S2B_18GYN_20200714_1_L2A_11.tif,0.9056895930860641,0.9204193910707033,0.5200238175247461,27736,25185
himalaya,SA,SA_S2B_18GYP_20200810_0_L2A_49.tif,0.0017785682525566918,0.4837602479302215,0.0,2170,83
himalaya,SA,SA_S2B_18GYP_20200810_0_L2A_90.tif,0.006051437216338881,0.4980129004429982,0.061202185792349734,648,17
himalaya,SA,SA_S2B_18GYP_20200820_0_L2A_24.tif,0.0,0.49915313720703125,0.0,8,103
himalaya,SA,SA_S2B_18GYP_20200820_0_L2A_32.tif,0.0,0.499603271484375,0.0,33,19
himalaya,SA,SA_S2B_18GYP_20200820_1_L2A_43.tif,0.009782608695652175,0.49793997130953654,0.0,912,17
himalaya,SA,SA_S2B_18GYQ_20200820_0_L2A_36.tif,0.7454794664979704,0.8257701836819067,0.2552918783755685,18957,14153
himalaya,SA,SA_S2B_18GYS_20200727_0_L2A_8.tif,0.0,0.49571990966796875,0.0,561,0
himalaya,SA,SA_S2B_19FDU_20200718_0_L2A_3.tif,0.013068373189626137,0.3944240583465195,0.04442499915861744,1594,13445
himalaya,SA,SA_S2B_19HCA_20200714_1_L2A_30.tif,0.0,0.49021148681640625,0.0,1281,2
himalaya,SA,SA_S2B_19HCB_20200714_1_L2A_69.tif,0.0,0.4984893798828125,0.0,193,5
himalaya,SA,SA_S2B_19HCB_20200803_1_L2A_9.tif,0.0,0.49875640869140625,0.0,152,11
himalaya,SA,SA_S2B_19HCC_20200724_1_L2A_38.tif,0.0,0.49969482421875,0.0,40,0
himalaya,SA,SA_S2B_19HCC_20200823_1_L2A_27.tif,0.8677863596619062,0.8903977223435978,0.29678787040877463,27448,23819
himalaya,SA,SA_S2B_19HCD_20200803_1_L2A_8.tif,0.0,0.4962310791015625,0.0,471,23
himalaya,SA,SA_S2B_19HCD_20200813_1_L2A_15.tif,0.0,0.49781036376953125,0.0,256,31
himalaya,SA,SA_S2B_19HCV_20200714_1_L2A_24.tif,0.000643915003219575,0.46479787040045467,0.0,4426,236
himalaya,SA,SA_S2B_19HCV_20200806_1_L2A_5.tif,0.0,0.4852447509765625,0.0,1913,21
himalaya,SA,SA_S2B_19HDD_20200724_1_L2A_14.tif,0.0,0.49892425537109375,0.0,141,0
himalaya,SA,SA_S2B_19HDD_20200803_1_L2A_1.tif,0.0,0.49825286865234375,0.0,126,103
himalaya,SA,SA_S2B_19HDD_20200803_1_L2A_10.tif,0.0,0.4994964599609375,0.0,65,1
challenge,S2A,S2A_10UCA_20200715_0_L2A_19.tif,0.25471698113207547,0.6261520521554822,0.0892857142857143,212,54
challenge,S2A,S2A_10UCA_20200715_0_L2A_25.tif,0.18956521739130436,0.5876482812514561,0.10067114093959732,1150,218
challenge,S2A,S2A_10UCA_20200715_0_L2A_33.tif,0.021466180639935196,0.49228555431825727,0.07654784240150093,2469,53
challenge,S2A,S2A_10UCA_20200715_0_L2A_43.tif,0.007633587786259542,0.5008411938137804,0.0,393,3
challenge,S2A,S2A_10UCA_20200715_0_L2A_44.tif,0.13373992594206055,0.5362409004036417,0.03092783505154639,4590,615
challenge,S2A,S2A_10UCA_20200715_0_L2A_45.tif,0.05485232067510549,0.5222961543830815,0.08219178082191782,711,39
challenge,S2A,S2A_18FWG_20200706_0_L2A_10.tif,0.785032972209138,0.8575472314640311,0.33541722908171245,16939,13378
challenge,S2A,S2A_18FWG_20200706_0_L2A_11.tif,0.44612546125461255,0.7113957789584892,0.16804245283018868,2577,1342
challenge,S2A,S2A_18FWG_20200706_0_L2A_12.tif,0.5910290237467019,0.7741708752740767,0.1944062763175391,4886,5365
challenge,S2A,S2A_18FWG_20200706_0_L2A_14.tif,0.3968253968253968,0.6943320676024017,0.36936268447522475,610,622
challenge,S2A,S2A_18FWG_20200706_0_L2A_15.tif,0.46754563894523327,0.708681215203061,0.27454874907604165,4785,3897
challenge,S2A,S2A_18FWG_20200706_0_L2A_16.tif,0.6011887913954147,0.7894845111332716,0.46191034362854244,3239,2418
challenge,S2A,S2A_18FWG_20200706_0_L2A_18.tif,0.600415512465374,0.7957465769968862,0.4299802761341223,1404,907
challenge,S2A,S2A_18FWG_20200706_0_L2A_19.tif,0.5528612997090203,0.7655965070287025,0.2724361882786067,2418,2385
challenge,S2A,S2A_18FWG_20200706_0_L2A_2.tif,0.0638579756226815,0.504874848903308,0.05956843278289941,1371,2644
challenge,S2A,S2A_18FWG_20200706_0_L2A_20.tif,0.040155755658311025,0.45959264640873404,0.10079715396271163,763,7785
challenge,S2A,S2A_18FWG_20200706_0_L2A_21.tif,0.6847925068297125,0.7983481149622675,0.18786170480327036,14008,11894
challenge,S2A,S2A_18FWG_20200706_0_L2A_24.tif,0.6021555763823805,0.7570318572950536,0.3590668528602411,12380,8134
challenge,S2A,S2A_18FWG_20200706_0_L2A_25.tif,0.5291987673343606,0.7125172932245123,0.3629504843202147,12517,7332
challenge,S2A,S2A_18FWG_20200706_0_L2A_3.tif,0.3112733911455956,0.6440028719073339,0.056237939167457965,1541,1332
challenge,S2A,S2A_18FWG_20200706_0_L2A_5.tif,0.03015075376884422,0.4840938755849266,0.04408468705429085,215,4090
challenge,S2A,S2A_18FWG_20200706_0_L2A_6.tif,0.7344028520499108,0.857625590549377,0.4673090387757144,3921,3863
challenge,S2A,S2A_18FWG_20200706_0_L2A_8.tif,0.17103942652329748,0.49395993495602725,0.15934481770254647,3498,12838
challenge,S2A,S2A_18FWG_20200706_1_L2A_10.tif,0.768002357100766,0.8465080829177525,0.2717600235711179,16939,13064
challenge,S2A,S2A_18FWG_20200706_1_L2A_12.tif,0.5119076847532531,0.7235580531773957,0.1533694810224632,4886,7430
challenge,S2A,S2A_18FWG_20200706_1_L2A_15.tif,0.40681858328917153,0.6768567004343,0.2826849017478029,4785,3179
challenge,S2A,S2A_18FWG_20200706_1_L2A_16.tif,0.4371757925072046,0.7033346120723436,0.33303240949715623,3239,1748
challenge,S2A,S2A_18FWG_20200706_1_L2A_19.tif,0.47898912724067,0.7256226267130024,0.2298921895602265,2418,2615
challenge,S2A,S2A_18FWG_20200706_1_L2A_2.tif,0.04936854190585534,0.4993492241381673,0.030941584422512672,1371,2285
challenge,S2A,S2A_18FWG_20200706_1_L2A_20.tif,0.04017041996348144,0.45962298257935447,0.10147907408635672,763,7782
challenge,S2A,S2A_18FWG_20200706_1_L2A_21.tif,0.6803866131895588,0.7961529354996137,0.19623982395594086,14008,11549
challenge,S2A,S2A_18FWG_20200706_1_L2A_23.tif,0.02571082879612825,0.4882492204514476,0.12211077191452246,3102,289
challenge,S2A,S2A_18FWG_20200706_1_L2A_24.tif,0.46185469207051943,0.6739115655548094,0.21472871269584223,12380,6111
challenge,S2A,S2A_18FWG_20200706_1_L2A_25.tif,0.3985185185185185,0.635428063562114,0.2526951446867148,12517,5419
challenge,S2A,S2A_18FWG_20200706_1_L2A_7.tif,0.11580381471389646,0.5479731982421179,0.15793521921203316,1271,367
challenge,S2A,S2A_18FWG_20200706_1_L2A_9.tif,0.040005595188138204,0.4143596721707577,0.08222865766610923,1380,13490
challenge,S2A,S2A_18FWG_20200716_1_L2A_1.tif,0.1893289606458123,0.5444809869208604,0.08849872849887853,1881,7548
challenge,S2A,S2A_18FWG_20200716_1_L2A_10.tif,0.43387991034564116,0.6344545650043778,0.27145026575550496,16939,7371
challenge,S2A,S2A_18FWG_20200716_1_L2A_11.tif,0.14231642694928084,0.5537702453960647,0.20584807712681427,2577,441
challenge,S2A,S2A_18FWG_20200716_1_L2A_2.tif,0.04191447182101388,0.49508857499413084,0.04513163393230256,1371,2308
challenge,S2A,S2A_18FWG_20200716_1_L2A_21.tif,0.0015501691093573844,0.3926302605475962,0.005655042412818096,14008,206
challenge,S2A,S2A_18FWG_20200716_1_L2A_23.tif,0.015644955300127713,0.48428345463786293,0.12571252503466337,3102,79
challenge,S2A,S2A_18FWG_20200716_1_L2A_24.tif,0.2157408881107751,0.5294382912499757,0.24334136962663647,12380,2897
challenge,S2A,S2A_18FWG_20200716_1_L2A_25.tif,0.35690701067342395,0.6096796911204461,0.23284666118656688,12517,5154
challenge,S2A,S2A_18FWG_20200716_1_L2A_26.tif,0.491566265060241,0.7409082018419312,0.3057399611398963,826,1031
challenge,S2A,S2A_18FWG_20200716_1_L2A_6.tif,0.6734569158688124,0.8238488178894119,0.3889213048914485,3921,4294
challenge,S2A,S2A_18FWG_20200716_1_L2A_7.tif,0.12031700288184438,0.5508192121753682,0.1957344658849598,1271,284
challenge,S2A,S2A_18FWG_20200716_1_L2A_8.tif,0.17209072978303747,0.49290507991537236,0.1858651845217712,3498,13141
challenge,S2A,S2A_18FWH_20200706_1_L2A_10.tif,0.8852565893638819,0.9316343805986655,0.49393203883495146,10367,9875
challenge,S2A,S2A_18FWH_20200706_1_L2A_11.tif,0.6540662035145075,0.8134532509511256,0.5006940075212165,4638,3457
challenge,S2A,S2A_18FWH_20200706_1_L2A_15.tif,0.9183367671848661,0.9102816304288899,0.3920994292695776,36779,34915
challenge,S2A,S2A_18FWH_20200706_1_L2A_19.tif,0.5055382700684505,0.7204546606222788,0.1246911100826908,4886,7211
challenge,S2A,S2A_18FWH_20200706_1_L2A_2.tif,0.3102790014684288,0.5361216450996383,0.08998090009602137,10532,16237
challenge,S2A,S2A_18FWH_20200706_1_L2A_20.tif,0.0,0.49173736572265625,0.0,1062,21
challenge,S2A,S2A_18FWH_20200706_1_L2A_22.tif,0.307742782152231,0.6457643629358908,0.3287505665508385,1504,489
challenge,S2A,S2A_18FWH_20200706_1_L2A_24.tif,0.278984238178634,0.6072993849354612,0.09694183143892837,2390,4913
challenge,S2A,S2A_18FWH_20200706_1_L2A_32.tif,0.7828842339509458,0.8459737563894902,0.16443567509028614,20486,16368
challenge,S2A,S2A_18FWH_20200706_1_L2A_35.tif,0.11321104317213267,0.5197476086095549,0.06855675299935796,816,5192
challenge,S2A,S2A_18FWH_20200706_1_L2A_38.tif,0.039435530639860814,0.4434218557265144,0.04661685062041544,10314,440
challenge,S2A,S2A_18FWH_20200706_1_L2A_40.tif,0.018460254269937075,0.2739120131896783,0.09852941176470588,887,30836
challenge,S2A,S2A_18FWH_20200706_1_L2A_42.tif,0.2751970136872667,0.6103826959759979,0.20143366407989396,1721,4428
challenge,S2A,S2A_18FWH_20200706_1_L2A_43.tif,0.4683046683046683,0.7257755167235991,0.1976315447013404,1659,1329
challenge,S2A,S2A_18FWH_20200706_1_L2A_44.tif,0.3219429539678057,0.6423290147191659,0.24664236856557992,2613,2068
challenge,S2A,S2A_18FWH_20200706_1_L2A_45.tif,0.6170634920634921,0.7847519494126663,0.4079592913037901,6494,5731
challenge,S2A,S2A_18FWH_20200706_1_L2A_46.tif,0.8890238963142972,0.9130798369287725,0.441956393635828,24312,22328
challenge,S2A,S2A_18FWH_20200706_1_L2A_48.tif,0.40492442710872745,0.6833545814604303,0.2443529411764706,3731,2032
challenge,S2A,S2A_18FWH_20200706_1_L2A_49.tif,0.6869734283862605,0.8318679445478676,0.10663449939686369,4089,3720
challenge,S2A,S2A_18FWH_20200706_1_L2A_5.tif,0.6709463657071858,0.8085665179931214,0.3954356808955035,9104,7034
challenge,S2A,S2A_18FWH_20200706_1_L2A_50.tif,0.2233994992846924,0.468230250641702,0.14257489851655697,5489,21876
challenge,S2A,S2A_18FWH_20200706_1_L2A_51.tif,0.09838895281933256,0.5372079392720543,0.17829347672279608,1610,299
challenge,S2A,S2A_18FWH_20200706_1_L2A_52.tif,0.5838926174496645,0.7751033287638236,0.19261604030247545,5036,2988
challenge,S2A,S2A_18FWH_20200706_1_L2A_54.tif,0.01898101898101898,0.5019962713538426,0.04047217537942665,129,891
challenge,S2A,S2A_18FWH_20200706_1_L2A_55.tif,0.10729821169647173,0.5395097176619359,0.17566452038963182,1734,557
challenge,S2A,S2A_18FWH_20200706_1_L2A_59.tif,0.0,0.48807525634765625,0.0,831,732
challenge,S2A,S2A_18FWH_20200706_1_L2A_6.tif,0.708692152917505,0.7788218198077352,0.12461694269502023,24780,17681
challenge,S2A,S2A_18FWH_20200706_1_L2A_62.tif,0.34442213937482075,0.6544446905780609,0.08612272488295822,2922,1766
challenge,S2A,S2A_18FWH_20200706_1_L2A_63.tif,0.03495630461922597,0.4997628800490251,0.0248565965583174,1020,1467
challenge,S2A,S2A_18FWH_20200706_1_L2A_66.tif,0.5534701003928415,0.7428967331813374,0.2836364923207587,8401,5835
challenge,S2A,S2A_18FWH_20200706_1_L2A_68.tif,0.0,0.49736785888671875,0.0,189,156
challenge,S2A,S2A_18FWH_20200706_1_L2A_7.tif,0.13303964757709252,0.5362111932211835,0.009023525620367387,2370,2774
challenge,S2A,S2A_18FWH_20200706_1_L2A_70.tif,0.006658676255160474,0.4463782340748056,0.08758000096241761,7509,50
challenge,S2A,S2A_18FWH_20200706_1_L2A_74.tif,0.002686271737593666,0.44750977964064226,0.020512820512820513,7055,37
challenge,S2A,S2A_18FWH_20200706_1_L2A_75.tif,0.0,0.49906158447265625,0.0,102,21
challenge,S2A,S2A_18FWH_20200706_1_L2A_9.tif,0.9021462551167164,0.9331053456500559,0.4058744767037846,17617,16770
challenge,S2A,S2A_18FWH_20200716_1_L2A_1.tif,0.4218139171227521,0.6494264377852,0.2631465401003182,7327,10858
challenge,S2A,S2A_18FWH_20200716_1_L2A_10.tif,0.9032588454376164,0.9423252228441776,0.5874937573925615,10367,10074
challenge,S2A,S2A_18FWH_20200716_1_L2A_11.tif,0.6246141181313027,0.7977152925339159,0.4464924003004632,4638,3256
challenge,S2A,S2A_18FWH_20200716_1_L2A_13.tif,0.3047966963151207,0.6179971660835865,0.21622075685665082,2319,5896
challenge,S2A,S2A_18FWH_20200716_1_L2A_16.tif,0.6196923468090516,0.7562225693390625,0.3919471037735205,11518,13963
challenge,S2A,S2A_18FWH_20200716_1_L2A_17.tif,0.6738134120002107,0.778209199127416,0.34583128233229005,14486,17288
challenge,S2A,S2A_18FWH_20200716_1_L2A_18.tif,0.04941837144003209,0.4334507137545201,0.027730616864742503,836,12245
challenge,S2A,S2A_18FWH_20200716_1_L2A_2.tif,0.38487595419847326,0.5802644574625629,0.20157024730249035,10532,18495
challenge,S2A,S2A_18FWH_20200716_1_L2A_20.tif,0.1600387972841901,0.5667384122298017,0.1568081991215227,1062,1330
challenge,S2A,S2A_18FWH_20200716_1_L2A_22.tif,0.300786369593709,0.642195203943404,0.3073047858942065,1504,481
challenge,S2A,S2A_18FWH_20200716_1_L2A_23.tif,0.031920326864147086,0.25110633411720495,0.09076442506041138,2181,34188
challenge,S2A,S2A_18FWH_20200716_1_L2A_24.tif,0.17677537336177995,0.5675966896983171,0.07265967335015269,2390,1471
challenge,S2A,S2A_18FWH_20200716_1_L2A_28.tif,0.5220649458784347,0.7566108981190846,0.23424287856071968,968,860
challenge,S2A,S2A_18FWH_20200716_1_L2A_29.tif,0.01568627450980392,0.5020971510513735,0.04326923076923077,222,555
challenge,S2A,S2A_18FWH_20200716_1_L2A_30.tif,0.1275648470770422,0.5290474635372879,0.2444577456040295,4850,975
challenge,S2A,S2A_18FWH_20200716_1_L2A_33.tif,0.21376774588908182,0.5462152412594062,0.14760824590843144,3091,8793
challenge,S2A,S2A_18FWH_20200716_1_L2A_35.tif,0.09327286470143613,0.5004404034531688,0.03603251305829446,816,6416
challenge,S2A,S2A_18FWH_20200716_1_L2A_36.tif,0.38788522848034007,0.6850545483203478,0.22109141954728898,1612,1000
challenge,S2A,S2A_18FWH_20200716_1_L2A_38.tif,0.8554423388248739,0.9143001307407485,0.31174836508176446,10314,9170
challenge,S2A,S2A_18FWH_20200716_1_L2A_39.tif,0.2779770444763271,0.6234467609929697,0.07064874131552829,2233,1330
challenge,S2A,S2A_18FWH_20200716_1_L2A_40.tif,0.004210735718311727,0.2725192252793886,0.02536682417309127,887,29401
challenge,S2A,S2A_18FWH_20200716_1_L2A_42.tif,0.3554057307970142,0.6568083914678171,0.25261238972622807,1721,3908
challenge,S2A,S2A_18FWH_20200716_1_L2A_43.tif,0.4619486185167232,0.7223807165172378,0.1925206000422565,1659,1357
challenge,S2A,S2A_18FWH_20200716_1_L2A_44.tif,0.32216277105040836,0.6423911755612335,0.23700762318217852,2613,2082
challenge,S2A,S2A_18FWH_20200716_1_L2A_45.tif,0.6233730648033977,0.7891485728700031,0.40947737167458187,6494,5355
challenge,S2A,S2A_18FWH_20200716_1_L2A_46.tif,0.8839530017704812,0.9088788145099193,0.4268071195059935,24312,22508
challenge,S2A,S2A_18FWH_20200716_1_L2A_48.tif,0.26461377870563674,0.6104693765664819,0.13673232908458866,3731,1115
challenge,S2A,S2A_18FWH_20200716_1_L2A_5.tif,0.5999371464487744,0.7680419401089698,0.3290951637555798,9104,6169
challenge,S2A,S2A_18FWH_20200716_1_L2A_51.tif,0.0,0.48770904541015625,0.0,1610,1
challenge,S2A,S2A_18FWH_20200716_1_L2A_52.tif,0.022637013502779985,0.47370119147518325,0.08679479231246126,5036,114
challenge,S2A,S2A_18FWH_20200716_1_L2A_54.tif,0.0035289747399702824,0.460820915472615,0.01174359810797586,129,5274
challenge,S2A,S2A_18FWH_20200716_1_L2A_55.tif,0.1072463768115942,0.5394761448929208,0.17539425243145226,1734,558
challenge,S2A,S2A_18FWH_20200716_1_L2A_56.tif,0.47707231040564374,0.733974265826716,0.3215618719494689,728,947
challenge,S2A,S2A_18FWH_20200716_1_L2A_59.tif,0.0020352781546811396,0.4336621031940719,0.021774721676489847,831,8031
challenge,S2A,S2A_18FWH_20200716_1_L2A_60.tif,0.0,0.463653564453125,0.0,166,4598
challenge,S2A,S2A_18FWH_20200716_1_L2A_62.tif,0.3344462993878687,0.6486326687662756,0.0840359621745004,2922,1874
challenge,S2A,S2A_18FWH_20200716_1_L2A_66.tif,0.5890601460192375,0.7652015037078471,0.35759698242046534,8401,5311
challenge,S2A,S2A_18FWH_20200716_1_L2A_7.tif,0.27889324191968656,0.6165806489425133,0.014098690835850957,2370,2853
challenge,S2A,S2A_18FWH_20200716_1_L2A_70.tif,0.010653882008256758,0.4485788965162281,0.09078607454791487,7509,80
challenge,S2A,S2A_18FWH_20200716_1_L2A_71.tif,0.21790281329923275,0.5732593527419317,0.3084844803147328,5842,1301
challenge,S2A,S2A_18FWH_20200716_1_L2A_72.tif,0.3786407766990291,0.6868716961042168,0.28771929824561404,324,386
challenge,S2A,S2A_18FWH_20200716_1_L2A_73.tif,0.42714819427148193,0.7100461110022603,0.27745664739884396,650,496
challenge,S2A,S2A_18FWH_20200716_1_L2A_74.tif,0.0,0.446075439453125,0.0,7055,13
challenge,S2A,S2A_18FWH_20200716_1_L2A_75.tif,0.0,0.49910736083984375,0.0,102,15
challenge,S2A,S2A_18FWH_20200716_1_L2A_8.tif,0.40134297520661155,0.6825570179087042,0.22626301396152182,1883,3543
challenge,S2A,S2A_18FWH_20200716_1_L2A_9.tif,0.9002841067350008,0.9320154710890194,0.3797844086861428,17617,16495
challenge,S2A,S2A_18FWJ_20200706_0_L2A_1.tif,0.6282168278883008,0.797705862973042,0.24246016526620412,4038,4883
challenge,S2A,S2A_18FWJ_20200706_0_L2A_100.tif,0.0,0.4614410400390625,0.0,372,4682
challenge,S2A,S2A_18FWJ_20200706_0_L2A_101.tif,0.10717372515125324,0.5377646594142493,0.11342871918634717,318,2244
challenge,S2A,S2A_18FWJ_20200706_0_L2A_102.tif,0.014884979702300407,0.501887358222001,0.04790419161676646,146,604
challenge,S2A,S2A_18FWJ_20200706_0_L2A_103.tif,0.0032555615843733042,0.48761129979111845,0.007647208768799388,145,1704
challenge,S2A,S2A_18FWJ_20200706_0_L2A_105.tif,0.6060837956762961,0.7865350353445616,0.261295590636908,5192,3203
challenge,S2A,S2A_18FWJ_20200706_0_L2A_106.tif,0.4544,0.7219512621598325,0.14473316568873987,855,963
challenge,S2A,S2A_18FWJ_20200706_0_L2A_108.tif,0.7870482448556113,0.8717017844340786,0.14636670323074696,10253,10416
challenge,S2A,S2A_18FWJ_20200706_0_L2A_109.tif,0.36915182613945063,0.6683272541671706,0.14664555709479518,3155,1381
challenge,S2A,S2A_18FWJ_20200706_0_L2A_11.tif,0.8710804684548545,0.9234204750244013,0.49151625123356574,10105,9706
challenge,S2A,S2A_18FWJ_20200706_0_L2A_110.tif,0.38575982996811903,0.6101207134343248,0.2416349269154839,8706,13462
challenge,S2A,S2A_18FWJ_20200706_0_L2A_112.tif,0.09403017712661273,0.515197744539714,0.15587917773487373,2486,2517
challenge,S2A,S2A_18FWJ_20200706_0_L2A_114.tif,0.7723667733407541,0.872546644151414,0.5001000883132175,6403,6335
challenge,S2A,S2A_18FWJ_20200706_0_L2A_117.tif,0.0,0.485107421875,0.0,166,1786
challenge,S2A,S2A_18FWJ_20200706_0_L2A_118.tif,0.05909694555112882,0.5078678827942308,0.1279390420899855,1871,1319
challenge,S2A,S2A_18FWJ_20200706_0_L2A_119.tif,0.11709913506320692,0.5072395576330635,0.14879519053024642,3956,4439
challenge,S2A,S2A_18FWJ_20200706_0_L2A_12.tif,0.7323190789473685,0.8610540575506977,0.41574803149606304,2065,2148
challenge,S2A,S2A_18FWJ_20200706_0_L2A_120.tif,0.006725663716814159,0.4390826809703361,0.016343595591030026,128,8404
challenge,S2A,S2A_18FWJ_20200706_0_L2A_121.tif,0.005862026409971615,0.37983540036288377,0.013076666066976793,363,15938
challenge,S2A,S2A_18FWJ_20200706_0_L2A_122.tif,0.12725225225225226,0.5577031326834531,0.1618300067279659,208,793
challenge,S2A,S2A_18FWJ_20200706_0_L2A_123.tif,0.010963835706103747,0.45932266690985735,0.036319424683757144,301,5877
challenge,S2A,S2A_18FWJ_20200706_0_L2A_124.tif,0.7401186672752168,0.8452717735623838,0.3449593208348073,9784,9279
challenge,S2A,S2A_18FWJ_20200706_0_L2A_125.tif,0.08458646616541353,0.5385751649512077,0.2186859318559016,228,349
challenge,S2A,S2A_18FWJ_20200706_0_L2A_127.tif,0.7390277504428262,0.8466620501774673,0.4847417941095345,9633,8039
challenge,S2A,S2A_18FWJ_20200706_0_L2A_129.tif,0.01073345259391771,0.5011472848197729,0.17662801070472792,524,41
challenge,S2A,S2A_18FWJ_20200706_0_L2A_132.tif,0.3372093023255814,0.6642365672955804,0.17642636371230475,413,737
challenge,S2A,S2A_18FWJ_20200706_0_L2A_133.tif,0.27617602427921095,0.6270786260802117,0.27792724295239213,1000,1523
challenge,S2A,S2A_18FWJ_20200706_0_L2A_134.tif,0.022006141248720572,0.49641372519813154,0.044746966558153294,202,1795
challenge,S2A,S2A_18FWJ_20200706_0_L2A_135.tif,0.03277787950924739,0.47598010825991005,0.03442622950819673,474,5166
challenge,S2A,S2A_18FWJ_20200706_0_L2A_137.tif,0.024174053182917002,0.4843313195963786,0.0587045179379341,1233,2580
challenge,S2A,S2A_18FWJ_20200706_0_L2A_138.tif,0.0,0.4261932373046875,0.0,74,9600
challenge,S2A,S2A_18FWJ_20200706_0_L2A_140.tif,0.6170764077608545,0.7542188321526786,0.37316836386139085,11577,14010
challenge,S2A,S2A_18FWJ_20200706_0_L2A_141.tif,0.6100400145507457,0.7470469027579413,0.3125906252304031,11370,15186
challenge,S2A,S2A_18FWJ_20200706_0_L2A_142.tif,0.042426098943176595,0.4250017909692338,0.025337716246370903,749,12863
challenge,S2A,S2A_18FWJ_20200706_0_L2A_143.tif,0.20563711098062243,0.5497966851446187,0.10377907798411486,1944,8322
challenge,S2A,S2A_18FWJ_20200706_0_L2A_144.tif,0.24214245862004835,0.5218906354434008,0.10826998387468326,4462,15575
challenge,S2A,S2A_18FWJ_20200706_0_L2A_145.tif,0.49257861635220124,0.71355642924069,0.1484285712237169,4494,7372
challenge,S2A,S2A_18FWJ_20200706_0_L2A_146.tif,0.795942064413616,0.8661782991172284,0.3104877391793355,15714,13673
challenge,S2A,S2A_18FWJ_20200706_0_L2A_147.tif,0.8960165545783756,0.8034578830850541,0.3112540858647883,50949,48006
challenge,S2A,S2A_18FWJ_20200706_0_L2A_148.tif,0.7519599368050794,0.7727673660706121,0.24467822455071409,32192,26581
challenge,S2A,S2A_18FWJ_20200706_0_L2A_15.tif,0.7331851028349082,0.8462332090242134,0.35596285134387107,7300,8290
challenge,S2A,S2A_18FWJ_20200706_0_L2A_152.tif,0.0005784526391901663,0.2365750191030373,0.038486236568346245,108,34487
challenge,S2A,S2A_18FWJ_20200706_0_L2A_154.tif,0.07964373305795792,0.4849072806604351,0.03813045236582125,816,7548
challenge,S2A,S2A_18FWJ_20200706_0_L2A_155.tif,0.6457776079480321,0.8156291479266521,0.3108108108108108,1873,2434
challenge,S2A,S2A_18FWJ_20200706_0_L2A_156.tif,0.0063970284770945105,0.46644559461409113,0.006974041069352964,434,4443
challenge,S2A,S2A_18FWJ_20200706_0_L2A_157.tif,0.1269740998104864,0.5422692527486123,0.07672807492840003,2131,1437
challenge,S2A,S2A_18FWJ_20200706_0_L2A_158.tif,0.23889246619446233,0.6103769474377514,0.16875599003258576,481,1443
challenge,S2A,S2A_18FWJ_20200706_0_L2A_159.tif,0.052421023589460616,0.4201681504263223,0.05080291970802919,1161,14097
challenge,S2A,S2A_18FWJ_20200706_0_L2A_16.tif,0.6519890677194048,0.8072818856770827,0.2405649841412948,4985,5895
challenge,S2A,S2A_18FWJ_20200706_0_L2A_160.tif,0.01888927303014112,0.2690811961516302,0.0955837870538415,1226,31192
challenge,S2A,S2A_18FWJ_20200706_0_L2A_161.tif,0.09194896612406511,0.5301770333092504,0.12090126396775967,1534,948
challenge,S2A,S2A_18FWJ_20200706_0_L2A_162.tif,0.028716216216216218,0.5099700679976058,0.10770611616873957,238,371
challenge,S2A,S2A_18FWJ_20200706_0_L2A_164.tif,0.004234724742891712,0.48955803749238463,0.020984665052461663,85,1575
challenge,S2A,S2A_18FWJ_20200706_0_L2A_165.tif,0.02533265097236438,0.4835619961312301,0.0477815699658703,766,3241
challenge,S2A,S2A_18FWJ_20200706_0_L2A_166.tif,0.7427937915742794,0.8505767388667451,0.43023044082566225,8781,7725
challenge,S2A,S2A_18FWJ_20200706_0_L2A_167.tif,0.3775659824046921,0.6822543312309521,0.2199526036532936,634,1245
challenge,S2A,S2A_18FWJ_20200706_0_L2A_168.tif,0.00265214963707426,0.4467982423475754,0.014184397163120567,7145,38
challenge,S2A,S2A_18FWJ_20200706_0_L2A_169.tif,0.38724564715754145,0.6706914371758818,0.276965422329262,4742,1871
challenge,S2A,S2A_18FWJ_20200706_0_L2A_17.tif,0.5853448275862069,0.7649755248603427,0.13902895200216173,7428,5445
challenge,S2A,S2A_18FWJ_20200706_0_L2A_171.tif,0.07155459713781612,0.4994421188110403,0.17408409146791246,2662,2804
challenge,S2A,S2A_18FWJ_20200706_0_L2A_18.tif,0.2776978417266187,0.6154558362691933,0.26617582503553094,1934,3394
challenge,S2A,S2A_18FWJ_20200706_0_L2A_19.tif,0.707538052669727,0.8334855095199034,0.3666361136571953,7596,6539
challenge,S2A,S2A_18FWJ_20200706_0_L2A_2.tif,0.44772727272727275,0.6844130226874237,0.28150717863511593,6391,6349
challenge,S2A,S2A_18FWJ_20200706_0_L2A_20.tif,0.08888137884420412,0.5237889651256855,0.31244143101262334,2435,787
challenge,S2A,S2A_18FWJ_20200706_0_L2A_22.tif,0.013177159590043924,0.5014456616086255,0.026019080659150047,350,342
challenge,S2A,S2A_18FWJ_20200706_0_L2A_25.tif,0.675699768229631,0.8231201850249958,0.40134143272089084,5067,4332
challenge,S2A,S2A_18FWJ_20200706_0_L2A_26.tif,0.726775956284153,0.8537639565842683,0.4929485597433276,3801,3783
challenge,S2A,S2A_18FWJ_20200706_0_L2A_28.tif,0.540604343720491,0.7627467681547587,0.26646070670013516,1576,1687
challenge,S2A,S2A_18FWJ_20200706_0_L2A_29.tif,0.1962962962962963,0.5964912295585906,0.29466192170818506,112,211
challenge,S2A,S2A_18FWJ_20200706_0_L2A_30.tif,0.5441585535465925,0.7510716813497793,0.30651821055329326,5708,3174
challenge,S2A,S2A_18FWJ_20200706_0_L2A_31.tif,0.4446017699115044,0.7100964667852482,0.2571962862830475,2777,1304
challenge,S2A,S2A_18FWJ_20200706_0_L2A_32.tif,0.7720610230332037,0.873409184455284,0.4097539828763412,6501,5347
challenge,S2A,S2A_18FWJ_20200706_0_L2A_33.tif,0.06869940228493607,0.4391200793067312,0.18176393638262228,1972,12153
challenge,S2A,S2A_18FWJ_20200706_0_L2A_35.tif,0.6983598154792414,0.8398105297644253,0.40248778155447285,3598,3029
challenge,S2A,S2A_18FWJ_20200706_0_L2A_37.tif,0.6648516199292132,0.8226705242005086,0.27438527228253873,3391,2724
challenge,S2A,S2A_18FWJ_20200706_0_L2A_38.tif,0.4718430034129693,0.7311587175937166,0.1861702127659575,1024,701
challenge,S2A,S2A_18FWJ_20200706_0_L2A_39.tif,0.21312837557125053,0.5772043986056532,0.2660576978666821,4724,1116
challenge,S2A,S2A_18FWJ_20200706_0_L2A_40.tif,0.7656500802568218,0.8770452425005032,0.4055681818181818,2640,2860
challenge,S2A,S2A_18FWJ_20200706_0_L2A_41.tif,0.44835555555555556,0.6995562650980558,0.19153530336053526,5399,2748
challenge,S2A,S2A_18FWJ_20200706_0_L2A_42.tif,0.6232420429311621,0.8076871172395323,0.34883851105513575,1181,1012
challenge,S2A,S2A_18FWJ_20200706_0_L2A_43.tif,0.76814011676397,0.8726637135000694,0.5777282971732696,5862,4738
challenge,S2A,S2A_18FWJ_20200706_0_L2A_46.tif,0.593251161850879,0.7628866428723422,0.2719529065383778,7798,7972
challenge,S2A,S2A_18FWJ_20200706_0_L2A_47.tif,0.017811704834605598,0.5059605915404392,0.12609457092819615,338,62
challenge,S2A,S2A_18FWJ_20200706_0_L2A_5.tif,0.35044124477473293,0.6304815072525253,0.1379916707941467,8536,3094
challenge,S2A,S2A_18FWJ_20200706_0_L2A_50.tif,0.26056114346214926,0.5749179082352364,0.25513997262387006,3551,8355
challenge,S2A,S2A_18FWJ_20200706_0_L2A_51.tif,0.21436004162330904,0.5955867525848871,0.03525954946131244,1904,430
challenge,S2A,S2A_18FWJ_20200706_0_L2A_52.tif,0.3634344929681717,0.6751064385818644,0.1533840352783281,774,1068
challenge,S2A,S2A_18FWJ_20200706_0_L2A_53.tif,0.44529262086513993,0.7193020340542066,0.28248803827751195,706,430
challenge,S2A,S2A_18FWJ_20200706_0_L2A_55.tif,0.03971555870290047,0.26635256047000455,0.19025439307289468,2163,33074
challenge,S2A,S2A_18FWJ_20200706_0_L2A_57.tif,0.6961954840705228,0.8028617522043782,0.15480155185516017,16158,11261
challenge,S2A,S2A_18FWJ_20200706_0_L2A_58.tif,0.3089163481198329,0.5918262474071071,0.23554276692724913,4468,10256
challenge,S2A,S2A_18FWJ_20200706_0_L2A_59.tif,0.5728587319243604,0.7679814269428675,0.2482791262385661,4643,3841
challenge,S2A,S2A_18FWJ_20200706_0_L2A_6.tif,0.05714285714285714,0.5252971193056676,0.05574912891986062,292,189
challenge,S2A,S2A_18FWJ_20200706_0_L2A_60.tif,0.5369168983626815,0.7443044047082502,0.41135388999062134,6023,3927
challenge,S2A,S2A_18FWJ_20200706_0_L2A_61.tif,0.004163654042733551,0.19657004008872286,0.09025661193589617,328,39948
challenge,S2A,S2A_18FWJ_20200706_0_L2A_62.tif,0.0015254883681511929,0.14082445749215333,0.03127239559580429,179,47091
challenge,S2A,S2A_18FWJ_20200706_0_L2A_63.tif,0.44016227180527384,0.7115452294264818,0.22962962962962963,1124,1716
challenge,S2A,S2A_18FWJ_20200706_0_L2A_67.tif,0.6863974001857011,0.8324043441587512,0.5546880086108494,3920,3345
challenge,S2A,S2A_18FWJ_20200706_0_L2A_69.tif,0.6060239506471513,0.7761061827716145,0.2233964534872788,7192,6085
challenge,S2A,S2A_18FWJ_20200706_0_L2A_7.tif,0.6541820873427091,0.8079801579930654,0.27031753709205886,6520,4654
challenge,S2A,S2A_18FWJ_20200706_0_L2A_70.tif,0.09979057591623036,0.483337525079339,0.20638012635820255,1282,9221
challenge,S2A,S2A_18FWJ_20200706_0_L2A_71.tif,0.018658836900928205,0.43004292799300375,0.027559526866259263,402,10353
challenge,S2A,S2A_18FWJ_20200706_0_L2A_72.tif,0.04830053667262969,0.49157219117771106,0.17632039724401125,4036,652
challenge,S2A,S2A_18FWJ_20200706_0_L2A_76.tif,0.029505582137161084,0.5054625728973108,0.15565548253199585,1047,244
challenge,S2A,S2A_18FWJ_20200706_0_L2A_77.tif,0.0,0.49515533447265625,0.0,622,13
challenge,S2A,S2A_18FWJ_20200706_0_L2A_79.tif,0.006326111023248458,0.4071749108037288,0.009979209979209978,695,12031
challenge,S2A,S2A_18FWJ_20200706_0_L2A_84.tif,0.13904667819214622,0.5426968111536971,0.1328235378634887,1455,3157
challenge,S2A,S2A_18FWJ_20200706_0_L2A_86.tif,0.37817755181853735,0.6767763659292473,0.16347152200207657,1394,2130
challenge,S2A,S2A_18FWJ_20200706_0_L2A_87.tif,0.035550617969726424,0.4645813751613338,0.15472225206833565,1220,6237
challenge,S2A,S2A_18FWJ_20200706_0_L2A_91.tif,0.3587816455696203,0.6668500129316483,0.2541915126881836,2296,1139
challenge,S2A,S2A_18FWJ_20200706_0_L2A_94.tif,0.2268346923647146,0.5558330322094261,0.17048865559708123,3565,8020
challenge,S2A,S2A_18FWJ_20200706_0_L2A_97.tif,0.42292444029850745,0.6714922642462348,0.22876322123346654,8244,3959
challenge,S2A,S2A_18FWJ_20200706_0_L2A_98.tif,0.46475971443629915,0.632345828992632,0.18098212327562924,18965,11606
challenge,S2A,S2A_18FWJ_20200706_1_L2A_102.tif,0.01445466491458607,0.501504325971219,0.04696673189823875,146,626
challenge,S2A,S2A_18FWJ_20200706_1_L2A_103.tif,0.0034423407917383822,0.48846769870351453,0.008178844056706653,145,1604
challenge,S2A,S2A_18FWJ_20200706_1_L2A_105.tif,0.6058519793459552,0.7864030933158714,0.26035075031639854,5192,3205
challenge,S2A,S2A_18FWJ_20200706_1_L2A_109.tif,0.7814848211602043,0.8849667019236893,0.5274700895333175,3155,2772
challenge,S2A,S2A_18FWJ_20200706_1_L2A_110.tif,0.40619373424558874,0.6189184026523342,0.2798162842327312,8706,14724
challenge,S2A,S2A_18FWJ_20200706_1_L2A_112.tif,0.4708029197080292,0.7159439033757928,0.17676918483129292,2486,4365
challenge,S2A,S2A_18FWJ_20200706_1_L2A_114.tif,0.7700109649122807,0.8710030124137491,0.48443677264881113,6403,6511
challenge,S2A,S2A_18FWJ_20200706_1_L2A_117.tif,0.0,0.48471832275390625,0.0,166,1837
challenge,S2A,S2A_18FWJ_20200706_1_L2A_118.tif,0.05982053838484546,0.5082672677847478,0.1330083979383019,1871,1318
challenge,S2A,S2A_18FWJ_20200706_1_L2A_119.tif,0.11706349206349206,0.5069084146060914,0.15092919742256214,3956,4489
challenge,S2A,S2A_18FWJ_20200706_1_L2A_12.tif,0.7281050955414012,0.8586920693303408,0.4171555366424511,2065,2276
challenge,S2A,S2A_18FWJ_20200706_1_L2A_122.tif,0.12710911136107986,0.5576239196656828,0.16151125833743676,208,794
challenge,S2A,S2A_18FWJ_20200706_1_L2A_124.tif,0.7350435097897027,0.8420720535348638,0.3496887989619301,9784,9357
challenge,S2A,S2A_18FWJ_20200706_1_L2A_125.tif,0.08317929759704251,0.5378028689356393,0.22794342118652688,228,358
challenge,S2A,S2A_18FWJ_20200706_1_L2A_129.tif,0.010033444816053512,0.5004997073004425,0.1414285714285714,524,80
challenge,S2A,S2A_18FWJ_20200706_1_L2A_131.tif,0.41834733893557424,0.6394480054538185,0.18724514126108238,6642,13612
challenge,S2A,S2A_18FWJ_20200706_1_L2A_132.tif,0.3344867358708189,0.6628216409329879,0.17355575643027366,413,744
challenge,S2A,S2A_18FWJ_20200706_1_L2A_133.tif,0.2846715328467153,0.6317802963510388,0.29460632362058276,1000,1464
challenge,S2A,S2A_18FWJ_20200706_1_L2A_134.tif,0.021597187343043698,0.49592677530925416,0.04393943797041644,202,1832
challenge,S2A,S2A_18FWJ_20200706_1_L2A_138.tif,0.0,0.4261932373046875,0.0,74,9600
challenge,S2A,S2A_18FWJ_20200706_1_L2A_140.tif,0.6120052196607221,0.7499392557261715,0.3782391466164004,11577,14365
challenge,S2A,S2A_18FWJ_20200706_1_L2A_142.tif,0.04163222364169234,0.4226889381419813,0.025158431409920422,749,13112
challenge,S2A,S2A_18FWJ_20200706_1_L2A_156.tif,0.006277845281490482,0.46568376654579063,0.0068486635594026445,434,4535
challenge,S2A,S2A_18FWJ_20200706_1_L2A_157.tif,0.05797773654916512,0.5134639565624852,0.13568166992824526,2131,150
challenge,S2A,S2A_18FWJ_20200706_1_L2A_158.tif,0.25966494845360827,0.6210120606115861,0.17082228116710874,481,1474
challenge,S2A,S2A_18FWJ_20200706_1_L2A_159.tif,0.060204953031596925,0.4452279566101977,0.0907211871947759,1161,11254
challenge,S2A,S2A_18FWJ_20200706_1_L2A_160.tif,0.021172129096822617,0.26930112336831297,0.11207295314874778,1226,31427
challenge,S2A,S2A_18FWJ_20200706_1_L2A_161.tif,0.0916264796142043,0.5299545596289216,0.11982812531520444,1534,956
challenge,S2A,S2A_18FWJ_20200706_1_L2A_162.tif,0.02861952861952862,0.5099064614510516,0.10715652506697283,238,373
challenge,S2A,S2A_18FWJ_20200706_1_L2A_163.tif,0.24180690876882197,0.6143453740019584,0.28169014084507044,1073,329
challenge,S2A,S2A_18FWJ_20200706_1_L2A_164.tif,0.004819277108433735,0.48980434005586504,0.024242424242424242,85,1583
challenge,S2A,S2A_18FWJ_20200706_1_L2A_165.tif,0.02535211267605634,0.48359464979432965,0.050976497848394565,766,3238
challenge,S2A,S2A_18FWJ_20200706_1_L2A_166.tif,0.7545636804896064,0.8573623403732609,0.5029582366589327,8781,7847
challenge,S2A,S2A_18FWJ_20200706_1_L2A_168.tif,0.003071338824514868,0.44703586784312715,0.023752969121140142,7145,40
challenge,S2A,S2A_18FWJ_20200706_1_L2A_171.tif,0.07145653876272513,0.49933938475476486,0.1723122238586156,2662,2811
challenge,S2A,S2A_18FWJ_20200706_1_L2A_18.tif,0.28135511773185967,0.6174428816345152,0.26505826358115875,1934,3399
challenge,S2A,S2A_18FWJ_20200706_1_L2A_19.tif,0.7176470588235294,0.8390780712029599,0.39178733760052065,7596,6712
challenge,S2A,S2A_18FWJ_20200706_1_L2A_20.tif,0.08775442108775443,0.5229344011127188,0.31066045491915595,2435,825
challenge,S2A,S2A_18FWJ_20200706_1_L2A_21.tif,0.3535102952121062,0.6564310222609485,0.1895663575910836,1865,3591
challenge,S2A,S2A_18FWJ_20200706_1_L2A_25.tif,0.677334271144716,0.8237929380494995,0.42725351379863424,5067,4472
challenge,S2A,S2A_18FWJ_20200706_1_L2A_26.tif,0.7254144901203725,0.8530107322758675,0.47257502660684236,3801,3796
challenge,S2A,S2A_18FWJ_20200706_1_L2A_27.tif,0.4798619102416571,0.73646038585533,0.2497645298908527,596,690
challenge,S2A,S2A_18FWJ_20200706_1_L2A_28.tif,0.510840108401084,0.7470123218816227,0.23403113258185723,1576,1769
challenge,S2A,S2A_18FWJ_20200706_1_L2A_33.tif,0.06864451676379324,0.4391173194226059,0.1791907514450867,1972,12148
challenge,S2A,S2A_18FWJ_20200706_1_L2A_37.tif,0.6904761904761905,0.8361564237024671,0.35224661689372583,3391,2857
challenge,S2A,S2A_18FWJ_20200706_1_L2A_39.tif,0.23591549295774647,0.5893151078466388,0.29544404398854085,4724,1243
challenge,S2A,S2A_18FWJ_20200706_1_L2A_40.tif,0.7434620174346201,0.8652066532349512,0.3763507990551647,2640,2960
challenge,S2A,S2A_18FWJ_20200706_1_L2A_42.tif,0.6174161313347609,0.804564013464693,0.34285714285714286,1181,1085
challenge,S2A,S2A_18FWJ_20200706_1_L2A_43.tif,0.7708298407376362,0.8741986021437369,0.5815464846459927,5862,4701
challenge,S2A,S2A_18FWJ_20200706_1_L2A_47.tif,0.03117505995203837,0.5125046430508173,0.18345618345618342,338,92
challenge,S2A,S2A_18FWJ_20200706_1_L2A_49.tif,0.003919027340615935,0.25521212416733435,0.07979000248919463,232,32301
challenge,S2A,S2A_18FWJ_20200706_1_L2A_51.tif,0.17799688635184224,0.5768498996206315,0.02953119232189,1904,366
challenge,S2A,S2A_18FWJ_20200706_1_L2A_52.tif,0.3333333333333333,0.6585911102223726,0.1279046673286991,774,1326
challenge,S2A,S2A_18FWJ_20200706_1_L2A_53.tif,0.4380475594493116,0.7155797886836348,0.26860782529572336,706,443
challenge,S2A,S2A_18FWJ_20200706_1_L2A_6.tif,0.053388090349075976,0.5231754983877879,0.049535603715170275,292,221
challenge,S2A,S2A_18FWJ_20200706_1_L2A_60.tif,0.6154679040989945,0.7875412850904187,0.45923509802613305,6023,4421
challenge,S2A,S2A_18FWJ_20200706_1_L2A_72.tif,0.08923418423973363,0.5131204851250561,0.17714364201667382,4036,871
challenge,S2A,S2A_18FWJ_20200706_1_L2A_76.tif,0.02872670807453416,0.5048135899187309,0.14176204977423082,1047,278
challenge,S2A,S2A_18FWJ_20200706_1_L2A_84.tif,0.14791079210458857,0.5483700268193935,0.12393493415956622,1455,3023
challenge,S2A,S2A_18FWJ_20200716_0_L2A_100.tif,0.0,0.48055267333984375,0.0,372,2177
challenge,S2A,S2A_18FWJ_20200716_0_L2A_103.tif,0.004672897196261682,0.4925851896327714,0.011307953260459858,145,1145
challenge,S2A,S2A_18FWJ_20200716_0_L2A_106.tif,0.43193916349809885,0.7102205976337926,0.13671153338611772,855,1028
challenge,S2A,S2A_18FWJ_20200716_0_L2A_111.tif,0.1383233214608474,0.440383893545754,0.12559872272485365,9716,11697
challenge,S2A,S2A_18FWJ_20200716_0_L2A_112.tif,0.47598442232799654,0.7188719635954748,0.1799651418869318,2486,4336
challenge,S2A,S2A_18FWJ_20200716_0_L2A_117.tif,0.0,0.4896697998046875,0.0,166,1188
challenge,S2A,S2A_18FWJ_20200716_0_L2A_118.tif,0.05972175093315236,0.5086628950504195,0.1283888300903688,1871,1252
challenge,S2A,S2A_18FWJ_20200716_0_L2A_119.tif,0.11682372505543237,0.509156147071639,0.15664944752021126,3956,4103
challenge,S2A,S2A_18FWJ_20200716_0_L2A_121.tif,0.0071909772159564,0.4033830835408185,0.015595086151882577,363,12943
challenge,S2A,S2A_18FWJ_20200716_0_L2A_125.tif,0.08272058823529412,0.5375506103443042,0.23019216935566747,228,361
challenge,S2A,S2A_18FWJ_20200716_0_L2A_129.tif,0.01092896174863388,0.5013213403280022,0.1920465567410281,524,31
challenge,S2A,S2A_18FWJ_20200716_0_L2A_132.tif,0.3333333333333333,0.662345092510293,0.1835085585194196,413,715
challenge,S2A,S2A_18FWJ_20200716_0_L2A_133.tif,0.2556179775280899,0.6155763375869407,0.28191741813004273,1000,1682
challenge,S2A,S2A_18FWJ_20200716_0_L2A_134.tif,0.024335031126202604,0.4990058036244208,0.05125945011357088,202,1608
challenge,S2A,S2A_18FWJ_20200716_0_L2A_138.tif,0.0,0.4261932373046875,0.0,74,9600
challenge,S2A,S2A_18FWJ_20200716_0_L2A_141.tif,0.560163660033476,0.7172942193972689,0.24538008497154254,11370,13797
challenge,S2A,S2A_18FWJ_20200716_0_L2A_142.tif,0.048237962316817866,0.4401662550608142,0.027598299681190222,749,11268
challenge,S2A,S2A_18FWJ_20200716_0_L2A_144.tif,0.36201117318435755,0.625432007562851,0.12888584444998663,4462,10166
challenge,S2A,S2A_18FWJ_20200716_0_L2A_152.tif,0.0007302734874210392,0.2915077583933839,0.04070083303151033,108,27299
challenge,S2A,S2A_18FWJ_20200716_0_L2A_154.tif,0.09721128092011974,0.5044737222234881,0.03579256957354124,816,6148
challenge,S2A,S2A_18FWJ_20200716_0_L2A_156.tif,0.0,0.46295166015625,0.0,434,4422
challenge,S2A,S2A_18FWJ_20200716_0_L2A_157.tif,0.07431016416346489,0.45521181857396403,0.058168781179217095,2131,10172
challenge,S2A,S2A_18FWJ_20200716_0_L2A_158.tif,0.26346153846153847,0.6229092721098479,0.15626715462031104,481,1490
challenge,S2A,S2A_18FWJ_20200716_0_L2A_16.tif,0.7045306388526728,0.8374563736141722,0.2805217224513283,4985,5474
challenge,S2A,S2A_18FWJ_20200716_0_L2A_160.tif,0.020789709841459766,0.3088866985649281,0.0879439198192457,1226,26074
challenge,S2A,S2A_18FWJ_20200716_0_L2A_161.tif,0.09186813186813186,0.5301213085749342,0.1206311813326293,1534,950
challenge,S2A,S2A_18FWJ_20200716_0_L2A_162.tif,0.03640256959314775,0.5147671664492243,0.1419158641662443,238,246
challenge,S2A,S2A_18FWJ_20200716_0_L2A_165.tif,0.025163826998689385,0.48416657120105616,0.04411764705882353,766,3145
challenge,S2A,S2A_18FWJ_20200716_0_L2A_166.tif,0.5623924268502581,0.7474693446846634,0.2532708245642045,8781,5743
challenge,S2A,S2A_18FWJ_20200716_0_L2A_168.tif,0.0,0.44539642333984375,0.0,7145,12
challenge,S2A,S2A_18FWJ_20200716_0_L2A_17.tif,0.13360224911380028,0.5118067884769535,0.2745226256158754,7428,1846
challenge,S2A,S2A_18FWJ_20200716_0_L2A_171.tif,0.0033370411568409346,0.4811578913721391,0.05219660722053067,2662,44
challenge,S2A,S2A_18FWJ_20200716_0_L2A_18.tif,0.2797419971333015,0.6164498846072007,0.26464563703400246,1934,3423
challenge,S2A,S2A_18FWJ_20200716_0_L2A_2.tif,0.2906922898819171,0.5967384495819741,0.23487966285845985,6391,4758
challenge,S2A,S2A_18FWJ_20200716_0_L2A_20.tif,0.0891223314130803,0.5239707224911219,0.32709739633558343,2435,779
challenge,S2A,S2A_18FWJ_20200716_0_L2A_21.tif,0.3379513967749262,0.6462193281651298,0.28690992999335135,1865,4026
challenge,S2A,S2A_18FWJ_20200716_0_L2A_22.tif,0.014124293785310734,0.5017360168068878,0.03472987872105844,350,368
challenge,S2A,S2A_18FWJ_20200716_0_L2A_29.tif,0.18466898954703834,0.5905477715018304,0.27526595744680854,112,228
challenge,S2A,S2A_18FWJ_20200716_0_L2A_3.tif,0.5034518289541473,0.7119979672388214,0.39732424032438446,9240,5351
challenge,S2A,S2A_18FWJ_20200716_0_L2A_31.tif,0.17075773745997866,0.5674635342489268,0.21171225160006713,2777,514
challenge,S2A,S2A_18FWJ_20200716_0_L2A_39.tif,0.1461025427261359,0.5414556825607235,0.238816056223814,4724,775
challenge,S2A,S2A_18FWJ_20200716_0_L2A_40.tif,0.7389421589854624,0.862788260039709,0.3763133873254481,2640,2982
challenge,S2A,S2A_18FWJ_20200716_0_L2A_42.tif,0.5676855895196506,0.779256347171957,0.28673750954030414,1181,973
challenge,S2A,S2A_18FWJ_20200716_0_L2A_46.tif,0.5782595166476506,0.7552243864988057,0.34963930945511307,7798,7418
challenge,S2A,S2A_18FWJ_20200716_0_L2A_47.tif,0.010526315789473684,0.5023943304516556,0.07867132867132866,338,46
challenge,S2A,S2A_18FWJ_20200716_0_L2A_60.tif,0.38226059654631084,0.6599501268020218,0.3824693355488991,6023,2782
challenge,S2A,S2A_31TGK_20200822_0_L2A_12.tif,0.0,0.49896240234375,0.0,136,0
challenge,S2A,S2A_31TGK_20200822_0_L2A_15.tif,0.3221125943122461,0.6520690547314143,0.0453857791225416,1723,555
challenge,S2A,S2A_31TGK_20200822_0_L2A_26.tif,0.0,0.48801422119140625,0.0,1571,0
challenge,S2A,S2A_31TGK_20200822_0_L2A_36.tif,0.12,0.557648639570037,0.3125,350,42
challenge,S2A,S2A_32TLQ_20200822_0_L2A_16.tif,0.08950276243093923,0.5384569804821413,0.2796075683251577,905,81
challenge,S2A,S2A_32TLQ_20200822_0_L2A_17.tif,0.02348993288590604,0.5073037100710474,0.18541996830427893,596,14
challenge,S2A,S2A_32TLQ_20200822_0_L2A_18.tif,0.01350337584396099,0.49671627780567656,0.13593155893536124,1333,18
challenge,S2A,S2A_32TLQ_20200822_0_L2A_19.tif,0.0982532751091703,0.5459735325477904,0.3197997775305895,455,48
challenge,S2A,S2A_32TLQ_20200822_0_L2A_20.tif,0.2616279069767442,0.6298443546121906,0.38733705772811916,171,46
challenge,S2A,S2A_32TLQ_20200822_0_L2A_24.tif,0.005555555555555556,0.4973147978595699,0.08219178082191782,719,5
challenge,S2A,S2A_32TLQ_20200822_0_L2A_26.tif,0.04420122079562198,0.48734415814296606,0.05594405594405595,4735,226
challenge,S2A,S2A_32TLQ_20200822_0_L2A_28.tif,0.06233062330623306,0.5285246143869251,0.1505703422053232,369,23
challenge,S2A,S2A_32TLQ_20200822_0_L2A_30.tif,0.0,0.4907684326171875,0.0,1107,103
challenge,S2A,S2A_32TLQ_20200822_0_L2A_38.tif,0.10154826958105646,0.5356699442005998,0.07947019867549669,2196,223
challenge,S2A,S2A_32TLQ_20200822_0_L2A_4.tif,0.5667870036101083,0.7806270375001283,0.5973777572111676,802,500
challenge,S2A,S2A_32TLQ_20200901_1_L2A_30.tif,0.0,0.49150848388671875,0.0,1107,6
challenge,S2A,S2A_32TLQ_20200901_1_L2A_31.tif,0.08712121212121213,0.5398806549230278,0.11748998664886513,528,46
challenge,S2A,S2A_32TLR_20200809_0_L2A_1.tif,0.011848341232227487,0.5027424703521166,0.0,421,6
challenge,S2A,S2A_32TLR_20200809_0_L2A_10.tif,0.16397973284200829,0.5680668839110318,0.05250596658711217,2171,356
challenge,S2A,S2A_32TLR_20200809_0_L2A_11.tif,0.05852842809364549,0.507729965794807,0.06062136903258398,2938,227
challenge,S2A,S2A_32TLR_20200809_0_L2A_15.tif,0.10319685922602355,0.5393646800720643,0.0,1783,184
challenge,S2A,S2A_32TLR_20200809_0_L2A_18.tif,0.376940133037694,0.684159986145818,0.348399868030353,901,341
challenge,S2A,S2A_32TLR_20200809_0_L2A_2.tif,0.45528455284552843,0.7266181874034441,0.5304002444240757,235,123
challenge,S2A,S2A_32TLR_20200809_0_L2A_3.tif,0.0,0.49234771728515625,0.0,1003,0
challenge,S2A,S2A_32TLR_20200809_0_L2A_31.tif,0.0111731843575419,0.501535012749502,0.0,530,13
challenge,S2A,S2A_32TLR_20200809_0_L2A_32.tif,0.43283582089552236,0.7149651111328708,0.49211356466876977,264,216
challenge,S2A,S2A_32TLR_20200809_0_L2A_40.tif,0.16407355021216408,0.577519807817791,0.20025241901556584,688,135
challenge,S2A,S2A_32TLR_20200809_0_L2A_45.tif,0.04365079365079365,0.5199864040745383,0.15774647887323945,250,13
challenge,S2A,S2A_32TLR_20200809_0_L2A_51.tif,0.09289617486338798,0.5451812793302273,0.32941176470588235,179,21
challenge,S2A,S2A_32TLR_20200809_0_L2A_6.tif,0.4215686274509804,0.7098828622358034,0.6154806491885143,174,116
challenge,S2A,S2A_32TLR_20200809_1_L2A_1.tif,0.0,0.49675750732421875,0.0,421,4
challenge,S2A,S2A_32TLR_20200809_1_L2A_10.tif,0.18654997696913864,0.5797176962581333,0.05128205128205128,2171,405
challenge,S2A,S2A_32TLR_20200809_1_L2A_11.tif,0.12487512487512488,0.5422721260569053,0.0878890923358619,2938,440
challenge,S2A,S2A_32TLR_20200809_1_L2A_18.tif,0.36182019977802443,0.6765012668879388,0.3263825929283771,901,326
challenge,S2A,S2A_32TLR_20200809_1_L2A_32.tif,0.4116022099447514,0.7041723408449497,0.4139414802065404,264,247
challenge,S2A,S2A_32TLR_20200809_1_L2A_40.tif,0.1712707182320442,0.5810490446783043,0.18418201516793065,688,160
challenge,S2A,S2A_32TLR_20200809_1_L2A_45.tif,0.0,0.49808502197265625,0.0,250,1
challenge,S2A,S2A_32TLR_20200819_0_L2A_18.tif,0.01220865704772475,0.4993130274937212,0.044117647058823525,901,11
challenge,S2A,S2A_32TLR_20200819_0_L2A_31.tif,0.05660377358490566,0.5244854424972738,0.11313131313131312,530,30
challenge,S2A,S2A_32TLR_20200819_1_L2A_7.tif,0.5558020856445529,0.7620199684303106,0.07255139056831923,4507,2505
challenge,S2A,S2A_32TLR_20200901_0_L2A_121.tif,0.0,0.48639678955078125,0.0,1783,0
challenge,S2A,S2A_32TLR_20200901_0_L2A_122.tif,0.008105369807497468,0.4965825957815414,0.0,980,15
challenge,S2A,S2A_32TLR_20200901_0_L2A_123.tif,0.0,0.4850006103515625,0.0,1937,29
challenge,S2A,S2A_32TLR_20200901_0_L2A_124.tif,0.0,0.49737548828125,0.0,344,0
challenge,S2A,S2A_32TLR_20200901_0_L2A_126.tif,0.042175360710321866,0.5144996929356977,0.09108159392789374,901,38
challenge,S2A,S2A_32TLR_20200901_0_L2A_127.tif,0.23346303501945526,0.6152271494970207,0.44212218649517687,248,69
challenge,S2A,S2A_32TLR_20200901_0_L2A_129.tif,0.004830917874396135,0.4929846638814984,0.0911854103343465,1235,13
challenge,S2A,S2A_32TLR_20200901_0_L2A_137.tif,0.039816232771822356,0.5103332584053358,0.05818181818181819,1306,52
challenge,S2A,S2A_32TLR_20200901_0_L2A_143.tif,0.4082599864590386,0.68355786524609,0.18951846838135758,4427,1813
challenge,S2A,S2A_32TLR_20200901_0_L2A_146.tif,0.748898678414097,0.8740133327204959,0.9185185185185185,211,186
challenge,S2A,S2A_32TLR_20200901_0_L2A_147.tif,0.20080321285140562,0.597360466991752,0.13523666416228403,498,100
challenge,S2A,S2A_32TLR_20200901_0_L2A_148.tif,0.0,0.49474334716796875,0.0,688,1
challenge,S2A,S2A_32TLR_20200901_0_L2A_15.tif,0.0,0.49585723876953125,0.0,543,0
challenge,S2A,S2A_32TLR_20200901_0_L2A_150.tif,0.17107309486780714,0.5773762191835514,0.21644318027901935,1278,228
challenge,S2A,S2A_32TLR_20200901_0_L2A_38.tif,0.524822695035461,0.7618996002445033,0.8164222873900292,141,74
challenge,S2A,S2A_32TLR_20200901_0_L2A_53.tif,0.0,0.49628448486328125,0.0,487,0
challenge,S2A,S2A_32TLR_20200901_0_L2A_65.tif,0.0021141649048625794,0.49745595328481096,0.06944444444444445,462,12
challenge,S2A,S2A_32TLR_20200901_0_L2A_73.tif,0.5015384615384615,0.7495301871273603,0.6174957118353345,325,163
challenge,S2A,S2A_32TLR_20200908_0_L2A_1.tif,0.0,0.49678802490234375,0.0,421,0
challenge,S2A,S2A_32TLR_20200908_0_L2A_18.tif,0.2974472807991121,0.6438744034074619,0.22222222222222224,901,268
challenge,S2A,S2A_32TLR_20200908_0_L2A_3.tif,0.0,0.4923095703125,0.0,1003,5
challenge,S2A,S2A_39XWA_20200829_0_L2A_1.tif,0.16761948319231648,0.5557246220800864,0.03832335329341317,4373,733
challenge,S2A,S2A_39XWA_20200829_0_L2A_10.tif,0.0020864381520119225,0.4754972775844526,0.0,3355,7
challenge,S2A,S2A_39XWA_20200829_0_L2A_12.tif,0.24494949494949494,0.6201901771115085,0.16689847009735745,389,104
challenge,S2A,S2A_39XWA_20200829_0_L2A_5.tif,0.0,0.49488067626953125,0.0,650,21
challenge,S2A,S2A_39XWA_20200829_0_L2A_8.tif,0.056106801371098684,0.32361770883953256,0.0,27715,1555
challenge,S2A,S2A_39XWA_20200829_0_L2A_9.tif,0.0,0.4373321533203125,0.0,8197,17
challenge,S2A,S2A_39XWB_20200829_0_L2A_10.tif,0.19914346895074947,0.5967142860087702,0.265236470014627,466,94
challenge,S2A,S2A_39XWB_20200829_0_L2A_11.tif,0.022487223168654175,0.4893328127451641,0.06627218934911243,2935,66
challenge,S2A,S2A_39XWB_20200829_0_L2A_21.tif,0.0,0.453582763671875,0.0,6083,1
challenge,S2A,S2A_39XWB_20200829_0_L2A_24.tif,0.11296918115628844,0.3417930974499457,0.0008163265306122448,30079,3398
challenge,S2A,S2A_39XWB_20200829_0_L2A_25.tif,0.0,0.4554290771484375,0.0,5833,9
challenge,S2A,S2A_39XWB_20200829_0_L2A_26.tif,0.0014903129657228018,0.4751847346977521,0.0,3355,5
challenge,S2A,S2A_39XWB_20200829_0_L2A_28.tif,0.14288,0.5300047324536299,0.23817186997103315,6148,995
challenge,S2A,S2A_39XWB_20200829_0_L2A_30.tif,0.24808184143222506,0.6217945538706534,0.1741654571843251,389,99
challenge,S2A,S2A_39XWB_20200829_0_L2A_35.tif,0.0,0.48504638671875,0.0,1959,1
challenge,S2A,S2A_39XWB_20200829_0_L2A_37.tif,0.0,0.49652099609375,0.0,456,0
challenge,S2A,S2A_39XWB_20200829_0_L2A_8.tif,0.08108108108108109,0.5395027528596907,0.027397260273972605,127,33
challenge,S2A,S2A_39XXA_20200829_0_L2A_2.tif,0.0,0.453216552734375,0.0,6131,1
challenge,S2A,S2A_39XXA_20200829_0_L2A_3.tif,0.05074995588494795,0.31556343936092696,0.0,28335,1438
challenge,S2A,S2A_39XXA_20200829_0_L2A_6.tif,0.24556962025316456,0.6205078804668992,0.16830294530154277,389,103
challenge,S2A,S2A_40XDF_20200829_0_L2A_10.tif,0.0012726694241170856,0.47668620347846274,0.057761732851985555,3143,4
challenge,S2A,S2A_40XDF_20200829_0_L2A_15.tif,0.7229437229437229,0.8594986235116961,0.7287697854604035,865,727
challenge,S2A,S2A_40XDF_20200829_0_L2A_16.tif,0.08958586033616357,0.5043893558282735,0.22164614387556708,5765,523
challenge,S2A,S2A_40XDF_20200829_0_L2A_6.tif,0.09081048100064405,0.3320479374155423,0.013335802926467863,29501,2679
challenge,S2A,S2A_40XDF_20200829_0_L2A_7.tif,0.0017135862913096695,0.4697407987004474,0.0273224043715847,4085,7
challenge,S2A,S2A_40XDH_20200811_0_L2A_27.tif,0.261026916987107,0.5788433123557665,0.24840231899689902,5500,5650
challenge,S2A,S2A_40XDH_20200811_0_L2A_29.tif,0.001544349694487343,0.38728324898520106,0.018113057324840764,131,14785
challenge,S2A,S2A_40XDH_20200811_0_L2A_30.tif,0.25891166543179384,0.5573140173899686,0.19409282700421943,12044,3248
challenge,S2A,S2A_40XDH_20200811_0_L2A_33.tif,0.1067806721018095,0.4116600400958344,0.10236831116148662,19990,2274
challenge,S2A,S2A_40XDH_20200811_0_L2A_37.tif,0.0,0.49282073974609375,0.0,941,0
challenge,S2A,S2A_40XDH_20200811_0_L2A_45.tif,0.0009784735812133072,0.4069967760128763,0.0,12264,12
challenge,S2A,S2A_40XDH_20200811_0_L2A_54.tif,0.018481577094578736,0.38099221830150964,0.03389967311029501,2222,15137
challenge,S2A,S2A_40XDH_20200811_0_L2A_55.tif,0.7613275763408417,0.83559591131142,0.4188928732073708,17468,16390
challenge,S2A,S2A_40XDH_20200811_0_L2A_61.tif,0.1213653603034134,0.5553724723277459,0.35413839891451826,779,108
challenge,S2A,S2A_40XDH_20200811_0_L2A_68.tif,0.3466874196386276,0.49873709017742557,0.10049785089211168,29551,10249
challenge,S2A,S2A_40XDH_20200811_0_L2A_75.tif,0.0,0.43852996826171875,0.0,1220,6837
challenge,S2A,S2A_40XDH_20200811_0_L2A_9.tif,0.2937557991683563,0.46656800978281643,0.23075704504250788,29098,8549
challenge,S2A,S2A_40XDH_20200811_2_L2A_16.tif,0.05981750591416019,0.508626297595156,0.19382165245383182,2934,202
challenge,S2A,S2A_40XDH_20200811_2_L2A_30.tif,0.27866963036140613,0.5688452011761014,0.19655025684984306,12044,3488
challenge,S2A,S2A_40XDH_20200811_2_L2A_33.tif,0.11511506536110144,0.4167555712759319,0.10543442889684349,19990,2445
challenge,S2A,S2A_40XDH_20200811_2_L2A_37.tif,0.0,0.49261474609375,0.0,941,27
challenge,S2A,S2A_40XDH_20200811_2_L2A_45.tif,0.0002446183953033268,0.40657402054918446,0.0,12264,3
challenge,S2A,S2A_40XDH_20200811_2_L2A_64.tif,0.23017408123791103,0.6120450179031477,0.49001151215548183,508,128
challenge,S2A,S2A_40XDH_20200811_2_L2A_66.tif,0.0,0.480255126953125,0.0,2571,17
challenge,S2A,S2A_40XDH_20200811_2_L2A_68.tif,0.33719080973166854,0.49235240042106987,0.09928885616292363,29551,9967
challenge,S2A,S2A_40XDH_20200811_2_L2A_70.tif,0.0,0.49271392822265625,0.0,955,0
challenge,S2A,S2A_40XDJ_20200811_0_L2A_16.tif,0.5331561275881366,0.7089581446035444,0.2969047553606276,14287,7631
challenge,S2A,S2A_40XDJ_20200811_0_L2A_19.tif,0.19243557772236075,0.5812884018650376,0.09480306817202447,2406,463
challenge,S2A,S2A_40XDJ_20200811_0_L2A_20.tif,0.5513792058199455,0.7640757478948277,0.1506410256410256,3233,1885
challenge,S2A,S2A_40XDJ_20200811_0_L2A_23.tif,0.16949624269412747,0.5617684672740278,0.26569199053990816,3589,613
challenge,S2A,S2A_40XDJ_20200811_0_L2A_28.tif,0.0,0.47635650634765625,0.0,3099,0
challenge,S2A,S2A_40XDJ_20200811_0_L2A_29.tif,0.0,0.4971771240234375,0.0,368,2
challenge,S2A,S2A_40XDJ_20200811_0_L2A_48.tif,0.0,0.4824371337890625,0.0,2302,0
challenge,S2A,S2A_40XDJ_20200811_0_L2A_5.tif,0.014206454337768052,0.110867348410936,0.1304599084998796,1001,51828
challenge,S2A,S2A_40XDJ_20200811_0_L2A_51.tif,0.2506378750033572,0.3771070664604716,0.06433233732702852,37230,9335
challenge,S2A,S2A_40XDJ_20200811_0_L2A_57.tif,0.6607233825776873,0.825177924418251,0.2254018032144257,1954,1306
challenge,S2A,S2A_40XDJ_20200811_0_L2A_63.tif,0.014617368873602751,0.4196484329299018,0.0336143343581606,240,11560
challenge,S2A,S2A_40XDJ_20200811_0_L2A_7.tif,0.01517216498977833,0.12831965355958608,0.09365776874139174,1035,49616
challenge,S2A,S2A_40XDJ_20200811_0_L2A_8.tif,0.3729265967588179,0.6605982464762947,0.06959879216889836,4181,3020
challenge,S2A,S2A_40XDJ_20200811_1_L2A_17.tif,0.03103229892336922,0.44516269616472864,0.12249869497128939,9471,297
challenge,S2A,S2A_40XDJ_20200811_1_L2A_19.tif,0.1367414796342477,0.552444535575248,0.0316622691292876,2406,329
challenge,S2A,S2A_40XDJ_20200811_1_L2A_20.tif,0.468130527599878,0.7204404766872377,0.12298682284040997,3233,1581
challenge,S2A,S2A_40XDJ_20200811_1_L2A_29.tif,0.0,0.49716949462890625,0.0,368,3
challenge,S2A,S2A_40XDJ_20200811_1_L2A_30.tif,0.2451046590141796,0.5876606248694267,0.07142582850120963,5924,1452
challenge,S2A,S2A_40XDJ_20200811_1_L2A_35.tif,0.19342359767891681,0.5935254793822788,0.45611402850712673,508,109
challenge,S2A,S2A_40XDJ_20200811_1_L2A_48.tif,0.0,0.4824371337890625,0.0,2302,0
challenge,S2A,S2A_40XDJ_20200811_1_L2A_49.tif,0.0,0.4987640380859375,0.0,162,0
challenge,S2A,S2A_40XDJ_20200811_1_L2A_54.tif,0.04070528273297059,0.30392475809582614,0.06835748141764515,1352,28868
challenge,S2A,S2A_40XDJ_20200811_1_L2A_56.tif,0.0,0.49271392822265625,0.0,955,0
challenge,S2A,S2A_40XDJ_20200811_1_L2A_8.tif,0.4020800627943485,0.6770429926333328,0.08163179210259873,4181,2964
challenge,S2A,S2A_40XDJ_20200812_1_L2A_63.tif,0.014765916789715974,0.4206176675708822,0.033429334174984546,240,11443
challenge,S2A,S2A_40XDJ_20200818_0_L2A_35.tif,0.26181818181818184,0.6278047356362746,0.478391582111988,508,186
challenge,S2A,S2A_40XDJ_20200818_0_L2A_40.tif,0.05596107055961071,0.5101818258391496,0.16403906790740597,395,2209
challenge,S2A,S2A_40XDJ_20200818_0_L2A_44.tif,0.0,0.4943084716796875,0.0,601,145
challenge,S2A,S2A_40XDJ_20200818_0_L2A_48.tif,0.10274934778246037,0.5169950602101279,0.03128839871729553,2302,3193
challenge,S2A,S2A_40XDJ_20200818_0_L2A_54.tif,0.04777478782860691,0.3452582739739474,0.20285847464032852,1352,23957
challenge,S2A,S2A_40XDJ_20200818_0_L2A_7.tif,0.015030577396553094,0.1246211409034665,0.09851386826329912,1035,50086
challenge,S2A,S2A_40XDJ_20200818_1_L2A_24.tif,0.0016488046166529267,0.13080484718732913,0.04418197157505354,225,48375
challenge,S2A,S2A_40XDJ_20200829_0_L2A_14.tif,0.0053123175715119675,0.37247814671455115,0.020730945939456034,628,16593
challenge,S2A,S2A_40XDJ_20200829_0_L2A_15.tif,0.42861551121168484,0.6171957665145519,0.40069991251093606,19323,8455
challenge,S2A,S2A_40XDJ_20200829_0_L2A_16.tif,0.0855963045912654,0.4412245979598064,0.12668415141840242,14287,1224
challenge,S2A,S2A_40XDJ_20200829_0_L2A_17.tif,0.03199834847233691,0.44411066351958306,0.13420813996906172,9471,527
challenge,S2A,S2A_40XDJ_20200829_0_L2A_18.tif,0.012482662968099861,0.5008084564859576,0.08898776418242492,702,28
challenge,S2A,S2A_40XDJ_20200829_0_L2A_19.tif,0.060459492140266025,0.512404829421309,0.19871323529411766,2406,225
challenge,S2A,S2A_40XDJ_20200829_0_L2A_20.tif,0.31038107752956634,0.6348036224412652,0.07045009784735812,3233,1753
challenge,S2A,S2A_40XDJ_20200829_0_L2A_24.tif,0.0021711240501332283,0.2694298418478862,0.03013144384918013,225,30240
challenge,S2A,S2A_40XDJ_20200829_0_L2A_25.tif,0.09731775666921426,0.3513775318931958,0.23818249615512027,3266,26885
challenge,S2A,S2A_40XDJ_20200829_0_L2A_26.tif,0.017691154422788607,0.4587676170169524,0.11418798921265538,6665,123
challenge,S2A,S2A_40XDJ_20200829_0_L2A_27.tif,0.00029672123040403543,0.3459060288587546,0.0,11967,8260
challenge,S2A,S2A_40XDJ_20200829_0_L2A_28.tif,0.0,0.47635650634765625,0.0,3099,0
challenge,S2A,S2A_40XDJ_20200829_0_L2A_29.tif,0.0,0.4971923828125,0.0,368,0
challenge,S2A,S2A_40XDJ_20200829_0_L2A_30.tif,0.05937447733734738,0.4865458324306595,0.10215745842129653,5924,410
challenge,S2A,S2A_40XDJ_20200829_0_L2A_35.tif,0.0,0.4961090087890625,0.0,508,2
challenge,S2A,S2A_40XDJ_20200829_0_L2A_36.tif,0.05615787550249726,0.34691827496073224,0.14839002556526312,24082,1928
challenge,S2A,S2A_40XDJ_20200829_0_L2A_37.tif,0.49045384532722,0.6080365052575456,0.17285314855814796,27666,13943
challenge,S2A,S2A_40XDJ_20200829_0_L2A_44.tif,0.0,0.4836273193359375,0.0,601,1545
challenge,S2A,S2A_40XDJ_20200829_0_L2A_45.tif,0.02226249029251877,0.4822771580568782,0.023405500292568757,3835,114
challenge,S2A,S2A_40XDJ_20200829_0_L2A_48.tif,0.14075560013373453,0.5506434838570846,0.045988934993084374,2302,1110
challenge,S2A,S2A_40XDJ_20200829_0_L2A_49.tif,0.0,0.498626708984375,0.0,162,18
challenge,S2A,S2A_40XDJ_20200829_0_L2A_53.tif,0.06525679758308157,0.4851044371301989,0.12643572544335202,6557,495
challenge,S2A,S2A_40XDJ_20200829_0_L2A_54.tif,0.054799033604217,0.46122949050938283,0.11880163693923249,1352,8253
challenge,S2A,S2A_40XDJ_20200829_0_L2A_56.tif,0.0068245861218738995,0.33090804870860213,0.011145425372233052,955,21912
challenge,S2A,S2A_40XDJ_20200829_0_L2A_59.tif,0.3357373787615021,0.6470619714048684,0.1743597549374025,3931,1440
challenge,S2A,S2A_40XDJ_20200829_0_L2A_63.tif,0.16049382716049382,0.5776503441067395,0.23653643083421333,240,230
challenge,S2A,S2A_40XDJ_20200829_0_L2A_64.tif,0.0,0.4524078369140625,0.0,751,5487
challenge,S2A,S2A_40XEH_20200829_0_L2A_3.tif,0.03734772162036842,0.3420535978558145,0.007287870900572618,23723,886
challenge,S2A,S2A_40XEH_20200829_0_L2A_9.tif,0.13502779984114377,0.5591838812564346,0.1572052401746725,1121,308
challenge,S2A,S2A_40XEH_20200829_1_L2A_10.tif,0.00700509461426492,0.3365605755106135,0.008669386474187982,955,21183
challenge,S2A,S2A_40XEH_20200829_1_L2A_13.tif,0.0,0.4939727783203125,0.0,621,169
challenge,S2A,S2A_40XEH_20200829_1_L2A_18.tif,0.0,0.36896514892578125,0.0,17175,0
challenge,S2A,S2A_40XEH_20200829_1_L2A_2.tif,0.6660037964385791,0.8012404486250109,0.2618809704624485,11060,7371
challenge,S2A,S2A_40XEH_20200829_1_L2A_25.tif,0.0,0.47017669677734375,0.0,3697,212
challenge,S2A,S2A_40XEH_20200829_1_L2A_26.tif,0.044642857142857144,0.5149692733134542,0.07476635514018691,1006,47
challenge,S2A,S2A_40XEH_20200829_1_L2A_27.tif,0.0,0.49669647216796875,0.0,415,18
challenge,S2A,S2A_40XEH_20200829_1_L2A_30.tif,0.002224694104560623,0.4874243778158767,0.012362030905077263,88,1714
challenge,S2A,S2A_40XEH_20200829_1_L2A_35.tif,0.13383726100489107,0.5519879951073355,0.02838221381267739,694,1856
challenge,S2A,S2A_40XEH_20200829_1_L2A_6.tif,0.01719022687609075,0.33569590862394694,0.08535903883766416,22920,394
challenge,S2A,S2A_40XEH_20200829_1_L2A_8.tif,0.028139061825802874,0.2700929281553693,0.03238287993332937,32397,962
challenge,S2A,S2A_40XEJ_20200811_0_L2A_1.tif,0.0,0.49271392822265625,0.0,955,0
challenge,S2A,S2A_40XEJ_20200811_0_L2A_16.tif,0.0005547850208044383,0.47278784509989774,0.0,3605,2
challenge,S2A,S2A_40XEJ_20200811_0_L2A_47.tif,0.0,0.49544525146484375,0.0,85,512
challenge,S2A,S2A_40XEJ_20200811_0_L2A_48.tif,0.0,0.49359893798828125,0.0,838,1
challenge,S2A,S2A_40XEJ_20200811_0_L2A_51.tif,0.0,0.49668121337890625,0.0,435,0
challenge,S2A,S2A_40XEJ_20200811_0_L2A_53.tif,0.0,0.496337890625,0.0,480,0
challenge,S2A,S2A_40XEJ_20200811_0_L2A_54.tif,0.3391304347826087,0.6672403474004814,0.5480149812734082,456,160
challenge,S2A,S2A_40XEJ_20200811_0_L2A_55.tif,0.5932504440497336,0.7948691409230602,0.4736365009820215,443,454
challenge,S2A,S2A_40XEJ_20200811_0_L2A_59.tif,0.0009658725048293626,0.47680784126210446,0.0,3105,4
challenge,S2A,S2A_40XEJ_20200811_0_L2A_60.tif,0.007506255212677231,0.4946729011348078,0.0,1049,159
challenge,S2A,S2A_40XEJ_20200811_0_L2A_61.tif,0.0013812154696132596,0.4731082421368453,0.0,3555,70
challenge,S2A,S2A_40XEJ_20200811_0_L2A_9.tif,0.7147540983606557,0.856040643650374,0.760221465076661,539,507
challenge,S2A,S2A_40XEJ_20200818_1_L2A_109.tif,0.2136098981077147,0.590168819167331,0.23956159681728653,2727,608
challenge,S2A,S2A_40XEJ_20200818_1_L2A_125.tif,0.21049723756906077,0.5942824611604033,0.14810896588204178,1732,459
challenge,S2A,S2A_40XEJ_20200818_1_L2A_126.tif,0.2721681189133778,0.6251618227056697,0.22137079608343974,1167,1315
challenge,S2A,S2A_40XEJ_20200818_1_L2A_135.tif,0.010731288535081557,0.31113785125180393,0.06943774713087086,25625,276
challenge,S2A,S2A_40XEJ_20200818_1_L2A_52.tif,0.006659267480577136,0.49650070042730216,0.011527377521613832,435,472
challenge,S2A,S2A_40XEJ_20200818_1_L2A_55.tif,0.0,0.47498321533203125,0.0,3279,0
challenge,S2A,S2A_40XEJ_20200818_1_L2A_63.tif,0.0,0.47383880615234375,0.0,3429,0
challenge,S2A,S2A_40XEJ_20200818_1_L2A_65.tif,0.2056149732620321,0.5798714235124526,0.22479747478091958,3710,799
challenge,S2A,S2A_40XEJ_20200818_1_L2A_72.tif,0.0145236508994004,0.45074081730321636,0.03970737813942571,6292,1322
challenge,S2A,S2A_40XEJ_20200829_0_L2A_12.tif,0.11805026656511805,0.5052530378115502,0.03021333061141165,1634,7174
challenge,S2A,S2A_40XEJ_20200829_0_L2A_14.tif,0.13980909601347558,0.5581717374931593,0.21951219512195122,1781,249
challenge,S2A,S2A_40XEJ_20200829_0_L2A_17.tif,0.001917086029235562,0.4691782353598748,0.0,3605,576
challenge,S2A,S2A_40XEJ_20200829_0_L2A_2.tif,0.23727034120734908,0.6074726729083885,0.008869179600886918,1844,513
challenge,S2A,S2A_40XEJ_20200829_0_L2A_25.tif,0.0008183306055646482,0.44451110334642646,0.00398936170212766,957,6381
challenge,S2A,S2A_40XEJ_20200829_0_L2A_30.tif,0.0,0.48187255859375,0.0,123,2253
challenge,S2A,S2A_40XEJ_20200829_0_L2A_33.tif,0.001040943789035392,0.47855443951388504,0.007648183556405353,2660,225
challenge,S2A,S2A_40XEJ_20200829_0_L2A_34.tif,0.033113828786453435,0.4772438788975107,0.10981468771448182,5297,194
challenge,S2A,S2A_40XEJ_20200829_0_L2A_35.tif,0.016177351707609346,0.4955560467494068,0.11320754716981132,1669,27
challenge,S2A,S2A_40XEJ_20200829_0_L2A_39.tif,0.0,0.4337921142578125,0.0,206,8472
challenge,S2A,S2A_40XEJ_20200829_0_L2A_4.tif,0.32652043868394814,0.6422251245205621,0.16852044490677762,3931,1391
challenge,S2A,S2A_40XEJ_20200829_0_L2A_41.tif,0.0,0.494140625,0.0,727,41
challenge,S2A,S2A_40XEJ_20200829_0_L2A_44.tif,0.005915568701263781,0.4747424410652272,0.0235677010268784,225,3516
challenge,S2A,S2A_40XEJ_20200829_0_L2A_47.tif,0.000781337202812814,0.29542997257759507,0.0,3642,23256
challenge,S2A,S2A_40XEJ_20200829_0_L2A_50.tif,0.0,0.4116363525390625,0.0,137,11445
challenge,S2A,S2A_40XEJ_20200829_0_L2A_51.tif,0.0005301289980561937,0.4571112336046695,0.0016353229762878167,297,5365
challenge,S2A,S2A_40XEJ_20200829_0_L2A_52.tif,0.0014792899408284023,0.49558972508027915,0.0,435,242
challenge,S2A,S2A_40XEJ_20200829_0_L2A_53.tif,0.0,0.4921112060546875,0.0,607,427
challenge,S2A,S2A_40XEJ_20200829_0_L2A_56.tif,0.0,0.49372100830078125,0.0,480,343
challenge,S2A,S2A_40XEJ_20200829_0_L2A_6.tif,0.12291506286887349,0.5351882598725756,0.007285974499089252,2078,2298
challenge,S2A,S2A_40XEJ_20200829_0_L2A_60.tif,0.0,0.49613189697265625,0.0,443,64
challenge,S2A,S2A_40XEJ_20200829_0_L2A_7.tif,0.20227272727272727,0.5984548045121868,0.2705696202531646,240,289
challenge,S2A,S2A_40XEJ_20200829_0_L2A_75.tif,0.19706048615036745,0.5428658284842411,0.09470913217610409,3551,7037
challenge,S2A,S2A_40XEJ_20200829_0_L2A_8.tif,0.0,0.4840850830078125,0.0,751,1335
challenge,S2A,S2A_40XEJ_20200829_0_L2A_80.tif,0.0017130620985010706,0.4652839513886474,0.002974714923153198,3105,1573
challenge,S2A,S2A_40XEJ_20200829_0_L2A_81.tif,0.044787077826725405,0.5124584491844585,0.10616113744075828,1049,374
challenge,S2A,S2A_40XEJ_20200829_0_L2A_9.tif,0.0,0.49588775634765625,0.0,539,0
challenge,S2A,S2A_40XEK_20200802_0_L2A_60.tif,0.0,0.36553955078125,0.0,2251,15373
challenge,S2A,S2A_40XEK_20200802_0_L2A_61.tif,0.08906848858523579,0.45973892265519095,0.04905163369025738,2554,10517
challenge,S2A,S2A_40XEK_20200802_0_L2A_62.tif,0.00377256804095931,0.4736743857267768,0.030539901836029813,390,3335
challenge,S2A,S2A_41XMD_20200818_1_L2A_110.tif,0.0019646365422396855,0.49710652670935895,0.024096385542168672,451,59
challenge,S2A,S2A_41XMD_20200818_1_L2A_113.tif,0.0,0.49973297119140625,0.0,8,27
challenge,S2A,S2A_42SVD_20200913_0_L2A_1.tif,0.1744186046511628,0.5866674913031611,0.4768211920529801,83,18
challenge,S2A,S2A_42SVD_20200913_0_L2A_2.tif,0.411214953271028,0.704162610878068,0.49673202614379086,267,186
challenge,S2A,S2A_42SVD_20200913_1_L2A_1.tif,0.18181818181818182,0.5903596403596404,0.4826325411334552,83,21
challenge,S2A,S2A_42SVD_20200913_1_L2A_2.tif,0.45980707395498394,0.7286189958186523,0.5972222222222221,267,187
challenge,S2A,S2A_42SVD_20200913_1_L2A_3.tif,0.5301724137931034,0.7642530391775968,0.6043165467625898,197,158
challenge,S2A,S2A_42SVD_20200923_0_L2A_3.tif,0.5294117647058824,0.7639110062466112,0.6015424164524422,197,141
challenge,S2A,S2A_42SVE_20200903_0_L2A_12.tif,0.36,0.6786551950731238,0.380952380952381,221,153
challenge,S2A,S2A_42SVE_20200903_0_L2A_13.tif,0.0,0.49649810791015625,0.0,459,0
challenge,S2A,S2A_42SVE_20200903_0_L2A_14.tif,0.0,0.47165679931640625,0.0,3710,5
challenge,S2A,S2A_42SVE_20200903_0_L2A_15.tif,0.0,0.48720550537109375,0.0,1649,28
challenge,S2A,S2A_42SVE_20200903_0_L2A_16.tif,0.0,0.4990386962890625,0.0,126,0
challenge,S2A,S2A_42SVE_20200903_0_L2A_19.tif,0.0,0.4943389892578125,0.0,742,0
challenge,S2A,S2A_42SVE_20200903_0_L2A_2.tif,0.0,0.49676513671875,0.0,416,8
challenge,S2A,S2A_42SVE_20200903_0_L2A_21.tif,0.0,0.4882965087890625,0.0,1534,0
challenge,S2A,S2A_42SVE_20200903_0_L2A_22.tif,0.0,0.49591064453125,0.0,536,0
challenge,S2A,S2A_42SVE_20200903_0_L2A_23.tif,0.022988505747126436,0.5076025490703766,0.0,522,12
challenge,S2A,S2A_42SVE_20200903_0_L2A_24.tif,0.0,0.496063232421875,0.0,516,0
challenge,S2A,S2A_42SVE_20200903_0_L2A_3.tif,0.41232227488151657,0.702356756266309,0.312353217472992,796,396
challenge,S2A,S2A_42SVE_20200903_0_L2A_5.tif,0.03974307507025291,0.501594416028945,0.06811145510835914,2491,99
challenge,S2A,S2A_42SVE_20200903_0_L2A_6.tif,0.5333333333333333,0.7648971483433427,0.5187713310580205,477,282
challenge,S2A,S2A_42SVE_20200903_0_L2A_7.tif,0.32771693344566133,0.6577338562265684,0.28361360969886584,1103,473
challenge,S2A,S2A_42SWE_20200910_0_L2A_104.tif,0.0,0.49352264404296875,0.0,835,14
challenge,S2A,S2A_42SWE_20200910_0_L2A_159.tif,0.5130890052356021,0.7558339063281834,0.5662431941923775,165,124
challenge,S2A,S2A_42SWE_20200910_0_L2A_161.tif,0.1546134663341646,0.5747179192867634,0.3333333333333333,393,70
challenge,S2A,S2A_42SWE_20200910_1_L2A_116.tif,0.36936936936936937,0.6841502927463687,0.5685785536159601,98,54
challenge,S2A,S2A_42SWE_20200910_1_L2A_183.tif,0.03747072599531616,0.5124609370084056,0.1276595744680851,853,33
challenge,S2A,S2A_42SWE_20200910_1_L2A_5.tif,0.0,0.49788665771484375,0.0,122,155
challenge,S2A,S2A_42SWE_20200913_0_L2A_101.tif,0.0,0.49139404296875,0.0,1117,11
challenge,S2A,S2A_42SWE_20200913_0_L2A_103.tif,0.02486678507992895,0.5082439599829607,0.0851063829787234,563,14
challenge,S2A,S2A_42SWE_20200913_0_L2A_104.tif,0.0,0.498504638671875,0.0,196,0
challenge,S2A,S2A_42SWE_20200913_0_L2A_105.tif,0.0,0.49883270263671875,0.0,137,16
challenge,S2A,S2A_42SWE_20200913_0_L2A_106.tif,0.0,0.4992523193359375,0.0,93,5
challenge,S2A,S2A_42SWE_20200913_0_L2A_119.tif,0.1170651277823578,0.5503437392283658,0.22291021671826625,1124,231
challenge,S2A,S2A_42SWE_20200913_0_L2A_120.tif,0.0,0.4959869384765625,0.0,515,11
challenge,S2A,S2A_42SWE_20200913_0_L2A_121.tif,0.025193798449612403,0.5087585523847653,0.17076845806127575,505,24
challenge,S2A,S2A_42SWE_20200913_0_L2A_123.tif,0.10028248587570622,0.5452760477954106,0.12552301255230128,696,83
challenge,S2A,S2A_42SWE_20200913_0_L2A_124.tif,0.12121212121212122,0.5583921849495319,0.18904403866809882,330,40
challenge,S2A,S2A_42SWE_20200913_0_L2A_134.tif,0.3116279069767442,0.6512788060960818,0.40622299049265337,835,293
challenge,S2A,S2A_42SWE_20200913_0_L2A_135.tif,0.0,0.4987335205078125,0.0,151,15
challenge,S2A,S2A_42SWE_20200913_0_L2A_136.tif,0.0803941908713693,0.5266381104094537,0.02172338884866039,1928,155
challenge,S2A,S2A_42SWE_20200913_0_L2A_147.tif,0.001466275659824047,0.490341585353335,0.03652968036529681,1361,5
challenge,S2A,S2A_42SWE_20200913_0_L2A_148.tif,0.010506208213944603,0.49734772448087544,0.08653846153846154,1047,11
challenge,S2A,S2A_42SWE_20200913_0_L2A_150.tif,0.33646112600536193,0.6644394930785024,0.3118712273641851,730,267
challenge,S2A,S2A_42SWE_20200913_0_L2A_156.tif,0.01104417670682731,0.4980058731683698,0.09768009768009768,993,14
challenge,S2A,S2A_42SWE_20200913_0_L2A_160.tif,0.0,0.48773956298828125,0.0,1606,1
challenge,S2A,S2A_42SWE_20200913_0_L2A_164.tif,0.09100310237849017,0.5387862963304259,0.18601767167880948,963,92
challenge,S2A,S2A_42SWE_20200913_0_L2A_166.tif,0.06562364189482833,0.5163707411890598,0.029940119760479042,2301,151
challenge,S2A,S2A_42SWE_20200913_0_L2A_173.tif,0.4096820809248555,0.6985534263695528,0.28196521208422337,1356,595
challenge,S2A,S2A_42SWE_20200913_0_L2A_174.tif,0.0,0.49521636962890625,0.0,627,0
challenge,S2A,S2A_42SWE_20200913_0_L2A_179.tif,0.13355263157894737,0.5566971827326723,0.07058823529411765,1520,203
challenge,S2A,S2A_42SWE_20200913_0_L2A_182.tif,0.0380952380952381,0.5151935986556537,0.28187919463087246,520,25
challenge,S2A,S2A_42SWE_20200913_0_L2A_183.tif,0.08492201039861352,0.5384296707359781,0.32465732327121516,556,70
challenge,S2A,S2A_42SWE_20200913_0_L2A_185.tif,0.0,0.49394989013671875,0.0,793,0
challenge,S2A,S2A_42SWE_20200913_0_L2A_186.tif,0.013157894736842105,0.5014283987396115,0.06629834254143648,683,10
challenge,S2A,S2A_42SWE_20200913_0_L2A_187.tif,0.0,0.494384765625,0.0,736,0
challenge,S2A,S2A_42SWE_20200913_0_L2A_188.tif,0.0,0.49929046630859375,0.0,79,14
challenge,S2A,S2A_42SWE_20200913_0_L2A_191.tif,0.0,0.49698638916015625,0.0,393,2
challenge,S2A,S2A_42SWE_20200913_0_L2A_193.tif,0.0054005400540054005,0.485836220213194,0.062411347517730496,2222,12
challenge,S2A,S2A_42SWE_20200913_0_L2A_196.tif,0.19370078740157481,0.5850652877422501,0.2644281217208814,1831,443
challenge,S2A,S2A_42SWE_20200913_0_L2A_197.tif,0.2798110979929162,0.6305298765609351,0.3170348814948118,1605,563
challenge,S2A,S2A_42SWE_20200913_0_L2A_198.tif,0.004985044865403789,0.48726192694388826,0.043478260869565216,2005,11
challenge,S2A,S2A_42SWE_20200913_0_L2A_199.tif,0.0,0.49771881103515625,0.0,299,0
challenge,S2A,S2A_42SWE_20200913_0_L2A_200.tif,0.0,0.49921417236328125,0.0,103,0
challenge,S2A,S2A_42SWE_20200913_0_L2A_201.tif,0.009828009828009828,0.4926124176124176,0.1270358306188925,1628,16
challenge,S2A,S2A_42SWE_20200913_0_L2A_203.tif,0.01378303875466191,0.4604292804505002,0.0024271844660194173,6167,85
challenge,S2A,S2A_42SWE_20200913_0_L2A_208.tif,0.0,0.4952239990234375,0.0,626,0
challenge,S2A,S2A_42SWE_20200913_0_L2A_209.tif,0.0,0.498809814453125,0.0,156,0
challenge,S2A,S2A_42SWE_20200913_0_L2A_210.tif,0.0,0.49575042724609375,0.0,557,0
challenge,S2A,S2A_42SWE_20200913_0_L2A_213.tif,0.0,0.49349212646484375,0.0,853,0
challenge,S2A,S2A_42SWE_20200913_0_L2A_214.tif,0.0,0.49446868896484375,0.0,725,0
challenge,S2A,S2A_42SWE_20200913_0_L2A_96.tif,0.0,0.497802734375,0.0,288,0
challenge,S2A,S2A_42SWE_20200913_1_L2A_100.tif,0.3175355450236967,0.6576680153748827,0.37333333333333335,209,69
challenge,S2A,S2A_42SWE_20200913_1_L2A_101.tif,0.0,0.49141693115234375,0.0,1117,8
challenge,S2A,S2A_42SWE_20200913_1_L2A_102.tif,0.0,0.49480438232421875,0.0,672,9
challenge,S2A,S2A_42SWE_20200913_1_L2A_103.tif,0.02664298401420959,0.5091396266509595,0.0851063829787234,563,15
challenge,S2A,S2A_42SWE_20200913_1_L2A_104.tif,0.0,0.498504638671875,0.0,196,0
challenge,S2A,S2A_42SWE_20200913_1_L2A_105.tif,0.0,0.4988250732421875,0.0,137,17
challenge,S2A,S2A_42SWE_20200913_1_L2A_106.tif,0.0,0.49929046630859375,0.0,93,0
challenge,S2A,S2A_42SWE_20200913_1_L2A_117.tif,0.3434343434343434,0.6712210036612345,0.5172413793103449,92,41
challenge,S2A,S2A_42SWE_20200913_1_L2A_120.tif,0.0,0.49602508544921875,0.0,515,6
challenge,S2A,S2A_42SWE_20200913_1_L2A_121.tif,0.0078125,0.5000302810077519,0.17543859649122806,505,11
challenge,S2A,S2A_42SWE_20200913_1_L2A_123.tif,0.10734463276836158,0.5488449408876943,0.1327433628318584,696,88
challenge,S2A,S2A_42SWE_20200913_1_L2A_135.tif,0.0,0.49884796142578125,0.0,151,0
challenge,S2A,S2A_42SWE_20200913_1_L2A_136.tif,0.05284974093264249,0.5124565970916231,0.0,1928,104
challenge,S2A,S2A_42SWE_20200913_1_L2A_147.tif,0.001466275659824047,0.490341585353335,0.03652968036529681,1361,5
challenge,S2A,S2A_42SWE_20200913_1_L2A_148.tif,0.012416427889207259,0.4983178548340623,0.09569377990430622,1047,13
challenge,S2A,S2A_42SWE_20200913_1_L2A_149.tif,0.34572490706319703,0.6715177719002552,0.41566265060240964,267,95
challenge,S2A,S2A_42SWE_20200913_1_L2A_150.tif,0.34630872483221475,0.6694241623487034,0.32729788951678007,730,273
challenge,S2A,S2A_42SWE_20200913_1_L2A_151.tif,0.0,0.49725341796875,0.0,360,0
challenge,S2A,S2A_42SWE_20200913_1_L2A_155.tif,0.0,0.49401092529296875,0.0,785,0
challenge,S2A,S2A_42SWE_20200913_1_L2A_156.tif,0.013052208835341365,0.49902492162689494,0.0977234869516935,993,16
challenge,S2A,S2A_42SWE_20200913_1_L2A_159.tif,0.0,0.4983367919921875,0.0,182,36
challenge,S2A,S2A_42SWE_20200913_1_L2A_160.tif,0.0,0.48773956298828125,0.0,1606,1
challenge,S2A,S2A_42SWE_20200913_1_L2A_164.tif,0.10766045548654245,0.5472432366685677,0.1911764705882353,963,107
challenge,S2A,S2A_42SWE_20200913_1_L2A_166.tif,0.07418655097613883,0.520769554842464,0.029411764705882353,2301,175
challenge,S2A,S2A_42SWE_20200913_1_L2A_172.tif,0.008077544426494346,0.4993539665487525,0.07368421052631578,619,5
challenge,S2A,S2A_42SWE_20200913_1_L2A_173.tif,0.41040462427745666,0.698922297362223,0.28196521208422337,1356,596
challenge,S2A,S2A_42SWE_20200913_1_L2A_174.tif,0.0,0.49521636962890625,0.0,627,0
challenge,S2A,S2A_42SWE_20200913_1_L2A_175.tif,0.0013745704467353953,0.4896014366562117,0.0,1427,30
challenge,S2A,S2A_42SWE_20200913_1_L2A_179.tif,0.09276315789473684,0.5358379594045899,0.03947368421052632,1520,141
challenge,S2A,S2A_42SWE_20200913_1_L2A_180.tif,0.32996972754793136,0.6598935420239005,0.3352154531946508,976,342
challenge,S2A,S2A_42SWE_20200913_1_L2A_181.tif,0.0,0.497955322265625,0.0,268,0
challenge,S2A,S2A_42SWE_20200913_1_L2A_182.tif,0.057034220532319393,0.524731197525342,0.32031558185404335,520,36
challenge,S2A,S2A_42SWE_20200913_1_L2A_183.tif,0.07329842931937172,0.5325954082041326,0.29397409423690635,556,59
challenge,S2A,S2A_42SWE_20200913_1_L2A_185.tif,0.0,0.49394989013671875,0.0,793,0
challenge,S2A,S2A_42SWE_20200913_1_L2A_186.tif,0.005856515373352855,0.4977475825966441,0.05747126436781609,683,4
challenge,S2A,S2A_42SWE_20200913_1_L2A_187.tif,0.0,0.494384765625,0.0,736,0
challenge,S2A,S2A_42SWE_20200913_1_L2A_188.tif,0.0,0.49929046630859375,0.0,79,14
challenge,S2A,S2A_42SWE_20200913_1_L2A_189.tif,0.5212765957446809,0.7599506240436782,0.6017357762777241,165,121
challenge,S2A,S2A_42SWE_20200913_1_L2A_191.tif,0.0,0.49700164794921875,0.0,393,0
challenge,S2A,S2A_42SWE_20200913_1_L2A_193.tif,0.0049504950495049506,0.4856038244038063,0.0515970515970516,2222,11
challenge,S2A,S2A_42SWE_20200913_1_L2A_198.tif,0.0009970089730807576,0.48520873123906577,0.0,2005,3
challenge,S2A,S2A_42SWE_20200913_1_L2A_199.tif,0.0,0.49771881103515625,0.0,299,0
challenge,S2A,S2A_42SWE_20200913_1_L2A_200.tif,0.0,0.49921417236328125,0.0,103,0
challenge,S2A,S2A_42SWE_20200913_1_L2A_201.tif,0.010442260442260442,0.49292698653761857,0.12614555256064688,1628,17
challenge,S2A,S2A_42SWE_20200913_1_L2A_203.tif,0.0014593805740230259,0.4537414259074428,0.0,6167,9
challenge,S2A,S2A_42SWE_20200913_1_L2A_204.tif,0.0,0.49036407470703125,0.0,1263,0
challenge,S2A,S2A_42SWE_20200913_1_L2A_208.tif,0.0,0.4952239990234375,0.0,626,0
challenge,S2A,S2A_42SWE_20200913_1_L2A_209.tif,0.0,0.498809814453125,0.0,156,0
challenge,S2A,S2A_42SWE_20200913_1_L2A_210.tif,0.0,0.49575042724609375,0.0,557,0
challenge,S2A,S2A_42SWE_20200913_1_L2A_213.tif,0.0,0.49349212646484375,0.0,853,0
challenge,S2A,S2A_42SWE_20200913_1_L2A_214.tif,0.0,0.49446868896484375,0.0,725,0
challenge,S2A,S2A_42SWE_20200913_1_L2A_79.tif,0.1935483870967742,0.5877709140559422,0.24773413897280966,1451,288
challenge,S2A,S2A_43SGV_20200825_0_L2A_3.tif,0.06507936507936508,0.5280431560872816,0.04968944099378882,625,46
challenge,S2A,S2A_43SGV_20200825_1_L2A_2.tif,0.0,0.49773406982421875,0.0,289,8
challenge,S2A,S2A_43SGV_20200825_2_L2A_2.tif,0.0,0.49773406982421875,0.0,289,8
challenge,S2A,S2A_43SGV_20200825_3_L2A_4.tif,0.0,0.49481201171875,0.0,639,41
challenge,S2A,S2A_43SGV_20200825_3_L2A_6.tif,0.26356589147286824,0.6310577770392951,0.6193693693693694,127,36
challenge,S2A,S2A_43SGV_20200901_1_L2A_10.tif,0.0,0.4986572265625,0.0,176,0
challenge,S2A,S2A_43SGV_20200901_1_L2A_9.tif,0.0,0.49425506591796875,0.0,753,0
challenge,S2A,S2A_43SGV_20200914_1_L2A_4.tif,0.2217125382262997,0.6069642962116802,0.31557881773399016,639,160
challenge,S2A,S2A_43SGV_20200921_1_L2A_2.tif,0.4803921568627451,0.7344751840597458,0.20192307692307696,1425,689
challenge,S2A,S2A_44RNV_20200915_0_L2A_39.tif,0.2262210796915167,0.6085052766878636,0.29981657495414377,778,176
challenge,S2A,S2A_44RPU_20200905_1_L2A_26.tif,0.41037158023683135,0.6939973690494721,0.23940435280641464,2290,1164
challenge,S2A,S2A_44RPU_20200905_1_L2A_51.tif,0.01193444959030994,0.4636036634149598,0.029223641513326955,136,5545
challenge,S2A,S2A_44RPU_20200905_1_L2A_56.tif,0.40051596259271205,0.670774380458952,0.24060150375939848,3058,5628
challenge,S2A,S2A_44RPU_20200905_1_L2A_83.tif,0.058823529411764705,0.5281908752879414,0.3235294117647059,154,26
challenge,S2A,S2A_44RPU_20200905_2_L2A_8.tif,0.002793296089385475,0.4932251924421719,0.06593406593406594,1039,38
challenge,S2A,S2A_44RPV_20200905_0_L2A_18.tif,0.06191950464396285,0.5286473400868023,0.019047619047619046,323,20
challenge,S2A,S2A_44RPV_20200905_0_L2A_24.tif,0.007741935483870968,0.49800342615792814,0.07887323943661971,775,6
challenge,S2A,S2A_44RPV_20200905_0_L2A_33.tif,0.0,0.49909210205078125,0.0,119,0
challenge,S2A,S2A_44RPV_20200905_0_L2A_93.tif,0.0037411148522259632,0.481550379176258,0.0,2673,10
challenge,S2A,S2A_44RPV_20200905_1_L2A_18.tif,0.015479876160990712,0.5053136055050731,0.0,323,5
challenge,S2A,S2A_44RPV_20200905_1_L2A_19.tif,0.01020408163265306,0.5014015021399748,0.048,487,8
challenge,S2A,S2A_44RPV_20200905_1_L2A_9.tif,0.18248175182481752,0.5547678430060414,0.13948149392463186,5754,1050
challenge,S2A,S2A_44RPV_20200905_1_L2A_92.tif,0.0,0.4983978271484375,0.0,210,0
challenge,S2A,S2A_44RPV_20200905_1_L2A_93.tif,0.002618780396558174,0.48096725160315323,0.0,2673,7
challenge,S2A,S2A_44RPV_20200915_0_L2A_26.tif,0.0,0.49732208251953125,0.0,351,0
challenge,S2A,S2A_44RPV_20200915_0_L2A_43.tif,0.005988023952095809,0.4991943995670326,0.01226993865030675,501,3
challenge,S2A,S2A_44RQT_20200912_0_L2A_97.tif,0.4126984126984127,0.7057841828320113,0.61455525606469,126,52
challenge,S2A,S2A_44RQU_20200905_1_L2A_5.tif,0.0048216007714561235,0.4945366644805839,0.0,1020,22
challenge,S2A,S2A_44RQU_20200915_0_L2A_9.tif,0.0,0.496673583984375,0.0,434,2
challenge,S2A,S2A_44RQU_20200915_1_L2A_14.tif,0.01509433962264151,0.50555577629365,0.0,254,15
challenge,S2A,S2A_44RQV_20200915_0_L2A_5.tif,0.5500650195058517,0.7696839241910152,0.4485563489599504,1511,873
challenge,S2A,S2A_44RQV_20200915_1_L2A_6.tif,0.7754360465116279,0.8853215226120937,0.5794392523364486,1296,1147
challenge,S2A,S2A_44SKE_20200825_0_L2A_8.tif,0.0,0.4993896484375,0.0,80,0
challenge,S2A,S2A_44SKE_20200825_3_L2A_1.tif,0.5405046480743692,0.7675960572435903,0.5425060603527542,733,427
challenge,S2A,S2A_44SKE_20200911_1_L2A_14.tif,0.056074766355140186,0.5257250415309996,0.134185303514377,321,18
challenge,S2A,S2A_44SKE_20200911_1_L2A_4.tif,0.02233389168062535,0.4977997173072725,0.11946641482705703,1791,40
challenge,S2A,S2A_44SKE_20200911_1_L2A_58.tif,0.05637322965842821,0.5021813801086288,0.11369413504644822,3372,432
challenge,S2A,S2A_44SLC_20200829_1_L2A_11.tif,0.3320725831869963,0.5385109739407755,0.1907556859867938,22206,7378
challenge,S2A,S2A_44SLD_20200918_1_L2A_12.tif,0.0037174721189591076,0.49981402712532225,0.0,259,11
challenge,S2A,S2A_44SLE_20200901_0_L2A_14.tif,0.03375527426160337,0.5151302924842384,0.0,237,8
challenge,S2A,S2A_44SLE_20200918_1_L2A_3.tif,0.0513347022587269,0.5186124080881027,0.0855397148676171,974,50
challenge,S2A,S2A_44SMC_20200829_1_L2A_1.tif,0.5119761449453862,0.60463101577788,0.21875260717733575,30852,15797
challenge,S2A,S2A_44SMC_20200829_1_L2A_16.tif,9.566631589017506e-05,0.4203041847258096,0.005486968449931413,10453,1
challenge,S2A,S2A_44SMC_20200829_1_L2A_17.tif,0.0,0.49819183349609375,0.0,237,0
challenge,S2A,S2A_44SMC_20200829_1_L2A_18.tif,0.0,0.49822998046875,0.0,232,0
challenge,S2A,S2A_44SMC_20200829_1_L2A_27.tif,0.140597539543058,0.566563436112277,0.056338028169014086,569,80
challenge,S2A,S2A_44SMC_20200829_1_L2A_33.tif,0.12170639899623588,0.5555047070089295,0.25275827482447344,797,97
challenge,S2A,S2A_44SMC_20200829_1_L2A_7.tif,0.531590084643289,0.6812538038020483,0.15070866191788487,19843,10556
challenge,S2A,S2A_44SMC_20200901_0_L2A_4.tif,0.0,0.49822235107421875,0.0,231,2
challenge,S2A,S2A_44SMC_20200908_1_L2A_18.tif,0.7613168724279835,0.8802146786586369,0.8698561391769822,232,196
challenge,S2A,S2A_44SMD_20200928_1_L2A_81.tif,0.0,0.49712371826171875,0.0,377,0
challenge,S2A,S2A_44SMD_20200928_1_L2A_85.tif,0.19444444444444445,0.5956722962827228,0.22222222222222224,242,59
challenge,S2A,S2A_44SME_20200901_1_L2A_17.tif,0.40780487804878046,0.6992416693447318,0.04324324324324324,1025,418
challenge,S2A,S2A_44SMF_20200829_0_L2A_2.tif,0.07328605200945626,0.5336508879999957,0.37267080745341613,408,46
challenge,S2A,S2A_44SMF_20200829_0_L2A_3.tif,0.037037037037037035,0.5171298203848678,0.04,189,7
challenge,S2A,S2A_44SMF_20200829_1_L2A_1.tif,0.25842696629213485,0.628205695697602,0.05555555555555555,175,49
challenge,S2A,S2A_44SMF_20200829_1_L2A_4.tif,0.001951219512195122,0.4931705009576113,0.05769230769230769,1025,2
challenge,S2A,S2A_44SMF_20200901_0_L2A_3.tif,0.47619047619047616,0.7373388893497075,0.5545685279187816,189,90
challenge,S2A,S2A_44SND_20200908_1_L2A_45.tif,0.26028238182934316,0.6208879042701206,0.21297477671999215,1628,425
challenge,S2A,S2A_44SND_20200928_1_L2A_2.tif,0.0,0.49712371826171875,0.0,377,0
challenge,S2A,S2A_44SND_20200928_1_L2A_24.tif,0.2915129151291513,0.6442898458958466,0.44562334217506633,268,82
challenge,S2A,S2A_44SNE_20200918_0_L2A_101.tif,0.0015384615384615385,0.4958176781637528,0.0,649,2
challenge,S2A,S2A_44SNE_20200918_0_L2A_106.tif,0.04859114433582519,0.4735424815823118,0.01829467494282914,6956,338
challenge,S2A,S2A_44SNE_20200918_0_L2A_3.tif,0.0,0.497833251953125,0.0,149,135
challenge,S2A,S2A_44SNE_20200918_0_L2A_33.tif,0.5809128630705395,0.7896842130509587,0.6818181818181818,222,159
challenge,S2A,S2A_44SNE_20200918_0_L2A_6.tif,0.0273972602739726,0.5104479128425599,0.1111111111111111,429,21
challenge,S2A,S2A_45UVQ_20200905_0_L2A_122.tif,0.0,0.4993438720703125,0.0,82,4
challenge,S2A,S2A_45UVQ_20200905_0_L2A_13.tif,0.0003757985719654265,0.4798934001633765,0.03125,2656,6
challenge,S2A,S2A_45UVQ_20200905_0_L2A_14.tif,0.037761294672960216,0.5079841904030653,0.06807131280388978,1482,57
challenge,S2A,S2A_45UVQ_20200905_0_L2A_18.tif,0.37248628884826324,0.6756360771662091,0.34445014537369595,2179,824
challenge,S2A,S2A_45UVQ_20200905_0_L2A_19.tif,0.3069340016708438,0.6209076199974182,0.3204654275858518,5964,1858
challenge,S2A,S2A_45UVQ_20200905_0_L2A_25.tif,0.0,0.49395751953125,0.0,738,54
challenge,S2A,S2A_45UVR_20200921_0_L2A_25.tif,0.6830508474576271,0.8356747260252906,0.5737316641124137,2246,1726
challenge,S2A,S2A_45UVR_20200921_0_L2A_26.tif,0.602510460251046,0.7975910114140937,0.7329261521377014,1121,794
challenge,S2A,S2A_45UVR_20200921_1_L2A_24.tif,0.3575418994413408,0.677892711695255,0.6163141993957705,175,68
challenge,S2A,S2A_45UVR_20200921_1_L2A_29.tif,0.04472843450479233,0.5200825408688914,0.07246376811594203,281,46
challenge,S2A,S2A_45UVR_20200921_1_L2A_3.tif,0.41721854304635764,0.7079372387768559,0.5454545454545454,151,63
challenge,S2A,S2A_45UWQ_20200905_1_L2A_241.tif,0.0,0.49544525146484375,0.0,597,0
challenge,S2A,S2A_45UWQ_20200905_1_L2A_59.tif,0.03470031545741325,0.5126794003333407,0.11666666666666667,634,22
challenge,S2A,S2A_45UWQ_20200905_1_L2A_72.tif,0.018151815181518153,0.5045356557784737,0.02,606,11
challenge,S2A,S2A_45UWQ_20200928_1_L2A_82.tif,0.087248322147651,0.5415481421454177,0.3665338645418326,271,53
challenge,S2A,S2A_45UWQ_20200928_1_L2A_9.tif,0.11449159327461969,0.5487892340082823,0.08726923999040997,1249,143
challenge,S2A,S2A_45UWR_20200915_1_L2A_157.tif,0.0,0.49922943115234375,0.0,101,0
challenge,S2A,S2A_45UWR_20200915_1_L2A_161.tif,0.0,0.49762725830078125,0.0,311,0
challenge,S2A,S2A_45UXP_20200905_0_L2A_220.tif,0.1970260223048327,0.5968637281323959,0.5044585987261146,258,64
challenge,S2A,S2A_45UXP_20200905_0_L2A_227.tif,0.4344569288389513,0.7160743830987786,0.7827701448199035,248,135
challenge,S2A,S2A_45UXP_20200912_1_L2A_104.tif,0.6114081996434938,0.80403214117588,0.5807088774278503,553,351
challenge,S2A,S2A_45UYP_20200905_0_L2A_55.tif,0.0036900369003690036,0.4956649259776897,0.0,813,3
challenge,S2A,S2A_45UYP_20200905_0_L2A_57.tif,0.5862412761714856,0.7899257745025685,0.4697478185827979,993,598
challenge,S2A,S2A_45UYP_20200905_0_L2A_6.tif,0.7512355848434926,0.8744576817886793,0.6308844507845935,564,499
challenge,S2A,S2A_45UYP_20200905_0_L2A_78.tif,0.2706766917293233,0.6323716221064037,0.24418604651162792,532,144
challenge,S2A,S2A_45UYP_20200905_0_L2A_80.tif,0.263867288750648,0.6210151028464206,0.21920589562340204,1840,598
challenge,S2A,S2A_45UYP_20200905_0_L2A_81.tif,0.3198976327575176,0.6434773895782133,0.07719110158134548,3125,1001
challenge,S2A,S2A_45UYP_20200905_0_L2A_92.tif,0.23952095808383234,0.6187909541854364,0.5365126676602087,167,40
challenge,S2A,S2A_45UYP_20200905_1_L2A_14.tif,0.039336892385501546,0.4935277036396894,0.13237063778580024,3510,189
challenge,S2A,S2A_45UYP_20200905_1_L2A_29.tif,0.16918844566712518,0.5753431889845811,0.38644067796610165,1452,248
challenge,S2A,S2A_45UYP_20200905_1_L2A_31.tif,0.6208530805687204,0.8098149662456782,0.7890743550834598,192,150
challenge,S2A,S2A_45UYP_20200905_1_L2A_35.tif,0.057692307692307696,0.5239833357018113,0.13986013986013984,676,39
challenge,S2A,S2A_45UYP_20200905_1_L2A_37.tif,0.5,0.74827747240128,0.4529680365296804,448,227
challenge,S2A,S2A_45UYP_20200905_1_L2A_5.tif,0.5688311688311688,0.7831448585708579,0.6653704903866926,383,221
challenge,S2A,S2A_45UYP_20200905_1_L2A_56.tif,0.004761904761904762,0.4912179558450675,0.13157894736842107,1470,7
challenge,S2A,S2A_45UYP_20200905_1_L2A_57.tif,0.43618090452261304,0.71378182887032,0.29166666666666663,993,436
challenge,S2A,S2A_45UYP_20200905_1_L2A_6.tif,0.7631133671742809,0.880481166955044,0.6344663088849135,564,478
challenge,S2A,S2A_45UYP_20200905_1_L2A_73.tif,0.46981891348088534,0.7052870243123508,0.19528649614654306,6958,3269
challenge,S2A,S2A_45UYP_20200905_1_L2A_78.tif,0.29699248120300753,0.645635951207518,0.2548003657421518,532,158
challenge,S2A,S2A_45UYP_20200905_1_L2A_80.tif,0.20093457943925233,0.5886559035126238,0.20852925542789383,1840,473
challenge,S2A,S2A_45UYP_20200905_1_L2A_81.tif,0.29824,0.6321473667265185,0.066934835076428,3125,932
challenge,S2A,S2A_45UYP_20200905_1_L2A_9.tif,0.0,0.4991912841796875,0.0,104,2
challenge,S2A,S2A_45UYP_20200905_1_L2A_92.tif,0.2634730538922156,0.6307974809557578,0.5635074145712443,167,44
challenge,S2A,S2A_45UYP_20200905_1_L2A_96.tif,0.3625,0.679690843778661,0.5886045388701111,299,137
challenge,S2A,S2A_45UYQ_20200912_0_L2A_11.tif,0.2215815485996705,0.6035512811409647,0.38205891893485894,1213,270
challenge,S2A,S2A_45UYQ_20200912_0_L2A_13.tif,0.7059154929577465,0.8488975750494129,0.7225028702640642,1774,1254
challenge,S2A,S2A_45UYQ_20200912_1_L2A_13.tif,0.7103487064116986,0.8511680052837047,0.719548391792765,1774,1267
challenge,S2A,S2A_45UYR_20200912_0_L2A_66.tif,0.3191673894189072,0.6535608000372218,0.3957597173144876,1153,368
challenge,S2A,S2A_45UYR_20200912_0_L2A_67.tif,0.0856911883589329,0.534202769786986,0.26220501935322765,1236,107
challenge,S2A,S2A_45UYR_20200912_1_L2A_67.tif,0.07841552142279709,0.5304973586575774,0.2367549668874172,1236,98
challenge,S2A,S2A_46RDS_20201222_0_L2A_1.tif,0.0862533692722372,0.540539056399675,0.04477611940298508,119,284
challenge,S2A,S2A_46RDS_20201222_0_L2A_100.tif,0.0,0.496002197265625,0.0,522,2
challenge,S2A,S2A_46RDS_20201222_0_L2A_101.tif,0.0,0.49292755126953125,0.0,921,6
challenge,S2A,S2A_46RDS_20201222_0_L2A_102.tif,0.0,0.48340606689453125,0.0,2171,4
challenge,S2A,S2A_46RDS_20201222_0_L2A_103.tif,0.0,0.492584228515625,0.0,971,1
challenge,S2A,S2A_46RDS_20201222_0_L2A_104.tif,0.0,0.4948883056640625,0.0,670,0
challenge,S2A,S2A_46RDS_20201222_0_L2A_106.tif,0.0,0.4984283447265625,0.0,179,27
challenge,S2A,S2A_46RDS_20201222_0_L2A_108.tif,0.003692188107267781,0.4235688947498384,0.06499901516643687,10292,38
challenge,S2A,S2A_46RDS_20201222_0_L2A_109.tif,0.0,0.494293212890625,0.0,733,15
challenge,S2A,S2A_46RDS_20201222_0_L2A_110.tif,0.0,0.4954376220703125,0.0,589,9
challenge,S2A,S2A_46RDS_20201222_0_L2A_111.tif,0.0,0.498382568359375,0.0,212,0
challenge,S2A,S2A_46RDS_20201222_0_L2A_112.tif,0.0,0.4993438720703125,0.0,85,1
challenge,S2A,S2A_46RDS_20201222_0_L2A_113.tif,0.0,0.49478912353515625,0.0,683,0
challenge,S2A,S2A_46RDS_20201222_0_L2A_114.tif,0.06912442396313365,0.5330207214670752,0.4477611940298507,217,15
challenge,S2A,S2A_46RDS_20201222_0_L2A_116.tif,0.0,0.49609375,0.0,512,0
challenge,S2A,S2A_46RDS_20201222_0_L2A_119.tif,0.0,0.49889373779296875,0.0,145,0
challenge,S2A,S2A_46RDS_20201222_0_L2A_125.tif,0.0,0.4930419921875,0.0,912,0
challenge,S2A,S2A_46RDS_20201222_0_L2A_16.tif,0.11192660550458716,0.5522672355510717,0.16842105263157894,479,127
challenge,S2A,S2A_46RDS_20201222_0_L2A_19.tif,0.0,0.49884033203125,0.0,149,3
challenge,S2A,S2A_46RDS_20201222_0_L2A_20.tif,0.2896341463414634,0.6430368436510117,0.34396273737011823,264,159
challenge,S2A,S2A_46RDS_20201222_0_L2A_22.tif,0.14822335025380712,0.5612522551036064,0.3385124962360735,1962,300
challenge,S2A,S2A_46RDS_20201222_0_L2A_25.tif,0.3384615384615385,0.6682455851770042,0.5037783375314862,154,107
challenge,S2A,S2A_46RDS_20201222_0_L2A_30.tif,0.0,0.496551513671875,0.0,446,6
challenge,S2A,S2A_46RDS_20201222_0_L2A_33.tif,0.010582010582010581,0.5038642649730024,0.0,189,2
challenge,S2A,S2A_46RDS_20201222_0_L2A_39.tif,0.1111111111111111,0.5526237207155849,0.0,424,56
challenge,S2A,S2A_46RDS_20201222_0_L2A_43.tif,0.4639331814730448,0.7265295479948974,0.3949566771573998,1307,621
challenge,S2A,S2A_46RDS_20201222_0_L2A_48.tif,0.35555555555555557,0.6748923381500531,0.34716742938298883,560,233
challenge,S2A,S2A_46RDS_20201222_0_L2A_59.tif,0.6051612903225806,0.800229222781282,0.49089632576644043,731,513
challenge,S2A,S2A_46RDS_20201222_0_L2A_78.tif,0.01909307875894988,0.4812943702483494,0.035678889990089196,3771,72
challenge,S2A,S2A_46RDS_20201222_0_L2A_82.tif,0.29778786159954623,0.6393724652016436,0.24916573971078979,1759,529
challenge,S2A,S2A_46RDS_20201222_0_L2A_88.tif,0.0898876404494382,0.542470688812897,0.2053760193295077,299,89
challenge,S2A,S2A_46RDS_20201222_0_L2A_94.tif,0.1872749099639856,0.5884600306932195,0.1248124812481248,833,156
challenge,S2A,S2A_46RDS_20201222_0_L2A_97.tif,0.0,0.49286651611328125,0.0,928,7
challenge,S2A,S2A_46RDS_20201222_1_L2A_102.tif,0.0,0.48340606689453125,0.0,2171,4
challenge,S2A,S2A_46RDS_20201222_1_L2A_103.tif,0.0,0.49259185791015625,0.0,971,0
challenge,S2A,S2A_46RDS_20201222_1_L2A_104.tif,0.0,0.4948883056640625,0.0,670,0
challenge,S2A,S2A_46RDS_20201222_1_L2A_106.tif,0.05373134328358209,0.5244464891270623,0.08877928483353885,179,174
challenge,S2A,S2A_46RDS_20201222_1_L2A_109.tif,0.0,0.494293212890625,0.0,733,15
challenge,S2A,S2A_46RDS_20201222_1_L2A_110.tif,0.0,0.4954681396484375,0.0,589,5
challenge,S2A,S2A_46RDS_20201222_1_L2A_111.tif,0.0,0.49837493896484375,0.0,212,1
challenge,S2A,S2A_46RDS_20201222_1_L2A_113.tif,0.0,0.49478912353515625,0.0,683,0
challenge,S2A,S2A_46RDS_20201222_1_L2A_116.tif,0.0,0.49609375,0.0,512,0
challenge,S2A,S2A_46RDS_20201222_1_L2A_118.tif,0.00130718954248366,0.4948246484067038,0.06060606060606061,765,1
challenge,S2A,S2A_46RDS_20201222_1_L2A_120.tif,0.020833333333333332,0.508982252945126,0.08333333333333334,192,4
challenge,S2A,S2A_46RDS_20201222_1_L2A_122.tif,0.0,0.499298095703125,0.0,91,1
challenge,S2A,S2A_46RDS_20201222_1_L2A_124.tif,0.0,0.49912261962890625,0.0,107,8
challenge,S2A,S2A_46RDS_20201222_1_L2A_125.tif,0.0,0.4930419921875,0.0,912,0
challenge,S2A,S2A_46RDS_20201222_1_L2A_13.tif,0.3406113537117904,0.6691522655081608,0.5735264124005711,223,84
challenge,S2A,S2A_46RDS_20201222_1_L2A_15.tif,0.0,0.49826812744140625,0.0,222,5
challenge,S2A,S2A_46RDS_20201222_1_L2A_16.tif,0.11010830324909747,0.5512893559009902,0.15799868334430545,479,136
challenge,S2A,S2A_46RDS_20201222_1_L2A_19.tif,0.0,0.49884033203125,0.0,149,3
challenge,S2A,S2A_46RDS_20201222_1_L2A_20.tif,0.28313253012048195,0.6397478609772361,0.3420523138832998,264,162
challenge,S2A,S2A_46RDS_20201222_1_L2A_21.tif,0.013029315960912053,0.5042028103335049,0.024390243902439022,307,4
challenge,S2A,S2A_46RDS_20201222_1_L2A_22.tif,0.14387391967463142,0.5590333385478731,0.3459993821439604,1962,288
challenge,S2A,S2A_46RDS_20201222_1_L2A_23.tif,0.45202123315639037,0.7155960517083384,0.3666829770024266,2428,1128
challenge,S2A,S2A_46RDS_20201222_1_L2A_30.tif,0.004366812227074236,0.49870429603327343,0.061538461538461535,446,14
challenge,S2A,S2A_46RDS_20201222_1_L2A_32.tif,0.24503311258278146,0.6216463139976153,0.3176962378077101,92,96
challenge,S2A,S2A_46RDS_20201222_1_L2A_4.tif,0.3066316480630335,0.6452013609231241,0.29361979166666663,1522,468
challenge,S2A,S2A_46RDS_20201222_1_L2A_5.tif,0.40540540540540543,0.702030700747788,0.5891141942369265,145,63
challenge,S2A,S2A_46RDS_20201222_1_L2A_51.tif,0.010309278350515464,0.5036897507204099,0.11560693641618497,183,13
challenge,S2A,S2A_46RDS_20201222_1_L2A_52.tif,0.5075107296137339,0.750228014392653,0.4117457244272346,915,490
challenge,S2A,S2A_46RDS_20201222_1_L2A_54.tif,0.0,0.4982452392578125,0.0,230,0
challenge,S2A,S2A_46RDS_20201222_1_L2A_60.tif,0.3554572271386431,0.674382262393887,0.38721989657719774,422,497
challenge,S2A,S2A_46RDS_20201222_1_L2A_62.tif,0.11387900355871886,0.5531363492866909,0.2656042496679947,549,77
challenge,S2A,S2A_46RDS_20201222_1_L2A_70.tif,0.5083333333333333,0.7528124824670125,0.7672445592032461,342,201
challenge,S2A,S2A_46RDS_20201222_1_L2A_71.tif,0.014925373134328358,0.5059519972961098,0.042105263157894736,179,25
challenge,S2A,S2A_46RDS_20201222_1_L2A_73.tif,0.5960960960960962,0.7959832328067948,0.42353564802544397,631,432
challenge,S2A,S2A_46RDS_20201222_1_L2A_74.tif,0.026845637583892617,0.512316489059907,0.20512820512820512,148,5
challenge,S2A,S2A_46RDS_20201222_1_L2A_75.tif,0.22631578947368422,0.6075318326741057,0.2682856316854582,950,215
challenge,S2A,S2A_46RDS_20201222_1_L2A_76.tif,0.05188679245283019,0.5198052419480299,0.17751479289940833,834,58
challenge,S2A,S2A_46RDS_20201222_1_L2A_82.tif,0.2441926345609065,0.6118513284163107,0.18000000000000002,1759,437
challenge,S2A,S2A_46RDS_20201222_1_L2A_94.tif,0.11164465786314526,0.5501685538906973,0.07,833,93
challenge,S2A,S2A_46RDS_20201222_1_L2A_97.tif,0.0,0.49286651611328125,0.0,928,7
challenge,S2A,S2A_46RDS_20201222_1_L2A_98.tif,0.0045026606631191155,0.4836935279660502,0.23932063818836846,2438,16
challenge,S2A,S2A_46RES_20201222_0_L2A_14.tif,0.0,0.49340057373046875,0.0,865,0
challenge,S2A,S2A_46RES_20201222_0_L2A_15.tif,0.0,0.49774169921875,0.0,296,0
challenge,S2A,S2A_46RES_20201222_0_L2A_16.tif,0.0,0.49662017822265625,0.0,443,0
challenge,S2A,S2A_46RES_20201222_0_L2A_17.tif,0.0,0.4935150146484375,0.0,850,0
challenge,S2A,S2A_46RES_20201222_0_L2A_24.tif,0.09735973597359736,0.5445028287211023,0.1882239382239382,606,59
challenge,S2A,S2A_46RES_20201222_0_L2A_26.tif,0.016152716593245228,0.5029638058357297,0.0879396984924623,679,13
challenge,S2A,S2A_46RES_20201222_0_L2A_27.tif,0.0,0.498687744140625,0.0,172,0
challenge,S2A,S2A_46RES_20201222_0_L2A_29.tif,0.0,0.49916839599609375,0.0,109,0
challenge,S2A,S2A_46RES_20201222_0_L2A_32.tif,0.0,0.4945068359375,0.0,720,0
challenge,S2A,S2A_46RES_20201222_0_L2A_34.tif,0.0,0.4910430908203125,0.0,1174,0
challenge,S2A,S2A_46RES_20201222_0_L2A_36.tif,0.0,0.49932098388671875,0.0,89,0
challenge,S2A,S2A_46RES_20201222_0_L2A_38.tif,0.0,0.4990692138671875,0.0,122,0
challenge,S2A,S2A_46RES_20201222_0_L2A_39.tif,0.0,0.498321533203125,0.0,219,1
challenge,S2A,S2A_46RES_20201222_0_L2A_4.tif,0.0,0.49609375,0.0,512,0
challenge,S2A,S2A_46RES_20201222_0_L2A_41.tif,0.0,0.4888153076171875,0.0,1465,1
challenge,S2A,S2A_46RES_20201222_0_L2A_42.tif,0.0,0.4994354248046875,0.0,72,2
challenge,S2A,S2A_46RES_20201222_0_L2A_43.tif,0.0,0.49329376220703125,0.0,878,1
challenge,S2A,S2A_46RES_20201222_0_L2A_44.tif,0.0,0.498504638671875,0.0,196,0
challenge,S2A,S2A_46RES_20201222_0_L2A_45.tif,0.0,0.4981689453125,0.0,240,0
challenge,S2A,S2A_46RES_20201222_0_L2A_46.tif,0.0,0.4964141845703125,0.0,470,0
challenge,S2A,S2A_46RES_20201222_0_L2A_47.tif,0.0,0.49697113037109375,0.0,392,5
challenge,S2A,S2A_46RES_20201222_0_L2A_48.tif,0.0,0.496612548828125,0.0,444,0
challenge,S2A,S2A_46RES_20201222_0_L2A_49.tif,0.0,0.49895477294921875,0.0,137,0
challenge,S2A,S2A_46RES_20201222_0_L2A_50.tif,0.0,0.49478912353515625,0.0,683,0
challenge,S2A,S2A_46RES_20201222_0_L2A_53.tif,0.0,0.47763824462890625,0.0,2931,0
challenge,S2A,S2A_46RES_20201222_0_L2A_54.tif,0.0,0.48763275146484375,0.0,1621,0
challenge,S2A,S2A_46RES_20201222_0_L2A_55.tif,0.0,0.4983978271484375,0.0,210,0
challenge,S2A,S2A_46RES_20201222_0_L2A_58.tif,0.0027548209366391185,0.49309150870890067,0.0,1086,6
challenge,S2A,S2A_46RES_20201222_0_L2A_6.tif,0.0,0.49416351318359375,0.0,765,0
challenge,S2A,S2A_46RES_20201222_0_L2A_63.tif,0.09433962264150944,0.5424043426399647,0.23529411764705885,689,65
challenge,S2A,S2A_46RES_20201222_0_L2A_66.tif,0.6451918522027476,0.8167602294017757,0.536990739110532,2109,1364
challenge,S2A,S2A_46RES_20201222_0_L2A_7.tif,0.0,0.49889373779296875,0.0,145,0
challenge,S2A,S2A_46RES_20201222_0_L2A_73.tif,0.0,0.4926605224609375,0.0,952,10
challenge,S2A,S2A_46RES_20201222_0_L2A_75.tif,0.005865102639296188,0.5003461076415574,0.08791208791208792,341,2
challenge,S2A,S2A_46RES_20201222_0_L2A_8.tif,0.026041666666666668,0.5115940276993586,0.08219178082191782,192,5
challenge,S2A,S2A_46RES_20201222_1_L2A_1.tif,0.0,0.49478912353515625,0.0,683,0
challenge,S2A,S2A_46RES_20201222_1_L2A_13.tif,0.0,0.4991302490234375,0.0,107,7
challenge,S2A,S2A_46RES_20201222_1_L2A_14.tif,0.0,0.49340057373046875,0.0,865,0
challenge,S2A,S2A_46RES_20201222_1_L2A_15.tif,0.0,0.49774169921875,0.0,296,0
challenge,S2A,S2A_46RES_20201222_1_L2A_17.tif,0.0,0.4935150146484375,0.0,850,0
challenge,S2A,S2A_46RES_20201222_1_L2A_18.tif,0.0,0.48293304443359375,0.0,2236,1
challenge,S2A,S2A_46RES_20201222_1_L2A_19.tif,0.0,0.4980316162109375,0.0,241,17
challenge,S2A,S2A_46RES_20201222_1_L2A_2.tif,0.0,0.49941253662109375,0.0,77,0
challenge,S2A,S2A_46RES_20201222_1_L2A_20.tif,0.07386363636363637,0.5356879801402145,0.07407407407407407,159,30
challenge,S2A,S2A_46RES_20201222_1_L2A_23.tif,0.0,0.49591827392578125,0.0,535,0
challenge,S2A,S2A_46RES_20201222_1_L2A_26.tif,0.007363770250368188,0.49853928086155314,0.0273972602739726,679,5
challenge,S2A,S2A_46RES_20201222_1_L2A_28.tif,0.0,0.4931640625,0.0,896,0
challenge,S2A,S2A_46RES_20201222_1_L2A_29.tif,0.0,0.49916839599609375,0.0,109,0
challenge,S2A,S2A_46RES_20201222_1_L2A_38.tif,0.0,0.4990692138671875,0.0,122,0
challenge,S2A,S2A_46RES_20201222_1_L2A_39.tif,0.0,0.49832916259765625,0.0,219,0
challenge,S2A,S2A_46RES_20201222_1_L2A_4.tif,0.0,0.49609375,0.0,512,0
challenge,S2A,S2A_46RES_20201222_1_L2A_41.tif,0.0,0.48882293701171875,0.0,1465,0
challenge,S2A,S2A_46RES_20201222_1_L2A_43.tif,0.0,0.4933013916015625,0.0,878,0
challenge,S2A,S2A_46RES_20201222_1_L2A_45.tif,0.0,0.4981689453125,0.0,240,0
challenge,S2A,S2A_46RES_20201222_1_L2A_46.tif,0.0,0.4964141845703125,0.0,470,0
challenge,S2A,S2A_46RES_20201222_1_L2A_48.tif,0.0,0.496612548828125,0.0,444,0
challenge,S2A,S2A_46RES_20201222_1_L2A_49.tif,0.0,0.49895477294921875,0.0,137,0
challenge,S2A,S2A_46RES_20201222_1_L2A_5.tif,0.005411255411255411,0.4465800627856326,0.08056265984654731,7392,40
challenge,S2A,S2A_46RES_20201222_1_L2A_53.tif,0.0,0.47763824462890625,0.0,2931,0
challenge,S2A,S2A_46RES_20201222_1_L2A_54.tif,0.0,0.48763275146484375,0.0,1621,0
challenge,S2A,S2A_46RES_20201222_1_L2A_55.tif,0.0,0.4983978271484375,0.0,210,0
challenge,S2A,S2A_46RES_20201222_1_L2A_61.tif,0.00019256691700365877,0.4604838626146779,0.0,5193,1
challenge,S2A,S2A_46RES_20201222_1_L2A_73.tif,0.0,0.492645263671875,0.0,952,12
challenge,S2A,S2A_46RES_20201222_1_L2A_75.tif,0.005865102639296188,0.5003461076415574,0.08791208791208792,341,2
challenge,S2A,S2A_46RES_20201222_1_L2A_8.tif,0.020833333333333332,0.508982252945126,0.08333333333333334,192,4
challenge,S2A,S2A_46RES_20201222_1_L2A_9.tif,0.0,0.49944305419921875,0.0,73,0
challenge,S2A,S2A_46UCA_20200922_0_L2A_37.tif,0.0,0.48477935791015625,0.0,1995,0
challenge,S2A,S2A_46UCA_20200922_1_L2A_35.tif,0.0,0.499053955078125,0.0,124,0
challenge,S2A,S2A_46UCV_20200922_2_L2A_27.tif,0.0,0.499053955078125,0.0,124,0
challenge,S2A,S2A_5VMF_20200820_0_L2A_1.tif,0.029411764705882353,0.5142023269465872,0.19512195121951217,62,8
challenge,S2A,S2A_5VMF_20200820_0_L2A_104.tif,0.0018659679212323329,0.3089847178395882,0.013037642998657891,260,24975
challenge,S2A,S2A_5VMF_20200820_0_L2A_105.tif,0.0003081664098613251,0.37639586190508784,0.001413427561837456,183,16047
challenge,S2A,S2A_5VMF_20200820_0_L2A_11.tif,0.0,0.47989654541015625,0.0,2635,0
challenge,S2A,S2A_5VMF_20200820_0_L2A_13.tif,0.06903553299492386,0.527514344978552,0.3190943663217476,985,68
challenge,S2A,S2A_5VMF_20200820_0_L2A_14.tif,0.47455470737913485,0.7309029131894902,0.4186291665788197,1454,864
challenge,S2A,S2A_5VMF_20200820_0_L2A_16.tif,0.5439739413680782,0.7709161267060067,0.5131337813072693,291,183
challenge,S2A,S2A_5VMF_20200820_0_L2A_2.tif,0.0,0.49521636962890625,0.0,615,12
challenge,S2A,S2A_5VMF_20200820_0_L2A_24.tif,0.645611156685808,0.8194696194863966,0.5708557606398047,1185,821
challenge,S2A,S2A_5VMF_20200820_0_L2A_28.tif,0.48484848484848486,0.7407327778148866,0.5790048354390889,395,242
challenge,S2A,S2A_5VMF_20200820_0_L2A_33.tif,0.4978757302177377,0.7340857578532493,0.3627436611461234,3766,1875
challenge,S2A,S2A_5VMF_20200820_0_L2A_4.tif,0.0,0.49874114990234375,0.0,165,0
challenge,S2A,S2A_5VMF_20200820_0_L2A_44.tif,0.41253644314868804,0.7000653587145625,0.24883106322423257,1230,708
challenge,S2A,S2A_5VMF_20200820_0_L2A_65.tif,0.11176470588235295,0.5535769390354084,0.3999153618281845,331,47
challenge,S2A,S2A_5VMF_20200820_0_L2A_69.tif,0.003436426116838488,0.49950565488339826,0.024096385542168672,254,38
challenge,S2A,S2A_5VMF_20200820_0_L2A_70.tif,0.1924170616113744,0.5896880893748635,0.21253044055789239,968,290
challenge,S2A,S2A_5VMF_20200820_0_L2A_77.tif,0.3518776077885953,0.6651479367655329,0.19805194805194803,1916,1000
challenge,S2A,S2A_5VMF_20200820_0_L2A_95.tif,0.7712640131646611,0.8416255164165147,0.4165131888908605,19341,15103
challenge,S2A,S2A_5VMF_20200820_1_L2A_13.tif,0.06700507614213198,0.5264840563237008,0.32558139534883723,985,66
challenge,S2A,S2A_5VMF_20200820_1_L2A_16.tif,0.5306748466257669,0.7641670363967382,0.4600470035252644,291,208
challenge,S2A,S2A_5VMF_20200820_1_L2A_69.tif,0.0031545741324921135,0.499166361606568,0.037383177570093455,254,64
challenge,S2A,S2A_5VMF_20200909_0_L2A_3.tif,0.0,0.49404144287109375,0.0,779,2
challenge,S2A,S2A_5VMF_20200909_0_L2A_38.tif,0.02127659574468085,0.5008074375194064,0.06622516556291391,1313,31
challenge,S2A,S2A_5VMF_20200909_0_L2A_4.tif,0.0,0.49874114990234375,0.0,165,0
challenge,S2A,S2A_5VMF_20200909_0_L2A_6.tif,0.11417597765363129,0.5376351525618829,0.2693554195174649,2859,332
challenge,S2A,S2A_5VMF_20200909_0_L2A_69.tif,0.0,0.49796295166015625,0.0,254,13
challenge,S2A,S2A_5VMF_20200909_0_L2A_7.tif,0.12805025368446485,0.5080508108176651,0.0,8278,1060
challenge,S2A,S2A_5VMF_20200909_0_L2A_70.tif,0.0,0.492523193359375,0.0,968,12
challenge,S2A,S2A_5VMF_20200909_0_L2A_8.tif,8.254230293025175e-05,0.4076173755231749,0.014619883040935673,12115,1
challenge,S2A,S2A_5VMF_20200909_0_L2A_84.tif,0.01716158889317393,0.469640888874139,0.006692693809258226,4580,695
challenge,S2A,S2A_5VMF_20200909_0_L2A_89.tif,0.40816831683168314,0.6853714312569517,0.24536842365628633,2613,3076
challenge,S2A,S2A_5VMF_20200909_0_L2A_9.tif,0.01088139281828074,0.4985045184034632,0.10480349344978167,919,10
challenge,S2A,S2A_5VMF_20200912_1_L2A_27.tif,0.21753246753246752,0.6069256680022844,0.38153846153846155,291,84
challenge,S2A,S2A_5VMF_20200912_1_L2A_5.tif,0.3997821350762527,0.6956635974219668,0.5600138617292507,918,367
challenge,S2A,S2A_5VMF_20200912_1_L2A_77.tif,0.3542774287095215,0.6668305496093014,0.21194351678981832,1916,886
challenge,S2A,S2A_5VMG_20200820_0_L2A_148.tif,0.15760869565217392,0.5776212681552121,0.22119815668202764,183,30
challenge,S2A,S2A_5VMG_20200820_0_L2A_149.tif,0.021454112038140644,0.5044616022506403,0.12903225806451613,195,662
challenge,S2A,S2A_5VMG_20200820_0_L2A_153.tif,0.0,0.498687744140625,0.08823529411764705,161,11
challenge,S2A,S2A_5VMG_20200820_0_L2A_25.tif,0.22321428571428573,0.6109431322329729,0.163265306122449,112,25
challenge,S2A,S2A_5VMG_20200820_0_L2A_35.tif,0.14696485623003194,0.5714439489578927,0.20512820512820515,313,46
challenge,S2A,S2A_5VMG_20200820_0_L2A_38.tif,0.01909307875894988,0.506410475406822,0.0,419,8
challenge,S2A,S2A_5VMG_20200820_0_L2A_74.tif,0.33288590604026846,0.6626367405461727,0.0,745,248
challenge,S2A,S2A_5VMG_20200820_1_L2A_74.tif,0.2993288590604027,0.6456682878738695,0.0,745,223
challenge,S2A,S2A_5VMJ_20200905_0_L2A_12.tif,0.18072289156626506,0.5898425281841948,0.35443037974683544,83,15
challenge,S2A,S2A_5VMJ_20200905_0_L2A_22.tif,0.0,0.49903106689453125,0.0,126,1
challenge,S2A,S2A_5VMJ_20200905_0_L2A_27.tif,0.16976127320954906,0.5824903018051656,0.1286549707602339,367,74
challenge,S2A,S2A_5VMJ_20200905_0_L2A_29.tif,0.31860036832412525,0.6564698367177899,0.11538461538461539,543,173
challenge,S2A,S2A_5VMJ_20200905_0_L2A_32.tif,0.0,0.49892425537109375,0.0,141,0
challenge,S2A,S2A_5VMJ_20200905_0_L2A_53.tif,0.0,0.4978485107421875,0.0,279,3
challenge,S2A,S2A_5VMJ_20200905_0_L2A_58.tif,0.0,0.49700164794921875,0.0,267,126
challenge,S2A,S2A_5VMJ_20200905_0_L2A_60.tif,0.0,0.498504638671875,0.0,196,0
challenge,S2A,S2A_5VMJ_20200905_0_L2A_63.tif,0.44554728425696166,0.7070430413775421,0.1387946777980694,3627,1616
challenge,S2A,S2A_5VMJ_20200905_0_L2A_75.tif,0.28402366863905326,0.6392362654425998,0.31422121896162525,507,144
challenge,S2A,S2A_5VMJ_20200905_0_L2A_76.tif,0.009569377990430622,0.5000464011881041,0.0,627,6
challenge,S2A,S2A_5VMJ_20200905_0_L2A_77.tif,0.38926174496644295,0.6918439069068403,0.36345776031434185,592,236
challenge,S2A,S2A_5VMJ_20200905_0_L2A_79.tif,0.0,0.49909210205078125,0.0,119,0
challenge,S2A,S2A_5VMJ_20200905_0_L2A_80.tif,0.01826923076923077,0.5013427445724598,0.1759598688018522,1037,22
challenge,S2A,S2A_5VMJ_20200905_0_L2A_82.tif,0.0,0.49674224853515625,0.0,427,0
challenge,S2A,S2A_5VMJ_20200905_0_L2A_83.tif,0.029900332225913623,0.5060341355786057,0.024096385542168676,1204,36
challenge,S2A,S2A_5VMJ_20200905_0_L2A_89.tif,0.057692307692307696,0.5262284327135888,0.0,364,21
challenge,S2A,S2A_5VMJ_20200905_0_L2A_94.tif,0.036093418259023353,0.5145820652857412,0.17595307917888564,471,17
challenge,S2A,S2A_5VMJ_20200905_0_L2A_95.tif,0.0,0.498443603515625,0.0,204,0
challenge,S2A,S2A_5VMJ_20200905_1_L2A_16.tif,0.0,0.49920654296875,0.0,56,48
challenge,S2B,S2B_45UVQ_20200913_0_L2A_100.tif,0.49774436090225566,0.7463110271653368,0.5863931375663778,662,334
challenge,S2B,S2B_45UVQ_20200913_0_L2A_128.tif,0.09944751381215469,0.5484798239410906,0.20168067226890754,181,18
challenge,S2B,S2B_45UVQ_20200913_0_L2A_132.tif,0.06267409470752089,0.5210537603690708,0.33372116898227366,1291,235
challenge,S2B,S2B_45UVQ_20200920_0_L2A_48.tif,0.0392156862745098,0.5154942185684604,0.09448818897637795,559,24
challenge,S2B,S2B_45UVQ_20200920_0_L2A_50.tif,0.0,0.49518585205078125,0.0,623,8
challenge,S2B,S2B_45UVQ_20200920_1_L2A_21.tif,0.47058823529411764,0.7325340587658027,0.5171255876427132,662,338
challenge,S2B,S2B_45UVQ_20200920_1_L2A_22.tif,0.3766891891891892,0.6826755210041813,0.5759479788922292,1128,502
challenge,S2B,S2B_45UVQ_20200920_1_L2A_31.tif,0.578875171467764,0.7870801817961728,0.6588072122052704,720,431
challenge,S2B,S2B_45UVQ_20200920_1_L2A_57.tif,0.3055555555555556,0.649142221269749,0.2652655859550202,400,493
challenge,S2B,S2B_45UVR_20200903_1_L2A_118.tif,0.5188679245283019,0.7586544556459869,0.5111111111111111,197,125
challenge,S2B,S2B_45UVR_20200903_1_L2A_158.tif,0.0,0.48738861083984375,0.0,1652,1
challenge,S2B,S2B_45UVR_20200903_1_L2A_167.tif,0.7370892018779343,0.866819081742566,0.8288564850345357,833,647
challenge,S2B,S2B_45UVR_20200903_1_L2A_168.tif,0.2871948410870567,0.619526428616449,0.2352443320673275,4227,1362
challenge,S2B,S2B_45UVR_20200903_1_L2A_174.tif,0.0,0.49365997314453125,0.0,827,4
challenge,S2B,S2B_45UVR_20200913_0_L2A_112.tif,0.10277777777777777,0.5489232023898584,0.09125475285171103,357,40
challenge,S2B,S2B_45UVR_20200913_0_L2A_116.tif,0.41740850642927796,0.70418141634392,0.21649484536082472,977,456
challenge,S2B,S2B_45UWQ_20200920_0_L2A_16.tif,0.0,0.49362945556640625,0.0,830,5
challenge,S2B,S2B_45UWQ_20200920_0_L2A_24.tif,0.17464424320827943,0.5824445203442201,0.2410196987253766,756,152
challenge,S2B,S2B_45UWQ_20200920_1_L2A_14.tif,0.5248322147651007,0.7569492636354459,0.4997197084968367,1396,876
challenge,S2B,S2B_45UWQ_20200920_1_L2A_24.tif,0.4858974358974359,0.7398715351441075,0.30200559701492535,756,403
challenge,S2B,S2B_46RDS_20201227_1_L2A_1.tif,0.1523809523809524,0.5748317805383023,0.09022556390977443,119,123
challenge,S2B,S2B_46RDS_20201227_1_L2A_100.tif,0.0,0.4960174560546875,0.0,522,0
challenge,S2B,S2B_46RDS_20201227_1_L2A_101.tif,0.0,0.49286651611328125,0.0,921,14
challenge,S2B,S2B_46RDS_20201227_1_L2A_102.tif,0.0,0.48343658447265625,0.0,2171,0
challenge,S2B,S2B_46RDS_20201227_1_L2A_103.tif,0.0,0.49259185791015625,0.0,971,0
challenge,S2B,S2B_46RDS_20201227_1_L2A_105.tif,0.116,0.5563131573724945,0.1329639889196676,196,83
challenge,S2B,S2B_46RDS_20201227_1_L2A_106.tif,0.14522821576763487,0.5710416128074064,0.2595797280593325,179,97
challenge,S2B,S2B_46RDS_20201227_1_L2A_108.tif,0.0028177225029148855,0.42307372149540085,0.02237136465324385,10292,29
challenge,S2B,S2B_46RDS_20201227_1_L2A_109.tif,0.0,0.4943084716796875,0.0,733,13
challenge,S2B,S2B_46RDS_20201227_1_L2A_11.tif,0.0,0.49861907958984375,0.0,181,0
challenge,S2B,S2B_46RDS_20201227_1_L2A_110.tif,0.0,0.49550628662109375,0.0,589,0
challenge,S2B,S2B_46RDS_20201227_1_L2A_112.tif,0.0,0.49933624267578125,0.0,85,2
challenge,S2B,S2B_46RDS_20201227_1_L2A_113.tif,0.0,0.49478912353515625,0.0,683,0
challenge,S2B,S2B_46RDS_20201227_1_L2A_115.tif,0.0,0.4993896484375,0.0,77,3
challenge,S2B,S2B_46RDS_20201227_1_L2A_120.tif,0.0,0.49851226806640625,0.0,192,3
challenge,S2B,S2B_46RDS_20201227_1_L2A_121.tif,0.0,0.4994354248046875,0.0,73,1
challenge,S2B,S2B_46RDS_20201227_1_L2A_122.tif,0.0,0.49930572509765625,0.0,91,0
challenge,S2B,S2B_46RDS_20201227_1_L2A_124.tif,0.0,0.49918365478515625,0.0,107,0
challenge,S2B,S2B_46RDS_20201227_1_L2A_125.tif,0.0,0.49301910400390625,0.0,912,3
challenge,S2B,S2B_46RDS_20201227_1_L2A_15.tif,0.03571428571428571,0.5162089924481574,0.10526315789473685,222,10
challenge,S2B,S2B_46RDS_20201227_1_L2A_18.tif,0.0,0.4993133544921875,0.0,90,0
challenge,S2B,S2B_46RDS_20201227_1_L2A_19.tif,0.0,0.4988250732421875,0.0,149,5
challenge,S2B,S2B_46RDS_20201227_1_L2A_2.tif,0.7123689727463313,0.8508114268622238,0.7258481886141461,2292,1792
challenge,S2B,S2B_46RDS_20201227_1_L2A_35.tif,0.06207565470417071,0.5236529910862007,0.1448321263989467,1023,72
challenge,S2B,S2B_46RDS_20201227_1_L2A_39.tif,0.16091954022988506,0.5776720635191523,0.0,424,81
challenge,S2B,S2B_46RDS_20201227_1_L2A_48.tif,0.22654867256637168,0.6099337663223248,0.21517996870109543,560,133
challenge,S2B,S2B_46RDS_20201227_1_L2A_50.tif,0.2670807453416149,0.6326395130369534,0.37270788912579955,93,111
challenge,S2B,S2B_46RDS_20201227_1_L2A_51.tif,0.0,0.4985198974609375,0.0,183,11
challenge,S2B,S2B_46RDS_20201227_1_L2A_52.tif,0.49946178686759957,0.7461579281030892,0.371,915,478
challenge,S2B,S2B_46RDS_20201227_1_L2A_53.tif,0.25968109339407747,0.6273566727708365,0.2922558922558922,439,114
challenge,S2B,S2B_46RDS_20201227_1_L2A_55.tif,0.03902439024390244,0.5165054796152357,0.11644273832373642,203,223
challenge,S2B,S2B_46RDS_20201227_1_L2A_59.tif,0.4521857923497268,0.7230179786071922,0.35944700460829493,731,332
challenge,S2B,S2B_46RDS_20201227_1_L2A_60.tif,0.3553008595988539,0.6742041609598239,0.3980730363520585,422,524
challenge,S2B,S2B_46RDS_20201227_1_L2A_61.tif,0.2867570385818561,0.6381380234358232,0.2678279804028307,957,277
challenge,S2B,S2B_46RDS_20201227_1_L2A_62.tif,0.1054481546572935,0.5488371569303329,0.21975992613111725,549,80
challenge,S2B,S2B_46RDS_20201227_1_L2A_63.tif,0.11538461538461539,0.5566391619918895,0.49275362318840565,151,23
challenge,S2B,S2B_46RDS_20201227_1_L2A_68.tif,0.0,0.4983367919921875,0.0,194,24
challenge,S2B,S2B_46RDS_20201227_1_L2A_72.tif,0.14602803738317757,0.5674262735111145,0.14405762304921968,821,160
challenge,S2B,S2B_46RDS_20201227_1_L2A_73.tif,0.6075187969924812,0.8017557750853213,0.4322826463456875,631,438
challenge,S2B,S2B_46RDS_20201227_1_L2A_74.tif,0.013422818791946308,0.5055898541727303,0.14035087719298245,148,3
challenge,S2B,S2B_46RDS_20201227_1_L2A_83.tif,0.0,0.49506378173828125,0.0,644,3
challenge,S2B,S2B_46RDS_20201227_1_L2A_88.tif,0.05864197530864197,0.5269933474998573,0.17751479289940827,299,44
challenge,S2B,S2B_46RDS_20201227_1_L2A_89.tif,0.0,0.49570465087890625,0.0,563,0
challenge,S2B,S2B_46RDS_20201227_1_L2A_91.tif,0.2727272727272727,0.6355697068706825,0.37250554323725055,135,47
challenge,S2B,S2B_46RDS_20201227_1_L2A_92.tif,0.25196850393700787,0.6252591054125685,0.3785488958990536,127,32
challenge,S2B,S2B_46RDS_20201227_1_L2A_96.tif,0.0,0.4949951171875,0.0,656,0
challenge,S2B,S2B_46RDS_20201227_1_L2A_97.tif,0.0,0.49286651611328125,0.0,928,7
challenge,S2B,S2B_46RES_20201227_0_L2A_1.tif,0.0,0.49478912353515625,0.0,683,0
challenge,S2B,S2B_46RES_20201227_0_L2A_14.tif,0.0,0.49333953857421875,0.0,865,8
challenge,S2B,S2B_46RES_20201227_0_L2A_15.tif,0.0,0.4977264404296875,0.0,296,2
challenge,S2B,S2B_46RES_20201227_0_L2A_16.tif,0.0,0.49662017822265625,0.0,443,0
challenge,S2B,S2B_46RES_20201227_0_L2A_17.tif,0.0,0.4935150146484375,0.0,850,0
challenge,S2B,S2B_46RES_20201227_0_L2A_18.tif,0.0,0.482940673828125,0.0,2236,0
challenge,S2B,S2B_46RES_20201227_0_L2A_2.tif,0.0,0.49941253662109375,0.0,77,0
challenge,S2B,S2B_46RES_20201227_0_L2A_23.tif,0.0,0.49591827392578125,0.0,535,0
challenge,S2B,S2B_46RES_20201227_0_L2A_24.tif,0.0,0.4953765869140625,0.0,606,0
challenge,S2B,S2B_46RES_20201227_0_L2A_27.tif,0.0,0.49868011474609375,0.0,172,1
challenge,S2B,S2B_46RES_20201227_0_L2A_28.tif,0.0,0.4931640625,0.0,896,0
challenge,S2B,S2B_46RES_20201227_0_L2A_30.tif,0.0,0.496917724609375,0.0,404,0
challenge,S2B,S2B_46RES_20201227_0_L2A_32.tif,0.0,0.4945068359375,0.0,720,0
