set,region,file,iou,miou_2class,boundary_f1,lake_pixels_true,lake_pixels_pred
test,ACS,ACS_S2A_17XPA_20200811_0_L2A_100.tif,0.579250720461095,0.7885080417947934,0.7633678953368438,322,226
test,ACS,ACS_S2A_17XPA_20200811_0_L2A_170.tif,0.0,0.49854278564453125,0.0,164,27
test,ACS,ACS_S2A_18WWD_20200825_0_L2A_144.tif,0.09623430962343096,0.5365531012744306,0.2084476138233681,1673,161
test,ACS,ACS_S2A_18WWD_20200825_0_L2A_171.tif,0.5718169693238946,0.7091742185419598,0.14810250179009266,19481,11160
test,ACS,ACS_S2A_18WWE_20200723_1_L2A_106.tif,0.14579492270599914,0.32358459295111863,0.3509652562032804,35252,5143
test,ACS,ACS_S2A_18WWE_20200723_1_L2A_115.tif,0.39419475655430714,0.687096450834114,0.3082700149617156,2136,842
test,ACS,ACS_S2A_18XVF_20200811_0_L2A_103.tif,0.34706959706959706,0.6680633986852045,0.3456521739130435,1087,384
test,ACS,ACS_S2A_19WFP_20200821_0_L2A_69.tif,0.2867981790591806,0.6398029030175851,0.40644591239954564,526,322
test,ACS,ACS_S2A_19WFQ_20200821_0_L2A_132.tif,0.726963617817069,0.8571488015581449,0.35818431911966986,2861,2218
test,ACS,ACS_S2A_20WMA_20200725_1_L2A_5.tif,0.5953947368421053,0.7967563539615622,0.6116504854368933,304,181
test,ACS,ACS_S2A_20WMU_20200821_1_L2A_170.tif,0.6338639652677279,0.8130192081210276,0.3898156277436347,1382,876
test,ACS,ACS_S2A_20WMV_20200827_1_L2A_1.tif,0.8481029810298103,0.9145958837871693,0.5401029685617263,7367,6272
test,ACS,ACS_S2A_20WNU_20200716_1_L2A_9.tif,0.009900990099009901,0.5026615719115439,0.0,303,3
test,ACS,ACS_S2A_20WNU_20200824_1_L2A_37.tif,0.0,0.4988861083984375,0.0,145,1
test,ACS,ACS_S2A_20WNU_20200824_1_L2A_79.tif,0.8394941634241245,0.9184714334508095,0.8295819935691318,928,963
test,ACS,ACS_S2B_17XMA_20200723_1_L2A_3.tif,0.43366093366093367,0.7132942687420082,0.3588060157263913,814,353
test,ACS,ACS_S2B_18WWC_20200725_0_L2A_90.tif,0.8015576323987539,0.89023071220865,0.6109918648421396,5915,5651
test,ACS,ACS_S2B_18WWD_20200807_1_L2A_40.tif,0.7358808654116324,0.8604702736073213,0.5478361780352045,3559,2619
test,ACS,ACS_S2B_18WWD_20200811_0_L2A_265.tif,0.0,0.4987335205078125,0.0,166,0
test,ACS,ACS_S2B_18WWE_20200724_1_L2A_28.tif,0.3200218818380744,0.6504421890907358,0.17153996101364521,1828,585
test,ACS,ACS_S2B_18XVF_20200724_1_L2A_162.tif,0.032034632034632034,0.5074828345748512,0.15521064301552107,1123,69
test,ACS,ACS_S2B_19WEQ_20200802_1_L2A_121.tif,0.007203962179198559,0.48677505801267623,0.06093432633716994,2221,16
test,ACS,ACS_S2B_19WFP_20200822_1_L2A_114.tif,0.7660811978116902,0.8441571344293647,0.4382714158831276,17365,13303
test,ACS,ACS_S2B_20WMU_20200823_0_L2A_122.tif,0.4386331938633194,0.6802148839042318,0.21584524745081002,3820,8558
test,ACS,ACS_S2B_20WMU_20200823_0_L2A_259.tif,0.09230769230769231,0.5452534127248736,0.08695652173913045,130,12
test,ACS,ACS_S2B_20WMU_20200823_1_L2A_290.tif,0.40479876160990713,0.6843666451756447,0.3688338936175285,3621,1824
test,AC,AC_S2A_15XVJ_20200810_4_L2A_36.tif,0.010344827586206896,0.5007927403610876,0.06589785831960461,527,59
test,AC,AC_S2A_15XWH_20200828_1_L2A_60.tif,0.0,0.49698638916015625,0.0,91,304
test,AC,AC_S2A_15XWJ_20200808_5_L2A_20.tif,0.0,0.491058349609375,0.0,1171,1
test,AC,AC_S2A_15XWJ_20200827_0_L2A_80.tif,0.006437768240343348,0.4714140939386699,0.05508982035928142,1627,2594
test,AC,AC_S2A_16XEL_20200808_3_L2A_55.tif,0.0063025210084033615,0.4887138024735564,0.08320950965824667,1902,14
test,AC,AC_S2A_16XEM_20200827_3_L2A_9.tif,0.29952591901764203,0.5767027474534402,0.15333892381493075,12867,3854
test,AC,AC_S2A_16XER_20200806_0_L2A_89.tif,0.0,0.49139404296875,0.0,577,551
test,AC,AC_S2A_16XER_20200809_6_L2A_29.tif,0.7203647416413373,0.859477918991391,0.8242424242424243,329,237
test,AC,AC_S2A_16XES_20200825_2_L2A_36.tif,0.013477088948787063,0.5011529753873136,0.17857142857142858,741,11
test,AC,AC_S2A_17XMG_20200827_0_L2A_16.tif,0.0,0.49387359619140625,0.0,762,41
test,AC,AC_S2A_17XML_20200806_7_L2A_58.tif,0.003559563360227812,0.46973661994570814,0.011834319526627219,4035,194
test,AC,AC_S2A_17XNG_20200808_3_L2A_17.tif,0.0,0.49835968017578125,0.0,92,123
test,AC,AC_S2A_17XNJ_20200812_3_L2A_169.tif,0.08918406072106262,0.5409272927710125,0.0591715976331361,383,191
test,AC,AC_S2A_17XNL_20200808_3_L2A_28.tif,0.0010427528675703858,0.49321230494526763,0.0,685,275
test,AC,AC_S2A_17XNM_20200806_0_L2A_34.tif,0.21272727272727274,0.5963996876024182,0.20511202272010098,942,1059
test,AC,AC_S2A_17XNM_20200807_4_L2A_1.tif,0.0,0.48024749755859375,0.0,2545,44
test,AC,AC_S2A_17XNM_20200807_4_L2A_94.tif,0.0,0.491180419921875,0.0,972,184
test,AC,AC_S2A_17XNM_20200816_1_L2A_61.tif,0.1557328952000939,0.5218462635137039,0.3458412344826128,8118,1730
test,AC,AC_S2A_18XVN_20200811_1_L2A_53.tif,0.0,0.49566650390625,0.0,539,29
test,AC,AC_S2A_18XVP_20200812_2_L2A_27.tif,0.42247191011235957,0.7092695597571653,0.335195530726257,324,309
test,AC,AC_S2A_18XVP_20200816_7_L2A_39.tif,0.01542111506524318,0.5013769037011425,0.06535947712418301,828,28
test,AC,AC_S2A_18XVR_20200810_3_L2A_35.tif,0.49257884972170685,0.7420820561969045,0.24545260004279904,1078,531
test,AC,AC_S2A_19XDL_20200815_2_L2A_24.tif,0.3338473400154202,0.6602880310970608,0.09048723897911834,1208,522
test,AC,AC_S2B_15XWH_20200827_1_L2A_16.tif,0.04722264265173301,0.4753545446792334,0.20316909051443457,6016,903
test,AC,AC_S2B_15XWJ_20200805_2_L2A_1.tif,0.0,0.4919586181640625,0.0,1053,1
test,AC,AC_S2B_16XDP_20200810_2_L2A_55.tif,0.05411499436302142,0.5206517434556373,0.07268951194184839,859,76
test,AC,AC_S2B_16XEJ_20200808_1_L2A_97.tif,0.32113517550410753,0.6020130914882043,0.16625916870415647,4474,9678
test,AC,AC_S2B_17XMG_20200827_1_L2A_28.tif,0.051301060123063236,0.4269752478457522,0.19609866859325006,12846,1335
test,AC,AC_S2B_17XML_20200808_1_L2A_90.tif,0.0,0.4968109130859375,0.0,417,1
test,AC,AC_S2B_17XNJ_20200807_0_L2A_81.tif,0.22831313160395014,0.38151586865237264,0.41047436950079974,34067,8596
test,AC,AC_S2B_17XNJ_20200807_0_L2A_88.tif,0.3018575851393189,0.6474776669364429,0.40437158469945356,623,218
test,AC,AC_S2B_17XNM_20200807_1_L2A_8.tif,0.3770067322630761,0.6792221045588926,0.2476822020644354,1040,1619
test,AC,AC_S2B_18XWT_20200806_0_L2A_2.tif,0.6115044247787611,0.7917650843705186,0.31073898798689475,3385,3899
test,AC,AC_S2B_19XDJ_20200807_3_L2A_13.tif,0.0,0.4824676513671875,0.0,2290,8
test,AC,AC_S2B_19XDL_20200826_2_L2A_161.tif,0.9770846420670254,0.9744471661380083,0.8759264968705274,36210,36177
test,AC,AC_S2B_19XDL_20200826_2_L2A_74.tif,0.98443603515625,0.492218017578125,0.9041247591459506,65536,64516
test,AK,AK_S2A_5VMG_20200912_1_L2A_82.tif,0.21621621621621623,0.6078868286550498,0.7766990291262137,34,11
test,AK,AK_S2A_5VMJ_20200912_1_L2A_9.tif,0.3849246231155779,0.6877656744113797,0.370963132323521,995,383
test,AK,AK_S2A_5VPH_20200909_0_L2A_74.tif,0.9426261829652997,0.9587732311017139,0.9189749082720814,20051,19361
test,AK,AK_S2A_6VUN_20200909_0_L2A_214.tif,0.0,0.4979248046875,0.0,271,1
test,AK,AK_S2A_6VUQ_20200906_1_L2A_29.tif,0.0,0.49700164794921875,0.0,393,0
test,AK,AK_S2A_6VVP_20200817_1_L2A_99.tif,0.004270896888346553,0.47722778384297065,0.03555555555555556,3267,25
test,AK,AK_S2A_6VVP_20200906_0_L2A_59.tif,0.0,0.49956512451171875,0.0,57,0
test,AK,AK_S2A_6VVR_20200817_0_L2A_39.tif,0.3565737051792829,0.675815808937087,0.5175815836073868,494,187
test,AK,AK_S2A_6VWN_20200821_0_L2A_100.tif,0.5565749235474006,0.77717811881076,0.5784722222222222,327,182
test,AK,AK_S2A_6VWR_20200913_0_L2A_48.tif,0.023454157782515993,0.5082322295970955,0.09836065573770493,469,11
test,AK,AK_S2A_6VXN_20200828_0_L2A_53.tif,0.056179775280898875,0.5274489696016587,0.28391167192429023,74,20
test,AK,AK_S2A_6VXN_20200913_0_L2A_148.tif,0.005263157894736842,0.4968634046203221,0.0,317,447
test,AK,AK_S2A_6VXN_20200913_0_L2A_44.tif,0.26121794871794873,0.6270830538719231,0.24201977968963576,353,434
test,AK,AK_S2A_6VXN_20200913_0_L2A_75.tif,0.0,0.4763336181640625,0.0,3047,55
test,AK,AK_S2A_6VXN_20200913_1_L2A_30.tif,0.017223910840932118,0.5012095225384013,0.09803921568627451,35,969
test,AK,AK_S2A_7VCH_20200913_0_L2A_78.tif,0.2899505766062603,0.6383632362658204,0.3856279949327115,1206,360
test,AK,AK_S2A_7VCH_20200913_1_L2A_2.tif,0.0,0.49915313720703125,0.0,85,26
test,AK,AK_S2A_7VCJ_20200913_0_L2A_81.tif,0.016877637130801686,0.504883086664534,0.05415162454873647,145,337
test,AK,AK_S2A_7VEH_20200914_1_L2A_40.tif,0.08782936010037641,0.5104206079327362,0.21249377445748843,4760,442
test,AK,AK_S2A_7VFF_20200911_1_L2A_81.tif,0.8244274809160306,0.9109710729680492,0.7692307692307692,904,769
test,AK,AK_S2A_7VFF_20200914_0_L2A_173.tif,0.5263157894736842,0.762814309848469,0.6785714285714286,90,55
test,AK,AK_S2A_7VFF_20200914_1_L2A_140.tif,0.005272407732864675,0.48967971264907156,0.0477815699658703,1648,68
test,AK,AK_S2A_8VLL_20200911_1_L2A_159.tif,0.0,0.49868011474609375,0.0,77,96
test,AK,AK_S2A_8VLL_20200914_1_L2A_72.tif,0.9927780209420558,0.9637057863357239,0.9236189077965928,59143,59232
test,AK,AK_S2A_8VNK_20200915_1_L2A_220.tif,0.0,0.49993896484375,0.0,0,8
test,AK,AK_S2A_8VNK_20200915_1_L2A_37.tif,0.0005128205128205128,0.4853864934180796,0.018126888217522657,1916,35
test,AK,AK_S2A_8VNL_20200905_0_L2A_32.tif,0.8103579588728104,0.9012520301555573,0.45647145217550944,2542,2212
test,AK,AK_S2A_8VNL_20200915_0_L2A_207.tif,0.1970241149307337,0.5865016817286282,0.11023910427457752,1083,1250
test,AK,AK_S2A_8VNL_20200915_0_L2A_221.tif,0.0,0.495697021484375,0.0,560,4
test,AK,AK_S2A_8VNL_20200915_0_L2A_241.tif,0.45605700712589076,0.7262762386266085,0.45077105575326215,420,193
test,AK,AK_S2A_8VPJ_20200912_1_L2A_198.tif,0.3389250256761383,0.6545041885422181,0.4535676216932072,2920,991
test,AK,AK_S2A_8VPJ_20200915_0_L2A_242.tif,0.37831858407079644,0.6870098236654755,0.6262991414369634,418,205
test,AK,AK_S2A_8VPK_20200905_0_L2A_182.tif,0.0,0.4998321533203125,0.0,16,6
test,AK,AK_S2A_8VPK_20200912_0_L2A_99.tif,0.5325779036827195,0.765026480151331,0.6138107416879796,353,188
test,AK,AK_S2A_8VPK_20200912_1_L2A_2.tif,0.3862212943632568,0.6885990920762053,0.557871188037207,958,370
test,AK,AK_S2A_8VPK_20200915_0_L2A_177.tif,0.07149853085210578,0.5285085340205261,0.17470427661510465,1021,73
test,AK,AK_S2A_8VPK_20200915_0_L2A_242.tif,0.21515849123428368,0.5731270449361823,0.16893433683217177,5640,1222
test,AK,AK_S2A_8VPK_20200915_0_L2A_40.tif,0.05161290322580645,0.5224406560334673,0.0979591836734694,462,27
test,AK,AK_S2A_9UUB_20200909_1_L2A_16.tif,0.05176470588235294,0.5166491163442619,0.3351235230934479,1275,66
test,AK,AK_S2A_9UVB_20200909_0_L2A_55.tif,0.0,0.4970550537109375,0.0,284,102
test,AK,AK_S2A_9UVB_20200909_1_L2A_226.tif,0.3516629711751663,0.6645406896714223,0.08824709185720016,2255,793
test,AK,AK_S2A_9VUC_20200909_0_L2A_249.tif,0.34277620396600567,0.6678349424277604,0.09034051424600419,706,242
test,AK,AK_S2A_9VUD_20200912_1_L2A_132.tif,0.4782608695652174,0.7385805646130654,0.6436271401395054,118,86
test,AK,AK_S2A_9VUE_20200912_0_L2A_74.tif,0.8892166502785972,0.94191822756357,0.8948334503050261,3001,2763
test,AK,AK_S2A_9VVC_20200912_0_L2A_73.tif,0.16576086956521738,0.5805360285206767,0.33120000000000005,368,61
test,AK,AK_S2A_9VWD_20200909_0_L2A_73.tif,0.25892857142857145,0.6288307656324624,0.27518427518427524,108,33
test,AK,AK_S2B_5VMF_20200815_0_L2A_48.tif,0.5342465753424658,0.7597370298349719,0.5665861064634071,2044,1092
test,AK,AK_S2B_5VMH_20200815_0_L2A_133.tif,0.6610169491525424,0.8303557958276262,0.846153846153846,51,47
test,AK,AK_S2B_5VMH_20200910_0_L2A_87.tif,0.0,0.49980926513671875,0.0,0,25
test,AK,AK_S2B_5VNH_20200828_0_L2A_5.tif,0.4444444444444444,0.7206159316825086,0.5363340563991323,376,170
test,AK,AK_S2B_5VNH_20200828_0_L2A_91.tif,5.4374422271763365e-05,0.35972048087101227,0.005649717514124294,18007,385
test,AK,AK_S2B_5VNJ_20200805_1_L2A_87.tif,0.43478260869565216,0.7171928795355664,0.854368932038835,46,20
test,AK,AK_S2B_5VPG_20200911_0_L2A_316.tif,0.9713287195640677,0.9588932133672636,0.7430081292562863,43167,42572
test,AK,AK_S2B_5VPJ_20200805_1_L2A_23.tif,0.03172924378635643,0.50188239939944,0.15721040189125296,1891,60
test,AK,AK_S2B_5VPJ_20200815_1_L2A_19.tif,0.4881720430107527,0.7422639142919754,0.6661115736885929,457,235
test,AK,AK_S2B_6VUQ_20200805_0_L2A_50.tif,0.06153846153846154,0.5303038092957522,0.34146341463414637,62,7
test,AK,AK_S2B_6VUQ_20200805_1_L2A_113.tif,0.144,0.5662745757529429,0.4864191378021431,866,135
test,AK,AK_S2B_6VVN_20200911_1_L2A_145.tif,0.24113475177304963,0.6172952046327022,0.2109704641350211,279,421
test,AK,AK_S2B_6VXM_20200912_1_L2A_55.tif,0.0055147058823529415,0.46146342566733894,0.0,5197,273
test,AK,AK_S2B_6VXP_20200816_1_L2A_59.tif,0.2988505747126437,0.6480274444646967,0.5899280575539569,255,84
test,AK,AK_S2B_6VXP_20200816_1_L2A_81.tif,0.07670454545454546,0.5358716975391307,0.1904761904761905,352,27
test,AK,AK_S2B_6VXP_20200912_0_L2A_64.tif,0.0,0.475189208984375,0.0,3240,12
test,AK,AK_S2B_7VDH_20200905_0_L2A_142.tif,0.4507042253521127,0.7241595979989526,0.5594671741198859,230,182
test,AK,AK_S2B_7VDH_20200912_0_L2A_75.tif,0.6859223300970874,0.8326438312899724,0.32832427762748084,3841,3105
test,AK,AK_S2B_7VEG_20200912_0_L2A_148.tif,0.05668703326544467,0.4642472607704943,0.07310105214381854,636,8703
test,AK,AK_S2B_7VEH_20200830_0_L2A_121.tif,0.43824027072758037,0.7165771263407039,0.583962197616193,519,331
test,AK,AK_S2B_7VEH_20200830_0_L2A_34.tif,0.0,0.49860382080078125,0.0,181,2
test,AK,AK_S2B_8VLK_20200906_1_L2A_58.tif,0.6064073226544623,0.7992185514277856,0.22227544910179642,1311,795
test,AK,AK_S2B_8VLM_20200906_1_L2A_93.tif,0.49009584664536743,0.7388875688321095,0.20646864686468647,1559,773
test,AK,AK_S2B_8VMJ_20200913_0_L2A_2.tif,0.7176165803108808,0.8579731563041708,0.75,383,280
test,AK,AK_S2B_8VMJ_20200913_0_L2A_30.tif,0.2623449830890643,0.5794156214785605,0.03920913527509635,8870,2327
test,AK,AK_S2B_8VML_20200906_1_L2A_157.tif,0.08183221821924859,0.513561697750797,0.1955532882710539,384,3820
test,AK,AK_S2B_8VMM_20200906_0_L2A_146.tif,0.4776264591439689,0.7262396691705046,0.2524341351660939,3083,1474
test,AK,AK_S2B_8VMM_20200906_0_L2A_207.tif,0.5103305785123967,0.7533502821340186,0.5099464947180683,455,276
test,AK,AK_S2B_8VMM_20200906_0_L2A_257.tif,0.7658473479948253,0.880111018602087,0.6668098664661869,1509,1221
test,AK,AK_S2B_8VNK_20200913_0_L2A_92.tif,0.0,0.4994049072265625,0.0,0,78
test,AK,AK_S2B_8VNK_20200913_1_L2A_132.tif,0.6408852927177534,0.8084365358931128,0.49459315724162384,3193,3702
test,AK,AK_S2B_9UVB_20200911_1_L2A_24.tif,0.4385245901639344,0.718215358708188,0.8076923076923077,242,109
test,AK,AK_S2B_9VUC_20200914_0_L2A_72.tif,0.5337579617834395,0.7640686548631865,0.5203194944264021,783,421
test,AK,AK_S2B_9VVC_20200914_1_L2A_172.tif,0.25925925925925924,0.6291717192274316,0.4543429844097995,43,59
test,AK,AK_S2B_9VVC_20200914_1_L2A_261.tif,0.061946902654867256,0.530164649117725,0.23121387283236997,103,17
test,AK,AK_S2B_9VVE_20200914_1_L2A_24.tif,0.34591194968553457,0.6721618513565651,0.3626373626373626,159,55
test,CA,CA_S2A_43SGV_20200901_1_L2A_12.tif,0.0,0.49866485595703125,0.0,112,63
test,CA,CA_S2A_44RPV_20200905_1_L2A_3.tif,0.0,0.49379730224609375,0.0,808,5
test,CA,CA_S2A_44SKD_20200822_1_L2A_4.tif,0.0,0.4990386962890625,0.0,124,2
test,CA,CA_S2A_44SKE_20200901_1_L2A_41.tif,0.0,0.4847564697265625,0.0,1998,0
test,CA,CA_S2A_44SKF_20200825_0_L2A_1.tif,0.694560669456067,0.8467219746240102,0.8336025848142165,215,190
test,CA,CA_S2A_44SMD_20200908_1_L2A_89.tif,0.9026941362916007,0.9363848878588383,0.775239747173379,15204,14811
test,CA,CA_S2A_44SMD_20200918_1_L2A_36.tif,0.3763440860215054,0.6819303063935894,0.1911589008363202,1279,513
test,CA,CA_S2A_45RTP_20200912_0_L2A_11.tif,0.4601226993865031,0.725323689912599,0.6010569758538907,1002,664
test,CA,CA_S2A_45RTP_20200912_0_L2A_200.tif,0.8654439803885964,0.9266252319254156,0.7730870712401056,5401,4872
test,CA,CA_S2A_45RTP_20200912_1_L2A_100.tif,0.3702511268512556,0.6775979699464634,0.16153155848040682,1552,576
test,CA,CA_S2A_45RUN_20200929_1_L2A_13.tif,0.03067484662576687,0.5141318870018246,0.0923076923076923,139,29
test,CA,CA_S2A_45RUP_20200912_1_L2A_50.tif,0.16279069767441862,0.5753386359804598,0.2254555728210199,303,797
test,CA,CA_S2A_45RVQ_20200919_0_L2A_11.tif,0.028747117601844736,0.46603310982695184,0.026415094339622643,187,6505
test,CA,CA_S2A_45SWR_20200919_0_L2A_14.tif,0.030015797788309637,0.5103220921569721,0.09132420091324199,630,22
test,CA,CA_S2A_45SWV_20200823_0_L2A_3.tif,0.6565827686350436,0.8169977498206019,0.6155556593637594,4127,2718
test,CA,CA_S2A_45SXV_20200929_1_L2A_26.tif,0.5016393442622951,0.7496572904723066,0.5492957746478874,305,153
test,CA,CA_S2A_45SYV_20200830_0_L2A_43.tif,0.0,0.4999847412109375,0.0,0,2
test,CA,CA_S2A_46REU_20200831_0_L2A_129.tif,0.3384615384615385,0.6689025951000491,0.76,65,22
test,CA,CA_S2A_46REU_20200831_0_L2A_179.tif,0.25757575757575757,0.6276654843464036,0.36222509702457956,198,51
test,CA,CA_S2A_46REU_20200831_1_L2A_154.tif,0.7005113221329438,0.8470811562118022,0.8226178639100988,1280,1048
test,CA,CA_S2A_46RGU_20200831_0_L2A_39.tif,0.617037037037037,0.8045233405515,0.5229581867917156,1344,839
test,CA,CA_S2A_46SBE_20200830_1_L2A_66.tif,0.6480938416422287,0.8231282956967172,0.7794576433885287,329,233
test,CA,CA_S2A_46SCB_20200824_0_L2A_20.tif,0.0,0.49999237060546875,0.0,0,1
test,CA,CA_S2A_46SDB_20200824_1_L2A_109.tif,0.646551724137931,0.822962698505928,0.9859154929577464,115,76
test,CA,CA_S2A_46SDB_20200903_0_L2A_33.tif,0.13351877607788595,0.5619993024643708,0.2169296987087518,719,96
test,CA,CA_S2A_46SEB_20200824_1_L2A_44.tif,0.2827586206896552,0.6405853566079012,0.22222222222222224,144,42
test,CA,CA_S2A_46SGH_20200923_1_L2A_38.tif,0.5054878048780488,0.7464771925003779,0.48223350253807107,1612,857
test,CA,CA_S2B_44RNV_20200920_1_L2A_47.tif,0.19166912270360545,0.5311337671393312,0.017349397590361446,10179,1951
test,CA,CA_S2B_44RPU_20200831_1_L2A_43.tif,0.31176470588235294,0.6549889913053321,0.5472636815920398,166,57
test,CA,CA_S2B_44RPV_20200920_0_L2A_68.tif,0.4411764705882353,0.720298185527684,0.8571428571428571,67,31
test,CA,CA_S2B_44SKC_20200926_1_L2A_53.tif,0.2,0.5993589254369228,0.4633204633204633,105,21
test,CA,CA_S2B_44SME_20200903_0_L2A_29.tif,0.02237136465324385,0.5078511281038707,0.20809248554913296,447,10
test,CA,CA_S2B_44SNC_20200903_0_L2A_33.tif,0.0,0.498138427734375,0.0,244,0
test,CA,CA_S2B_44SNE_20200923_1_L2A_8.tif,0.14674868189806678,0.565947273072823,0.0625,1138,167
test,CA,CA_S2B_44SPE_20200903_1_L2A_4.tif,0.3158150851581509,0.6470733230898095,0.7101745323142451,2022,682
test,CA,CA_S2B_45RUN_20200914_0_L2A_10.tif,0.24512987012987014,0.6190090736288258,0.03550295857988166,600,167
test,CA,CA_S2B_45RUN_20200914_1_L2A_7.tif,0.44719101123595506,0.721712958209924,0.6013805004314065,405,239
test,CA,CA_S2B_45RVP_20200904_0_L2A_38.tif,0.0,0.49610137939453125,0.0,457,54
test,CA,CA_S2B_45STA_20200831_1_L2A_9.tif,0.5477031802120141,0.7728727124504191,0.7569162670601255,229,209
test,CA,CA_S2B_45SXT_20200825_1_L2A_31.tif,0.0,0.49904632568359375,0.0,119,6
test,CA,CA_S2B_46RCS_20200928_0_L2A_2.tif,0.0,0.4947357177734375,0.0,681,9
test,CA,CA_S2B_46RDT_20200928_0_L2A_110.tif,0.006329113924050633,0.49957094763542653,0.022988505747126436,474,3
test,CA,CA_S2B_46RDT_20200928_1_L2A_208.tif,0.6756756756756757,0.8367341527559812,0.8568646543330088,439,305
test,CA,CA_S2B_46RDU_20200928_0_L2A_200.tif,0.4359255202628697,0.7140096145021555,0.4847631782672954,913,398
test,CA,CA_S2B_46RDU_20200928_0_L2A_244.tif,0.5318181818181819,0.7643318038428448,0.6769644056413701,431,243
test,CA,CA_S2B_46SBD_20200825_0_L2A_15.tif,0.06615776081424936,0.521861127625611,0.15391498881431767,164,1512
test,CA,CA_S2B_46SCC_20200901_1_L2A_14.tif,0.3357664233576642,0.6664927098757638,0.30664395229982966,254,112
test,CA,CA_S2B_46SCF_20200921_1_L2A_44.tif,0.10778443113772455,0.5527551234720339,0.3649000868809731,158,27
test,CA,CA_S2B_46SFA_20200826_0_L2A_22.tif,0.2736842105263158,0.636315468108525,0.4786324786324786,95,26
test,CA,CA_S2B_46SFA_20200826_1_L2A_32.tif,0.6666666666666666,0.8324528629324512,0.8200620475698035,342,233
test,CA,CA_S2B_46SGC_20200826_0_L2A_3.tif,0.0,0.49213409423828125,0.0,976,55
test,CA,CA_S2B_47SLD_20200925_1_L2A_8.tif,0.1574074074074074,0.5759237195893272,0.2487046632124352,432,68
test,CA,CA_S2B_47SMR_20200902_0_L2A_24.tif,0.0,0.49762725830078125,0.0,299,12
test,CE,CE_S2A_32TLR_20200819_0_L2A_15.tif,0.08076275939427931,0.527849265677076,0.1369472182596291,1783,144
test,CE,CE_S2A_32TLR_20200901_0_L2A_103.tif,0.03051181102362205,0.5077373954744093,0.01092896174863388,1003,44
test,CE,CE_S2A_32TNS_20200809_0_L2A_112.tif,0.32653061224489793,0.66175246993663,0.6230031948881789,280,110
test,CE,CE_S2A_32TNS_20200809_0_L2A_88.tif,0.8797370456303171,0.9374104522819706,0.9732692910097108,2586,2275
test,CE,CE_S2B_31TGL_20200807_0_L2A_70.tif,0.4551282051282051,0.7269149007005113,0.6420233463035019,156,71
test,CE,CE_S2B_32TPS_20200821_0_L2A_63.tif,0.2384406165004533,0.6127857947454084,0.21180931744312026,1103,263
test,CE,CE_S2B_32TPS_20200903_0_L2A_2.tif,0.1875,0.593452412745891,0.48387096774193544,29,28
test,CE,CE_S2B_32TQT_20200808_1_L2A_18.tif,0.3876651982378855,0.6927706873722126,0.4742268041237114,227,88
test,CE,CE_S2B_33TUN_20200821_0_L2A_10.tif,0.14893617021276595,0.5692706593607817,0.19318181818181818,799,119
test,CE,CE_S2B_33TUN_20200821_1_L2A_39.tif,0.2032520325203252,0.6001295131908042,0.24691358024691357,246,50
test,GL,GL_S2A_19XEG_20200725_2_L2A_90.tif,0.9205005852165301,0.9522682995507007,0.6707647751136547,11028,10303
test,GL,GL_S2A_20XML_20200728_2_L2A_97.tif,0.28237570705567133,0.6033101370332333,0.05385090031973973,6718,1897
test,GL,GL_S2A_20XML_20200810_2_L2A_86.tif,0.0978689818468824,0.5401975619195887,0.17073170731707316,1267,124
test,GL,GL_S2A_20XMM_20200725_2_L2A_6.tif,0.0035971223021582736,0.4996851866183867,0.06976744186046512,275,4
test,GL,GL_S2A_20XNK_20200812_0_L2A_20.tif,0.334916864608076,0.6653175958486515,0.25993485342019546,402,160
test,GL,GL_S2A_21WWT_20200805_1_L2A_16.tif,0.4290909090909091,0.7133454790035547,0.5177489177489177,218,175
test,GL,GL_S2A_21WXP_20200723_0_L2A_151.tif,0.0,0.49912261962890625,0.1739130434782609,109,6
test,GL,GL_S2A_21WXP_20200723_1_L2A_126.tif,0.0,0.495269775390625,0.0,619,1
test,GL,GL_S2A_21WXQ_20200717_1_L2A_18.tif,0.04043126684636118,0.5147810167468456,0.10664819944598337,742,30
test,GL,GL_S2A_21WXU_20200815_0_L2A_24.tif,0.37857142857142856,0.6879560489945634,0.2872983870967742,272,114
test,GL,GL_S2A_21WXV_20200801_1_L2A_94.tif,0.22075471698113208,0.607220783183698,0.06282722513089006,530,117
test,GL,GL_S2A_22VEQ_20200810_0_L2A_246.tif,0.0,0.49909210205078125,0.0,118,1
test,GL,GL_S2A_22VEQ_20200813_1_L2A_75.tif,0.5913865546218487,0.7896538424405626,0.6957553969034578,1880,1150
test,GL,GL_S2A_22VER_20200711_0_L2A_129.tif,0.8321037903841262,0.9107519674638048,0.692321634693352,3590,3612
test,GL,GL_S2A_22VER_20200714_0_L2A_569.tif,0.5949702886247877,0.7656391265246785,0.34432038025954453,6673,8358
test,GL,GL_S2A_22VFN_20200810_1_L2A_67.tif,0.06325599841364267,0.49541044856818417,0.007434944237918216,4991,371
test,GL,GL_S2A_22VFP_20200718_0_L2A_193.tif,0.00754084625052367,0.4676024841939641,0.13194347278578425,4757,53
test,GL,GL_S2A_22VFP_20200718_0_L2A_274.tif,0.669425670646381,0.705764122139134,0.4385575003967078,33457,22614
test,GL,GL_S2A_22WDC_20200720_0_L2A_42.tif,0.0,0.4995880126953125,0.0,53,1
test,GL,GL_S2A_22WDT_20200717_1_L2A_198.tif,0.1959087332808812,0.5901273873030534,0.27615396901453443,548,972
test,GL,GL_S2A_22WDU_20200717_1_L2A_297.tif,0.158311345646438,0.5767196657366529,0.4295942720763723,379,60
test,GL,GL_S2A_22WEA_20200717_1_L2A_67.tif,0.04025814382298709,0.4482180454005868,0.2003398622663447,9752,403
test,GL,GL_S2A_22WES_20200711_1_L2A_67.tif,0.4386536373507057,0.7113395488693957,0.4309917247500457,1364,1286
test,GL,GL_S2A_22WES_20200714_0_L2A_179.tif,0.5002103137881719,0.7002561889464438,0.3228254814579023,11874,5959
test,GL,GL_S2A_22WES_20200714_0_L2A_245.tif,0.43453510436432635,0.6937087500444786,0.5148840567205162,5244,2316
test,GL,GL_S2A_22WES_20200813_1_L2A_90.tif,0.00675219446320054,0.44721905603195455,0.13265783983992507,187,7268
test,GL,GL_S2A_22WET_20200803_0_L2A_126.tif,0.7717621699299443,0.8137763952659665,0.5136615368371037,27401,21916
test,GL,GL_S2A_22WEU_20200717_0_L2A_329.tif,0.0,0.494873046875,0.0,672,0
test,GL,GL_S2A_22WEU_20200717_0_L2A_41.tif,0.748945721670521,0.8406260015963792,0.3315673924180632,14698,11015
test,GL,GL_S2A_22WEV_20200813_0_L2A_88.tif,0.03601575689364097,0.5049259502943279,0.0975609756097561,1751,90
test,GL,GL_S2A_22XDF_20200801_0_L2A_39.tif,0.6245487364620939,0.8114788111115756,0.7564381011479988,247,203
test,GL,GL_S2A_23VLH_20200718_1_L2A_149.tif,0.0,0.34836578369140625,0.0,123,19752
test,GL,GL_S2A_23VLJ_20200718_0_L2A_86.tif,0.0,0.492401123046875,0.0,109,887
test,GL,GL_S2A_23VMJ_20200715_0_L2A_68.tif,0.0,0.44017791748046875,0.0,7841,0
test,GL,GL_S2B_19XDG_20200726_0_L2A_16.tif,0.13924050632911392,0.569101367243153,0.43333333333333335,79,11
test,GL,GL_S2B_19XEE_20200806_1_L2A_29.tif,0.0,0.49387359619140625,0.0,763,40
test,GL,GL_S2B_19XEG_20200727_0_L2A_124.tif,0.004219409282700422,0.4967078460357622,0.05042016806722688,657,57
test,GL,GL_S2B_20XMM_20200729_1_L2A_33.tif,0.6573033707865169,0.8277175639268408,0.7786259541984732,350,240
test,GL,GL_S2B_20XNK_20200808_0_L2A_39.tif,0.0,0.49945068359375,0.0,55,17
test,GL,GL_S2B_21XWA_20200720_0_L2A_47.tif,0.6712962962962963,0.8323542997579585,0.7551341796561144,1056,1110
test,GL,GL_S2B_21XWA_20200720_1_L2A_120.tif,0.024220032840722498,0.49395860447418166,0.0,2436,59
test,GL,GL_S2B_21XWB_20200717_1_L2A_69.tif,0.03978779840848806,0.5033000661204803,0.08822298484975308,209,2143
test,GL,GL_S2B_21XWB_20200718_3_L2A_46.tif,0.4895430779722664,0.7080977406226127,0.19447463250014302,8788,4317
test,GL,GL_S2B_22VEQ_20200716_0_L2A_87.tif,0.025249213011542496,0.39855882086932665,0.3055497817501559,2290,13343
test,GL,GL_S2B_22VEQ_20200805_0_L2A_42.tif,0.8,0.8922199170124482,0.5123930152277442,4523,4117
test,GL,GL_S2B_22VFP_20200716_0_L2A_51.tif,0.0016759776536312849,0.4872036366683611,0.0,1787,6
test,GL,GL_S2B_22VFP_20200815_0_L2A_148.tif,0.18843021623139566,0.5491953243352823,0.4832829845610688,7081,1383
test,GL,GL_S2B_22WDD_20200814_0_L2A_38.tif,0.0,0.49340057373046875,0.0,341,524
test,GL,GL_S2B_22WDT_20200722_1_L2A_115.tif,0.0,0.4987030029296875,0.0,169,1
test,GL,GL_S2B_22WDU_20200722_0_L2A_150.tif,0.16304347826086957,0.5809341412610494,0.3882149046793761,60,47
test,GL,GL_S2B_22WDU_20200722_1_L2A_138.tif,0.1378012048192771,0.5601404842819321,0.1343804537521815,695,816
test,GL,GL_S2B_22WDU_20200722_1_L2A_259.tif,0.10981871528869329,0.4890443905186798,0.10319473266210642,9541,1050
test,GL,GL_S2B_22WEA_20200722_1_L2A_74.tif,0.0,0.49871826171875,0.0,166,2
test,GL,GL_S2B_22WEC_20200718_0_L2A_188.tif,0.16257187663355985,0.5690053710496278,0.23443826779218996,1700,524
test,GL,GL_S2B_22WEC_20200718_1_L2A_51.tif,0.25733730327520205,0.6152236099779931,0.34604194447811853,1876,1080
test,GL,GL_S2B_22WEU_20200719_1_L2A_53.tif,0.461038961038961,0.7273360374916042,0.6869043094930455,689,436
test,GL,GL_S2B_22WEU_20200729_0_L2A_93.tif,0.11528254979189363,0.2997637650846814,0.15890736342042755,35710,4216
test,GL,GL_S2B_22WEV_20200722_0_L2A_76.tif,0.5779144698301113,0.7776220241792502,0.3155611170149216,3372,2015
test,GL,GL_S2B_23VNG_20200720_0_L2A_185.tif,0.005434782608695652,0.49713233362260456,0.0,719,21
test,GL,GL_S2B_23VNG_20200720_1_L2A_109.tif,0.44880174291938996,0.7224645481778948,0.5367436533689636,459,206
test,IS,IS_S2B_28WDS_20200816_0_L2A_145.tif,0.5592105263157895,0.7790934298780365,0.960960960960961,152,85
test,LL,LL_S2A_17LRK_20200816_1_L2A_61.tif,0.25,0.6249313323058612,0.9090909090909091,12,3
test,LL,LL_S2A_17LRL_20200826_0_L2A_64.tif,0.2875,0.6433149718376505,0.7469244288224957,80,23
test,LL,LL_S2A_18LTP_20200813_0_L2A_19.tif,0.23186119873817035,0.6122067314402286,0.2293917418972917,634,147
test,LL,LL_S2A_18LTQ_20200826_1_L2A_171.tif,0.03469750889679715,0.5007732403783078,0.3492554631599304,2248,78
test,LL,LL_S2A_18LTR_20200826_0_L2A_32.tif,0.1059245960502693,0.5491594359514294,0.0,557,59
test,LL,LL_S2A_18LTR_20200826_0_L2A_47.tif,0.6959459459459459,0.8476291097846735,0.9477139507620164,148,103
test,LL,LL_S2A_18LUP_20200813_1_L2A_52.tif,0.03314635390107088,0.5020934836512121,0.009523809523809523,1961,65
test,LL,LL_S2B_18LVN_20200828_0_L2A_11.tif,0.1742965140697186,0.5720532799921235,0.22089991308417464,2381,415
test,LL,LL_S2B_18LVN_20200828_1_L2A_121.tif,0.19638242894056848,0.5838550128722511,0.15668202764976957,2322,456
test,ME,ME_S2B_37TFJ_20200904_0_L2A_48.tif,0.6055172413793104,0.8005618988745178,0.4657272510150466,704,460
test,NA,NA_S2A_44UQA_20200921_0_L2A_52.tif,0.08190370780298838,0.5282660399906849,0.22023809523809523,1804,151
test,NA,NA_S2A_45UWQ_20200905_1_L2A_500.tif,0.0,0.49755859375,0.0,313,7
test,NA,NA_S2A_45UXP_20200905_1_L2A_228.tif,0.13043478260869565,0.5646069279626714,0.47826086956521735,88,16
test,NA,NA_S2A_45UYP_20200905_0_L2A_108.tif,0.0014903129657228018,0.4956333841474681,0.0,671,1
test,NA,NA_S2B_45UVR_20200903_0_L2A_114.tif,0.7653631284916201,0.8807345357821083,0.7846269915235432,1001,895
test,NA,NA_S2B_45UVR_20200903_0_L2A_118.tif,0.4212962962962963,0.709693147766148,0.4578313253012048,197,110
test,NA,NA_S2B_45UWR_20200920_0_L2A_171.tif,0.5578313253012048,0.7673900047145431,0.4292238241881299,3124,2048
test,NA,NA_S2B_45UWR_20200920_1_L2A_143.tif,0.6827880512091038,0.839680117586844,0.7719453376205788,702,481
test,NA,NA_S2B_45UXS_20200903_1_L2A_4.tif,0.3516483516483517,0.6753738216473317,0.6041426927502876,46,77
test,NZ,NZ_S2B_58GGR_20200814_0_L2A_40.tif,0.0,0.42200469970703125,0.0,10220,3
test,NZ,NZ_S2B_59GLM_20200814_1_L2A_1.tif,0.02676111767020858,0.4944934689591344,0.12772351615326824,2523,86
test,NZ,NZ_S2B_59GMM_20200804_0_L2A_54.tif,0.3572179397337071,0.6497178411521112,0.13289495776990748,2094,5653
test,RA,RA_S2A_40XDF_20200829_0_L2A_4.tif,0.0,0.49887847900390625,0.0,135,12
test,RA,RA_S2A_40XDJ_20200811_0_L2A_34.tif,0.0,0.48006439208984375,0.0,2382,231
test,RA,RA_S2A_40XEJ_20200811_0_L2A_10.tif,0.0,0.49790191650390625,0.0,244,31
test,RA,RA_S2A_40XEJ_20200811_0_L2A_52.tif,0.1160609613130129,0.5522692140947753,0.0967741935483871,607,345
test,RA,RA_S2A_40XEJ_20200829_0_L2A_62.tif,0.0,0.49689483642578125,0.0,376,31
test,RA,RA_S2A_40XEK_20200819_0_L2A_51.tif,0.031237611987631808,0.4218313877383125,0.14814814814814814,590,12417
test,RA,RA_S2A_42XVK_20200830_0_L2A_33.tif,0.38954869358669836,0.6928086734163682,0.4872899612236105,412,173
test,RA,RA_S2A_42XVL_20200823_0_L2A_65.tif,0.3745019920318725,0.6860514605494163,0.5300613496932516,251,94
test,RA,RA_S2B_41XME_20200814_0_L2A_51.tif,0.7669039145907474,0.8824458901730328,0.6694736842105262,479,514
test,RA,RA_S2B_41XME_20200814_0_L2A_59.tif,0.0,0.460662841796875,0.03151674326986212,4770,386
test,RA,RA_S2B_41XME_20200830_0_L2A_71.tif,0.599640933572711,0.7981103965431113,0.7207583995538827,489,402
test,RA,RA_S2B_41XNE_20200805_5_L2A_10.tif,0.05113636363636364,0.5242938979352023,0.3408284023668639,158,27
test,SAW,SAW_S2A_42SWE_20200910_1_L2A_66.tif,0.6241830065359477,0.8112115583601768,0.6869061413673232,288,209
test,SAW,SAW_S2A_42SWE_20200913_0_L2A_29.tif,0.4349775784753363,0.7145920155385341,0.7211618719047355,644,316
test,SAW,SAW_S2A_42SWE_20200913_1_L2A_165.tif,0.0,0.4992828369140625,0.0,93,1
test,SAW,SAW_S2A_42SWE_20200923_0_L2A_9.tif,0.28774928774928776,0.6419643512178088,0.3055416874687968,349,103
test,SAW,SAW_S2A_42SXE_20200910_0_L2A_118.tif,0.19607843137254902,0.5977263627729271,0.5,51,10
test,SAW,SAW_S2A_42SXE_20200910_0_L2A_182.tif,0.570446735395189,0.7833063073945457,0.42483404919953144,539,375
test,SAW,SAW_S2A_42SXE_20200910_0_L2A_228.tif,0.5638297872340425,0.7816018352659988,0.8438133874239351,79,68
test,SAW,SAW_S2A_42SXE_20200910_0_L2A_279.tif,0.6137410976120653,0.7996754059176745,0.5267474370922647,2274,1578
test,SAW,SAW_S2A_42SXE_20200910_1_L2A_218.tif,0.40613718411552346,0.7005498739245223,0.5187750243480144,527,252
test,SAW,SAW_S2A_42SXE_20200910_1_L2A_372.tif,0.0,0.4993133544921875,0.0,89,1
test,SAW,SAW_S2A_42SXE_20200920_1_L2A_164.tif,0.4,0.6986931001803675,0.3460706560922855,283,116
test,SAW,SAW_S2A_42SXE_20200920_1_L2A_185.tif,0.21354166666666666,0.6056180735806804,0.34736842105263155,191,42
test,SAW,SAW_S2A_42SXE_20200920_1_L2A_353.tif,0.9279419388284085,0.9617274417494099,0.7617304927460461,3813,3625
test,SAW,SAW_S2A_42SXE_20200920_1_L2A_363.tif,0.3577981651376147,0.6783647069485499,0.6101694915254238,101,47
test,SAW,SAW_S2A_42SXE_20200923_0_L2A_35.tif,0.7762962962962963,0.8869868240848983,0.7007786429365962,628,571
test,SAW,SAW_S2A_42SXF_20200910_0_L2A_103.tif,0.1951219512195122,0.5952925532707606,0.44525281920698434,361,80
test,SAW,SAW_S2A_42SYE_20200910_0_L2A_150.tif,0.30474934036939316,0.6483397570846277,0.3484995159728944,425,564
test,SAW,SAW_S2A_42SYE_20200910_1_L2A_71.tif,0.48223350253807107,0.7387719596183329,0.45851022771130834,511,365
test,SAW,SAW_S2A_42SYF_20200920_1_L2A_77.tif,0.4017094017094017,0.7003202599562294,0.6070826306913996,108,56
test,SAW,SAW_S2A_42SYF_20200920_1_L2A_82.tif,0.22549019607843138,0.610330820183339,0.3235294117647059,399,101
test,SAW,SAW_S2A_43SBA_20200920_1_L2A_35.tif,0.10714285714285714,0.5529991453904497,0.425357873210634,75,18
test,SAW,SAW_S2A_43SBV_20200920_1_L2A_119.tif,0.9353476283300844,0.9660858032484647,0.9776193549047927,3078,2879
test,SAW,SAW_S2A_43SBV_20200920_1_L2A_26.tif,0.860145739910314,0.9260787610656633,0.8667453531125018,3559,3078
test,SAW,SAW_S2A_43SBV_20200920_1_L2A_75.tif,0.13738019169329074,0.5666288068539286,0.32116788321167883,293,63
test,SAW,SAW_S2A_43SCA_20200920_1_L2A_56.tif,0.18478260869565216,0.5918189512899344,0.6521739130434783,84,25
test,SAW,SAW_S2A_43SCA_20200920_1_L2A_57.tif,0.6973293768545994,0.8478836896677096,0.929225645295587,337,235
test,SAW,SAW_S2A_43SDB_20200907_1_L2A_14.tif,0.0,0.2713165283203125,0.0,59,29915
test,SAW,SAW_S2A_43SDB_20200907_1_L2A_56.tif,0.49333333333333335,0.7437510358162231,0.17151024297284423,687,433
test,SAW,SAW_S2A_43SEB_20200904_0_L2A_4.tif,0.7971274685816876,0.8976957320785903,0.8043114273754709,554,447
test,SAW,SAW_S2A_43SET_20200917_0_L2A_2.tif,0.1281437125748503,0.5585085739508465,0.41360682029205714,833,109
test,SAW,SAW_S2A_43SET_20200924_0_L2A_51.tif,0.6412556053811659,0.8181649001599506,0.6826433927236781,808,656
test,SAW,SAW_S2A_43SET_20200924_0_L2A_84.tif,0.39344262295081966,0.694740219809763,0.47904191616766467,392,203
test,SAW,SAW_S2A_43SET_20200924_1_L2A_43.tif,0.8939759036144578,0.9463088765842145,1.0,830,742
test,SAW,SAW_S2A_43SET_20200924_1_L2A_68.tif,0.03389830508474576,0.5108582934106638,0.15645472061657034,513,341
test,SAW,SAW_S2A_43SET_20200924_1_L2A_78.tif,0.23172905525846701,0.6125697228712602,0.21256038647342992,188,503
test,SAW,SAW_S2A_43SET_20200924_1_L2A_87.tif,0.0,0.49737548828125,0.0,332,12
test,SAW,SAW_S2A_43SEU_20200924_1_L2A_104.tif,0.5841584158415841,0.7917584846133712,0.8283185840707965,96,64
test,SAW,SAW_S2A_43SEU_20200924_1_L2A_291.tif,0.0,0.49843597412109375,0.0,205,0
test,SAW,SAW_S2A_43SEU_20200924_1_L2A_71.tif,0.07430240103828682,0.49331150046689837,0.19394600841010495,6164,458
test,SAW,SAW_S2A_43SFR_20200921_0_L2A_21.tif,0.2847341337907376,0.6359717537243977,0.4411556603773585,1033,465
test,SAW,SAW_S2A_43SFS_20200901_1_L2A_24.tif,0.521613832853026,0.7582598884705796,0.6797789529978014,537,519
test,SAW,SAW_S2A_43SFS_20200924_0_L2A_15.tif,0.0,0.49921417236328125,0.0,103,0
test,SAW,SAW_S2A_43SFT_20200914_1_L2A_33.tif,0.5306122448979592,0.7649548916139665,0.9310344827586207,94,56
test,SAW,SAW_S2A_43SFT_20200924_1_L2A_23.tif,0.16168478260869565,0.5713934035865004,0.3384139192421329,1433,277
test,SAW,SAW_S2A_43SFT_20200924_1_L2A_8.tif,0.3502824858757062,0.6742630317395149,0.3700680272108844,93,146
test,SAW,SAW_S2A_43SFU_20200914_1_L2A_69.tif,0.43973941368078173,0.7185547422374031,0.6526491100239409,304,138
test,SAW,SAW_S2A_43SFU_20200921_1_L2A_47.tif,0.0,0.49916839599609375,0.0,97,12
test,SAW,SAW_S2A_43SFU_20200924_0_L2A_117.tif,0.7543103448275862,0.8767191325735213,0.9009009009009009,215,192
test,SAW,SAW_S2A_43SGR_20200901_1_L2A_52.tif,0.4573170731707317,0.72524391741132,0.2803297997644287,453,742
test,SAW,SAW_S2A_43SGR_20200911_1_L2A_27.tif,0.0,0.4982757568359375,0.0,226,0
test,SAW,SAW_S2A_43SGR_20200911_1_L2A_43.tif,0.37755102040816324,0.6883098542398685,0.6308243727598567,48,87
test,SAW,SAW_S2A_43SGR_20200911_1_L2A_60.tif,0.20481927710843373,0.6014020357329289,0.4235294117647058,132,68
test,SAW,SAW_S2A_43SGS_20200901_0_L2A_38.tif,0.013953488372093023,0.5053592385018874,0.18181818181818182,214,4
test,SAW,SAW_S2A_43SGS_20200911_3_L2A_31.tif,0.47149122807017546,0.7339008780390068,0.7013324666883327,411,260
test,SAW,SAW_S2A_43SGS_20200921_1_L2A_50.tif,0.00904392764857881,0.49866959311818987,0.0,774,7
test,SAW,SAW_S2A_43SGS_20200921_1_L2A_54.tif,0.0,0.49883270263671875,0.0,48,105
test,SAW,SAW_S2A_43SGT_20200901_0_L2A_6.tif,0.6741573033707865,0.8368571964957054,0.961038961038961,88,61
test,SAW,SAW_S2A_43SGT_20200911_1_L2A_33.tif,0.41379310344827586,0.7065072387470387,0.64,81,42
test,SAW,SAW_S2A_43SGT_20200914_1_L2A_2.tif,0.18446601941747573,0.5909505278008933,0.5408515535097814,101,143
test,SAW,SAW_S2A_43SGU_20200911_1_L2A_15.tif,0.046242774566473986,0.5180835269998956,0.14139827179890024,692,32
test,SAW,SAW_S2A_43SGU_20200914_1_L2A_37.tif,0.8457142857142858,0.9226506829562436,1.0,173,150
test,SAW,SAW_S2A_43SGU_20200921_1_L2A_12.tif,0.0,0.49880218505859375,0.0,155,2
test,SAW,SAW_S2A_43SGV_20200901_1_L2A_22.tif,0.0,0.49855804443359375,0.0,156,33
test,SAW,SAW_S2A_43SGV_20200901_1_L2A_26.tif,0.25742574257425743,0.6281404395973104,0.576923076923077,61,66
test,SAW,SAW_S2A_43SGV_20200901_1_L2A_8.tif,0.0,0.4980316162109375,0.0,253,5
test,SAW,SAW_S2A_43SGV_20200921_1_L2A_55.tif,0.04424778761061947,0.5212998563268644,0.36,113,5
test,SAW,SAW_S2A_44RKV_20200901_0_L2A_3.tif,0.7383177570093458,0.8689449976363166,1.0,88,98
test,SAW,SAW_S2A_44RMV_20200908_0_L2A_2.tif,0.4153846153846154,0.7062397305145887,0.33235581622678395,315,145
test,SAW,SAW_S2A_44RMV_20200918_0_L2A_43.tif,0.0022675736961451248,0.4776327415093676,0.0,384,2710
test,SAW,SAW_S2A_44RNU_20200905_1_L2A_46.tif,0.013668267454746953,0.486452143162632,0.0855497669317247,2694,50
test,SAW,SAW_S2A_44RNU_20200905_1_L2A_56.tif,0.0,0.49904632568359375,0.0,123,2
test,SAW,SAW_S2A_44RNU_20200905_2_L2A_68.tif,0.2864864864864865,0.6361535478546144,0.23398328690807796,1290,376
test,SAW,SAW_S2A_44RNV_20200908_0_L2A_111.tif,0.05574912891986063,0.5258064936418595,0.0,287,16
test,SAW,SAW_S2A_44RNV_20200908_1_L2A_106.tif,0.16095890410958905,0.5767356789427258,0.24034334763948498,584,94
test,SAW,SAW_S2A_44RNV_20200915_1_L2A_93.tif,0.1942800788954635,0.590888030693389,0.48593579803934134,847,364
test,SAW,SAW_S2A_44SKA_20200901_1_L2A_12.tif,0.2,0.5989924125612568,0.3692307692307692,135,63
test,SAW,SAW_S2A_44SKA_20200921_1_L2A_13.tif,0.6411845730027548,0.8165600908508859,0.6261415817415203,1418,965
test,SAW,SAW_S2A_44SKB_20200901_0_L2A_41.tif,0.0,0.32111358642578125,0.0,17,23430
test,SAW,SAW_S2A_44SKB_20200901_1_L2A_58.tif,0.1437246963562753,0.5588972283350677,0.3181421042247964,1976,284
test,SAW,SAW_S2A_44SKB_20200901_1_L2A_89.tif,0.44,0.7196794039967636,0.8315098468271336,69,39
test,SAW,SAW_S2A_44SKB_20200911_2_L2A_47.tif,0.2126861555432984,0.4906329610401317,0.0933831132118718,18108,3878
test,SAW,SAW_S2A_44SKB_20200921_1_L2A_85.tif,0.04790419161676647,0.5215253558816433,0.023529411764705885,334,16
test,SAW,SAW_S2A_44SKB_20200921_1_L2A_86.tif,0.24107142857142858,0.6198869484672771,0.4855491329479769,108,31
test,SAW,SAW_S2A_44SKC_20200901_1_L2A_44.tif,0.002704987320371936,0.4112969245346364,0.05360134003350084,11830,32
test,SAW,SAW_S2A_44SKC_20200921_1_L2A_34.tif,0.05420054200542006,0.5244367994843023,0.0,369,20
test,SAW,SAW_S2A_44SKD_20200901_1_L2A_22.tif,0.8858954041204438,0.9418300020384889,0.9760298656415753,1259,1121
test,SAW,SAW_S2A_44SKD_20200921_1_L2A_37.tif,0.10084033613445378,0.5496036733477349,0.3404255319148936,114,17
test,SAW,SAW_S2A_44SLA_20200911_1_L2A_10.tif,0.8370883882149047,0.9155884051633608,0.8226216720366288,2280,1960
test,SAW,SAW_S2A_44SLB_20200911_2_L2A_32.tif,0.19318181818181818,0.5944219104961758,0.232264844981608,331,89
test,SAW,SAW_S2A_44SLB_20200918_1_L2A_12.tif,0.014492753623188406,0.5062087474894102,0.0,138,2
test,SAW,SAW_S2A_44SMA_20200918_1_L2A_26.tif,0.025974025974025976,0.5118425339538688,0.0,154,4
test,SAW,SAW_S2B_42SWE_20200918_1_L2A_37.tif,0.3711340206185567,0.6832336361737743,0.5503386522787279,458,207
test,SAW,SAW_S2B_42SXE_20200905_1_L2A_191.tif,0.4639175257731959,0.7299682865502993,0.6622734761120264,434,276
test,SAW,SAW_S2B_42SXE_20200905_1_L2A_230.tif,0.5532516493873704,0.7729768077727164,0.5434101034864809,958,690
test,SAW,SAW_S2B_42SXE_20200905_1_L2A_239.tif,0.670545009185548,0.831098143549339,0.4666792524070229,1561,1167
test,SAW,SAW_S2B_42SXE_20200905_1_L2A_6.tif,0.7807737397420867,0.888945525644128,0.7017288972831613,824,695
test,SAW,SAW_S2B_42SXE_20200918_1_L2A_64.tif,0.38636363636363635,0.6917372395554673,0.4518322629391764,303,124
test,SAW,SAW_S2B_42SXF_20200905_0_L2A_2.tif,0.5555555555555556,0.776768155774137,0.727921498661909,259,203
test,SAW,SAW_S2B_42SXF_20200905_1_L2A_10.tif,0.41278538812785387,0.7014529239207273,0.38748495788206977,1095,452
test,SAW,SAW_S2B_42SXF_20200905_1_L2A_60.tif,0.1891891891891892,0.5936786759281721,0.29464285714285715,137,39
test,SAW,SAW_S2B_42SXF_20200915_1_L2A_45.tif,0.938034188034188,0.9666457205830181,0.861811000059848,4673,4397
test,SAW,SAW_S2B_42SYE_20200922_1_L2A_29.tif,0.5109034267912772,0.7530440333563796,0.5079468050600064,590,380
test,SAW,SAW_S2B_42SYE_20200922_1_L2A_41.tif,0.3522727272727273,0.6757012823448592,0.56,70,49
test,SAW,SAW_S2B_43SBA_20200922_1_L2A_15.tif,0.0,0.49897003173828125,0.0,133,2
test,SAW,SAW_S2B_43SBA_20200922_1_L2A_7.tif,0.08376963350785341,0.5405493466684567,0.3448275862068966,184,23
test,SAW,SAW_S2B_43SBV_20200922_0_L2A_146.tif,0.0,0.49863433837890625,0.0,179,0
test,SAW,SAW_S2B_43SBV_20200922_0_L2A_65.tif,0.2406832298136646,0.6166019963632187,0.4573409707567078,628,171
test,SAW,SAW_S2B_43SBV_20200922_1_L2A_68.tif,0.8919247115968427,0.9445731850865104,0.8955913792107238,1645,1471
test,SAW,SAW_S2B_43SBV_20200925_1_L2A_65.tif,0.033093525179856115,0.5062856540237347,0.06926882902693787,1381,55
test,SAW,SAW_S2B_43SCA_20200922_0_L2A_125.tif,0.4909090909090909,0.7452408343614132,1.0,55,27
test,SAW,SAW_S2B_43SCA_20200922_0_L2A_130.tif,0.017857142857142856,0.5072500021799601,0.25,223,5
test,SAW,SAW_S2B_43SCA_20200922_0_L2A_91.tif,0.8033980582524272,0.9010779111137912,0.9922480620155039,412,331
test,SAW,SAW_S2B_43SCA_20200922_1_L2A_152.tif,0.16725978647686832,0.5818433336635437,0.49916527545909845,271,57
test,SAW,SAW_S2B_43SCA_20200922_1_L2A_169.tif,0.7269230769230769,0.8629182847544057,1.0,260,189
test,SAW,SAW_S2B_43SCA_20200922_1_L2A_76.tif,0.7819178082191781,0.8878548157600594,0.748295343853497,1824,1428
test,SAW,SAW_S2B_43SCA_20200925_0_L2A_54.tif,0.0,0.49279022216796875,0.0,931,14
test,SAW,SAW_S2B_43SCA_20200925_1_L2A_40.tif,0.0,0.4995269775390625,0.0,58,4
test,SAW,SAW_S2B_43SCU_20200922_0_L2A_53.tif,0.5649484536082474,0.7808576658651394,0.463768115942029,421,338
test,SAW,SAW_S2B_43SCV_20200922_0_L2A_252.tif,0.14755244755244756,0.5644459520578924,0.3791237467380854,1368,273
test,SAW,SAW_S2B_43SCV_20200922_0_L2A_258.tif,0.3209302325581395,0.6593500506734975,0.3971631205673759,206,78
test,SAW,SAW_S2B_43SCV_20200922_0_L2A_312.tif,0.5355129650507328,0.7613773910814001,0.4860961414097866,1692,1032
test,SAW,SAW_S2B_43SCV_20200922_0_L2A_398.tif,0.11538461538461539,0.5554097604000653,0.2724458204334365,336,41
test,SAW,SAW_S2B_43SCV_20200922_0_L2A_410.tif,0.2848101265822785,0.6415423493304424,0.3870967741935483,156,47
test,SAW,SAW_S2B_43SCV_20200922_0_L2A_80.tif,0.7697749196141479,0.8821053214462042,0.7636363636363637,1469,1283
test,SAW,SAW_S2B_43SCV_20200922_1_L2A_107.tif,0.3732394366197183,0.6859401526210545,0.5454545454545454,117,78
test,SAW,SAW_S2B_43SCV_20200922_1_L2A_225.tif,0.3515981735159817,0.6736272351780453,0.0,429,163
test,SAW,SAW_S2B_43SDA_20200922_1_L2A_52.tif,0.22401847575057737,0.6094419614804782,0.37276568085797857,381,149
test,SAW,SAW_S2B_43SDB_20200922_1_L2A_22.tif,0.7122641509433962,0.8556656076273913,0.8941176470588236,197,166
test,SAW,SAW_S2B_43SDU_20200909_0_L2A_41.tif,0.6738351254480287,0.8362212904586046,0.6890561667631733,201,266
test,SAW,SAW_S2B_43SDU_20200912_1_L2A_82.tif,0.06300813008130081,0.5279852496830442,0.192102454642476,470,53
test,SAW,SAW_S2B_43SDU_20200922_0_L2A_48.tif,0.3364485981308411,0.6660527796134998,0.635910374241605,413,159
test,SAW,SAW_S2B_43SDU_20200922_0_L2A_50.tif,0.8320180383314544,0.9124794401884365,0.8226328019629829,2616,2259
test,SAW,SAW_S2B_43SDV_20200922_1_L2A_76.tif,0.0,0.497222900390625,0.0,363,1
test,SAW,SAW_S2B_43SET_20200909_0_L2A_55.tif,0.6549865229110512,0.8265130644971993,0.8553830992855384,371,243
test,SAW,SAW_S2B_43SET_20200909_1_L2A_18.tif,0.38235294117647056,0.6905350925416895,0.7193195625759418,124,64
test,SAW,SAW_S2B_43SEU_20200919_0_L2A_207.tif,0.5892857142857143,0.7930563827946912,0.44461562162994916,501,300
test,SAW,SAW_S2B_43SEU_20200919_0_L2A_243.tif,0.6801724137931034,0.837221209290485,0.7139872502276745,1127,822
test,SAW,SAW_S2B_43SEU_20200919_1_L2A_171.tif,0.7266922094508301,0.8600230201575714,0.8401088337624151,1403,1301
test,SAW,SAW_S2B_43SEU_20200922_1_L2A_104.tif,0.0,0.492889404296875,0.0,922,10
test,SAW,SAW_S2B_43SEV_20200922_0_L2A_4.tif,0.6531986531986532,0.8258111658451409,0.8547945205479451,294,197
test,SAW,SAW_S2B_43SEV_20200922_0_L2A_74.tif,0.5227272727272727,0.7607218663006818,0.7333333333333334,154,114
test,SAW,SAW_S2B_43SEV_20200922_0_L2A_76.tif,0.0,0.49749755859375,0.0,310,18
test,SAW,SAW_S2B_43SFA_20200919_1_L2A_20.tif,0.007772020725388601,0.4980413590579484,0.04428044280442805,768,10
test,SAW,SAW_S2B_43SFR_20200909_0_L2A_1.tif,0.023293172690763052,0.49307546322005696,0.21071318308119788,2438,110
test,SAW,SAW_S2B_43SFU_20200909_0_L2A_114.tif,0.025362318840579712,0.5085756681349201,0.389873417721519,552,14
test,SAW,SAW_S2B_43SFU_20200909_1_L2A_49.tif,0.3241830065359477,0.65813212329003,0.24760501105379515,764,249
test,SAW,SAW_S2B_43SFU_20200909_1_L2A_91.tif,0.8386157826649417,0.9153439874829563,0.6544035174301226,3092,2593
test,SAW,SAW_S2B_43SFV_20200919_1_L2A_21.tif,0.679324894514768,0.8390811853070972,0.9294767630809231,193,205
test,SAW,SAW_S2B_43SFV_20200919_1_L2A_41.tif,0.3148148148148148,0.6565598850740486,0.4227642276422765,78,135
test,SAW,SAW_S2B_43SFV_20200919_1_L2A_48.tif,0.296551724137931,0.6451548780410602,0.48894062863795107,462,290
test,SAW,SAW_S2B_43SFV_20200919_1_L2A_67.tif,0.07132867132867132,0.5204310181353143,0.1030555053335744,2145,153
test,SAW,SAW_S2B_43SGT_20200909_1_L2A_3.tif,0.6682692307692307,0.8336070682494257,0.8617971623751971,188,159
test,SAW,SAW_S2B_43SGU_20200916_1_L2A_55.tif,0.7339743589743589,0.866351719276176,0.9244683451478857,301,240
test,SAW,SAW_S2B_43SGV_20200916_1_L2A_47.tif,0.2682926829268293,0.6334593500279079,0.6319595083152567,119,37
test,SAW,SAW_S2B_43SGV_20200919_1_L2A_4.tif,0.007194244604316547,0.4941201128251488,0.10557184750733138,1244,16
test,SAW,SAW_S2B_43SGV_20200919_1_L2A_48.tif,0.024175824175824177,0.5086998922481563,0.08875739644970415,455,11
test,SAW,SAW_S2B_44RMV_20200913_0_L2A_42.tif,0.125,0.5604159350809961,0.3678832116788321,312,39
test,SAW,SAW_S2B_44RNV_20200920_1_L2A_50.tif,0.7046632124352331,0.8518958264011027,0.8187234042553191,193,136
test,SAW,SAW_S2B_44RNV_20200920_1_L2A_94.tif,0.009259259259259259,0.5021804818720114,0.0,324,3
test,SAW,SAW_S2B_44SKA_20200913_1_L2A_42.tif,0.32189973614775724,0.6550345696236715,0.5318949343339587,1126,377
test,SAW,SAW_S2B_44SKD_20200916_1_L2A_30.tif,0.058823529411764705,0.5291676166300744,0.21978021978021975,21,15
test,SAW,SAW_S2B_44SKE_20200916_1_L2A_23.tif,0.0,0.49929046630859375,0.0,92,1
test,SAW,SAW_S2B_44SLA_20200913_1_L2A_106.tif,0.8061002178649237,0.9023672374964369,0.8472222222222222,450,379
test,SAW,SAW_S2B_44SLA_20200913_1_L2A_123.tif,0.4780361757105943,0.7359183118985099,0.5602495038276155,749,395
test,SAW,SAW_S2B_44SLA_20200923_0_L2A_127.tif,0.39855072463768115,0.6986415906904293,0.6829268292682927,115,78
test,SAW,SAW_S2B_44SLB_20200923_1_L2A_10.tif,0.20118343195266272,0.5995612130909233,0.4061895551257253,169,34
test,SA,SA_S2A_18FWH_20200706_1_L2A_1.tif,0.015026786880961714,0.4499019231174959,0.021281702536202894,7327,441
test,SA,SA_S2A_18FWJ_20200706_0_L2A_3.tif,0.41687344913151364,0.6646161901254922,0.240292503262949,9240,3893
test,SA,SA_S2A_18FWK_20200706_0_L2A_216.tif,0.0,0.3738250732421875,0.0,642,15896
test,SA,SA_S2A_18FWK_20200706_1_L2A_79.tif,0.5536185726857478,0.6750223775994434,0.09693369530990698,23394,13680
test,SA,SA_S2A_18FWL_20200706_0_L2A_68.tif,0.04572405929304447,0.45861853536541375,0.07530851606323305,2265,6906
test,SA,SA_S2A_18FXF_20200716_2_L2A_132.tif,0.0,0.4752960205078125,0.0,35,3203
test,SA,SA_S2A_18FXF_20200716_2_L2A_167.tif,0.0071039314908524715,0.4256224483080952,0.0023282887077997676,10276,73
test,SA,SA_S2A_18FXF_20200716_2_L2A_253.tif,0.011046511627906977,0.45355258670304605,0.006764374295377678,6546,410
test,SA,SA_S2A_18FXF_20200716_2_L2A_320.tif,0.0,0.4975738525390625,0.0,289,29
test,SA,SA_S2A_18FXF_20200716_2_L2A_347.tif,0.0,0.45172119140625,0.0,5827,501
test,SA,SA_S2A_18FXF_20200716_2_L2A_78.tif,0.0,0.40473175048828125,0.0,355,12132
test,SA,SA_S2A_18FXH_20200825_0_L2A_122.tif,0.017790956263899184,0.49878282701459703,0.06639004149377593,1347,26
test,SA,SA_S2A_18FXH_20200825_0_L2A_250.tif,0.005433045701502077,0.4789676866353021,0.05070422535211268,2684,462
test,SA,SA_S2A_18FXH_20200825_0_L2A_251.tif,0.0,0.49822998046875,0.0,123,109
test,SA,SA_S2A_18FXH_20200825_0_L2A_254.tif,0.0,0.4980316162109375,0.0,119,139
test,SA,SA_S2A_18FXH_20200825_0_L2A_37.tif,0.002056555269922879,0.4862187189460766,0.03143418467583497,1721,228
test,SA,SA_S2A_18FXH_20200825_0_L2A_63.tif,0.19152109075415424,0.5362199259663645,0.2965670494901456,9342,1844
test,SA,SA_S2A_18FXH_20200825_0_L2A_78.tif,0.12374483165977555,0.5390903466313681,0.08001697973044677,3382,423
test,SA,SA_S2A_18FXH_20200825_0_L2A_98.tif,0.0,0.49637603759765625,0.0,343,132
test,SA,SA_S2A_18FXJ_20200825_0_L2A_133.tif,0.0010905125408942203,0.49355662424176017,0.045112781954887216,911,7
test,SA,SA_S2A_18FXJ_20200825_0_L2A_228.tif,0.3157740993184031,0.601484243565419,0.5497544346218292,10230,3283
test,SA,SA_S2A_18FXJ_20200825_0_L2A_237.tif,0.8943372350521986,0.9445055229144805,0.8314667752664088,3129,2859
test,SA,SA_S2A_18FXJ_20200825_0_L2A_344.tif,0.9515526679285824,0.8298745262403799,0.4676404759891859,58641,55800
test,SA,SA_S2A_18FXJ_20200825_0_L2A_349.tif,0.8490008107979206,0.891338155477519,0.414767273612882,20902,17866
test,SA,SA_S2A_18FXJ_20200825_0_L2A_50.tif,0.41843971631205673,0.7073379444180581,0.36681222707423583,340,260
test,SA,SA_S2A_18FXJ_20200825_0_L2A_8.tif,0.846441947565543,0.8990567225750421,0.39883557639831146,15537,14536
test,SA,SA_S2A_18FXM_20200706_1_L2A_193.tif,0.0,0.4960784912109375,0.0,220,294
test,SA,SA_S2A_18FXM_20200706_1_L2A_383.tif,0.0,0.49304962158203125,0.0,878,33
test,SA,SA_S2A_18FXM_20200825_0_L2A_152.tif,0.0,0.49483489990234375,0.0,652,25
test,SA,SA_S2A_18FXM_20200825_1_L2A_223.tif,0.0,0.49712371826171875,0.0,358,19
test,SA,SA_S2A_18FXM_20200825_1_L2A_25.tif,0.0,0.49609375,0.0,79,433
test,SA,SA_S2A_18FXM_20200825_1_L2A_316.tif,0.0,0.4971466064453125,0.0,364,10
test,SA,SA_S2A_18FXM_20200825_1_L2A_463.tif,0.0,0.48577880859375,0.0,1836,28
test,SA,SA_S2A_18FXM_20200825_1_L2A_531.tif,0.1162109375,0.5511883065444572,0.1856090296284684,1018,125
test,SA,SA_S2A_18GWP_20200722_0_L2A_74.tif,0.8844754081314339,0.9005939437578554,0.258593646226935,28844,25525
test,SA,SA_S2A_18GXN_20200726_0_L2A_140.tif,0.0,0.49822998046875,0.0,225,7
test,SA,SA_S2A_18GXN_20200726_0_L2A_177.tif,0.9197805069244839,0.9574150857635835,0.9877086942100026,3827,3520
test,SA,SA_S2A_18GXN_20200726_0_L2A_261.tif,0.0009709635657481043,0.3355843141113484,0.016736401673640166,21585,64
test,SA,SA_S2A_18GXN_20200726_0_L2A_76.tif,0.0,0.49570465087890625,0.0,510,53
test,SA,SA_S2A_18GXP_20200726_1_L2A_36.tif,0.0,0.4974822998046875,0.0,35,295
test,SA,SA_S2A_18GXP_20200726_1_L2A_54.tif,0.0,0.49359130859375,0.0,774,66
test,SA,SA_S2A_18GXP_20200818_0_L2A_109.tif,0.0014078841512469831,0.46281995178124996,0.022426413331256813,4566,413
test,SA,SA_S2A_18GXP_20200818_0_L2A_120.tif,0.0,0.49662017822265625,0.0,440,3
test,SA,SA_S2A_18GXP_20200818_0_L2A_129.tif,0.024096385542168676,0.5089578164319213,0.0,414,11
test,SA,SA_S2A_18GXP_20200818_0_L2A_156.tif,0.007360672975814932,0.44601387344575716,0.020185029436501262,7608,56
test,SA,SA_S2A_18GXP_20200818_0_L2A_166.tif,0.7907647907647908,0.8942668048118285,0.9076028673025907,693,548
test,SA,SA_S2A_18GXP_20200818_0_L2A_176.tif,0.31833357526491507,0.6220987611733382,0.2716751075618778,6836,2246
test,SA,SA_S2A_18GXP_20200818_0_L2A_200.tif,0.0,0.498748779296875,0.0,161,3
test,SA,SA_S2A_18GXP_20200818_0_L2A_250.tif,0.0,0.4901275634765625,0.0,1292,2
test,SA,SA_S2A_18GXP_20200818_0_L2A_307.tif,0.0,0.49857330322265625,0.0,175,12
test,SA,SA_S2A_18GXP_20200818_0_L2A_330.tif,0.5337773549000951,0.7390518354302128,0.18347221160461735,7357,3927
test,SA,SA_S2A_18GXP_20200818_0_L2A_349.tif,0.0,0.4994964599609375,0.0,61,5
test,SA,SA_S2A_18GXP_20200818_0_L2A_391.tif,0.03430531732418525,0.5128559983043174,0.39446366782006925,442,161
test,SA,SA_S2A_18GYQ_20200818_0_L2A_3.tif,0.0,0.49072265625,0.0,1209,7
test,SA,SA_S2A_18GYQ_20200818_0_L2A_31.tif,0.0,0.49912261962890625,0.0,115,0
test,SA,SA_S2A_18GYQ_20200818_0_L2A_81.tif,0.0,0.4989166259765625,0.0,54,88
test,SA,SA_S2A_18GYT_20200821_0_L2A_31.tif,0.0,0.49817657470703125,0.0,239,0
test,SA,SA_S2A_18GYT_20200821_1_L2A_3.tif,0.0,0.4942169189453125,0.0,746,12
test,SA,SA_S2A_18GYU_20200729_0_L2A_205.tif,0.0,0.4968719482421875,0.0,409,1
test,SA,SA_S2A_18GYU_20200821_0_L2A_134.tif,0.0,0.474639892578125,0.0,3324,0
test,SA,SA_S2A_18GYU_20200821_0_L2A_9.tif,0.04325153374233129,0.49777837792705676,0.07575074398052124,2363,1038
test,SA,SA_S2A_18GYV_20200729_1_L2A_35.tif,0.6256247160381645,0.8063908115485949,0.417434478670059,1994,1584
test,SA,SA_S2A_19FCV_20200720_1_L2A_161.tif,0.0,0.490875244140625,0.0,1176,20
test,SA,SA_S2A_19FCV_20200720_1_L2A_230.tif,0.0,0.494903564453125,0.0,665,3
test,SA,SA_S2A_19FCV_20200720_1_L2A_34.tif,0.0039347948285553686,0.48844666613499677,0.03133159268929504,1270,516
test,SA,SA_S2A_19FCV_20200720_1_L2A_8.tif,0.0,0.4948272705078125,0.0,511,167
test,SA,SA_S2A_19FCV_20200720_1_L2A_93.tif,0.0028625954198473282,0.48548440315781016,0.06611570247933884,2085,17
test,SA,SA_S2A_19FDU_20200720_0_L2A_48.tif,0.0,0.47370147705078125,0.0,274,3173
test,SA,SA_S2A_19FDU_20200720_0_L2A_53.tif,0.0,0.48546600341796875,0.0,298,1607
test,SA,SA_S2A_19FDU_20200720_1_L2A_64.tif,0.005237887385421213,0.4852283692467061,0.021521694143615922,1332,971
test,SA,SA_S2A_19FDV_20200720_1_L2A_117.tif,0.0,0.49237823486328125,0.0,974,25
test,SA,SA_S2A_19FDV_20200720_1_L2A_131.tif,0.0,0.4965667724609375,0.0,223,227
test,SA,SA_S2A_19FDV_20200720_1_L2A_161.tif,0.0,0.48760986328125,0.0,1609,15
test,SA,SA_S2A_19FDV_20200720_1_L2A_213.tif,0.04660670482420278,0.4786297075637466,0.1256257056483848,1494,4906
test,SA,SA_S2A_19FDV_20200720_1_L2A_225.tif,0.004273504273504274,0.49858134578279845,0.0617283950617284,450,20
test,SA,SA_S2A_19FDV_20200720_1_L2A_274.tif,0.0,0.46526336669921875,0.0,4514,39
test,SA,SA_S2A_19FDV_20200720_1_L2A_352.tif,0.0,0.49880218505859375,0.0,133,24
test,SA,SA_S2A_19FDV_20200720_1_L2A_359.tif,0.0,0.4989166259765625,0.0,36,106
test,SA,SA_S2A_19FDV_20200720_1_L2A_380.tif,0.0,0.4922637939453125,0.0,128,886
test,SA,SA_S2A_19FDV_20200720_1_L2A_410.tif,0.003720238095238095,0.46098460772214134,0.0051813471502590676,3834,1562
test,SA,SA_S2A_19FDV_20200720_1_L2A_413.tif,0.0,0.49457550048828125,0.0,710,1
test,SA,SA_S2A_19FDV_20200720_1_L2A_458.tif,0.0,0.4897308349609375,0.0,1327,19
test,SA,SA_S2A_19FDV_20200720_1_L2A_86.tif,0.0,0.49794769287109375,0.0,247,22
test,SA,SA_S2A_19FEV_20200717_1_L2A_7.tif,0.0,0.494720458984375,0.0,691,1
test,SA,SA_S2A_19FEV_20200720_1_L2A_112.tif,0.0,0.48279571533203125,0.0,130,2125
test,SA,SA_S2A_19FEV_20200720_1_L2A_147.tif,0.0,0.494140625,0.0,742,26
test,SA,SA_S2A_19FEV_20200720_1_L2A_153.tif,0.0,0.498870849609375,0.0,148,0
test,SA,SA_S2A_19FEV_20200720_1_L2A_180.tif,0.0,0.49498748779296875,0.0,567,90
test,SA,SA_S2A_19FEV_20200720_1_L2A_211.tif,0.0,0.48525238037109375,0.0,1721,212
test,SA,SA_S2A_19FEV_20200720_1_L2A_91.tif,0.0,0.494140625,0.0,750,18
test,SA,SA_S2A_19GBP_20200729_1_L2A_157.tif,0.0,0.4902801513671875,0.0,940,334
test,SA,SA_S2A_19GBP_20200729_1_L2A_184.tif,0.0,0.4990234375,0.0,48,80
test,SA,SA_S2A_19GBP_20200729_1_L2A_236.tif,0.0,0.4988861083984375,0.0,133,13
test,SA,SA_S2A_19GBP_20200729_1_L2A_256.tif,0.0,0.49802398681640625,0.0,248,11
test,SA,SA_S2A_19GBP_20200729_1_L2A_271.tif,0.8951874815470918,0.9416245451857063,0.6849928366762177,6774,6064
test,SA,SA_S2A_19GBP_20200729_1_L2A_44.tif,0.0,0.49249267578125,0.0,983,1
test,SA,SA_S2A_19GBP_20200729_1_L2A_79.tif,0.0,0.4942169189453125,0.0,746,12
test,SA,SA_S2A_19GBP_20200821_0_L2A_126.tif,0.0,0.49085235595703125,0.0,1195,4
test,SA,SA_S2A_19GBP_20200821_1_L2A_155.tif,0.0,0.49771881103515625,0.0,240,59
test,SA,SA_S2A_19GBP_20200821_1_L2A_91.tif,0.031424581005586594,0.5051230492330006,0.04651162790697674,1431,46
test,SA,SA_S2A_19HBS_20200729_1_L2A_15.tif,0.0,0.4937896728515625,0.0,672,142
test,SA,SA_S2A_19HBS_20200729_1_L2A_4.tif,0.0,0.4943389892578125,0.0,739,3
test,SA,SA_S2A_19HCB_20200722_1_L2A_104.tif,0.0,0.49768829345703125,0.0,298,5
test,SA,SA_S2A_19HCB_20200722_1_L2A_95.tif,0.0,0.499298095703125,0.0,91,1
test,SA,SA_S2A_19HCB_20200722_1_L2A_97.tif,0.0,0.4976043701171875,0.0,301,13
test,SA,SA_S2A_19HCB_20200729_1_L2A_45.tif,0.0,0.4992218017578125,0.0,50,52
test,SA,SA_S2A_19HCB_20200821_1_L2A_82.tif,0.0,0.48786163330078125,0.0,1589,2
test,SA,SA_S2A_19HCD_20200821_1_L2A_21.tif,0.6957453321089685,0.840016573235617,0.5909090909090909,2433,3107
test,SA,SA_S2A_19HDD_20200808_1_L2A_18.tif,0.0,0.4990997314453125,0.0,116,2
test,SA,SA_S2A_19HDE_20200811_1_L2A_7.tif,0.0,0.4967498779296875,0.0,423,3
test,SA,SA_S2B_18FWJ_20200701_1_L2A_26.tif,0.6618106139438086,0.820586536334363,0.4405701662717004,3801,2587
test,SA,SA_S2B_18FWJ_20200701_1_L2A_62.tif,0.0,0.478240966796875,0.0,179,2673
test,SA,SA_S2B_18FWL_20200714_0_L2A_17.tif,0.00016046213093709883,0.45254074834631086,0.0,311,5922
test,SA,SA_S2B_18FWL_20200714_0_L2A_22.tif,0.031623662680931405,0.46870844112082843,0.09797822706065319,6311,246
test,SA,SA_S2B_18FWL_20200714_0_L2A_237.tif,0.0,0.4805755615234375,0.0,2477,69
test,SA,SA_S2B_18FWL_20200714_0_L2A_307.tif,0.541788249640695,0.6718188649137633,0.1071081839888746,22951,12450
test,SA,SA_S2B_18FWL_20200714_1_L2A_140.tif,0.0,0.49288177490234375,0.0,879,54
test,SA,SA_S2B_18FWL_20200714_1_L2A_53.tif,0.0,0.48833465576171875,0.0,1431,98
test,SA,SA_S2B_18FWL_20200714_1_L2A_87.tif,0.6689307881484952,0.782221899100859,0.1499794090949273,16654,11848
test,SA,SA_S2B_18FWL_20200714_3_L2A_139.tif,0.0,0.481597900390625,0.0,2410,2
test,SA,SA_S2B_18FWL_20200714_3_L2A_235.tif,0.0036318613289310774,0.40965963676597417,0.07205811138014528,12102,57
test,SA,SA_S2B_18FWM_20200714_1_L2A_148.tif,0.004088387033972549,0.42393780209181753,0.0036429872495446266,10273,42
test,SA,SA_S2B_18FWM_20200714_1_L2A_152.tif,0.0,0.48555755615234375,0.0335195530726257,1887,6
test,SA,SA_S2B_18FWM_20200714_1_L2A_18.tif,0.19349845201238391,0.5685483011828827,0.12966474071544742,2335,3062
test,SA,SA_S2B_18FWM_20200714_1_L2A_62.tif,0.006885721188692921,0.4406670087945328,0.03924797093538313,163,8172
test,SA,SA_S2B_18FXG_20200704_1_L2A_30.tif,0.01097560975609756,0.4992995160810643,0.05434782608695652,135,694
test,SA,SA_S2B_18FXJ_20200714_0_L2A_128.tif,0.9846348362763586,0.9740163307932408,0.8336236933797909,46136,46475
test,SA,SA_S2B_18FXK_20200714_0_L2A_122.tif,0.0,0.4774322509765625,0.0,1284,1674
test,SA,SA_S2B_18FXK_20200714_0_L2A_49.tif,0.0,0.433837890625,0.0,632,8040
test,SA,SA_S2B_18FXK_20200714_1_L2A_41.tif,0.0,0.4912872314453125,0.0,479,663
test,SA,SA_S2B_18FXK_20200820_0_L2A_110.tif,0.0,0.494720458984375,0.0,614,78
test,SA,SA_S2B_18FXK_20200820_0_L2A_99.tif,0.9391873043424356,0.9417520174330314,0.6964863674832453,32086,30478
test,SA,SA_S2B_18FXL_20200714_1_L2A_102.tif,0.0,0.46173858642578125,0.0,371,4644
test,SA,SA_S2B_18FXL_20200714_1_L2A_128.tif,0.00023522770041400074,0.1758036010919126,0.021386908619572265,80,42442
test,SA,SA_S2B_18FXL_20200714_1_L2A_18.tif,0.09034267912772585,0.5407118264449527,0.14523767760042097,73,627
test,SA,SA_S2B_18FXL_20200714_2_L2A_31.tif,0.0,0.49591064453125,0.0,126,410
test,SA,SA_S2B_18FXL_20200714_2_L2A_66.tif,0.011223880597014926,0.4423421747045464,0.015009380863039398,3298,5171
test,SA,SA_S2B_18FXL_20200714_3_L2A_3.tif,0.10141685309470544,0.541495888321053,0.19224806201550387,275,1202
test,SA,SA_S2B_18FXL_20200714_3_L2A_76.tif,0.0,0.4974365234375,0.0,173,163
test,SA,SA_S2B_18FXM_20200714_0_L2A_258.tif,0.0,0.4910736083984375,0.0,1161,9
test,SA,SA_S2B_18FXM_20200714_0_L2A_328.tif,0.008132836326668925,0.48172699943088854,0.10596026490066225,2498,477
test,SA,SA_S2B_18FXM_20200714_0_L2A_33.tif,0.0,0.4856414794921875,0.0,1435,447
test,SA,SA_S2B_18FXM_20200714_0_L2A_36.tif,0.0,0.476806640625,0.0,3039,1
test,SA,SA_S2B_18FXM_20200714_0_L2A_509.tif,0.08282208588957055,0.527689991762358,0.10329138828544494,578,1540
test,SA,SA_S2B_18FXM_20200714_1_L2A_180.tif,0.0,0.4940643310546875,0.0,479,299
test,SA,SA_S2B_18FXM_20200714_1_L2A_263.tif,0.03215434083601286,0.4792440818228033,0.02589555459646094,321,4815
test,SA,SA_S2B_18FXM_20200714_1_L2A_3.tif,0.030373831775700934,0.48664016341532723,0.047093451066961,191,3778
test,SA,SA_S2B_18FXM_20200714_1_L2A_397.tif,0.0,0.4737701416015625,0.023121387283236993,3429,9
test,SA,SA_S2B_18FXM_20200714_1_L2A_435.tif,0.0,0.4995574951171875,0.0,45,13
test,SA,SA_S2B_18FXM_20200714_1_L2A_80.tif,0.8657534246575342,0.9281151160603038,0.7405995732831882,4373,3799
test,SA,SA_S2B_18GWN_20200704_0_L2A_150.tif,0.0,0.49854278564453125,0.0,84,107
test,SA,SA_S2B_18GWN_20200704_0_L2A_24.tif,0.5675465838509317,0.7794757840171255,0.3288624961605406,1059,960
test,SA,SA_S2B_18GWN_20200704_0_L2A_254.tif,0.0,0.4988861083984375,0.0,92,54
test,SA,SA_S2B_18GWN_20200704_1_L2A_158.tif,0.0,0.49919891357421875,0.0,1,104
test,SA,SA_S2B_18GWN_20200704_1_L2A_181.tif,0.12652068126520682,0.5605192130289139,0.195046439628483,329,134
test,SA,SA_S2B_18GWN_20200704_1_L2A_247.tif,0.06042654028436019,0.5180941883192746,0.22991442074338997,1683,107
test,SA,SA_S2B_18GWN_20200704_1_L2A_70.tif,0.4258474576271186,0.6370107871976823,0.05899447143212628,12358,9851
test,SA,SA_S2B_18GWN_20200727_0_L2A_2.tif,0.0,0.4964752197265625,0.0,455,7
test,SA,SA_S2B_18GWN_20200727_0_L2A_81.tif,0.005367686527106817,0.46025261558975256,0.0,5589,30
test,SA,SA_S2B_18GWP_20200704_0_L2A_137.tif,0.0019274012206874397,0.4535459605456346,0.0,2685,3553
test,SA,SA_S2B_18GWP_20200704_0_L2A_145.tif,0.0,0.49967193603515625,0.0,4,39
test,SA,SA_S2B_18GWP_20200704_0_L2A_2.tif,0.27149075081610446,0.6254512351494302,0.17631677250653716,1711,626
test,SA,SA_S2B_18GWP_20200704_0_L2A_92.tif,0.9072870735669529,0.9467218326061977,0.8705558585107975,8408,8029
test,SA,SA_S2B_18GYN_20200714_0_L2A_116.tif,0.0,0.4965057373046875,0.0,445,13
test,SA,SA_S2B_18GYN_20200714_1_L2A_11.tif,0.8786414767810787,0.8984374852204475,0.42874138755360186,27736,24370
test,SA,SA_S2B_18GYP_20200810_0_L2A_49.tif,0.0,0.4834442138671875,0.0,2170,0
test,SA,SA_S2B_18GYP_20200810_0_L2A_90.tif,0.0,0.49503326416015625,0.0,648,3
test,SA,SA_S2B_18GYP_20200820_0_L2A_24.tif,0.0,0.49832916259765625,0.0,8,211
test,SA,SA_S2B_18GYP_20200820_0_L2A_32.tif,0.0,0.4885711669921875,0.0,33,1465
test,SA,SA_S2B_18GYP_20200820_1_L2A_43.tif,0.0,0.49300384521484375,0.0,912,5
test,SA,SA_S2B_18GYQ_20200820_0_L2A_36.tif,0.7721717329990598,0.8431121905852803,0.3467489282180939,18957,14973
test,SA,SA_S2B_18GYS_20200727_0_L2A_8.tif,0.0,0.49571990966796875,0.0,561,0
test,SA,SA_S2B_19FDU_20200718_0_L2A_3.tif,0.0,0.457000732421875,0.0,1594,4042
test,SA,SA_S2B_19HCA_20200714_1_L2A_30.tif,0.0,0.4900360107421875,0.0,1281,25
test,SA,SA_S2B_19HCB_20200714_1_L2A_69.tif,0.0,0.4980316162109375,0.0,193,65
test,SA,SA_S2B_19HCB_20200803_1_L2A_9.tif,0.0,0.49822235107421875,0.0,152,81
test,SA,SA_S2B_19HCC_20200724_1_L2A_38.tif,0.0,0.4996337890625,0.0,40,8
test,SA,SA_S2B_19HCC_20200823_1_L2A_27.tif,0.6823447974351501,0.7480346201801769,0.21336440525672018,27448,18729
test,SA,SA_S2B_19HCD_20200803_1_L2A_8.tif,0.0,0.4959716796875,0.0,471,57
test,SA,SA_S2B_19HCD_20200813_1_L2A_15.tif,0.0,0.4978790283203125,0.0,256,22
test,SA,SA_S2B_19HCV_20200714_1_L2A_24.tif,0.0,0.463775634765625,0.0,4426,322
test,SA,SA_S2B_19HCV_20200806_1_L2A_5.tif,0.0,0.48492431640625,0.0,1913,63
test,SA,SA_S2B_19HDD_20200724_1_L2A_14.tif,0.0,0.4989013671875,0.0,141,3
test,SA,SA_S2B_19HDD_20200803_1_L2A_1.tif,0.0,0.49477386474609375,0.0,126,559
test,SA,SA_S2B_19HDD_20200803_1_L2A_10.tif,0.0,0.49947357177734375,0.0,65,4
test,SC,SC_S2A_32VLP_20200725_0_L2A_371.tif,0.014705882352941176,0.5068417639429312,0.07407407407407407,53,16
test,SC,SC_S2A_32VLP_20200725_0_L2A_477.tif,0.8359966358284272,0.9164876736825505,0.6583038325380947,1189,994
test,SC,SC_S2A_32VLP_20200725_1_L2A_95.tif,0.6804994491369812,0.8334190162161831,0.33362253455954655,2723,1853
test,SC,SC_S2A_32VMP_20200725_0_L2A_300.tif,0.013677811550151976,0.5018867486490058,0.05911330049261084,658,9
test,SC,SC_S2A_32VMQ_20200801_1_L2A_453.tif,0.0752,0.533187045152621,0.21518987341772156,625,47
test,SC,SC_S2B_32VLM_20200724_0_L2A_237.tif,0.0,0.43184661865234375,0.0,260,8673
test,SC,SC_S2B_32VLM_20200724_1_L2A_147.tif,0.0,0.49869537353515625,0.0,170,1
test,SC,SC_S2B_32VLM_20200816_1_L2A_170.tif,0.10137503370180642,0.525112010405231,0.2340498435251388,3698,387
test,SC,SC_S2B_32VLN_20200809_1_L2A_44.tif,0.3704904742602351,0.6732292054381241,0.24896605380615044,2303,1078
test,SC,SC_S2B_32VLN_20200816_0_L2A_6.tif,0.0,0.49909210205078125,0.0,44,75
test,SC,SC_S2B_32VLP_20200809_0_L2A_88.tif,0.19045844204248974,0.5785279522784537,0.04011461318051577,2683,511
test,SC,SC_S2B_32VLP_20200809_1_L2A_36.tif,0.2690166975881262,0.6069048551539205,0.07706356422870377,1980,4176
test,SC,SC_S2B_32VLP_20200809_2_L2A_378.tif,0.0,0.49993133544921875,0.0,2,7
test,SC,SC_S2B_32VLP_20200809_3_L2A_142.tif,0.6313269493844049,0.7982325193853013,0.3100933504035163,5835,3705
test,SC,SC_S2B_32VLP_20200812_0_L2A_48.tif,0.2711571675302245,0.6059636250139622,0.23134662288634975,5198,1426
test,SC,SC_S2B_32VMP_20200724_1_L2A_570.tif,0.14650205761316873,0.5653177995156023,0.10204081632653061,1210,183
test,SC,SC_S2B_32VMP_20200809_0_L2A_149.tif,0.07872340425531915,0.5294343043439378,0.1806853582554517,1410,111
test,SEE,SEE_S2A_44RLV_20200918_0_L2A_29.tif,0.0,0.49752044677734375,0.0,325,0
test,SEE,SEE_S2A_44RMU_20200928_1_L2A_5.tif,0.48,0.7394042527190516,0.7058823529411765,130,92
test,SEE,SEE_S2A_45RUM_20200929_1_L2A_158.tif,0.8398268398268398,0.9184807773461244,0.8585868864692513,1135,990
test,SEE,SEE_S2A_45RUM_20200929_1_L2A_166.tif,0.30642504118616143,0.6499914035311067,0.44553072625698326,575,218
test,SEE,SEE_S2A_45RUM_20200929_1_L2A_88.tif,0.7523316062176166,0.8724363230513836,0.5624457737796247,1918,1464
test,SEE,SEE_S2A_45RVM_20200830_0_L2A_128.tif,0.0091324200913242,0.5029105809065892,0.039215686274509796,219,2
test,SEE,SEE_S2A_45RVM_20200830_0_L2A_142.tif,0.674074074074074,0.836700876902573,0.9,129,97
test,SEE,SEE_S2A_45RVM_20200830_0_L2A_194.tif,0.18161180476730987,0.5852916463875708,0.460984393757503,874,167
test,SEE,SEE_S2A_45RVM_20200929_0_L2A_15.tif,0.6226415094339622,0.8100951143198736,0.7637769900096681,381,307
test,SEE,SEE_S2A_45RVM_20200929_0_L2A_84.tif,0.822262118491921,0.9103704335352749,0.9745762711864406,555,460
test,SEE,SEE_S2A_45RWM_20200830_1_L2A_193.tif,0.1326923076923077,0.5629016703659272,0.2782952300310471,251,338
test,SEE,SEE_S2B_44RNU_20200831_1_L2A_143.tif,0.8557343020238714,0.9256914345124914,0.8268744734625105,1892,1684
test,SEE,SEE_S2B_44RPT_20200831_0_L2A_125.tif,0.6644067796610169,0.8314458140729327,0.653061224489796,221,270
test,SEE,SEE_S2B_44RPT_20200831_0_L2A_2.tif,0.2737940026075619,0.6326337676755165,0.17768376520359597,758,219
test,SEE,SEE_S2B_44RPT_20200831_0_L2A_96.tif,0.0,0.49181365966796875,0.0,1065,8
test,SEE,SEE_S2B_44RPU_20200831_1_L2A_32.tif,0.6358595194085028,0.8037321299797159,0.5554512644924183,4815,3150
test,SEE,SEE_S2B_44RQT_20200818_1_L2A_29.tif,0.3983050847457627,0.6980676122057105,0.5178088921640874,235,95
test,SEE,SEE_S2B_45RTN_20200818_1_L2A_10.tif,0.48760330578512395,0.7409481043668954,0.4616724738675958,713,367
test,SV,SV_S2A_33XVG_20200825_0_L2A_60.tif,0.013000217880746606,0.4025326685743834,0.039815143974404554,218,13730
test,SV,SV_S2A_33XWF_20200801_3_L2A_17.tif,0.0011410314924691922,0.4671741079392425,0.02824651504035216,63,4324
test,SV,SV_S2A_33XWG_20200801_0_L2A_54.tif,0.0,0.49725341796875,0.0,332,28
test,SV,SV_S2A_33XXH_20200826_0_L2A_27.tif,0.047865459249676584,0.5070584460940779,0.004158004158004157,1219,1211
test,SV,SV_S2A_33XXK_20200801_0_L2A_133.tif,0.32459390139640926,0.624831333701145,0.5610603337251907,6605,2691
test,SV,SV_S2A_33XXK_20200801_1_L2A_145.tif,0.018837746578994136,0.46722874643637163,0.037812952617421895,261,5472
test,SV,SV_S2A_35XMK_20200801_1_L2A_1.tif,0.5850654349499615,0.7883722259349042,0.6056102945135412,1290,769
test,SV,SV_S2B_33XVG_20200825_1_L2A_11.tif,0.08489882011732912,0.4344071363692112,0.046149216480017144,1807,14652
test,SV,SV_S2B_33XWF_20200801_1_L2A_67.tif,0.4519846350832266,0.7227092529388794,0.5606735134658616,692,442
test,SV,SV_S2B_33XWJ_20200802_3_L2A_4.tif,0.18596491228070175,0.5912110040077363,0.42666666666666664,246,92
test,WC,WC_S2A_10UCC_20200801_1_L2A_50.tif,0.2061752988047809,0.5969877550216407,0.2690508021390374,948,263
test,WC,WC_S2A_10UDA_20200729_0_L2A_166.tif,0.20322817314746883,0.5932933951748469,0.04580152671755725,1363,277
test,WC,WC_S2A_10UDA_20200729_0_L2A_352.tif,0.6359338061465721,0.8155975994024038,0.49500599280862967,843,541
test,WC,WC_S2A_10UDA_20200729_0_L2A_56.tif,0.5373015873015873,0.7641564289519854,0.21536144578313252,1260,677
test,WC,WC_S2A_10UDA_20200729_1_L2A_433.tif,0.11764705882352941,0.5582512374971048,0.3696369636963696,85,10
test,WC,WC_S2A_10UDB_20200729_1_L2A_35.tif,0.23577235772357724,0.6164505821728243,0.5242718446601942,246,58
test,WC,WC_S2A_10UDB_20200729_1_L2A_88.tif,0.6106719367588933,0.8038258575357776,0.6672806815565276,469,346
test,WC,WC_S2A_10UEA_20200729_0_L2A_371.tif,0.16245136186770429,0.5746399904689529,0.19563780568407135,1028,167
test,WC,WC_S2A_10UEA_20200729_1_L2A_253.tif,0.11351351351351352,0.5529994827659513,0.26580921757770637,338,280
test,WC,WC_S2A_10UEA_20200729_1_L2A_376.tif,0.0,0.49767303466796875,0.0,291,14
test,WC,WC_S2A_10UEA_20200729_1_L2A_379.tif,0.07928642220019821,0.5325468410194343,0.09313154831199068,1009,80
test,WC,WC_S2A_10UEA_20200828_0_L2A_121.tif,0.6285714285714286,0.8139878679438783,0.9523809523809523,103,68
test,WC,WC_S2A_10UEV_20200828_0_L2A_87.tif,0.34857849196538937,0.6661780596254947,0.020558002936857563,1618,564
test,WC,WC_S2A_9UWB_20200731_1_L2A_28.tif,0.02702702702702703,0.5118654134066922,0.07717041800643087,211,17
test,WC,WC_S2A_9UWB_20200731_1_L2A_64.tif,0.0,0.4980621337890625,0.0,251,3
test,WC,WC_S2A_9UXU_20200725_1_L2A_176.tif,0.027777777777777776,0.5130877657906026,0.24137931034482762,108,3
test,WC,WC_S2A_9UXU_20200725_1_L2A_202.tif,0.07142857142857142,0.5356151020719572,0.6666666666666666,14,1
test,WC,WC_S2A_9UXV_20200725_1_L2A_130.tif,0.029411764705882353,0.5139505377174141,0.27906976744186046,102,3
test,WC,WC_S2A_9UYS_20200725_0_L2A_241.tif,0.014285714285714285,0.497137820282195,0.05305039787798408,1082,267
test,WC,WC_S2A_9UYS_20200725_1_L2A_106.tif,0.0,0.498321533203125,0.0,200,20
test,WC,WC_S2A_9UYS_20200804_0_L2A_109.tif,0.3902439024390244,0.6947402951374408,0.7804878048780487,82,32
test,WC,WC_S2A_9UYS_20200804_1_L2A_240.tif,0.2565217391304348,0.6269550675278608,0.3914044512663086,230,59
test,WC,WC_S2B_10UCB_20200720_1_L2A_128.tif,0.0009727626459143969,0.4769791406960974,0.031007751937984492,3084,3
test,WC,WC_S2B_10UCB_20200727_0_L2A_295.tif,0.19578313253012047,0.5938093719709587,0.2217758135797509,653,141
test,WC,WC_S2B_10UCC_20200720_1_L2A_3.tif,0.32124352331606215,0.6566087730536934,0.2594159113796576,588,432
test,WC,WC_S2B_10UCC_20200727_0_L2A_59.tif,0.10940388170055453,0.4950245964108216,0.3176451635175255,8569,1034
test,WC,WC_S2B_10UDA_20200727_1_L2A_206.tif,0.754601226993865,0.8766879622486556,0.9390329362298528,325,247
test,WC,WC_S2B_10UDA_20200727_1_L2A_372.tif,0.32857142857142857,0.6639270068536016,0.5979899497487438,52,41
test,WC,WC_S2B_10UDB_20200727_1_L2A_190.tif,0.0959119496855346,0.5435649859156959,0.19584,636,61
test,WC,WC_S2B_10UEB_20200813_0_L2A_66.tif,0.005750431282346176,0.4764847156106462,0.02325098609092796,3478,20
test,WC,WC_S2B_9UWU_20200730_1_L2A_11.tif,0.007751937984496124,0.5028993915908595,0.10752688172043011,124,6
test,WC,WC_S2B_9UWV_20200730_0_L2A_144.tif,0.9338455997118502,0.9621528978510081,0.623445831322815,8329,7778
test,WC,WC_S2B_9UWV_20200730_1_L2A_34.tif,0.0,0.4979705810546875,0.0813008130081301,254,12
test,WC,WC_S2B_9UXU_20200730_0_L2A_48.tif,0.00819672131147541,0.5022519908324399,0.12048192771084336,244,2
test,WC,WC_S2B_9UXU_20200730_1_L2A_101.tif,0.12804878048780488,0.5629330371186639,0.5245901639344263,164,21
test,WC,WC_S2B_9UXV_20200730_0_L2A_75.tif,0.22388059701492538,0.6103519302503914,0.35928143712574856,268,60
test,WC,WC_S2B_9UYR_20200816_0_L2A_70.tif,0.0,0.4998931884765625,0.0,5,9
test,WC,WC_S2B_9UYS_20200730_1_L2A_52.tif,0.07169390787518573,0.5167247832383596,0.06099815157116451,2692,193
test,WC,WC_S2B_9UYT_20200720_1_L2A_297.tif,0.06960556844547564,0.5317419958980042,0.20289855072463772,431,30
test,WC,WC_S2B_9UYT_20200720_1_L2A_34.tif,0.011904761904761904,0.505319131543668,0.21276595744680848,84,1
test,WC,WC_S2B_9UYT_20200816_0_L2A_19.tif,0.20408163265306123,0.6011477683614588,0.32345013477088946,93,84
test,WC,WC_S2B_9UYT_20200829_0_L2A_223.tif,0.0,0.409149169921875,0.0,11900,8
himalaya,SAW,SAW_S2A_42SWE_20200910_1_L2A_66.tif,0.6241830065359477,0.8112115583601768,0.6869061413673232,288,209
himalaya,SAW,SAW_S2A_42SWE_20200913_0_L2A_29.tif,0.4349775784753363,0.7145920155385341,0.7211618719047355,644,316
himalaya,SAW,SAW_S2A_42SWE_20200913_1_L2A_165.tif,0.0,0.4992828369140625,0.0,93,1
himalaya,SAW,SAW_S2A_42SWE_20200923_0_L2A_9.tif,0.28774928774928776,0.6419643512178088,0.3055416874687968,349,103
himalaya,SAW,SAW_S2A_42SXE_20200910_0_L2A_118.tif,0.19607843137254902,0.5977263627729271,0.5,51,10
himalaya,SAW,SAW_S2A_42SXE_20200910_0_L2A_182.tif,0.570446735395189,0.7833063073945457,0.42483404919953144,539,375
himalaya,SAW,SAW_S2A_42SXE_20200910_0_L2A_228.tif,0.5638297872340425,0.7816018352659988,0.8438133874239351,79,68
himalaya,SAW,SAW_S2A_42SXE_20200910_0_L2A_279.tif,0.6137410976120653,0.7996754059176745,0.5267474370922647,2274,1578
himalaya,SAW,SAW_S2A_42SXE_20200910_1_L2A_218.tif,0.40613718411552346,0.7005498739245223,0.5187750243480144,527,252
himalaya,SAW,SAW_S2A_42SXE_20200910_1_L2A_372.tif,0.0,0.4993133544921875,0.0,89,1
himalaya,SAW,SAW_S2A_42SXE_20200920_1_L2A_164.tif,0.4,0.6986931001803675,0.3460706560922855,283,116
himalaya,SAW,SAW_S2A_42SXE_20200920_1_L2A_185.tif,0.21354166666666666,0.6056180735806804,0.34736842105263155,191,42
himalaya,SAW,SAW_S2A_42SXE_20200920_1_L2A_353.tif,0.9279419388284085,0.9617274417494099,0.7617304927460461,3813,3625
himalaya,SAW,SAW_S2A_42SXE_20200920_1_L2A_363.tif,0.3577981651376147,0.6783647069485499,0.6101694915254238,101,47
himalaya,SAW,SAW_S2A_42SXE_20200923_0_L2A_35.tif,0.7762962962962963,0.8869868240848983,0.7007786429365962,628,571
himalaya,SAW,SAW_S2A_42SXF_20200910_0_L2A_103.tif,0.1951219512195122,0.5952925532707606,0.44525281920698434,361,80
himalaya,SAW,SAW_S2A_42SYE_20200910_0_L2A_150.tif,0.30474934036939316,0.6483397570846277,0.3484995159728944,425,564
himalaya,SAW,SAW_S2A_42SYE_20200910_1_L2A_71.tif,0.48223350253807107,0.7387719596183329,0.45851022771130834,511,365
himalaya,SAW,SAW_S2A_42SYF_20200920_1_L2A_77.tif,0.4017094017094017,0.7003202599562294,0.6070826306913996,108,56
himalaya,SAW,SAW_S2A_42SYF_20200920_1_L2A_82.tif,0.22549019607843138,0.610330820183339,0.3235294117647059,399,101
himalaya,SAW,SAW_S2A_43SBA_20200920_1_L2A_35.tif,0.10714285714285714,0.5529991453904497,0.425357873210634,75,18
himalaya,SAW,SAW_S2A_43SBV_20200920_1_L2A_119.tif,0.9353476283300844,0.9660858032484647,0.9776193549047927,3078,2879
himalaya,SAW,SAW_S2A_43SBV_20200920_1_L2A_26.tif,0.860145739910314,0.9260787610656633,0.8667453531125018,3559,3078
himalaya,SAW,SAW_S2A_43SBV_20200920_1_L2A_75.tif,0.13738019169329074,0.5666288068539286,0.32116788321167883,293,63
himalaya,SAW,SAW_S2A_43SCA_20200920_1_L2A_56.tif,0.18478260869565216,0.5918189512899344,0.6521739130434783,84,25
himalaya,SAW,SAW_S2A_43SCA_20200920_1_L2A_57.tif,0.6973293768545994,0.8478836896677096,0.929225645295587,337,235
himalaya,SAW,SAW_S2A_43SDB_20200907_1_L2A_14.tif,0.0,0.2713165283203125,0.0,59,29915
himalaya,SAW,SAW_S2A_43SDB_20200907_1_L2A_56.tif,0.49333333333333335,0.7437510358162231,0.17151024297284423,687,433
himalaya,SAW,SAW_S2A_43SEB_20200904_0_L2A_4.tif,0.7971274685816876,0.8976957320785903,0.8043114273754709,554,447
himalaya,SAW,SAW_S2A_43SET_20200917_0_L2A_2.tif,0.1281437125748503,0.5585085739508465,0.41360682029205714,833,109
himalaya,SAW,SAW_S2A_43SET_20200924_0_L2A_51.tif,0.6412556053811659,0.8181649001599506,0.6826433927236781,808,656
himalaya,SAW,SAW_S2A_43SET_20200924_0_L2A_84.tif,0.39344262295081966,0.694740219809763,0.47904191616766467,392,203
himalaya,SAW,SAW_S2A_43SET_20200924_1_L2A_43.tif,0.8939759036144578,0.9463088765842145,1.0,830,742
himalaya,SAW,SAW_S2A_43SET_20200924_1_L2A_68.tif,0.03389830508474576,0.5108582934106638,0.15645472061657034,513,341
himalaya,SAW,SAW_S2A_43SET_20200924_1_L2A_78.tif,0.23172905525846701,0.6125697228712602,0.21256038647342992,188,503
himalaya,SAW,SAW_S2A_43SET_20200924_1_L2A_87.tif,0.0,0.49737548828125,0.0,332,12
himalaya,SAW,SAW_S2A_43SEU_20200924_1_L2A_104.tif,0.5841584158415841,0.7917584846133712,0.8283185840707965,96,64
himalaya,SAW,SAW_S2A_43SEU_20200924_1_L2A_291.tif,0.0,0.49843597412109375,0.0,205,0
himalaya,SAW,SAW_S2A_43SEU_20200924_1_L2A_71.tif,0.07430240103828682,0.49331150046689837,0.19394600841010495,6164,458
himalaya,SAW,SAW_S2A_43SFR_20200921_0_L2A_21.tif,0.2847341337907376,0.6359717537243977,0.4411556603773585,1033,465
himalaya,SAW,SAW_S2A_43SFS_20200901_1_L2A_24.tif,0.521613832853026,0.7582598884705796,0.6797789529978014,537,519
himalaya,SAW,SAW_S2A_43SFS_20200924_0_L2A_15.tif,0.0,0.49921417236328125,0.0,103,0
himalaya,SAW,SAW_S2A_43SFT_20200914_1_L2A_33.tif,0.5306122448979592,0.7649548916139665,0.9310344827586207,94,56
himalaya,SAW,SAW_S2A_43SFT_20200924_1_L2A_23.tif,0.16168478260869565,0.5713934035865004,0.3384139192421329,1433,277
himalaya,SAW,SAW_S2A_43SFT_20200924_1_L2A_8.tif,0.3502824858757062,0.6742630317395149,0.3700680272108844,93,146
himalaya,SAW,SAW_S2A_43SFU_20200914_1_L2A_69.tif,0.43973941368078173,0.7185547422374031,0.6526491100239409,304,138
himalaya,SAW,SAW_S2A_43SFU_20200921_1_L2A_47.tif,0.0,0.49916839599609375,0.0,97,12
himalaya,SAW,SAW_S2A_43SFU_20200924_0_L2A_117.tif,0.7543103448275862,0.8767191325735213,0.9009009009009009,215,192
himalaya,SAW,SAW_S2A_43SGR_20200901_1_L2A_52.tif,0.4573170731707317,0.72524391741132,0.2803297997644287,453,742
himalaya,SAW,SAW_S2A_43SGR_20200911_1_L2A_27.tif,0.0,0.4982757568359375,0.0,226,0
himalaya,SAW,SAW_S2A_43SGR_20200911_1_L2A_43.tif,0.37755102040816324,0.6883098542398685,0.6308243727598567,48,87
himalaya,SAW,SAW_S2A_43SGR_20200911_1_L2A_60.tif,0.20481927710843373,0.6014020357329289,0.4235294117647058,132,68
himalaya,SAW,SAW_S2A_43SGS_20200901_0_L2A_38.tif,0.013953488372093023,0.5053592385018874,0.18181818181818182,214,4
himalaya,SAW,SAW_S2A_43SGS_20200911_3_L2A_31.tif,0.47149122807017546,0.7339008780390068,0.7013324666883327,411,260
himalaya,SAW,SAW_S2A_43SGS_20200921_1_L2A_50.tif,0.00904392764857881,0.49866959311818987,0.0,774,7
himalaya,SAW,SAW_S2A_43SGS_20200921_1_L2A_54.tif,0.0,0.49883270263671875,0.0,48,105
himalaya,SAW,SAW_S2A_43SGT_20200901_0_L2A_6.tif,0.6741573033707865,0.8368571964957054,0.961038961038961,88,61
himalaya,SAW,SAW_S2A_43SGT_20200911_1_L2A_33.tif,0.41379310344827586,0.7065072387470387,0.64,81,42
himalaya,SAW,SAW_S2A_43SGT_20200914_1_L2A_2.tif,0.18446601941747573,0.5909505278008933,0.5408515535097814,101,143
himalaya,SAW,SAW_S2A_43SGU_20200911_1_L2A_15.tif,0.046242774566473986,0.5180835269998956,0.14139827179890024,692,32
himalaya,SAW,SAW_S2A_43SGU_20200914_1_L2A_37.tif,0.8457142857142858,0.9226506829562436,1.0,173,150
himalaya,SAW,SAW_S2A_43SGU_20200921_1_L2A_12.tif,0.0,0.49880218505859375,0.0,155,2
himalaya,SAW,SAW_S2A_43SGV_20200901_1_L2A_22.tif,0.0,0.49855804443359375,0.0,156,33
himalaya,SAW,SAW_S2A_43SGV_20200901_1_L2A_26.tif,0.25742574257425743,0.6281404395973104,0.576923076923077,61,66
himalaya,SAW,SAW_S2A_43SGV_20200901_1_L2A_8.tif,0.0,0.4980316162109375,0.0,253,5
himalaya,SAW,SAW_S2A_43SGV_20200921_1_L2A_55.tif,0.04424778761061947,0.5212998563268644,0.36,113,5
himalaya,SAW,SAW_S2A_44RKV_20200901_0_L2A_3.tif,0.7383177570093458,0.8689449976363166,1.0,88,98
himalaya,SAW,SAW_S2A_44RMV_20200908_0_L2A_2.tif,0.4153846153846154,0.7062397305145887,0.33235581622678395,315,145
himalaya,SAW,SAW_S2A_44RMV_20200918_0_L2A_43.tif,0.0022675736961451248,0.4776327415093676,0.0,384,2710
himalaya,SAW,SAW_S2A_44RNU_20200905_1_L2A_46.tif,0.013668267454746953,0.486452143162632,0.0855497669317247,2694,50
himalaya,SAW,SAW_S2A_44RNU_20200905_1_L2A_56.tif,0.0,0.49904632568359375,0.0,123,2
himalaya,SAW,SAW_S2A_44RNU_20200905_2_L2A_68.tif,0.2864864864864865,0.6361535478546144,0.23398328690807796,1290,376
himalaya,SAW,SAW_S2A_44RNV_20200908_0_L2A_111.tif,0.05574912891986063,0.5258064936418595,0.0,287,16
himalaya,SAW,SAW_S2A_44RNV_20200908_1_L2A_106.tif,0.16095890410958905,0.5767356789427258,0.24034334763948498,584,94
himalaya,SAW,SAW_S2A_44RNV_20200915_1_L2A_93.tif,0.1942800788954635,0.590888030693389,0.48593579803934134,847,364
himalaya,SAW,SAW_S2A_44SKA_20200901_1_L2A_12.tif,0.2,0.5989924125612568,0.3692307692307692,135,63
himalaya,SAW,SAW_S2A_44SKA_20200921_1_L2A_13.tif,0.6411845730027548,0.8165600908508859,0.6261415817415203,1418,965
himalaya,SAW,SAW_S2A_44SKB_20200901_0_L2A_41.tif,0.0,0.32111358642578125,0.0,17,23430
himalaya,SAW,SAW_S2A_44SKB_20200901_1_L2A_58.tif,0.1437246963562753,0.5588972283350677,0.3181421042247964,1976,284
himalaya,SAW,SAW_S2A_44SKB_20200901_1_L2A_89.tif,0.44,0.7196794039967636,0.8315098468271336,69,39
himalaya,SAW,SAW_S2A_44SKB_20200911_2_L2A_47.tif,0.2126861555432984,0.4906329610401317,0.0933831132118718,18108,3878
himalaya,SAW,SAW_S2A_44SKB_20200921_1_L2A_85.tif,0.04790419161676647,0.5215253558816433,0.023529411764705885,334,16
himalaya,SAW,SAW_S2A_44SKB_20200921_1_L2A_86.tif,0.24107142857142858,0.6198869484672771,0.4855491329479769,108,31
himalaya,SAW,SAW_S2A_44SKC_20200901_1_L2A_44.tif,0.002704987320371936,0.4112969245346364,0.05360134003350084,11830,32
himalaya,SAW,SAW_S2A_44SKC_20200921_1_L2A_34.tif,0.05420054200542006,0.5244367994843023,0.0,369,20
himalaya,SAW,SAW_S2A_44SKD_20200901_1_L2A_22.tif,0.8858954041204438,0.9418300020384889,0.9760298656415753,1259,1121
himalaya,SAW,SAW_S2A_44SKD_20200921_1_L2A_37.tif,0.10084033613445378,0.5496036733477349,0.3404255319148936,114,17
himalaya,SAW,SAW_S2A_44SLA_20200911_1_L2A_10.tif,0.8370883882149047,0.9155884051633608,0.8226216720366288,2280,1960
himalaya,SAW,SAW_S2A_44SLB_20200911_2_L2A_32.tif,0.19318181818181818,0.5944219104961758,0.232264844981608,331,89
himalaya,SAW,SAW_S2A_44SLB_20200918_1_L2A_12.tif,0.014492753623188406,0.5062087474894102,0.0,138,2
himalaya,SAW,SAW_S2A_44SMA_20200918_1_L2A_26.tif,0.025974025974025976,0.5118425339538688,0.0,154,4
himalaya,SAW,SAW_S2B_42SWE_20200918_1_L2A_37.tif,0.3711340206185567,0.6832336361737743,0.5503386522787279,458,207
himalaya,SAW,SAW_S2B_42SXE_20200905_1_L2A_191.tif,0.4639175257731959,0.7299682865502993,0.6622734761120264,434,276
himalaya,SAW,SAW_S2B_42SXE_20200905_1_L2A_230.tif,0.5532516493873704,0.7729768077727164,0.5434101034864809,958,690
himalaya,SAW,SAW_S2B_42SXE_20200905_1_L2A_239.tif,0.670545009185548,0.831098143549339,0.4666792524070229,1561,1167
himalaya,SAW,SAW_S2B_42SXE_20200905_1_L2A_6.tif,0.7807737397420867,0.888945525644128,0.7017288972831613,824,695
himalaya,SAW,SAW_S2B_42SXE_20200918_1_L2A_64.tif,0.38636363636363635,0.6917372395554673,0.4518322629391764,303,124
himalaya,SAW,SAW_S2B_42SXF_20200905_0_L2A_2.tif,0.5555555555555556,0.776768155774137,0.727921498661909,259,203
himalaya,SAW,SAW_S2B_42SXF_20200905_1_L2A_10.tif,0.41278538812785387,0.7014529239207273,0.38748495788206977,1095,452
himalaya,SAW,SAW_S2B_42SXF_20200905_1_L2A_60.tif,0.1891891891891892,0.5936786759281721,0.29464285714285715,137,39
himalaya,SAW,SAW_S2B_42SXF_20200915_1_L2A_45.tif,0.938034188034188,0.9666457205830181,0.861811000059848,4673,4397
himalaya,SAW,SAW_S2B_42SYE_20200922_1_L2A_29.tif,0.5109034267912772,0.7530440333563796,0.5079468050600064,590,380
himalaya,SAW,SAW_S2B_42SYE_20200922_1_L2A_41.tif,0.3522727272727273,0.6757012823448592,0.56,70,49
himalaya,SAW,SAW_S2B_43SBA_20200922_1_L2A_15.tif,0.0,0.49897003173828125,0.0,133,2
himalaya,SAW,SAW_S2B_43SBA_20200922_1_L2A_7.tif,0.08376963350785341,0.5405493466684567,0.3448275862068966,184,23
himalaya,SAW,SAW_S2B_43SBV_20200922_0_L2A_146.tif,0.0,0.49863433837890625,0.0,179,0
himalaya,SAW,SAW_S2B_43SBV_20200922_0_L2A_65.tif,0.2406832298136646,0.6166019963632187,0.4573409707567078,628,171
himalaya,SAW,SAW_S2B_43SBV_20200922_1_L2A_68.tif,0.8919247115968427,0.9445731850865104,0.8955913792107238,1645,1471
himalaya,SAW,SAW_S2B_43SBV_20200925_1_L2A_65.tif,0.033093525179856115,0.5062856540237347,0.06926882902693787,1381,55
himalaya,SAW,SAW_S2B_43SCA_20200922_0_L2A_125.tif,0.4909090909090909,0.7452408343614132,1.0,55,27
himalaya,SAW,SAW_S2B_43SCA_20200922_0_L2A_130.tif,0.017857142857142856,0.5072500021799601,0.25,223,5
himalaya,SAW,SAW_S2B_43SCA_20200922_0_L2A_91.tif,0.8033980582524272,0.9010779111137912,0.9922480620155039,412,331
himalaya,SAW,SAW_S2B_43SCA_20200922_1_L2A_152.tif,0.16725978647686832,0.5818433336635437,0.49916527545909845,271,57
himalaya,SAW,SAW_S2B_43SCA_20200922_1_L2A_169.tif,0.7269230769230769,0.8629182847544057,1.0,260,189
himalaya,SAW,SAW_S2B_43SCA_20200922_1_L2A_76.tif,0.7819178082191781,0.8878548157600594,0.748295343853497,1824,1428
himalaya,SAW,SAW_S2B_43SCA_20200925_0_L2A_54.tif,0.0,0.49279022216796875,0.0,931,14
himalaya,SAW,SAW_S2B_43SCA_20200925_1_L2A_40.tif,0.0,0.4995269775390625,0.0,58,4
himalaya,SAW,SAW_S2B_43SCU_20200922_0_L2A_53.tif,0.5649484536082474,0.7808576658651394,0.463768115942029,421,338
himalaya,SAW,SAW_S2B_43SCV_20200922_0_L2A_252.tif,0.14755244755244756,0.5644459520578924,0.3791237467380854,1368,273
himalaya,SAW,SAW_S2B_43SCV_20200922_0_L2A_258.tif,0.3209302325581395,0.6593500506734975,0.3971631205673759,206,78
himalaya,SAW,SAW_S2B_43SCV_20200922_0_L2A_312.tif,0.5355129650507328,0.7613773910814001,0.4860961414097866,1692,1032
himalaya,SAW,SAW_S2B_43SCV_20200922_0_L2A_398.tif,0.11538461538461539,0.5554097604000653,0.2724458204334365,336,41
himalaya,SAW,SAW_S2B_43SCV_20200922_0_L2A_410.tif,0.2848101265822785,0.6415423493304424,0.3870967741935483,156,47
himalaya,SAW,SAW_S2B_43SCV_20200922_0_L2A_80.tif,0.7697749196141479,0.8821053214462042,0.7636363636363637,1469,1283
himalaya,SAW,SAW_S2B_43SCV_20200922_1_L2A_107.tif,0.3732394366197183,0.6859401526210545,0.5454545454545454,117,78
himalaya,SAW,SAW_S2B_43SCV_20200922_1_L2A_225.tif,0.3515981735159817,0.6736272351780453,0.0,429,163
himalaya,SAW,SAW_S2B_43SDA_20200922_1_L2A_52.tif,0.22401847575057737,0.6094419614804782,0.37276568085797857,381,149
himalaya,SAW,SAW_S2B_43SDB_20200922_1_L2A_22.tif,0.7122641509433962,0.8556656076273913,0.8941176470588236,197,166
himalaya,SAW,SAW_S2B_43SDU_20200909_0_L2A_41.tif,0.6738351254480287,0.8362212904586046,0.6890561667631733,201,266
himalaya,SAW,SAW_S2B_43SDU_20200912_1_L2A_82.tif,0.06300813008130081,0.5279852496830442,0.192102454642476,470,53
himalaya,SAW,SAW_S2B_43SDU_20200922_0_L2A_48.tif,0.3364485981308411,0.6660527796134998,0.635910374241605,413,159
himalaya,SAW,SAW_S2B_43SDU_20200922_0_L2A_50.tif,0.8320180383314544,0.9124794401884365,0.8226328019629829,2616,2259
himalaya,SAW,SAW_S2B_43SDV_20200922_1_L2A_76.tif,0.0,0.497222900390625,0.0,363,1
himalaya,SAW,SAW_S2B_43SET_20200909_0_L2A_55.tif,0.6549865229110512,0.8265130644971993,0.8553830992855384,371,243
himalaya,SAW,SAW_S2B_43SET_20200909_1_L2A_18.tif,0.38235294117647056,0.6905350925416895,0.7193195625759418,124,64
himalaya,SAW,SAW_S2B_43SEU_20200919_0_L2A_207.tif,0.5892857142857143,0.7930563827946912,0.44461562162994916,501,300
himalaya,SAW,SAW_S2B_43SEU_20200919_0_L2A_243.tif,0.6801724137931034,0.837221209290485,0.7139872502276745,1127,822
himalaya,SAW,SAW_S2B_43SEU_20200919_1_L2A_171.tif,0.7266922094508301,0.8600230201575714,0.8401088337624151,1403,1301
himalaya,SAW,SAW_S2B_43SEU_20200922_1_L2A_104.tif,0.0,0.492889404296875,0.0,922,10
himalaya,SAW,SAW_S2B_43SEV_20200922_0_L2A_4.tif,0.6531986531986532,0.8258111658451409,0.8547945205479451,294,197
himalaya,SAW,SAW_S2B_43SEV_20200922_0_L2A_74.tif,0.5227272727272727,0.7607218663006818,0.7333333333333334,154,114
himalaya,SAW,SAW_S2B_43SEV_20200922_0_L2A_76.tif,0.0,0.49749755859375,0.0,310,18
himalaya,SAW,SAW_S2B_43SFA_20200919_1_L2A_20.tif,0.007772020725388601,0.4980413590579484,0.04428044280442805,768,10
himalaya,SAW,SAW_S2B_43SFR_20200909_0_L2A_1.tif,0.023293172690763052,0.49307546322005696,0.21071318308119788,2438,110
himalaya,SAW,SAW_S2B_43SFU_20200909_0_L2A_114.tif,0.025362318840579712,0.5085756681349201,0.389873417721519,552,14
himalaya,SAW,SAW_S2B_43SFU_20200909_1_L2A_49.tif,0.3241830065359477,0.65813212329003,0.24760501105379515,764,249
himalaya,SAW,SAW_S2B_43SFU_20200909_1_L2A_91.tif,0.8386157826649417,0.9153439874829563,0.6544035174301226,3092,2593
himalaya,SAW,SAW_S2B_43SFV_20200919_1_L2A_21.tif,0.679324894514768,0.8390811853070972,0.9294767630809231,193,205
himalaya,SAW,SAW_S2B_43SFV_20200919_1_L2A_41.tif,0.3148148148148148,0.6565598850740486,0.4227642276422765,78,135
himalaya,SAW,SAW_S2B_43SFV_20200919_1_L2A_48.tif,0.296551724137931,0.6451548780410602,0.48894062863795107,462,290
himalaya,SAW,SAW_S2B_43SFV_20200919_1_L2A_67.tif,0.07132867132867132,0.5204310181353143,0.1030555053335744,2145,153
himalaya,SAW,SAW_S2B_43SGT_20200909_1_L2A_3.tif,0.6682692307692307,0.8336070682494257,0.8617971623751971,188,159
himalaya,SAW,SAW_S2B_43SGU_20200916_1_L2A_55.tif,0.7339743589743589,0.866351719276176,0.9244683451478857,301,240
himalaya,SAW,SAW_S2B_43SGV_20200916_1_L2A_47.tif,0.2682926829268293,0.6334593500279079,0.6319595083152567,119,37
himalaya,SAW,SAW_S2B_43SGV_20200919_1_L2A_4.tif,0.007194244604316547,0.4941201128251488,0.10557184750733138,1244,16
himalaya,SAW,SAW_S2B_43SGV_20200919_1_L2A_48.tif,0.024175824175824177,0.5086998922481563,0.08875739644970415,455,11
himalaya,SAW,SAW_S2B_44RMV_20200913_0_L2A_42.tif,0.125,0.5604159350809961,0.3678832116788321,312,39
himalaya,SAW,SAW_S2B_44RNV_20200920_1_L2A_50.tif,0.7046632124352331,0.8518958264011027,0.8187234042553191,193,136
himalaya,SAW,SAW_S2B_44RNV_20200920_1_L2A_94.tif,0.009259259259259259,0.5021804818720114,0.0,324,3
himalaya,SAW,SAW_S2B_44SKA_20200913_1_L2A_42.tif,0.32189973614775724,0.6550345696236715,0.5318949343339587,1126,377
himalaya,SAW,SAW_S2B_44SKD_20200916_1_L2A_30.tif,0.058823529411764705,0.5291676166300744,0.21978021978021975,21,15
himalaya,SAW,SAW_S2B_44SKE_20200916_1_L2A_23.tif,0.0,0.49929046630859375,0.0,92,1
himalaya,SAW,SAW_S2B_44SLA_20200913_1_L2A_106.tif,0.8061002178649237,0.9023672374964369,0.8472222222222222,450,379
himalaya,SAW,SAW_S2B_44SLA_20200913_1_L2A_123.tif,0.4780361757105943,0.7359183118985099,0.5602495038276155,749,395
himalaya,SAW,SAW_S2B_44SLA_20200923_0_L2A_127.tif,0.39855072463768115,0.6986415906904293,0.6829268292682927,115,78
himalaya,SAW,SAW_S2B_44SLB_20200923_1_L2A_10.tif,0.20118343195266272,0.5995612130909233,0.4061895551257253,169,34
himalaya,SA,SA_S2A_18FWH_20200706_1_L2A_1.tif,0.015026786880961714,0.4499019231174959,0.021281702536202894,7327,441
himalaya,SA,SA_S2A_18FWJ_20200706_0_L2A_3.tif,0.41687344913151364,0.6646161901254922,0.240292503262949,9240,3893
himalaya,SA,SA_S2A_18FWK_20200706_0_L2A_216.tif,0.0,0.3738250732421875,0.0,642,15896
himalaya,SA,SA_S2A_18FWK_20200706_1_L2A_79.tif,0.5536185726857478,0.6750223775994434,0.09693369530990698,23394,13680
himalaya,SA,SA_S2A_18FWL_20200706_0_L2A_68.tif,0.04572405929304447,0.45861853536541375,0.07530851606323305,2265,6906
himalaya,SA,SA_S2A_18FXF_20200716_2_L2A_132.tif,0.0,0.4752960205078125,0.0,35,3203
himalaya,SA,SA_S2A_18FXF_20200716_2_L2A_167.tif,0.0071039314908524715,0.4256224483080952,0.0023282887077997676,10276,73
himalaya,SA,SA_S2A_18FXF_20200716_2_L2A_253.tif,0.011046511627906977,0.45355258670304605,0.006764374295377678,6546,410
himalaya,SA,SA_S2A_18FXF_20200716_2_L2A_320.tif,0.0,0.4975738525390625,0.0,289,29
himalaya,SA,SA_S2A_18FXF_20200716_2_L2A_347.tif,0.0,0.45172119140625,0.0,5827,501
himalaya,SA,SA_S2A_18FXF_20200716_2_L2A_78.tif,0.0,0.40473175048828125,0.0,355,12132
himalaya,SA,SA_S2A_18FXH_20200825_0_L2A_122.tif,0.017790956263899184,0.49878282701459703,0.06639004149377593,1347,26
himalaya,SA,SA_S2A_18FXH_20200825_0_L2A_250.tif,0.005433045701502077,0.4789676866353021,0.05070422535211268,2684,462
himalaya,SA,SA_S2A_18FXH_20200825_0_L2A_251.tif,0.0,0.49822998046875,0.0,123,109
himalaya,SA,SA_S2A_18FXH_20200825_0_L2A_254.tif,0.0,0.4980316162109375,0.0,119,139
himalaya,SA,SA_S2A_18FXH_20200825_0_L2A_37.tif,0.002056555269922879,0.4862187189460766,0.03143418467583497,1721,228
himalaya,SA,SA_S2A_18FXH_20200825_0_L2A_63.tif,0.19152109075415424,0.5362199259663645,0.2965670494901456,9342,1844
himalaya,SA,SA_S2A_18FXH_20200825_0_L2A_78.tif,0.12374483165977555,0.5390903466313681,0.08001697973044677,3382,423
himalaya,SA,SA_S2A_18FXH_20200825_0_L2A_98.tif,0.0,0.49637603759765625,0.0,343,132
himalaya,SA,SA_S2A_18FXJ_20200825_0_L2A_133.tif,0.0010905125408942203,0.49355662424176017,0.045112781954887216,911,7
himalaya,SA,SA_S2A_18FXJ_20200825_0_L2A_228.tif,0.3157740993184031,0.601484243565419,0.5497544346218292,10230,3283
himalaya,SA,SA_S2A_18FXJ_20200825_0_L2A_237.tif,0.8943372350521986,0.9445055229144805,0.8314667752664088,3129,2859
himalaya,SA,SA_S2A_18FXJ_20200825_0_L2A_344.tif,0.9515526679285824,0.8298745262403799,0.4676404759891859,58641,55800
himalaya,SA,SA_S2A_18FXJ_20200825_0_L2A_349.tif,0.8490008107979206,0.891338155477519,0.414767273612882,20902,17866
himalaya,SA,SA_S2A_18FXJ_20200825_0_L2A_50.tif,0.41843971631205673,0.7073379444180581,0.36681222707423583,340,260
himalaya,SA,SA_S2A_18FXJ_20200825_0_L2A_8.tif,0.846441947565543,0.8990567225750421,0.39883557639831146,15537,14536
himalaya,SA,SA_S2A_18FXM_20200706_1_L2A_193.tif,0.0,0.4960784912109375,0.0,220,294
himalaya,SA,SA_S2A_18FXM_20200706_1_L2A_383.tif,0.0,0.49304962158203125,0.0,878,33
himalaya,SA,SA_S2A_18FXM_20200825_0_L2A_152.tif,0.0,0.49483489990234375,0.0,652,25
himalaya,SA,SA_S2A_18FXM_20200825_1_L2A_223.tif,0.0,0.49712371826171875,0.0,358,19
himalaya,SA,SA_S2A_18FXM_20200825_1_L2A_25.tif,0.0,0.49609375,0.0,79,433
himalaya,SA,SA_S2A_18FXM_20200825_1_L2A_316.tif,0.0,0.4971466064453125,0.0,364,10
himalaya,SA,SA_S2A_18FXM_20200825_1_L2A_463.tif,0.0,0.48577880859375,0.0,1836,28
himalaya,SA,SA_S2A_18FXM_20200825_1_L2A_531.tif,0.1162109375,0.5511883065444572,0.1856090296284684,1018,125
himalaya,SA,SA_S2A_18GWP_20200722_0_L2A_74.tif,0.8844754081314339,0.9005939437578554,0.258593646226935,28844,25525
himalaya,SA,SA_S2A_18GXN_20200726_0_L2A_140.tif,0.0,0.49822998046875,0.0,225,7
himalaya,SA,SA_S2A_18GXN_20200726_0_L2A_177.tif,0.9197805069244839,0.9574150857635835,0.9877086942100026,3827,3520
himalaya,SA,SA_S2A_18GXN_20200726_0_L2A_261.tif,0.0009709635657481043,0.3355843141113484,0.016736401673640166,21585,64
himalaya,SA,SA_S2A_18GXN_20200726_0_L2A_76.tif,0.0,0.49570465087890625,0.0,510,53
himalaya,SA,SA_S2A_18GXP_20200726_1_L2A_36.tif,0.0,0.4974822998046875,0.0,35,295
himalaya,SA,SA_S2A_18GXP_20200726_1_L2A_54.tif,0.0,0.49359130859375,0.0,774,66
himalaya,SA,SA_S2A_18GXP_20200818_0_L2A_109.tif,0.0014078841512469831,0.46281995178124996,0.022426413331256813,4566,413
himalaya,SA,SA_S2A_18GXP_20200818_0_L2A_120.tif,0.0,0.49662017822265625,0.0,440,3
himalaya,SA,SA_S2A_18GXP_20200818_0_L2A_129.tif,0.024096385542168676,0.5089578164319213,0.0,414,11
himalaya,SA,SA_S2A_18GXP_20200818_0_L2A_156.tif,0.007360672975814932,0.44601387344575716,0.020185029436501262,7608,56
himalaya,SA,SA_S2A_18GXP_20200818_0_L2A_166.tif,0.7907647907647908,0.8942668048118285,0.9076028673025907,693,548
himalaya,SA,SA_S2A_18GXP_20200818_0_L2A_176.tif,0.31833357526491507,0.6220987611733382,0.2716751075618778,6836,2246
himalaya,SA,SA_S2A_18GXP_20200818_0_L2A_200.tif,0.0,0.498748779296875,0.0,161,3
himalaya,SA,SA_S2A_18GXP_20200818_0_L2A_250.tif,0.0,0.4901275634765625,0.0,1292,2
himalaya,SA,SA_S2A_18GXP_20200818_0_L2A_307.tif,0.0,0.49857330322265625,0.0,175,12
himalaya,SA,SA_S2A_18GXP_20200818_0_L2A_330.tif,0.5337773549000951,0.7390518354302128,0.18347221160461735,7357,3927
himalaya,SA,SA_S2A_18GXP_20200818_0_L2A_349.tif,0.0,0.4994964599609375,0.0,61,5
himalaya,SA,SA_S2A_18GXP_20200818_0_L2A_391.tif,0.03430531732418525,0.5128559983043174,0.39446366782006925,442,161
himalaya,SA,SA_S2A_18GYQ_20200818_0_L2A_3.tif,0.0,0.49072265625,0.0,1209,7
himalaya,SA,SA_S2A_18GYQ_20200818_0_L2A_31.tif,0.0,0.49912261962890625,0.0,115,0
himalaya,SA,SA_S2A_18GYQ_20200818_0_L2A_81.tif,0.0,0.4989166259765625,0.0,54,88
himalaya,SA,SA_S2A_18GYT_20200821_0_L2A_31.tif,0.0,0.49817657470703125,0.0,239,0
himalaya,SA,SA_S2A_18GYT_20200821_1_L2A_3.tif,0.0,0.4942169189453125,0.0,746,12
himalaya,SA,SA_S2A_18GYU_20200729_0_L2A_205.tif,0.0,0.4968719482421875,0.0,409,1
himalaya,SA,SA_S2A_18GYU_20200821_0_L2A_134.tif,0.0,0.474639892578125,0.0,3324,0
himalaya,SA,SA_S2A_18GYU_20200821_0_L2A_9.tif,0.04325153374233129,0.49777837792705676,0.07575074398052124,2363,1038
himalaya,SA,SA_S2A_18GYV_20200729_1_L2A_35.tif,0.6256247160381645,0.8063908115485949,0.417434478670059,1994,1584
himalaya,SA,SA_S2A_19FCV_20200720_1_L2A_161.tif,0.0,0.490875244140625,0.0,1176,20
himalaya,SA,SA_S2A_19FCV_20200720_1_L2A_230.tif,0.0,0.494903564453125,0.0,665,3
himalaya,SA,SA_S2A_19FCV_20200720_1_L2A_34.tif,0.0039347948285553686,0.48844666613499677,0.03133159268929504,1270,516
himalaya,SA,SA_S2A_19FCV_20200720_1_L2A_8.tif,0.0,0.4948272705078125,0.0,511,167
himalaya,SA,SA_S2A_19FCV_20200720_1_L2A_93.tif,0.0028625954198473282,0.48548440315781016,0.06611570247933884,2085,17
himalaya,SA,SA_S2A_19FDU_20200720_0_L2A_48.tif,0.0,0.47370147705078125,0.0,274,3173
himalaya,SA,SA_S2A_19FDU_20200720_0_L2A_53.tif,0.0,0.48546600341796875,0.0,298,1607
himalaya,SA,SA_S2A_19FDU_20200720_1_L2A_64.tif,0.005237887385421213,0.4852283692467061,0.021521694143615922,1332,971
himalaya,SA,SA_S2A_19FDV_20200720_1_L2A_117.tif,0.0,0.49237823486328125,0.0,974,25
himalaya,SA,SA_S2A_19FDV_20200720_1_L2A_131.tif,0.0,0.4965667724609375,0.0,223,227
himalaya,SA,SA_S2A_19FDV_20200720_1_L2A_161.tif,0.0,0.48760986328125,0.0,1609,15
himalaya,SA,SA_S2A_19FDV_20200720_1_L2A_213.tif,0.04660670482420278,0.4786297075637466,0.1256257056483848,1494,4906
himalaya,SA,SA_S2A_19FDV_20200720_1_L2A_225.tif,0.004273504273504274,0.49858134578279845,0.0617283950617284,450,20
himalaya,SA,SA_S2A_19FDV_20200720_1_L2A_274.tif,0.0,0.46526336669921875,0.0,4514,39
himalaya,SA,SA_S2A_19FDV_20200720_1_L2A_352.tif,0.0,0.49880218505859375,0.0,133,24
himalaya,SA,SA_S2A_19FDV_20200720_1_L2A_359.tif,0.0,0.4989166259765625,0.0,36,106
himalaya,SA,SA_S2A_19FDV_20200720_1_L2A_380.tif,0.0,0.4922637939453125,0.0,128,886
himalaya,SA,SA_S2A_19FDV_20200720_1_L2A_410.tif,0.003720238095238095,0.46098460772214134,0.0051813471502590676,3834,1562
himalaya,SA,SA_S2A_19FDV_20200720_1_L2A_413.tif,0.0,0.49457550048828125,0.0,710,1
himalaya,SA,SA_S2A_19FDV_20200720_1_L2A_458.tif,0.0,0.4897308349609375,0.0,1327,19
himalaya,SA,SA_S2A_19FDV_20200720_1_L2A_86.tif,0.0,0.49794769287109375,0.0,247,22
himalaya,SA,SA_S2A_19FEV_20200717_1_L2A_7.tif,0.0,0.494720458984375,0.0,691,1
himalaya,SA,SA_S2A_19FEV_20200720_1_L2A_112.tif,0.0,0.48279571533203125,0.0,130,2125
himalaya,SA,SA_S2A_19FEV_20200720_1_L2A_147.tif,0.0,0.494140625,0.0,742,26
himalaya,SA,SA_S2A_19FEV_20200720_1_L2A_153.tif,0.0,0.498870849609375,0.0,148,0
himalaya,SA,SA_S2A_19FEV_20200720_1_L2A_180.tif,0.0,0.49498748779296875,0.0,567,90
himalaya,SA,SA_S2A_19FEV_20200720_1_L2A_211.tif,0.0,0.48525238037109375,0.0,1721,212
himalaya,SA,SA_S2A_19FEV_20200720_1_L2A_91.tif,0.0,0.494140625,0.0,750,18
himalaya,SA,SA_S2A_19GBP_20200729_1_L2A_157.tif,0.0,0.4902801513671875,0.0,940,334
himalaya,SA,SA_S2A_19GBP_20200729_1_L2A_184.tif,0.0,0.4990234375,0.0,48,80
himalaya,SA,SA_S2A_19GBP_20200729_1_L2A_236.tif,0.0,0.4988861083984375,0.0,133,13
himalaya,SA,SA_S2A_19GBP_20200729_1_L2A_256.tif,0.0,0.49802398681640625,0.0,248,11
himalaya,SA,SA_S2A_19GBP_20200729_1_L2A_271.tif,0.8951874815470918,0.9416245451857063,0.6849928366762177,6774,6064
himalaya,SA,SA_S2A_19GBP_20200729_1_L2A_44.tif,0.0,0.49249267578125,0.0,983,1
himalaya,SA,SA_S2A_19GBP_20200729_1_L2A_79.tif,0.0,0.4942169189453125,0.0,746,12
himalaya,SA,SA_S2A_19GBP_20200821_0_L2A_126.tif,0.0,0.49085235595703125,0.0,1195,4
himalaya,SA,SA_S2A_19GBP_20200821_1_L2A_155.tif,0.0,0.49771881103515625,0.0,240,59
himalaya,SA,SA_S2A_19GBP_20200821_1_L2A_91.tif,0.031424581005586594,0.5051230492330006,0.04651162790697674,1431,46
himalaya,SA,SA_S2A_19HBS_20200729_1_L2A_15.tif,0.0,0.4937896728515625,0.0,672,142
himalaya,SA,SA_S2A_19HBS_20200729_1_L2A_4.tif,0.0,0.4943389892578125,0.0,739,3
himalaya,SA,SA_S2A_19HCB_20200722_1_L2A_104.tif,0.0,0.49768829345703125,0.0,298,5
himalaya,SA,SA_S2A_19HCB_20200722_1_L2A_95.tif,0.0,0.499298095703125,0.0,91,1
himalaya,SA,SA_S2A_19HCB_20200722_1_L2A_97.tif,0.0,0.4976043701171875,0.0,301,13
himalaya,SA,SA_S2A_19HCB_20200729_1_L2A_45.tif,0.0,0.4992218017578125,0.0,50,52
himalaya,SA,SA_S2A_19HCB_20200821_1_L2A_82.tif,0.0,0.48786163330078125,0.0,1589,2
himalaya,SA,SA_S2A_19HCD_20200821_1_L2A_21.tif,0.6957453321089685,0.840016573235617,0.5909090909090909,2433,3107
himalaya,SA,SA_S2A_19HDD_20200808_1_L2A_18.tif,0.0,0.4990997314453125,0.0,116,2
himalaya,SA,SA_S2A_19HDE_20200811_1_L2A_7.tif,0.0,0.4967498779296875,0.0,423,3
himalaya,SA,SA_S2B_18FWJ_20200701_1_L2A_26.tif,0.6618106139438086,0.820586536334363,0.4405701662717004,3801,2587
himalaya,SA,SA_S2B_18FWJ_20200701_1_L2A_62.tif,0.0,0.478240966796875,0.0,179,2673
himalaya,SA,SA_S2B_18FWL_20200714_0_L2A_17.tif,0.00016046213093709883,0.45254074834631086,0.0,311,5922
himalaya,SA,SA_S2B_18FWL_20200714_0_L2A_22.tif,0.031623662680931405,0.46870844112082843,0.09797822706065319,6311,246
himalaya,SA,SA_S2B_18FWL_20200714_0_L2A_237.tif,0.0,0.4805755615234375,0.0,2477,69
himalaya,SA,SA_S2B_18FWL_20200714_0_L2A_307.tif,0.541788249640695,0.6718188649137633,0.1071081839888746,22951,12450
himalaya,SA,SA_S2B_18FWL_20200714_1_L2A_140.tif,0.0,0.49288177490234375,0.0,879,54
himalaya,SA,SA_S2B_18FWL_20200714_1_L2A_53.tif,0.0,0.48833465576171875,0.0,1431,98
himalaya,SA,SA_S2B_18FWL_20200714_1_L2A_87.tif,0.6689307881484952,0.782221899100859,0.1499794090949273,16654,11848
himalaya,SA,SA_S2B_18FWL_20200714_3_L2A_139.tif,0.0,0.481597900390625,0.0,2410,2
himalaya,SA,SA_S2B_18FWL_20200714_3_L2A_235.tif,0.0036318613289310774,0.40965963676597417,0.07205811138014528,12102,57
himalaya,SA,SA_S2B_18FWM_20200714_1_L2A_148.tif,0.004088387033972549,0.42393780209181753,0.0036429872495446266,10273,42
himalaya,SA,SA_S2B_18FWM_20200714_1_L2A_152.tif,0.0,0.48555755615234375,0.0335195530726257,1887,6
himalaya,SA,SA_S2B_18FWM_20200714_1_L2A_18.tif,0.19349845201238391,0.5685483011828827,0.12966474071544742,2335,3062
himalaya,SA,SA_S2B_18FWM_20200714_1_L2A_62.tif,0.006885721188692921,0.4406670087945328,0.03924797093538313,163,8172
himalaya,SA,SA_S2B_18FXG_20200704_1_L2A_30.tif,0.01097560975609756,0.4992995160810643,0.05434782608695652,135,694
himalaya,SA,SA_S2B_18FXJ_20200714_0_L2A_128.tif,0.9846348362763586,0.9740163307932408,0.8336236933797909,46136,46475
himalaya,SA,SA_S2B_18FXK_20200714_0_L2A_122.tif,0.0,0.4774322509765625,0.0,1284,1674
himalaya,SA,SA_S2B_18FXK_20200714_0_L2A_49.tif,0.0,0.433837890625,0.0,632,8040
himalaya,SA,SA_S2B_18FXK_20200714_1_L2A_41.tif,0.0,0.4912872314453125,0.0,479,663
himalaya,SA,SA_S2B_18FXK_20200820_0_L2A_110.tif,0.0,0.494720458984375,0.0,614,78
himalaya,SA,SA_S2B_18FXK_20200820_0_L2A_99.tif,0.9391873043424356,0.9417520174330314,0.6964863674832453,32086,30478
himalaya,SA,SA_S2B_18FXL_20200714_1_L2A_102.tif,0.0,0.46173858642578125,0.0,371,4644
himalaya,SA,SA_S2B_18FXL_20200714_1_L2A_128.tif,0.00023522770041400074,0.1758036010919126,0.021386908619572265,80,42442
himalaya,SA,SA_S2B_18FXL_20200714_1_L2A_18.tif,0.09034267912772585,0.5407118264449527,0.14523767760042097,73,627
himalaya,SA,SA_S2B_18FXL_20200714_2_L2A_31.tif,0.0,0.49591064453125,0.0,126,410
himalaya,SA,SA_S2B_18FXL_20200714_2_L2A_66.tif,0.011223880597014926,0.4423421747045464,0.015009380863039398,3298,5171
himalaya,SA,SA_S2B_18FXL_20200714_3_L2A_3.tif,0.10141685309470544,0.541495888321053,0.19224806201550387,275,1202
himalaya,SA,SA_S2B_18FXL_20200714_3_L2A_76.tif,0.0,0.4974365234375,0.0,173,163
himalaya,SA,SA_S2B_18FXM_20200714_0_L2A_258.tif,0.0,0.4910736083984375,0.0,1161,9
himalaya,SA,SA_S2B_18FXM_20200714_0_L2A_328.tif,0.008132836326668925,0.48172699943088854,0.10596026490066225,2498,477
himalaya,SA,SA_S2B_18FXM_20200714_0_L2A_33.tif,0.0,0.4856414794921875,0.0,1435,447
himalaya,SA,SA_S2B_18FXM_20200714_0_L2A_36.tif,0.0,0.476806640625,0.0,3039,1
himalaya,SA,SA_S2B_18FXM_20200714_0_L2A_509.tif,0.08282208588957055,0.527689991762358,0.10329138828544494,578,1540
himalaya,SA,SA_S2B_18FXM_20200714_1_L2A_180.tif,0.0,0.4940643310546875,0.0,479,299
himalaya,SA,SA_S2B_18FXM_20200714_1_L2A_263.tif,0.03215434083601286,0.4792440818228033,0.02589555459646094,321,4815
himalaya,SA,SA_S2B_18FXM_20200714_1_L2A_3.tif,0.030373831775700934,0.48664016341532723,0.047093451066961,191,3778
himalaya,SA,SA_S2B_18FXM_20200714_1_L2A_397.tif,0.0,0.4737701416015625,0.023121387283236993,3429,9
himalaya,SA,SA_S2B_18FXM_20200714_1_L2A_435.tif,0.0,0.4995574951171875,0.0,45,13
himalaya,SA,SA_S2B_18FXM_20200714_1_L2A_80.tif,0.8657534246575342,0.9281151160603038,0.7405995732831882,4373,3799
himalaya,SA,SA_S2B_18GWN_20200704_0_L2A_150.tif,0.0,0.49854278564453125,0.0,84,107
himalaya,SA,SA_S2B_18GWN_20200704_0_L2A_24.tif,0.5675465838509317,0.7794757840171255,0.3288624961605406,1059,960
himalaya,SA,SA_S2B_18GWN_20200704_0_L2A_254.tif,0.0,0.4988861083984375,0.0,92,54
himalaya,SA,SA_S2B_18GWN_20200704_1_L2A_158.tif,0.0,0.49919891357421875,0.0,1,104
himalaya,SA,SA_S2B_18GWN_20200704_1_L2A_181.tif,0.12652068126520682,0.5605192130289139,0.195046439628483,329,134
himalaya,SA,SA_S2B_18GWN_20200704_1_L2A_247.tif,0.06042654028436019,0.5180941883192746,0.22991442074338997,1683,107
himalaya,SA,SA_S2B_18GWN_20200704_1_L2A_70.tif,0.4258474576271186,0.6370107871976823,0.05899447143212628,12358,9851
himalaya,SA,SA_S2B_18GWN_20200727_0_L2A_2.tif,0.0,0.4964752197265625,0.0,455,7
himalaya,SA,SA_S2B_18GWN_20200727_0_L2A_81.tif,0.005367686527106817,0.46025261558975256,0.0,5589,30
himalaya,SA,SA_S2B_18GWP_20200704_0_L2A_137.tif,0.0019274012206874397,0.4535459605456346,0.0,2685,3553
himalaya,SA,SA_S2B_18GWP_20200704_0_L2A_145.tif,0.0,0.49967193603515625,0.0,4,39
himalaya,SA,SA_S2B_18GWP_20200704_0_L2A_2.tif,0.27149075081610446,0.6254512351494302,0.17631677250653716,1711,626
himalaya,SA,SA_S2B_18GWP_20200704_0_L2A_92.tif,0.9072870735669529,0.9467218326061977,0.8705558585107975,8408,8029
himalaya,SA,SA_S2B_18GYN_20200714_0_L2A_116.tif,0.0,0.4965057373046875,0.0,445,13
himalaya,SA,SA_S2B_18GYN_20200714_1_L2A_11.tif,0.8786414767810787,0.8984374852204475,0.42874138755360186,27736,24370
himalaya,SA,SA_S2B_18GYP_20200810_0_L2A_49.tif,0.0,0.4834442138671875,0.0,2170,0
himalaya,SA,SA_S2B_18GYP_20200810_0_L2A_90.tif,0.0,0.49503326416015625,0.0,648,3
himalaya,SA,SA_S2B_18GYP_20200820_0_L2A_24.tif,0.0,0.49832916259765625,0.0,8,211
himalaya,SA,SA_S2B_18GYP_20200820_0_L2A_32.tif,0.0,0.4885711669921875,0.0,33,1465
himalaya,SA,SA_S2B_18GYP_20200820_1_L2A_43.tif,0.0,0.49300384521484375,0.0,912,5
himalaya,SA,SA_S2B_18GYQ_20200820_0_L2A_36.tif,0.7721717329990598,0.8431121905852803,0.3467489282180939,18957,14973
himalaya,SA,SA_S2B_18GYS_20200727_0_L2A_8.tif,0.0,0.49571990966796875,0.0,561,0
himalaya,SA,SA_S2B_19FDU_20200718_0_L2A_3.tif,0.0,0.457000732421875,0.0,1594,4042
himalaya,SA,SA_S2B_19HCA_20200714_1_L2A_30.tif,0.0,0.4900360107421875,0.0,1281,25
himalaya,SA,SA_S2B_19HCB_20200714_1_L2A_69.tif,0.0,0.4980316162109375,0.0,193,65
himalaya,SA,SA_S2B_19HCB_20200803_1_L2A_9.tif,0.0,0.49822235107421875,0.0,152,81
himalaya,SA,SA_S2B_19HCC_20200724_1_L2A_38.tif,0.0,0.4996337890625,0.0,40,8
himalaya,SA,SA_S2B_19HCC_20200823_1_L2A_27.tif,0.6823447974351501,0.7480346201801769,0.21336440525672018,27448,18729
himalaya,SA,SA_S2B_19HCD_20200803_1_L2A_8.tif,0.0,0.4959716796875,0.0,471,57
himalaya,SA,SA_S2B_19HCD_20200813_1_L2A_15.tif,0.0,0.4978790283203125,0.0,256,22
himalaya,SA,SA_S2B_19HCV_20200714_1_L2A_24.tif,0.0,0.463775634765625,0.0,4426,322
himalaya,SA,SA_S2B_19HCV_20200806_1_L2A_5.tif,0.0,0.48492431640625,0.0,1913,63
himalaya,SA,SA_S2B_19HDD_20200724_1_L2A_14.tif,0.0,0.4989013671875,0.0,141,3
himalaya,SA,SA_S2B_19HDD_20200803_1_L2A_1.tif,0.0,0.49477386474609375,0.0,126,559
himalaya,SA,SA_S2B_19HDD_20200803_1_L2A_10.tif,0.0,0.49947357177734375,0.0,65,4
challenge,S2A,S2A_10UCA_20200715_0_L2A_19.tif,0.018518518518518517,0.5076417288924155,0.0,212,8
challenge,S2A,S2A_10UCA_20200715_0_L2A_25.tif,0.02434782608695652,0.5036100735124286,0.01282051282051282,1150,28
challenge,S2A,S2A_10UCA_20200715_0_L2A_33.tif,0.004453441295546558,0.4834628900487653,0.0488997555012225,2469,12
challenge,S2A,S2A_10UCA_20200715_0_L2A_43.tif,0.0,0.49698638916015625,0.0,393,2
challenge,S2A,S2A_10UCA_20200715_0_L2A_44.tif,0.006535947712418301,0.468462001884176,0.018306636155606407,4590,30
challenge,S2A,S2A_10UCA_20200715_0_L2A_45.tif,0.052039381153305204,0.5208745738573134,0.22341568206229862,711,37
challenge,S2A,S2A_18FWG_20200706_0_L2A_10.tif,0.4769185360094451,0.6613494293427666,0.1272618346499868,16939,8080
challenge,S2A,S2A_18FWG_20200706_0_L2A_11.tif,0.2346347120216467,0.6020699319014116,0.07059194948697711,2577,617
challenge,S2A,S2A_18FWG_20200706_0_L2A_12.tif,0.42179332529151586,0.6882288610126673,0.05897219882055601,4886,2186
challenge,S2A,S2A_18FWG_20200706_0_L2A_14.tif,0.19174041297935104,0.5916809883751294,0.22584216352996994,610,198
challenge,S2A,S2A_18FWG_20200706_0_L2A_15.tif,0.19061936259771498,0.5640485525537928,0.23636782083535043,4785,1155
challenge,S2A,S2A_18FWG_20200706_0_L2A_16.tif,0.22697874961502926,0.5941217919744463,0.38378429841765516,3239,745
challenge,S2A,S2A_18FWG_20200706_0_L2A_18.tif,0.1875,0.5849866711606815,0.259874492432632,1404,268
challenge,S2A,S2A_18FWG_20200706_0_L2A_19.tif,0.45375494071146244,0.7161456569743558,0.20353111190231848,2418,1260
challenge,S2A,S2A_18FWG_20200706_0_L2A_2.tif,0.0,0.48763275146484375,0.0,1371,250
challenge,S2A,S2A_18FWG_20200706_0_L2A_20.tif,0.0003707136237256719,0.4590387764108496,0.0012158793847650313,763,4634
challenge,S2A,S2A_18FWG_20200706_0_L2A_21.tif,0.44799913241513933,0.6351285252465751,0.16659128964435926,14008,12696
challenge,S2A,S2A_18FWG_20200706_0_L2A_24.tif,0.4082807129725841,0.6428856401296362,0.17880749674490604,12380,5239
challenge,S2A,S2A_18FWG_20200706_0_L2A_25.tif,0.24942355092629404,0.5490695376067711,0.22766445241314445,12517,3197
challenge,S2A,S2A_18FWG_20200706_0_L2A_3.tif,0.11842105263157894,0.5474163767038254,0.022541561003099467,1541,414
challenge,S2A,S2A_18FWG_20200706_0_L2A_5.tif,0.05590778097982709,0.502885787279115,0.09127954360228198,215,3449
challenge,S2A,S2A_18FWG_20200706_0_L2A_6.tif,0.4993732765104036,0.7339731169156576,0.27804740583022824,3921,2060
challenge,S2A,S2A_18FWG_20200706_0_L2A_8.tif,0.19602336553583463,0.5419144276692357,0.12266044143603602,3498,7149
challenge,S2A,S2A_18FWG_20200706_1_L2A_10.tif,0.009858905484385146,0.37664234417391096,0.1287001287001287,16939,167
challenge,S2A,S2A_18FWG_20200706_1_L2A_12.tif,0.5623080652982059,0.7593353820536826,0.1562435965739109,4886,4780
challenge,S2A,S2A_18FWG_20200706_1_L2A_15.tif,0.0052126772310258545,0.4661926065705128,0.0573208722741433,4785,36
challenge,S2A,S2A_18FWG_20200706_1_L2A_16.tif,0.001234949058351343,0.4759348767143676,0.027667984189723323,3239,4
challenge,S2A,S2A_18FWG_20200706_1_L2A_19.tif,0.045402518122853876,0.5035777896268763,0.04272766508416055,2418,322
challenge,S2A,S2A_18FWG_20200706_1_L2A_2.tif,0.0,0.489532470703125,0.0,1371,1
challenge,S2A,S2A_18FWG_20200706_1_L2A_20.tif,0.0,0.4705810546875,0.0,763,3093
challenge,S2A,S2A_18FWG_20200706_1_L2A_21.tif,0.06515843562660577,0.4312298530360564,0.017370390165686797,14008,917
challenge,S2A,S2A_18FWG_20200706_1_L2A_23.tif,0.0,0.4761810302734375,0.0,3102,20
challenge,S2A,S2A_18FWG_20200706_1_L2A_24.tif,0.0015347334410339257,0.4064330718046936,0.011967090501121914,12380,19
challenge,S2A,S2A_18FWG_20200706_1_L2A_25.tif,0.00015978269553407366,0.4045951048247408,0.009345794392523364,12517,2
challenge,S2A,S2A_18FWG_20200706_1_L2A_7.tif,0.0015372790161414297,0.49085775355574063,0.01822323462414579,1271,32
challenge,S2A,S2A_18FWG_20200706_1_L2A_9.tif,0.003908794788273616,0.4902879850639064,0.0,1380,161
challenge,S2A,S2A_18FWG_20200716_1_L2A_1.tif,0.0015889830508474577,0.48641242447523525,0.0,1881,10
challenge,S2A,S2A_18FWG_20200716_1_L2A_10.tif,0.008560127516382313,0.37586789694624456,0.09008285212151644,16939,145
challenge,S2A,S2A_18FWG_20200716_1_L2A_11.tif,0.0015521924718665113,0.4811444658874013,0.07999999999999999,2577,4
challenge,S2A,S2A_18FWG_20200716_1_L2A_2.tif,0.0,0.4800262451171875,0.0,1371,1247
challenge,S2A,S2A_18FWG_20200716_1_L2A_21.tif,0.00014266352806904914,0.39312684493277134,0.015045674368619023,14008,13
challenge,S2A,S2A_18FWG_20200716_1_L2A_23.tif,0.0006447453255963894,0.4766705278189004,0.04555808656036446,3102,2
challenge,S2A,S2A_18FWG_20200716_1_L2A_24.tif,0.002988691437802908,0.4072715331568776,0.03194689347578052,12380,37
challenge,S2A,S2A_18FWG_20200716_1_L2A_25.tif,0.026914783164284004,0.4200203756769901,0.13036875037968532,12517,341
challenge,S2A,S2A_18FWG_20200716_1_L2A_26.tif,0.0,0.399566650390625,0.0,826,12338
challenge,S2A,S2A_18FWG_20200716_1_L2A_6.tif,0.34498480243161095,0.6523440545333484,0.1912028071810253,3921,1389
challenge,S2A,S2A_18FWG_20200716_1_L2A_7.tif,0.0,0.49010467529296875,0.0,1271,26
challenge,S2A,S2A_18FWG_20200716_1_L2A_8.tif,0.008532708716747533,0.45901935122788584,0.009479421755272928,3498,2530
challenge,S2A,S2A_18FWH_20200706_1_L2A_10.tif,0.033568052474196974,0.43993706053789006,0.16519288698863083,10367,348
challenge,S2A,S2A_18FWH_20200706_1_L2A_11.tif,0.03836206896551724,0.48504596303014375,0.11787819253438116,4638,180
challenge,S2A,S2A_18FWH_20200706_1_L2A_15.tif,0.3095922810223883,0.4170191443803465,0.0539480787626796,36779,11947
challenge,S2A,S2A_18FWH_20200706_1_L2A_19.tif,0.5554355651547876,0.7579419619208686,0.1356466876971609,4886,3756
challenge,S2A,S2A_18FWH_20200706_1_L2A_2.tif,0.0011364712567477982,0.4200862748201204,0.006201550387596899,10532,39
challenge,S2A,S2A_18FWH_20200706_1_L2A_20.tif,0.0,0.4911956787109375,0.0,1062,92
challenge,S2A,S2A_18FWH_20200706_1_L2A_22.tif,0.0,0.4884796142578125,0.0,1504,6
challenge,S2A,S2A_18FWH_20200706_1_L2A_24.tif,0.020206022187004756,0.4912208243331756,0.04232804232804233,2390,185
challenge,S2A,S2A_18FWH_20200706_1_L2A_32.tif,0.06360441276969638,0.38247864995746667,0.05851918593310234,20486,1303
challenge,S2A,S2A_18FWH_20200706_1_L2A_35.tif,0.029304029304029304,0.5065609057121025,0.0996359455834451,816,308
challenge,S2A,S2A_18FWH_20200706_1_L2A_38.tif,0.0,0.421142578125,0.0,10314,22
challenge,S2A,S2A_18FWH_20200706_1_L2A_40.tif,0.0,0.45452880859375,0.0,887,5073
challenge,S2A,S2A_18FWH_20200706_1_L2A_42.tif,0.003125,0.48695850183122236,0.007009345794392523,1721,205
challenge,S2A,S2A_18FWH_20200706_1_L2A_43.tif,0.0,0.4837799072265625,0.0,1659,467
challenge,S2A,S2A_18FWH_20200706_1_L2A_44.tif,0.0,0.48006439208984375,0.0,2613,0
challenge,S2A,S2A_18FWH_20200706_1_L2A_45.tif,0.19071837253655435,0.5456605792347335,0.185441112443674,6494,2871
challenge,S2A,S2A_18FWH_20200706_1_L2A_46.tif,0.4410351201478743,0.5963547103868991,0.09947003841744698,24312,10770
challenge,S2A,S2A_18FWH_20200706_1_L2A_48.tif,0.0005268703898840885,0.4713166289569587,0.019455252918287935,3731,67
challenge,S2A,S2A_18FWH_20200706_1_L2A_49.tif,0.22695207978594015,0.5888796589199503,0.19779223270495092,4089,955
challenge,S2A,S2A_18FWH_20200706_1_L2A_5.tif,0.008127402526084569,0.43508475164341565,0.07834602829162134,9104,75
challenge,S2A,S2A_18FWH_20200706_1_L2A_50.tif,0.19058397464916252,0.5101626427760969,0.0779239341504293,5489,10291
challenge,S2A,S2A_18FWH_20200706_1_L2A_51.tif,0.0012360939431396785,0.488288569143267,0.029739776951672858,1610,10
challenge,S2A,S2A_18FWH_20200706_1_L2A_52.tif,0.035721373288350865,0.480687359023146,0.13021343254356765,5036,183
challenge,S2A,S2A_18FWH_20200706_1_L2A_54.tif,0.0,0.49877166748046875,0.0,129,32
challenge,S2A,S2A_18FWH_20200706_1_L2A_55.tif,0.3856280855732309,0.6841764662438055,0.2514668901927913,1734,792
challenge,S2A,S2A_18FWH_20200706_1_L2A_59.tif,0.0,0.49359130859375,0.0,831,9
challenge,S2A,S2A_18FWH_20200706_1_L2A_6.tif,0.008071025020177562,0.31593094534956473,0.011097410604192354,24780,200
challenge,S2A,S2A_18FWH_20200706_1_L2A_62.tif,0.012781701984527414,0.48398558670938485,0.0,2922,89
challenge,S2A,S2A_18FWH_20200706_1_L2A_63.tif,0.0,0.48589324951171875,0.0,1020,829
challenge,S2A,S2A_18FWH_20200706_1_L2A_66.tif,0.0003554081269991707,0.4357979259364491,0.0,8401,43
challenge,S2A,S2A_18FWH_20200706_1_L2A_68.tif,0.0053404539385847796,0.4969859811046766,0.051896207584830344,189,564
challenge,S2A,S2A_18FWH_20200706_1_L2A_7.tif,0.0004065040650406504,0.48144228461053207,0.0,2370,91
challenge,S2A,S2A_18FWH_20200706_1_L2A_70.tif,0.0,0.4426727294921875,0.0,7509,5
challenge,S2A,S2A_18FWH_20200706_1_L2A_74.tif,0.0,0.44610595703125,0.0,7055,9
challenge,S2A,S2A_18FWH_20200706_1_L2A_75.tif,0.0,0.4880828857421875,0.0,102,1460
challenge,S2A,S2A_18FWH_20200706_1_L2A_9.tif,0.22272675672607561,0.5002324298465151,0.03994805516047246,17617,3925
challenge,S2A,S2A_18FWH_20200716_1_L2A_1.tif,0.07880470712680153,0.4857605303419656,0.0078125,7327,832
challenge,S2A,S2A_18FWH_20200716_1_L2A_10.tif,0.01311854924278962,0.4283406201871441,0.09722830507414128,10367,136
challenge,S2A,S2A_18FWH_20200716_1_L2A_11.tif,0.02199223803363519,0.4763352393518116,0.056333100069979006,4638,102
challenge,S2A,S2A_18FWH_20200716_1_L2A_13.tif,0.004651162790697674,0.47292907967063197,0.0,2319,1569
challenge,S2A,S2A_18FWH_20200716_1_L2A_16.tif,0.16394151743230384,0.5060448618886351,0.17216390706662568,11518,1936
challenge,S2A,S2A_18FWH_20200716_1_L2A_17.tif,0.08414953786729204,0.4388500659048507,0.23957281412328818,14486,1232
challenge,S2A,S2A_18FWH_20200716_1_L2A_18.tif,0.018612521150592216,0.5004531910023804,0.0453808752025932,836,368
challenge,S2A,S2A_18FWH_20200716_1_L2A_2.tif,0.021701468040485093,0.428696609851049,0.0015698587127158557,10532,673
challenge,S2A,S2A_18FWH_20200716_1_L2A_20.tif,0.0,0.4908905029296875,0.0,1062,132
challenge,S2A,S2A_18FWH_20200716_1_L2A_22.tif,0.0,0.488372802734375,0.0,1504,20
challenge,S2A,S2A_18FWH_20200716_1_L2A_23.tif,0.0,0.411346435546875,0.0,2181,9439
challenge,S2A,S2A_18FWH_20200716_1_L2A_24.tif,0.0008326394671107411,0.4821052140479571,0.0,2390,14
challenge,S2A,S2A_18FWH_20200716_1_L2A_28.tif,0.042042042042042045,0.513715008256493,0.19741480611045828,968,73
challenge,S2A,S2A_18FWH_20200716_1_L2A_29.tif,0.0,0.49771881103515625,0.0,222,77
challenge,S2A,S2A_18FWH_20200716_1_L2A_30.tif,0.002061855670103093,0.4640990229423372,0.0611353711790393,4850,10
challenge,S2A,S2A_18FWH_20200716_1_L2A_33.tif,0.026502908855850032,0.49024292935688274,0.17139713971397139,3091,85
challenge,S2A,S2A_18FWH_20200716_1_L2A_35.tif,0.033210332103321034,0.500596367322588,0.0438247983035562,816,1424
challenge,S2A,S2A_18FWH_20200716_1_L2A_36.tif,0.013019218846869188,0.49435972008511514,0.14634146341463417,1612,22
challenge,S2A,S2A_18FWH_20200716_1_L2A_38.tif,0.0288927671126624,0.4376813079868778,0.0,10314,298
challenge,S2A,S2A_18FWH_20200716_1_L2A_39.tif,0.01567398119122257,0.4910586207997303,0.00865800865800866,2233,35
challenge,S2A,S2A_18FWH_20200716_1_L2A_40.tif,0.0,0.47045135498046875,0.0,887,2986
challenge,S2A,S2A_18FWH_20200716_1_L2A_42.tif,0.06101390758187528,0.5145054247389499,0.050986342943854325,1721,644
challenge,S2A,S2A_18FWH_20200716_1_L2A_43.tif,0.0,0.47571563720703125,0.0,1659,1524
challenge,S2A,S2A_18FWH_20200716_1_L2A_44.tif,0.012148823082763858,0.48621302903039026,0.041906757464641176,2613,53
challenge,S2A,S2A_18FWH_20200716_1_L2A_45.tif,0.07399480201804005,0.4904423373676255,0.17322444939371442,6494,531
challenge,S2A,S2A_18FWH_20200716_1_L2A_46.tif,0.9055372030832154,0.9245164255830097,0.5428200952897896,24312,24142
challenge,S2A,S2A_18FWH_20200716_1_L2A_48.tif,0.0,0.47151947021484375,0.0,3731,2
challenge,S2A,S2A_18FWH_20200716_1_L2A_5.tif,0.0003295254833040422,0.43072646447970764,0.006066734074823054,9104,3
challenge,S2A,S2A_18FWH_20200716_1_L2A_51.tif,0.0,0.48761749267578125,0.0,1610,13
challenge,S2A,S2A_18FWH_20200716_1_L2A_52.tif,0.0027799841143764893,0.4630669860439408,0.038929440389294405,5036,14
challenge,S2A,S2A_18FWH_20200716_1_L2A_54.tif,0.008583690987124463,0.5025294015713234,0.034482758620689655,129,106
challenge,S2A,S2A_18FWH_20200716_1_L2A_55.tif,0.28302832790172977,0.6193116083280289,0.1881977902553885,1734,3384
challenge,S2A,S2A_18FWH_20200716_1_L2A_56.tif,0.0010195989577432877,0.433224558280587,0.01481416163308496,728,8108
challenge,S2A,S2A_18FWH_20200716_1_L2A_59.tif,0.0,0.48928070068359375,0.0,831,574
challenge,S2A,S2A_18FWH_20200716_1_L2A_60.tif,0.0,0.49817657470703125,0.0,166,73
challenge,S2A,S2A_18FWH_20200716_1_L2A_62.tif,0.08168822328114364,0.5201843468770334,0.07439824945295405,2922,256
challenge,S2A,S2A_18FWH_20200716_1_L2A_66.tif,0.04193395105725826,0.4591026857598244,0.1382960560013659,8401,370
challenge,S2A,S2A_18FWH_20200716_1_L2A_7.tif,0.0,0.48125457763671875,0.0,2370,87
challenge,S2A,S2A_18FWH_20200716_1_L2A_70.tif,0.0015980823012385138,0.44359099524377593,0.026690391459074734,7509,12
challenge,S2A,S2A_18FWH_20200716_1_L2A_71.tif,0.01266689489900719,0.46227735383794266,0.15327946768060835,5842,74
challenge,S2A,S2A_18FWH_20200716_1_L2A_72.tif,0.0,0.4973297119140625,0.0,324,26
challenge,S2A,S2A_18FWH_20200716_1_L2A_73.tif,0.00205620287868403,0.48991919447643784,0.005519144532597448,650,812
challenge,S2A,S2A_18FWH_20200716_1_L2A_74.tif,0.0,0.4460601806640625,0.0,7055,15
challenge,S2A,S2A_18FWH_20200716_1_L2A_75.tif,0.0,0.49875640869140625,0.0,102,61
challenge,S2A,S2A_18FWH_20200716_1_L2A_8.tif,0.0,0.481231689453125,0.0,1883,577
challenge,S2A,S2A_18FWH_20200716_1_L2A_9.tif,0.047054149165626065,0.39379613357179416,0.04601769911504425,17617,830
challenge,S2A,S2A_18FWJ_20200706_0_L2A_1.tif,0.42967079948696024,0.6938361238564418,0.1614108503960544,4038,2650
challenge,S2A,S2A_18FWJ_20200706_0_L2A_100.tif,0.0,0.474334716796875,0.0,372,2992
challenge,S2A,S2A_18FWJ_20200706_0_L2A_101.tif,0.025078369905956112,0.5101661535770776,0.3243243243243243,318,9
challenge,S2A,S2A_18FWJ_20200706_0_L2A_102.tif,0.1031390134529148,0.5485156053674713,0.16281245822750973,146,346
challenge,S2A,S2A_18FWJ_20200706_0_L2A_103.tif,0.0015154795410261962,0.46556721343866,0.0019896538002387586,145,4481
challenge,S2A,S2A_18FWJ_20200706_0_L2A_105.tif,0.15897520118246017,0.5398317339080434,0.23418891481560047,5192,1865
challenge,S2A,S2A_18FWJ_20200706_0_L2A_106.tif,0.0411522633744856,0.513461193370399,0.204053589831673,855,157
challenge,S2A,S2A_18FWJ_20200706_0_L2A_108.tif,0.0006789524733268671,0.42172542749488495,0.0,10253,64
challenge,S2A,S2A_18FWJ_20200706_0_L2A_109.tif,0.2133122028526149,0.587523468029764,0.15102974828375285,3155,673
challenge,S2A,S2A_18FWJ_20200706_0_L2A_11.tif,0.4407396478803974,0.6738052510141485,0.1551766980405942,10105,4543
challenge,S2A,S2A_18FWJ_20200706_0_L2A_110.tif,0.25588161941973564,0.5562846567750956,0.09385921936781948,8706,6401
challenge,S2A,S2A_18FWJ_20200706_0_L2A_112.tif,0.03927013090043634,0.501128715831501,0.22587396325866213,2486,134
challenge,S2A,S2A_18FWJ_20200706_0_L2A_114.tif,0.5599131917532165,0.7570333351053402,0.23528647973105943,6403,3660
challenge,S2A,S2A_18FWJ_20200706_0_L2A_117.tif,0.006806579693703914,0.4900417734559112,0.03371124711548109,166,1609
challenge,S2A,S2A_18FWJ_20200706_0_L2A_118.tif,0.19725,0.5484201780856187,0.14126406965074143,1871,7707
challenge,S2A,S2A_18FWJ_20200706_0_L2A_119.tif,0.0903573325240877,0.45200903381197005,0.165531413375238,3956,10416
challenge,S2A,S2A_18FWJ_20200706_0_L2A_12.tif,0.6669893514036787,0.8281329125546091,0.29192790295784876,2065,1379
challenge,S2A,S2A_18FWJ_20200706_0_L2A_120.tif,0.0007956240676280457,0.423735927038087,0.00430071954346208,128,9935
challenge,S2A,S2A_18FWJ_20200706_0_L2A_121.tif,0.0003678724708767627,0.3757828985427785,0.0033270063341082133,363,15953
challenge,S2A,S2A_18FWJ_20200706_0_L2A_122.tif,0.0029225523623964927,0.4702208146709119,0.009475733507916546,208,3910
challenge,S2A,S2A_18FWJ_20200706_0_L2A_123.tif,0.0,0.48654937744140625,0.0,301,1462
challenge,S2A,S2A_18FWJ_20200706_0_L2A_124.tif,0.674209308305477,0.804149911652305,0.2294106145858226,9784,9749
challenge,S2A,S2A_18FWJ_20200706_0_L2A_125.tif,0.1291866028708134,0.5618139116794432,0.2167832167832168,228,244
challenge,S2A,S2A_18FWJ_20200706_0_L2A_127.tif,0.43895088376639246,0.6622157281817647,0.23948368132896783,9633,8033
challenge,S2A,S2A_18FWJ_20200706_0_L2A_129.tif,0.0,0.49493408203125,0.0,524,140
challenge,S2A,S2A_18FWJ_20200706_0_L2A_132.tif,0.0,0.49219512939453125,0.0,413,610
challenge,S2A,S2A_18FWJ_20200706_0_L2A_133.tif,0.021484375,0.5030949670585676,0.16596512327119664,1000,46
challenge,S2A,S2A_18FWJ_20200706_0_L2A_134.tif,0.0,0.49120330810546875,0.0,202,951
challenge,S2A,S2A_18FWJ_20200706_0_L2A_135.tif,0.0001231830500123183,0.3142697004167096,0.002461610596647521,474,23883
challenge,S2A,S2A_18FWJ_20200706_0_L2A_137.tif,0.07091327705295472,0.44177435040662344,0.13913575291936622,1233,12721
challenge,S2A,S2A_18FWJ_20200706_0_L2A_138.tif,0.00015337423312883436,0.35086178775288507,0.00028820520210389794,74,19489
challenge,S2A,S2A_18FWJ_20200706_0_L2A_140.tif,0.5350204689244511,0.7139779797148478,0.30330963294245494,11577,9046
challenge,S2A,S2A_18FWJ_20200706_0_L2A_141.tif,0.518169025742902,0.7099836963521178,0.19250639330745364,11370,6971
challenge,S2A,S2A_18FWJ_20200706_0_L2A_142.tif,0.05984099699183498,0.46258335880463264,0.04478530123446664,749,9116
challenge,S2A,S2A_18FWJ_20200706_0_L2A_143.tif,0.8777555110220441,0.9369650501303624,0.7111874812318575,1944,1804
challenge,S2A,S2A_18FWJ_20200706_0_L2A_144.tif,0.5893766340993533,0.7703303264206462,0.2892677535476024,4462,7088
challenge,S2A,S2A_18FWJ_20200706_0_L2A_145.tif,0.20669898633759365,0.5754848533966677,0.16587677725118483,4494,982
challenge,S2A,S2A_18FWJ_20200706_0_L2A_146.tif,0.6332831325301205,0.7639397409999278,0.26373384682708034,15714,10314
challenge,S2A,S2A_18FWJ_20200706_0_L2A_147.tif,0.597545675527327,0.5059389243728949,0.07419498948381492,50949,30545
challenge,S2A,S2A_18FWJ_20200706_0_L2A_148.tif,0.7529744093074474,0.7251023094010978,0.3307284252604424,32192,41035
challenge,S2A,S2A_18FWJ_20200706_0_L2A_15.tif,0.3392350317610488,0.6308319353264673,0.07010270184863326,7300,2609
challenge,S2A,S2A_18FWJ_20200706_0_L2A_152.tif,0.001447391741005494,0.2426190338765192,0.028868747901980525,108,33795
challenge,S2A,S2A_18FWJ_20200706_0_L2A_154.tif,0.07975933353903117,0.4940084598915261,0.05403825924338645,816,6183
challenge,S2A,S2A_18FWJ_20200706_0_L2A_155.tif,0.1814798912265636,0.5462465741064666,0.12368905965146137,1873,6382
challenge,S2A,S2A_18FWJ_20200706_0_L2A_156.tif,0.0,0.49631500244140625,0.0,434,49
challenge,S2A,S2A_18FWJ_20200706_0_L2A_157.tif,0.0028155795401220087,0.48519384195989773,0.05642633228840125,2131,6
challenge,S2A,S2A_18FWJ_20200706_0_L2A_158.tif,0.10553633217993079,0.5488200943068421,0.06547619047619048,481,158
challenge,S2A,S2A_18FWJ_20200706_0_L2A_159.tif,0.022790797677918726,0.4418191328417761,0.05524686458167964,1161,8353
challenge,S2A,S2A_18FWJ_20200706_0_L2A_16.tif,0.3029940119760479,0.6242234266822038,0.13454899997364886,4985,1543
challenge,S2A,S2A_18FWJ_20200706_0_L2A_160.tif,0.0006489994591671173,0.4298300696975371,0.0005989817310572028,1226,8025
challenge,S2A,S2A_18FWJ_20200706_0_L2A_161.tif,0.29063604240282687,0.6266577785950214,0.20251599645822546,1534,2849
challenge,S2A,S2A_18FWJ_20200706_0_L2A_162.tif,0.01586042823156225,0.4889824921174911,0.04860596293311845,238,2324
challenge,S2A,S2A_18FWJ_20200706_0_L2A_164.tif,0.0,0.3896331787109375,0.0,85,14381
challenge,S2A,S2A_18FWJ_20200706_0_L2A_165.tif,0.01044689495066744,0.4922117560317609,0.03979785217940619,766,975
challenge,S2A,S2A_18FWJ_20200706_0_L2A_166.tif,0.20849464814393076,0.5496911667844683,0.16520818036279597,8781,1832
challenge,S2A,S2A_18FWJ_20200706_0_L2A_167.tif,0.13500784929356358,0.5632946045551088,0.4098957679266609,634,89
challenge,S2A,S2A_18FWJ_20200706_0_L2A_168.tif,0.0,0.4453582763671875,0.0,7145,17
challenge,S2A,S2A_18FWJ_20200706_0_L2A_169.tif,0.0006163961372508733,0.46319712425848397,0.0,4742,128
challenge,S2A,S2A_18FWJ_20200706_0_L2A_17.tif,0.3216492076282568,0.6208268210739121,0.09581973992246705,7428,2413
challenge,S2A,S2A_18FWJ_20200706_0_L2A_171.tif,0.00036683785766691124,0.4793930015945846,0.012139605462822459,2662,65
challenge,S2A,S2A_18FWJ_20200706_0_L2A_18.tif,0.12332838038632987,0.5481086584640305,0.272020725388601,1934,334
challenge,S2A,S2A_18FWJ_20200706_0_L2A_19.tif,0.4932370321733421,0.7153867258632978,0.2563590040873813,7596,3775
challenge,S2A,S2A_18FWJ_20200706_0_L2A_2.tif,0.36991312299954276,0.6522037053302868,0.19812911996194524,6391,2597
challenge,S2A,S2A_18FWJ_20200706_0_L2A_20.tif,0.00040241448692152917,0.48124950204776384,0.0,2435,51
challenge,S2A,S2A_18FWJ_20200706_0_L2A_22.tif,0.0,0.49727630615234375,0.0,350,7
challenge,S2A,S2A_18FWJ_20200706_0_L2A_25.tif,0.11373475009838646,0.5221988199828427,0.21218742413207092,5067,593
challenge,S2A,S2A_18FWJ_20200706_0_L2A_26.tif,0.017327382515095826,0.4800780795269843,0.26538818434890193,3801,74
challenge,S2A,S2A_18FWJ_20200706_0_L2A_28.tif,0.02631578947368421,0.5012942125674831,0.22939068100358423,1576,62
challenge,S2A,S2A_18FWJ_20200706_0_L2A_29.tif,0.05922551252847381,0.5264605657589705,0.11989482909728306,112,353
challenge,S2A,S2A_18FWJ_20200706_0_L2A_30.tif,0.08965637537066108,0.5046956171707355,0.21094964655154544,5708,539
challenge,S2A,S2A_18FWJ_20200706_0_L2A_31.tif,0.04174163368118028,0.5005177138139928,0.12026544155181212,2777,118
challenge,S2A,S2A_18FWJ_20200706_0_L2A_32.tif,0.32744043043812454,0.629220325618709,0.17243190295545202,6501,2134
challenge,S2A,S2A_18FWJ_20200706_0_L2A_33.tif,0.042881858625803265,0.46203673535379813,0.026198523514353582,1972,6467
challenge,S2A,S2A_18FWJ_20200706_0_L2A_35.tif,0.24210526315789474,0.5998964656700674,0.31417528986410675,3598,886
challenge,S2A,S2A_18FWJ_20200706_0_L2A_37.tif,0.3168664133294358,0.6403034356723515,0.11583158271130381,3391,1114
challenge,S2A,S2A_18FWJ_20200706_0_L2A_38.tif,0.07609756097560975,0.5308151344857883,0.24193548387096775,1024,79
challenge,S2A,S2A_18FWJ_20200706_0_L2A_39.tif,0.0025396825396825397,0.46530591965333434,0.039384174722520586,4724,13
challenge,S2A,S2A_18FWJ_20200706_0_L2A_40.tif,0.5273116744019993,0.7533216140629551,0.2593039548388664,2640,1638
challenge,S2A,S2A_18FWJ_20200706_0_L2A_41.tif,0.22874606408594184,0.581994064375283,0.12616148480907907,5399,1235
challenge,S2A,S2A_18FWJ_20200706_0_L2A_42.tif,0.4079933388842631,0.6985313064682361,0.17906826269815593,1181,510
challenge,S2A,S2A_18FWJ_20200706_0_L2A_43.tif,0.4844096098142784,0.7180713290804919,0.33164752185713003,5862,2850
challenge,S2A,S2A_18FWJ_20200706_0_L2A_46.tif,0.2724324324324324,0.5883484157483652,0.10954279477788845,7798,2795
challenge,S2A,S2A_18FWJ_20200706_0_L2A_47.tif,0.0,0.4892425537109375,0.0,338,1072
challenge,S2A,S2A_18FWJ_20200706_0_L2A_5.tif,0.14138576779026218,0.5136726127845727,0.15471368231546875,8536,1216
challenge,S2A,S2A_18FWJ_20200706_0_L2A_50.tif,0.1283637488400866,0.5206310445124613,0.07298811299389937,3551,3745
challenge,S2A,S2A_18FWJ_20200706_0_L2A_51.tif,0.050945378151260504,0.5116659377499682,0.037243947858472994,1904,97
challenge,S2A,S2A_18FWJ_20200706_0_L2A_52.tif,0.3956043956043956,0.6940068840562614,0.27167630057803466,774,369
challenge,S2A,S2A_18FWJ_20200706_0_L2A_53.tif,0.0009970089730807576,0.4928537345162955,0.005405405405405406,706,298
challenge,S2A,S2A_18FWJ_20200706_0_L2A_55.tif,0.016196104180345807,0.40486597320968787,0.009386814910971113,2163,11766
challenge,S2A,S2A_18FWJ_20200706_0_L2A_57.tif,0.025188760985270453,0.3916728248108345,0.0693673315511687,16158,407
challenge,S2A,S2A_18FWJ_20200706_0_L2A_58.tif,0.04824820101450985,0.46218358428510437,0.03687335927309951,4468,4418
challenge,S2A,S2A_18FWJ_20200706_0_L2A_59.tif,0.13694054776219106,0.5285419717610634,0.17287888141926064,4643,2165
challenge,S2A,S2A_18FWJ_20200706_0_L2A_6.tif,0.240625,0.6184563763195283,0.23668280871670705,292,105
challenge,S2A,S2A_18FWJ_20200706_0_L2A_60.tif,0.1511782276800531,0.5360146457549202,0.2428494333513222,6023,914
challenge,S2A,S2A_18FWJ_20200706_0_L2A_61.tif,0.0029816839415022006,0.39427491379412427,0.0029161976875063953,328,13800
challenge,S2A,S2A_18FWJ_20200706_0_L2A_62.tif,0.0,0.2252197265625,0.0,179,35837
challenge,S2A,S2A_18FWJ_20200706_0_L2A_63.tif,0.16679779701022818,0.5752931487041221,0.1876748325845554,1124,359
challenge,S2A,S2A_18FWJ_20200706_0_L2A_67.tif,0.02873855544252289,0.4851822945502054,0.1906126836259405,3920,125
challenge,S2A,S2A_18FWJ_20200706_0_L2A_69.tif,0.05504587155963303,0.47534301560787917,0.06572461386789354,7192,398
challenge,S2A,S2A_18FWJ_20200706_0_L2A_7.tif,0.43571861734384476,0.6881602885321247,0.20716421708977545,6520,2950
challenge,S2A,S2A_18FWJ_20200706_0_L2A_70.tif,0.01882959606219236,0.41325123267387126,0.04421964041171534,1282,11758
challenge,S2A,S2A_18FWJ_20200706_0_L2A_71.tif,0.06929434202161475,0.5234591293766196,0.03674505611972207,402,1280
challenge,S2A,S2A_18FWJ_20200706_0_L2A_72.tif,0.0012382367508667657,0.46984742253682266,0.0,4036,7
challenge,S2A,S2A_18FWJ_20200706_0_L2A_76.tif,0.19791666666666666,0.5918841617157673,0.2118226600985222,1047,333
challenge,S2A,S2A_18FWJ_20200706_0_L2A_77.tif,0.0,0.4951629638671875,0.0,622,12
challenge,S2A,S2A_18FWJ_20200706_0_L2A_79.tif,0.0,0.4761962890625,0.0,695,2425
challenge,S2A,S2A_18FWJ_20200706_0_L2A_84.tif,0.17055469155002592,0.5730087243079925,0.3133893919793014,1455,803
challenge,S2A,S2A_18FWJ_20200706_0_L2A_86.tif,0.5297225891677675,0.7593618661536925,0.3150670086334574,1394,922
challenge,S2A,S2A_18FWJ_20200706_0_L2A_87.tif,0.0,0.4505615234375,0.0,1220,5260
challenge,S2A,S2A_18FWJ_20200706_0_L2A_91.tif,0.014661492022423459,0.4898885305063417,0.09613283810356127,2296,57
challenge,S2A,S2A_18FWJ_20200706_0_L2A_94.tif,0.07008613938919342,0.49860439406785145,0.046992947513910054,3565,1901
challenge,S2A,S2A_18FWJ_20200706_0_L2A_97.tif,0.059907834101382486,0.470361653590158,0.13079669691911433,8244,496
challenge,S2A,S2A_18FWJ_20200706_0_L2A_98.tif,0.7524643567288573,0.8149651626576224,0.28250406287892504,18965,22458
challenge,S2A,S2A_18FWJ_20200706_1_L2A_102.tif,0.07005948446794448,0.5242777935865628,0.10445092688435118,146,1473
challenge,S2A,S2A_18FWJ_20200706_1_L2A_103.tif,0.011566265060240964,0.490129511819411,0.01829152111781518,145,1954
challenge,S2A,S2A_18FWJ_20200706_1_L2A_105.tif,0.5714285714285714,0.7599837874100853,0.18484157477691357,5192,6380
challenge,S2A,S2A_18FWJ_20200706_1_L2A_109.tif,0.08145800316957211,0.5185319703802639,0.2428163653663178,3155,257
challenge,S2A,S2A_18FWJ_20200706_1_L2A_110.tif,0.05191038207641528,0.45305887161405706,0.032147777721079754,8706,1811
challenge,S2A,S2A_18FWJ_20200706_1_L2A_112.tif,0.2903481012658228,0.6313318852676448,0.2200524119188586,2486,776
challenge,S2A,S2A_18FWJ_20200706_1_L2A_114.tif,0.5117400093298088,0.7306470951942642,0.20641236908171956,6403,3319
challenge,S2A,S2A_18FWJ_20200706_1_L2A_117.tif,0.0,0.49510955810546875,0.0,166,475
challenge,S2A,S2A_18FWJ_20200706_1_L2A_118.tif,0.15173764072442486,0.5625842405934085,0.1904188008436276,1871,482
challenge,S2A,S2A_18FWJ_20200706_1_L2A_119.tif,0.053721514600121305,0.4427443607260265,0.0783504346167762,3956,8205
challenge,S2A,S2A_18FWJ_20200706_1_L2A_12.tif,0.1539951573849879,0.5636040370322161,0.23179791976225855,2065,318
challenge,S2A,S2A_18FWJ_20200706_1_L2A_122.tif,0.02494802494802495,0.4981507776829057,0.04968944099378882,208,1764
challenge,S2A,S2A_18FWJ_20200706_1_L2A_124.tif,0.625662376987131,0.7792625237729084,0.20858839524517994,9784,7396
challenge,S2A,S2A_18FWJ_20200706_1_L2A_125.tif,0.012738853503184714,0.5040041700830945,0.030690537084398978,228,90
challenge,S2A,S2A_18FWJ_20200706_1_L2A_129.tif,0.0014492753623188406,0.49546790463774754,0.010362694300518135,524,167
challenge,S2A,S2A_18FWJ_20200706_1_L2A_131.tif,0.261321044546851,0.5325745930597774,0.11466452711410906,6642,13886
challenge,S2A,S2A_18FWJ_20200706_1_L2A_132.tif,0.0,0.4964141845703125,0.0,413,57
challenge,S2A,S2A_18FWJ_20200706_1_L2A_133.tif,0.0019569471624266144,0.493196253664834,0.0,1000,24
challenge,S2A,S2A_18FWJ_20200706_1_L2A_134.tif,0.0,0.4931640625,0.0,202,694
challenge,S2A,S2A_18FWJ_20200706_1_L2A_138.tif,0.00012225686166636101,0.37526331355611164,0.00027221995372260786,74,16287
challenge,S2A,S2A_18FWJ_20200706_1_L2A_140.tif,0.3693034238488784,0.6188029840301521,0.26664798720490107,11577,5820
challenge,S2A,S2A_18FWJ_20200706_1_L2A_142.tif,0.07904797138981379,0.4819848840692038,0.04533678756476684,749,8001
challenge,S2A,S2A_18FWJ_20200706_1_L2A_156.tif,0.0018726591760299626,0.4968698002525454,0.015000000000000001,434,101
challenge,S2A,S2A_18FWJ_20200706_1_L2A_157.tif,0.003754106053496011,0.4856778709976917,0.045064377682403435,2131,8
challenge,S2A,S2A_18FWJ_20200706_1_L2A_158.tif,0.12404287901990811,0.5576520254086631,0.15181282371852117,481,253
challenge,S2A,S2A_18FWJ_20200706_1_L2A_159.tif,0.001718213058419244,0.4919934795264324,0.03037974683544304,1161,5
challenge,S2A,S2A_18FWJ_20200706_1_L2A_160.tif,0.009417808219178082,0.4428457531295863,0.015573150801519286,1226,7027
challenge,S2A,S2A_18FWJ_20200706_1_L2A_161.tif,0.27289676066185037,0.6122116056863202,0.19512305910319402,1534,3928
challenge,S2A,S2A_18FWJ_20200706_1_L2A_162.tif,0.014360313315926894,0.472584158490864,0.023702984712448437,238,4424
challenge,S2A,S2A_18FWJ_20200706_1_L2A_163.tif,0.009283819628647215,0.4932411589214937,0.024793388429752067,1073,449
challenge,S2A,S2A_18FWJ_20200706_1_L2A_164.tif,0.0,0.4608001708984375,0.0,85,5053
challenge,S2A,S2A_18FWJ_20200706_1_L2A_165.tif,0.0,0.4941558837890625,0.0,766,0
challenge,S2A,S2A_18FWJ_20200706_1_L2A_166.tif,0.33291586018444724,0.6196697744671038,0.1963715646560449,8781,2926
challenge,S2A,S2A_18FWJ_20200706_1_L2A_168.tif,0.0,0.445404052734375,0.0,7145,11
challenge,S2A,S2A_18FWJ_20200706_1_L2A_171.tif,0.0,0.47960662841796875,0.0,2662,11
challenge,S2A,S2A_18FWJ_20200706_1_L2A_18.tif,0.026776519052523172,0.4989572534789829,0.18480492813141683,1934,60
challenge,S2A,S2A_18FWJ_20200706_1_L2A_19.tif,0.38310748585712406,0.6541160193720981,0.18736221534884687,7596,2917
challenge,S2A,S2A_18FWJ_20200706_1_L2A_20.tif,0.0,0.48111724853515625,0.0,2435,40
challenge,S2A,S2A_18FWJ_20200706_1_L2A_21.tif,0.1510648836057454,0.5623945165832686,0.17284958859919558,1865,459
challenge,S2A,S2A_18FWJ_20200706_1_L2A_25.tif,0.15214820654316122,0.5428612072182176,0.27707673307200775,5067,779
challenge,S2A,S2A_18FWJ_20200706_1_L2A_26.tif,0.05315110098709187,0.4979422345090987,0.35849861856735327,3801,360
challenge,S2A,S2A_18FWJ_20200706_1_L2A_27.tif,0.066006600660066,0.5286824257728081,0.27868852459016397,596,50
challenge,S2A,S2A_18FWJ_20200706_1_L2A_28.tif,0.05243209096651927,0.5147574415995568,0.2777415143603133,1576,90
challenge,S2A,S2A_18FWJ_20200706_1_L2A_33.tif,0.004864636209813875,0.46652341452851753,0.0035056967572304996,1972,2779
challenge,S2A,S2A_18FWJ_20200706_1_L2A_37.tif,0.14685933352993216,0.5511888229505806,0.07621446086553117,3391,498
challenge,S2A,S2A_18FWJ_20200706_1_L2A_39.tif,0.02052910052910053,0.47490337420745893,0.03682778824021762,4724,98
challenge,S2A,S2A_18FWJ_20200706_1_L2A_40.tif,0.05978055240257284,0.5108854121797501,0.140405616224649,2640,161
challenge,S2A,S2A_18FWJ_20200706_1_L2A_42.tif,0.1,0.541814054450678,0.20118648439515086,1181,128
challenge,S2A,S2A_18FWJ_20200706_1_L2A_43.tif,0.12009553053565336,0.520268026867037,0.24762246545846048,5862,704
challenge,S2A,S2A_18FWJ_20200706_1_L2A_47.tif,0.02511415525114155,0.506039386750338,0.07752264588160943,338,560
challenge,S2A,S2A_18FWJ_20200706_1_L2A_49.tif,0.0,0.36878204345703125,0.0,232,16967
challenge,S2A,S2A_18FWJ_20200706_1_L2A_51.tif,0.0068169900367068695,0.48895555482941216,0.06659267480577137,1904,16
challenge,S2A,S2A_18FWJ_20200706_1_L2A_52.tif,0.18239795918367346,0.5862978433845975,0.1383399209486166,774,153
challenge,S2A,S2A_18FWJ_20200706_1_L2A_53.tif,0.0012484394506866417,0.4945206109666648,0.01744186046511628,706,96
challenge,S2A,S2A_18FWJ_20200706_1_L2A_6.tif,0.1543778801843318,0.5715774909010096,0.19221421566537328,292,710
challenge,S2A,S2A_18FWJ_20200706_1_L2A_60.tif,0.014776689357463058,0.4620539519640158,0.08051317614424411,6023,89
challenge,S2A,S2A_18FWJ_20200706_1_L2A_72.tif,0.0061942517343904855,0.4724839464011514,0.0021413276231263384,4036,25
challenge,S2A,S2A_18FWJ_20200706_1_L2A_76.tif,0.3046958377801494,0.6423194420179128,0.258636761673399,1047,1398
challenge,S2A,S2A_18FWJ_20200706_1_L2A_84.tif,0.012070006035003017,0.4935418715686951,0.05328005328005328,1455,222
challenge,S2A,S2A_18FWJ_20200716_0_L2A_100.tif,0.0,0.48602294921875,0.0,372,1460
challenge,S2A,S2A_18FWJ_20200716_0_L2A_103.tif,0.00022768670309653916,0.4666126607773513,0.0025810892196506926,145,4248
challenge,S2A,S2A_18FWJ_20200716_0_L2A_106.tif,0.04836991263584061,0.4899936503723385,0.06370023419203748,855,4065
challenge,S2A,S2A_18FWJ_20200716_0_L2A_111.tif,0.11480985836957734,0.43235963718926274,0.06285537061924946,9716,10277
challenge,S2A,S2A_18FWJ_20200716_0_L2A_112.tif,0.010952538997676734,0.482729219745392,0.05844370080595749,2486,560
challenge,S2A,S2A_18FWJ_20200716_0_L2A_117.tif,0.0,0.48751068115234375,0.004947433518862091,166,1471
challenge,S2A,S2A_18FWJ_20200716_0_L2A_118.tif,0.3233387358184765,0.6487712246239963,0.40983459187342686,1871,1395
challenge,S2A,S2A_18FWJ_20200716_0_L2A_119.tif,0.21179676854195056,0.5744854622252951,0.2975973776174818,3956,2269
challenge,S2A,S2A_18FWJ_20200716_0_L2A_121.tif,0.0,0.44307708740234375,0.0,363,7098
challenge,S2A,S2A_18FWJ_20200716_0_L2A_125.tif,0.0922722029988466,0.540124429536578,0.19173412867490414,228,719
challenge,S2A,S2A_18FWJ_20200716_0_L2A_129.tif,0.02900107411385607,0.5076007217643728,0.10967741935483871,524,434
challenge,S2A,S2A_18FWJ_20200716_0_L2A_132.tif,0.0002800336040324839,0.4729026627164131,0.0031031807602792862,413,3159
challenge,S2A,S2A_18FWJ_20200716_0_L2A_133.tif,0.08837209302325581,0.5231656696156574,0.18080803591270722,1000,2276
challenge,S2A,S2A_18FWJ_20200716_0_L2A_134.tif,0.0,0.4936981201171875,0.0,202,624
challenge,S2A,S2A_18FWJ_20200716_0_L2A_138.tif,0.0,0.47998809814453125,0.0,74,2549
challenge,S2A,S2A_18FWJ_20200716_0_L2A_141.tif,0.7046351931330472,0.822305560353221,0.2890759497940797,11370,8489
challenge,S2A,S2A_18FWJ_20200716_0_L2A_142.tif,0.2272151898734177,0.6042407937645162,0.1280616006334817,749,1190
challenge,S2A,S2A_18FWJ_20200716_0_L2A_144.tif,0.901358272099755,0.9470768071401716,0.8136798807321323,4462,4077
challenge,S2A,S2A_18FWJ_20200716_0_L2A_152.tif,0.0005103776794828172,0.4554304440546713,0.0012413793103448274,108,5773
challenge,S2A,S2A_18FWJ_20200716_0_L2A_154.tif,0.24232081911262798,0.609213731409356,0.11901032558280997,816,1732
challenge,S2A,S2A_18FWJ_20200716_0_L2A_156.tif,0.0,0.4920806884765625,0.0,434,604
challenge,S2A,S2A_18FWJ_20200716_0_L2A_157.tif,0.029480580252690687,0.49890170017323493,0.15912208504801098,2131,69
challenge,S2A,S2A_18FWJ_20200716_0_L2A_158.tif,0.667779632721202,0.8323622432827331,0.5832948777111214,481,518
challenge,S2A,S2A_18FWJ_20200716_0_L2A_16.tif,0.5743630258739878,0.7699767482949808,0.18223393150072079,4985,2986
challenge,S2A,S2A_18FWJ_20200716_0_L2A_160.tif,0.0,0.38057708740234375,0.0,1226,14427
challenge,S2A,S2A_18FWJ_20200716_0_L2A_161.tif,0.2815040650406504,0.6243622635689304,0.22499817371612243,1534,2249
challenge,S2A,S2A_18FWJ_20200716_0_L2A_162.tif,0.0,0.48410797119140625,0.0,238,1845
challenge,S2A,S2A_18FWJ_20200716_0_L2A_165.tif,0.002331908278274388,0.4815795051844599,0.01982815598149372,766,1813
challenge,S2A,S2A_18FWJ_20200716_0_L2A_166.tif,0.3449285151412811,0.6258913929272802,0.18533253970740265,8781,3166
challenge,S2A,S2A_18FWJ_20200716_0_L2A_168.tif,0.0,0.44429779052734375,0.0,7145,156
challenge,S2A,S2A_18FWJ_20200716_0_L2A_17.tif,0.06071474317919816,0.47400343227018066,0.18817164997441335,7428,853
challenge,S2A,S2A_18FWJ_20200716_0_L2A_171.tif,0.0,0.47937774658203125,0.0,2662,41
challenge,S2A,S2A_18FWJ_20200716_0_L2A_18.tif,0.044585987261146494,0.4878503521095862,0.1548722881504431,1934,2986
challenge,S2A,S2A_18FWJ_20200716_0_L2A_2.tif,0.060367055968451384,0.48263064026891356,0.19624056752970948,6391,600
challenge,S2A,S2A_18FWJ_20200716_0_L2A_20.tif,0.0034482758620689655,0.47967182281947573,0.011406844106463879,2435,475
challenge,S2A,S2A_18FWJ_20200716_0_L2A_21.tif,0.02072420860851742,0.47751009116345344,0.06462781304096941,1865,2617
challenge,S2A,S2A_18FWJ_20200716_0_L2A_22.tif,0.004429232937386752,0.46447459143587594,0.037716787337935674,350,4639
challenge,S2A,S2A_18FWJ_20200716_0_L2A_29.tif,0.005326231691078562,0.4912634088500564,0.05327868852459016,112,1398
challenge,S2A,S2A_18FWJ_20200716_0_L2A_3.tif,0.04055017829852267,0.44799009421542857,0.25056192195733074,9240,973
challenge,S2A,S2A_18FWJ_20200716_0_L2A_31.tif,0.010803024846957148,0.4844339674657648,0.10880829015544041,2777,30
challenge,S2A,S2A_18FWJ_20200716_0_L2A_39.tif,0.0,0.4636993408203125,0.0,4724,34
challenge,S2A,S2A_18FWJ_20200716_0_L2A_40.tif,0.006782215523737754,0.4732120483959802,0.029662588060808303,2640,1368
challenge,S2A,S2A_18FWJ_20200716_0_L2A_42.tif,0.0062056737588652485,0.47743695883623644,0.0019376715646697885,1181,2224
challenge,S2A,S2A_18FWJ_20200716_0_L2A_46.tif,0.5493066255778121,0.74083549133379,0.28843452473856723,7798,6279
challenge,S2A,S2A_18FWJ_20200716_0_L2A_47.tif,0.0049923195084485405,0.48272447652848677,0.029527057985032832,338,2279
challenge,S2A,S2A_18FWJ_20200716_0_L2A_60.tif,0.18718653939491992,0.5545743349516578,0.22903292884980442,6023,1315
challenge,S2A,S2A_31TGK_20200822_0_L2A_12.tif,0.007042253521126761,0.5024453657168463,0.10666666666666665,136,7
challenge,S2A,S2A_31TGK_20200822_0_L2A_15.tif,0.15728380731282646,0.5675180240884978,0.008565310492505354,1723,271
challenge,S2A,S2A_31TGK_20200822_0_L2A_26.tif,0.0,0.48772430419921875,0.0,1571,38
challenge,S2A,S2A_31TGK_20200822_0_L2A_36.tif,0.10571428571428572,0.5504677934014259,0.25103448275862067,350,37
challenge,S2A,S2A_32TLQ_20200822_0_L2A_16.tif,0.04189636163175303,0.5143143904711331,0.32566028592197727,905,40
challenge,S2A,S2A_32TLQ_20200822_0_L2A_17.tif,0.008389261744966443,0.4996853146709908,0.1087378640776699,596,5
challenge,S2A,S2A_32TLQ_20200822_0_L2A_18.tif,0.0007501875468867217,0.4902125851902435,0.011695906432748537,1333,1
challenge,S2A,S2A_32TLQ_20200822_0_L2A_19.tif,0.08571428571428572,0.5396814248853273,0.28334866605335784,455,39
challenge,S2A,S2A_32TLQ_20200822_0_L2A_20.tif,0.05263157894736842,0.5250796578027699,0.26666666666666666,171,9
challenge,S2A,S2A_32TLQ_20200822_0_L2A_24.tif,0.0,0.49444580078125,0.0,719,9
challenge,S2A,S2A_32TLQ_20200822_0_L2A_26.tif,0.025576519916142557,0.4772606970510483,0.08542713567839197,4735,157
challenge,S2A,S2A_32TLQ_20200822_0_L2A_28.tif,0.015873015873015872,0.5050981133080935,0.07957559681697614,369,15
challenge,S2A,S2A_32TLQ_20200822_0_L2A_30.tif,0.0,0.48943328857421875,0.0,1107,278
challenge,S2A,S2A_32TLQ_20200822_0_L2A_38.tif,0.04007285974499089,0.503932041655896,0.09491525423728812,2196,88
challenge,S2A,S2A_32TLQ_20200822_0_L2A_4.tif,0.6959134615384616,0.8460092886151904,0.6985648747206211,802,609
challenge,S2A,S2A_32TLQ_20200901_1_L2A_30.tif,0.0,0.49150848388671875,0.0,1107,6
challenge,S2A,S2A_32TLQ_20200901_1_L2A_31.tif,0.05113636363636364,0.5217442797589228,0.20869565217391303,528,27
challenge,S2A,S2A_32TLR_20200809_0_L2A_1.tif,0.007125890736342043,0.500373712462612,0.0,421,3
challenge,S2A,S2A_32TLR_20200809_0_L2A_10.tif,0.13542146476278213,0.553325826952373,0.06312868539715574,2171,294
challenge,S2A,S2A_32TLR_20200809_0_L2A_11.tif,0.02165087956698241,0.4887396626573915,0.040449438202247195,2938,82
challenge,S2A,S2A_32TLR_20200809_0_L2A_15.tif,0.3987661245092541,0.6911146472912642,0.0,1783,711
challenge,S2A,S2A_32TLR_20200809_0_L2A_18.tif,0.08990011098779134,0.5386862101039331,0.03333333333333333,901,81
challenge,S2A,S2A_32TLR_20200809_0_L2A_2.tif,0.5,0.7490904504945197,0.7171444023796647,235,122
challenge,S2A,S2A_32TLR_20200809_0_L2A_3.tif,0.0,0.4922637939453125,0.0,1003,11
challenge,S2A,S2A_32TLR_20200809_0_L2A_31.tif,0.11688311688311688,0.5548064722228118,0.344559585492228,530,72
challenge,S2A,S2A_32TLR_20200809_0_L2A_32.tif,0.3566666666666667,0.6768584521644327,0.375,264,143
challenge,S2A,S2A_32TLR_20200809_0_L2A_40.tif,0.13936781609195403,0.5651071266159429,0.34843205574912894,688,105
challenge,S2A,S2A_32TLR_20200809_0_L2A_45.tif,0.0,0.497802734375,0.0,250,38
challenge,S2A,S2A_32TLR_20200809_0_L2A_51.tif,0.6243386243386243,0.811626648070746,0.9412426201855496,179,128
challenge,S2A,S2A_32TLR_20200809_0_L2A_6.tif,0.47150259067357514,0.7349720150250754,0.6942148760330579,174,110
challenge,S2A,S2A_32TLR_20200809_1_L2A_1.tif,0.0,0.49657440185546875,0.0,421,28
challenge,S2A,S2A_32TLR_20200809_1_L2A_10.tif,0.24412713035467526,0.6094416533538136,0.13161875945537066,2171,530
challenge,S2A,S2A_32TLR_20200809_1_L2A_11.tif,0.101706256273001,0.5302727381438588,0.08258527827648116,2938,355
challenge,S2A,S2A_32TLR_20200809_1_L2A_18.tif,0.07991120976692564,0.5336238805769737,0.08866995073891626,901,72
challenge,S2A,S2A_32TLR_20200809_1_L2A_32.tif,0.4318181818181818,0.7143796647497859,0.4527852249031874,264,240
challenge,S2A,S2A_32TLR_20200809_1_L2A_40.tif,0.15593705293276108,0.5734596845509634,0.33163112045659354,688,120
challenge,S2A,S2A_32TLR_20200809_1_L2A_45.tif,0.0,0.4980316162109375,0.0,250,8
challenge,S2A,S2A_32TLR_20200819_0_L2A_18.tif,0.00776914539400666,0.4970631653811584,0.08856088560885608,901,7
challenge,S2A,S2A_32TLR_20200819_0_L2A_31.tif,0.2711864406779661,0.6326341427759784,0.08955223880597014,530,145
challenge,S2A,S2A_32TLR_20200819_1_L2A_7.tif,0.6682191173209138,0.8221459612642987,0.5326026379342375,4507,3015
challenge,S2A,S2A_32TLR_20200901_0_L2A_121.tif,0.0016825574873808188,0.4872603347917883,0.0,1783,3
challenge,S2A,S2A_32TLR_20200901_0_L2A_122.tif,0.004081632653061225,0.4945940727508729,0.0,980,4
challenge,S2A,S2A_32TLR_20200901_0_L2A_123.tif,0.0,0.48514556884765625,0.0,1937,10
challenge,S2A,S2A_32TLR_20200901_0_L2A_124.tif,0.0,0.49736785888671875,0.0,344,1
challenge,S2A,S2A_32TLR_20200901_0_L2A_126.tif,0.009988901220865706,0.49818809597799124,0.05594405594405594,901,9
challenge,S2A,S2A_32TLR_20200901_0_L2A_127.tif,0.06048387096774194,0.5284638795933931,0.057971014492753624,248,15
challenge,S2A,S2A_32TLR_20200901_0_L2A_129.tif,0.0,0.489959716796875,0.0,1235,81
challenge,S2A,S2A_32TLR_20200901_0_L2A_137.tif,0.0167427701674277,0.4985108972490525,0.05507474429583006,1306,30
challenge,S2A,S2A_32TLR_20200901_0_L2A_143.tif,0.38468488818613056,0.6710055180516761,0.3394130904528451,4427,1703
challenge,S2A,S2A_32TLR_20200901_0_L2A_146.tif,0.8722466960352423,0.9359014250937483,0.9361702127659575,211,214
challenge,S2A,S2A_32TLR_20200901_0_L2A_147.tif,0.1927710843373494,0.5933140262762542,0.062015503875968984,498,96
challenge,S2A,S2A_32TLR_20200901_0_L2A_148.tif,0.0,0.4947357177734375,0.0,688,2
challenge,S2A,S2A_32TLR_20200901_0_L2A_15.tif,0.0,0.49535369873046875,0.0,543,66
challenge,S2A,S2A_32TLR_20200901_0_L2A_150.tif,0.0453125,0.5133248715217326,0.032520325203252036,1278,60
challenge,S2A,S2A_32TLR_20200901_0_L2A_38.tif,0.3900709219858156,0.6943787819562407,0.4562737642585551,141,55
challenge,S2A,S2A_32TLR_20200901_0_L2A_53.tif,0.0,0.4962615966796875,0.0,487,3
challenge,S2A,S2A_32TLR_20200901_0_L2A_65.tif,0.0,0.49643707275390625,0.0,462,5
challenge,S2A,S2A_32TLR_20200901_0_L2A_73.tif,0.27692307692307694,0.6366661651766929,0.29959875167186806,325,90
challenge,S2A,S2A_32TLR_20200908_0_L2A_1.tif,0.0,0.4967803955078125,0.0,421,1
challenge,S2A,S2A_32TLR_20200908_0_L2A_18.tif,0.08435072142064373,0.5358738025068388,0.13515901060070673,901,76
challenge,S2A,S2A_32TLR_20200908_0_L2A_3.tif,0.0,0.492340087890625,0.0,1003,1
challenge,S2A,S2A_39XWA_20200829_0_L2A_1.tif,0.01372055796935742,0.4739245468080033,0.0,4373,60
challenge,S2A,S2A_39XWA_20200829_0_L2A_10.tif,0.0008933889219773674,0.4748489040347912,0.0,3355,6
challenge,S2A,S2A_39XWA_20200829_0_L2A_12.tif,0.12476370510396975,0.5588458818783939,0.24489795918367344,389,206
challenge,S2A,S2A_39XWA_20200829_0_L2A_5.tif,0.0,0.4949951171875,0.0,650,6
challenge,S2A,S2A_39XWA_20200829_0_L2A_8.tif,0.0008298755186721991,0.28906757158773655,0.0,27715,23
challenge,S2A,S2A_39XWA_20200829_0_L2A_9.tif,0.0,0.43744659423828125,0.0,8197,2
challenge,S2A,S2A_39XWB_20200829_0_L2A_10.tif,0.1375770020533881,0.5655808760438777,0.304,466,88
challenge,S2A,S2A_39XWB_20200829_0_L2A_11.tif,0.00272572402044293,0.4790288979032748,0.04761904761904762,2935,8
challenge,S2A,S2A_39XWB_20200829_0_L2A_21.tif,0.0,0.45349884033203125,0.0,6083,12
challenge,S2A,S2A_39XWB_20200829_0_L2A_24.tif,0.01575850260979421,0.28036549519534004,0.0,30079,474
challenge,S2A,S2A_39XWB_20200829_0_L2A_25.tif,0.0,0.45548248291015625,0.0,5833,2
challenge,S2A,S2A_39XWB_20200829_0_L2A_26.tif,0.0008933889219773674,0.4748489040347912,0.0,3355,6
challenge,S2A,S2A_39XWB_20200829_0_L2A_28.tif,0.02912621359223301,0.46866066478620155,0.22446848190973515,6148,212
challenge,S2A,S2A_39XWB_20200829_0_L2A_30.tif,0.10833333333333334,0.5500808882304125,0.20689655172413793,389,276
challenge,S2A,S2A_39XWB_20200829_0_L2A_35.tif,0.0,0.48229217529296875,0.0,1959,362
challenge,S2A,S2A_39XWB_20200829_0_L2A_37.tif,0.0,0.49651336669921875,0.0,456,1
challenge,S2A,S2A_39XWB_20200829_0_L2A_8.tif,0.4566929133858268,0.7278195621634531,0.7662601626016259,127,58
challenge,S2A,S2A_39XXA_20200829_0_L2A_2.tif,0.0,0.45320892333984375,0.0,6131,2
challenge,S2A,S2A_39XXA_20200829_0_L2A_3.tif,0.0005646726663137463,0.284172751473572,0.0,28335,16
challenge,S2A,S2A_39XXA_20200829_0_L2A_6.tif,0.12427184466019417,0.5586917018999896,0.25130890052356025,389,190
challenge,S2A,S2A_40XDF_20200829_0_L2A_10.tif,0.006143943826799298,0.4771466113089579,0.07465305471367044,3143,296
challenge,S2A,S2A_40XDF_20200829_0_L2A_15.tif,0.7336394948335246,0.8650322996148608,0.8147363963582469,865,645
challenge,S2A,S2A_40XDF_20200829_0_L2A_16.tif,0.020121422376409365,0.4668858411178898,0.1251564455569462,5765,116
challenge,S2A,S2A_40XDF_20200829_0_L2A_6.tif,0.004406630283719196,0.2776749844076762,0.0,29501,130
challenge,S2A,S2A_40XDF_20200829_0_L2A_7.tif,0.0007343941248470012,0.4692225828985671,0.0055248618784530384,4085,3
challenge,S2A,S2A_40XDH_20200811_0_L2A_27.tif,0.12954912433238108,0.5104430843313867,0.15863602668643442,5500,3594
challenge,S2A,S2A_40XDH_20200811_0_L2A_29.tif,0.0005414185165132648,0.4298460247577912,0.004702194357366771,131,9109
challenge,S2A,S2A_40XDH_20200811_0_L2A_30.tif,0.041317514311789594,0.43182607472408574,0.07487184099289505,12044,507
challenge,S2A,S2A_40XDH_20200811_0_L2A_33.tif,0.014848031888390633,0.35588656844427197,0.054874246518395335,19990,378
challenge,S2A,S2A_40XDH_20200811_0_L2A_37.tif,0.0,0.4928131103515625,0.0,941,1
challenge,S2A,S2A_40XDH_20200811_0_L2A_45.tif,0.00032615786040443573,0.4066209926212234,0.0,12264,4
challenge,S2A,S2A_40XDH_20200811_0_L2A_54.tif,0.0,0.43099212646484375,0.0,2222,6823
challenge,S2A,S2A_40XDH_20200811_0_L2A_55.tif,0.7749818263154952,0.8485567645036074,0.5535337413521094,17468,14274
challenge,S2A,S2A_40XDH_20200811_0_L2A_61.tif,0.08729139922978177,0.538215565809062,0.33464686268566235,779,68
challenge,S2A,S2A_40XDH_20200811_0_L2A_68.tif,0.03536259348245406,0.29667371428786143,0.07335154116269997,29551,1045
challenge,S2A,S2A_40XDH_20200811_0_L2A_75.tif,0.0,0.49068450927734375,0.0,1220,1
challenge,S2A,S2A_40XDH_20200811_0_L2A_9.tif,0.14481099656357388,0.3694930035816793,0.23511247560298035,29098,4216
challenge,S2A,S2A_40XDH_20200811_2_L2A_16.tif,0.025449609772650154,0.49078807920233003,0.16586068525568476,2934,88
challenge,S2A,S2A_40XDH_20200811_2_L2A_30.tif,0.04480955937266617,0.43385317651075306,0.09602804876069278,12044,547
challenge,S2A,S2A_40XDH_20200811_2_L2A_33.tif,0.01519378300288931,0.35606617757708353,0.05225194524904867,19990,389
challenge,S2A,S2A_40XDH_20200811_2_L2A_37.tif,0.0,0.4924468994140625,0.0,941,49
challenge,S2A,S2A_40XDH_20200811_2_L2A_45.tif,0.00032615786040443573,0.4066209926212234,0.0,12264,4
challenge,S2A,S2A_40XDH_20200811_2_L2A_64.tif,0.13346228239845262,0.5633095700259635,0.3501419494389617,508,78
challenge,S2A,S2A_40XDH_20200811_2_L2A_66.tif,0.0,0.480224609375,0.0,2571,21
challenge,S2A,S2A_40XDH_20200811_2_L2A_68.tif,0.03546411288958073,0.29673745279760017,0.07836774429075569,29551,1048
challenge,S2A,S2A_40XDH_20200811_2_L2A_70.tif,0.0010471204188481676,0.4932450067646999,0.030456852791878174,955,1
challenge,S2A,S2A_40XDJ_20200811_0_L2A_16.tif,0.2471839361925418,0.536821973096029,0.18944155524754347,14287,3539
challenge,S2A,S2A_40XDJ_20200811_0_L2A_19.tif,0.03574397339983375,0.5001485336823462,0.0,2406,86
challenge,S2A,S2A_40XDJ_20200811_0_L2A_20.tif,0.001225865767698437,0.4757472184237381,0.0,3233,34
challenge,S2A,S2A_40XDJ_20200811_0_L2A_23.tif,0.6846646256610075,0.8333510838369087,0.5564387917329093,3589,2464
challenge,S2A,S2A_40XDJ_20200811_0_L2A_28.tif,0.0,0.47635650634765625,0.0,3099,0
challenge,S2A,S2A_40XDJ_20200811_0_L2A_29.tif,0.0,0.4971923828125,0.0,368,0
challenge,S2A,S2A_40XDJ_20200811_0_L2A_48.tif,0.0,0.4824371337890625,0.0,2302,0
challenge,S2A,S2A_40XDJ_20200811_0_L2A_5.tif,0.005740668859425116,0.12996404372401948,0.04854368932038835,1001,48229
challenge,S2A,S2A_40XDJ_20200811_0_L2A_51.tif,0.7155593551538837,0.697119099778316,0.21117841409691632,37230,33005
challenge,S2A,S2A_40XDJ_20200811_0_L2A_57.tif,0.18550905683947533,0.5418575869199953,0.21443888491779842,1954,7536
challenge,S2A,S2A_40XDJ_20200811_0_L2A_63.tif,0.46808510638297873,0.7323207374028212,0.5066666666666666,240,381
challenge,S2A,S2A_40XDJ_20200811_0_L2A_7.tif,0.018795141168745897,0.4178683317585197,0.1111578871940023,1035,11378
challenge,S2A,S2A_40XDJ_20200811_0_L2A_8.tif,0.017155110793423873,0.4770716895773303,0.02043596730245232,4181,88
challenge,S2A,S2A_40XDJ_20200811_1_L2A_17.tif,0.023862316545243376,0.44115332945620767,0.073717673339634,9471,226
challenge,S2A,S2A_40XDJ_20200811_1_L2A_19.tif,0.020781379883624274,0.4924021122305456,0.0,2406,50
challenge,S2A,S2A_40XDJ_20200811_1_L2A_20.tif,0.001841055538508745,0.4760998349568021,0.0,3233,32
challenge,S2A,S2A_40XDJ_20200811_1_L2A_29.tif,0.0,0.49716949462890625,0.0,368,3
challenge,S2A,S2A_40XDJ_20200811_1_L2A_30.tif,0.004051316677920324,0.45699574015603184,0.017057569296375266,5924,24
challenge,S2A,S2A_40XDJ_20200811_1_L2A_35.tif,0.1298449612403101,0.5614933767694776,0.3188405797101449,508,75
challenge,S2A,S2A_40XDJ_20200811_1_L2A_48.tif,0.0,0.48242950439453125,0.0,2302,1
challenge,S2A,S2A_40XDJ_20200811_1_L2A_49.tif,0.0,0.49875640869140625,0.0,162,1
challenge,S2A,S2A_40XDJ_20200811_1_L2A_54.tif,0.04457803468208092,0.36230481366142697,0.34407988130087824,1352,21237
challenge,S2A,S2A_40XDJ_20200811_1_L2A_56.tif,0.0010471204188481676,0.4932450067646999,0.030456852791878174,955,1
challenge,S2A,S2A_40XDJ_20200811_1_L2A_8.tif,0.05230622919638612,0.4956399172192966,0.012102874432677761,4181,245
challenge,S2A,S2A_40XDJ_20200812_1_L2A_63.tif,0.4219114219114219,0.7090583809886082,0.4982462792681771,240,370
challenge,S2A,S2A_40XDJ_20200818_0_L2A_35.tif,0.07350862312694374,0.5116532024268826,0.09140420347243373,508,3289
challenge,S2A,S2A_40XDJ_20200818_0_L2A_40.tif,0.20202952029520296,0.5943932068000809,0.32115755756969494,395,908
challenge,S2A,S2A_40XDJ_20200818_0_L2A_44.tif,0.0,0.495025634765625,0.0,601,51
challenge,S2A,S2A_40XDJ_20200818_0_L2A_48.tif,0.16203301476976542,0.5662151630637189,0.04869565217391305,2302,373
challenge,S2A,S2A_40XDJ_20200818_0_L2A_54.tif,0.04708216394077228,0.37103113045016556,0.29202295587313915,1352,20287
challenge,S2A,S2A_40XDJ_20200818_0_L2A_7.tif,0.016774104110348652,0.3997629824622561,0.06699406208859342,1035,13634
challenge,S2A,S2A_40XDJ_20200818_1_L2A_24.tif,0.0032630830000736034,0.19104945810936666,0.06490649064906491,225,40667
challenge,S2A,S2A_40XDJ_20200829_0_L2A_14.tif,0.007685486254803429,0.4269155531735382,0.028516588977241568,628,9599
challenge,S2A,S2A_40XDJ_20200829_0_L2A_15.tif,0.11139253592473897,0.4200799160588022,0.24621180494093522,19323,2178
challenge,S2A,S2A_40XDJ_20200829_0_L2A_16.tif,0.00678938895499405,0.39497311101809207,0.0597681489927784,14287,97
challenge,S2A,S2A_40XDJ_20200829_0_L2A_17.tif,0.021323762271719626,0.4397110745114376,0.0779768177028451,9471,204
challenge,S2A,S2A_40XDJ_20200829_0_L2A_18.tif,0.001422475106685633,0.49535532086760237,0.055944055944055944,702,2
challenge,S2A,S2A_40XDJ_20200829_0_L2A_19.tif,0.0004103405826836274,0.4816196816211656,0.0,2406,32
challenge,S2A,S2A_40XDJ_20200829_0_L2A_20.tif,0.22218807621389058,0.5915686342527802,0.22794990112063285,3233,744
challenge,S2A,S2A_40XDJ_20200829_0_L2A_24.tif,0.00226802482890339,0.309660410190838,0.03674540682414698,225,24964
challenge,S2A,S2A_40XDJ_20200829_0_L2A_25.tif,0.10977179637214746,0.3729640844683989,0.25865996204372776,3266,25183
challenge,S2A,S2A_40XDJ_20200829_0_L2A_26.tif,0.00795079507950795,0.45348137619070156,0.11618257261410789,6665,54
challenge,S2A,S2A_40XDJ_20200829_0_L2A_27.tif,0.0,0.36483001708984375,0.0,11967,5750
challenge,S2A,S2A_40XDJ_20200829_0_L2A_28.tif,0.0,0.47635650634765625,0.0,3099,0
challenge,S2A,S2A_40XDJ_20200829_0_L2A_29.tif,0.0,0.49713134765625,0.0,368,8
challenge,S2A,S2A_40XDJ_20200829_0_L2A_30.tif,0.011314045579440763,0.45893811526520384,0.06507868991918332,5924,333
challenge,S2A,S2A_40XDJ_20200829_0_L2A_35.tif,0.0,0.49604034423828125,0.0,508,11
challenge,S2A,S2A_40XDJ_20200829_0_L2A_36.tif,0.0,0.31517791748046875,0.0,24082,143
challenge,S2A,S2A_40XDJ_20200829_0_L2A_37.tif,0.04807831238260367,0.3188137064599725,0.050341834086215086,27666,1349
challenge,S2A,S2A_40XDJ_20200829_0_L2A_44.tif,0.0,0.48859405517578125,0.0,601,894
challenge,S2A,S2A_40XDJ_20200829_0_L2A_45.tif,0.0,0.4705810546875,0.0,3835,21
challenge,S2A,S2A_40XDJ_20200829_0_L2A_48.tif,0.1364031277150304,0.5529613075022977,0.005305039787798409,2302,314
challenge,S2A,S2A_40XDJ_20200829_0_L2A_49.tif,0.0,0.4987335205078125,0.0,162,4
challenge,S2A,S2A_40XDJ_20200829_0_L2A_53.tif,0.02466181061394381,0.4405610466567629,0.04940606347142604,6557,3290
challenge,S2A,S2A_40XDJ_20200829_0_L2A_54.tif,0.1429539295392954,0.5617946073260962,0.21164798824177847,1352,335
challenge,S2A,S2A_40XDJ_20200829_0_L2A_56.tif,0.022277227722772276,0.47491559007951906,0.021217567308195635,955,4001
challenge,S2A,S2A_40XDJ_20200829_0_L2A_59.tif,0.19298986486486486,0.5669229600391298,0.1322445300511852,3931,1719
challenge,S2A,S2A_40XDJ_20200829_0_L2A_63.tif,0.0,0.49814605712890625,0.0,240,3
challenge,S2A,S2A_40XDJ_20200829_0_L2A_64.tif,0.0,0.49224853515625,0.0,751,265
challenge,S2A,S2A_40XEH_20200829_0_L2A_3.tif,0.0007587573241158369,0.3194748943981915,0.028966425279789335,23723,18
challenge,S2A,S2A_40XEH_20200829_0_L2A_9.tif,0.0,0.49132537841796875,0.0,1121,16
challenge,S2A,S2A_40XEH_20200829_1_L2A_10.tif,0.018586640851887704,0.43171925088627683,0.027131486718127328,955,9567
challenge,S2A,S2A_40XEH_20200829_1_L2A_13.tif,0.0,0.49465179443359375,0.0,621,80
challenge,S2A,S2A_40XEH_20200829_1_L2A_18.tif,0.0,0.3689117431640625,0.0,17175,7
challenge,S2A,S2A_40XEH_20200829_1_L2A_2.tif,0.42423146473779383,0.6597851821092164,0.20591053196432463,11060,4692
challenge,S2A,S2A_40XEH_20200829_1_L2A_25.tif,0.0,0.47177886962890625,0.0,3697,2
challenge,S2A,S2A_40XEH_20200829_1_L2A_26.tif,0.0,0.49217987060546875,0.0,1006,19
challenge,S2A,S2A_40XEH_20200829_1_L2A_27.tif,0.0,0.49636077880859375,0.0,415,62
challenge,S2A,S2A_40XEH_20200829_1_L2A_30.tif,0.08888888888888889,0.5438187577151073,0.4011461318051576,88,10
challenge,S2A,S2A_40XEH_20200829_1_L2A_35.tif,0.7262569832402235,0.8616211703453486,0.7806085611139763,694,542
challenge,S2A,S2A_40XEH_20200829_1_L2A_6.tif,0.0,0.3251190185546875,0.0,22920,2
challenge,S2A,S2A_40XEH_20200829_1_L2A_8.tif,0.003086705559156712,0.2547602364521745,0.0,32397,100
challenge,S2A,S2A_40XEJ_20200811_0_L2A_1.tif,0.0010471204188481676,0.4932450067646999,0.0,955,1
challenge,S2A,S2A_40XEJ_20200811_0_L2A_16.tif,0.0013869625520110957,0.47322556532782833,0.0,3605,5
challenge,S2A,S2A_40XEJ_20200811_0_L2A_47.tif,0.0,0.4993438720703125,0.0,85,1
challenge,S2A,S2A_40XEJ_20200811_0_L2A_48.tif,0.0,0.4935150146484375,0.0,838,12
challenge,S2A,S2A_40XEJ_20200811_0_L2A_51.tif,0.0,0.49666595458984375,0.0,435,2
challenge,S2A,S2A_40XEJ_20200811_0_L2A_53.tif,0.0,0.496337890625,0.0,480,0
challenge,S2A,S2A_40XEJ_20200811_0_L2A_54.tif,0.38377192982456143,0.6897363649979587,0.5831705375877287,456,175
challenge,S2A,S2A_40XEJ_20200811_0_L2A_55.tif,0.759493670886076,0.878872280392099,0.683002122322979,443,391
challenge,S2A,S2A_40XEJ_20200811_0_L2A_59.tif,0.0,0.47629547119140625,0.0,3105,2
challenge,S2A,S2A_40XEJ_20200811_0_L2A_60.tif,0.0,0.49176025390625,0.0,1049,31
challenge,S2A,S2A_40XEJ_20200811_0_L2A_61.tif,0.0013954786491766676,0.4733976828627611,0.0,3555,33
challenge,S2A,S2A_40XEJ_20200811_0_L2A_9.tif,0.7194899817850637,0.8585629396498429,0.8075621233385618,539,405
challenge,S2A,S2A_40XEJ_20200818_1_L2A_109.tif,0.15524275805793553,0.5456568865550195,0.1849836681328655,2727,2936
challenge,S2A,S2A_40XEJ_20200818_1_L2A_125.tif,0.2753785754346607,0.6277577018921324,0.4026763243508686,1732,542
challenge,S2A,S2A_40XEJ_20200818_1_L2A_126.tif,0.013709677419354839,0.4975216681789916,0.11072928598701794,1167,90
challenge,S2A,S2A_40XEJ_20200818_1_L2A_135.tif,0.0007804878048780488,0.30497996244447456,0.016649323621227886,25625,20
challenge,S2A,S2A_40XEJ_20200818_1_L2A_52.tif,0.0,0.47325897216796875,0.0,435,3070
challenge,S2A,S2A_40XEJ_20200818_1_L2A_55.tif,0.0,0.4749755859375,0.0,3279,1
challenge,S2A,S2A_40XEJ_20200818_1_L2A_63.tif,0.0,0.47383880615234375,0.0,3429,0
challenge,S2A,S2A_40XEJ_20200818_1_L2A_65.tif,0.10198072805139187,0.5252440667346208,0.2491946999634709,3710,407
challenge,S2A,S2A_40XEJ_20200818_1_L2A_72.tif,0.0030197075651621106,0.45363678267126645,0.0023474178403755865,6292,19
challenge,S2A,S2A_40XEJ_20200829_0_L2A_12.tif,0.034107760751359364,0.5021303311065823,0.16340473987616538,1634,458
challenge,S2A,S2A_40XEJ_20200829_0_L2A_14.tif,0.11278615298715801,0.5442324862955198,0.28555240793201137,1781,212
challenge,S2A,S2A_40XEJ_20200829_0_L2A_17.tif,0.0015698587127158557,0.4668152365485934,0.0,3605,861
challenge,S2A,S2A_40XEJ_20200829_0_L2A_2.tif,0.0058823529411764705,0.4861760710877456,0.0,1844,379
challenge,S2A,S2A_40XEJ_20200829_0_L2A_25.tif,0.0,0.4925537109375,0.0,957,19
challenge,S2A,S2A_40XEJ_20200829_0_L2A_30.tif,0.0,0.49602508544921875,0.0,123,398
challenge,S2A,S2A_40XEJ_20200829_0_L2A_33.tif,0.0,0.4796142578125,0.0,2660,12
challenge,S2A,S2A_40XEJ_20200829_0_L2A_34.tif,0.001771703366236396,0.4406923288968785,0.0,5297,2619
challenge,S2A,S2A_40XEJ_20200829_0_L2A_35.tif,0.007789095266626723,0.4912577636032781,0.19138755980861244,1669,13
challenge,S2A,S2A_40XEJ_20200829_0_L2A_39.tif,0.0,0.4984130859375,0.0,206,2
challenge,S2A,S2A_40XEJ_20200829_0_L2A_4.tif,0.16703337000366703,0.5483677488316208,0.12576763204774538,3931,2434
challenge,S2A,S2A_40XEJ_20200829_0_L2A_41.tif,0.0,0.49444580078125,0.0,727,1
challenge,S2A,S2A_40XEJ_20200829_0_L2A_44.tif,0.03283582089552239,0.508998402944288,0.060944641950228536,225,813
challenge,S2A,S2A_40XEJ_20200829_0_L2A_47.tif,0.0,0.4686431884765625,0.0,3642,468
challenge,S2A,S2A_40XEJ_20200829_0_L2A_50.tif,0.0,0.49864959716796875,0.0,137,40
challenge,S2A,S2A_40XEJ_20200829_0_L2A_51.tif,0.003003003003003003,0.4989685038666499,0.04032258064516129,297,37
challenge,S2A,S2A_40XEJ_20200829_0_L2A_52.tif,0.0,0.46689605712890625,0.0,435,3904
challenge,S2A,S2A_40XEJ_20200829_0_L2A_53.tif,0.0,0.49240875244140625,0.0,607,388
challenge,S2A,S2A_40XEJ_20200829_0_L2A_56.tif,0.0,0.49631500244140625,0.0,480,3
challenge,S2A,S2A_40XEJ_20200829_0_L2A_6.tif,0.0005255255255255255,0.39868178334906806,0.0029713477184294306,2078,11249
challenge,S2A,S2A_40XEJ_20200829_0_L2A_60.tif,0.0,0.49602508544921875,0.0,443,78
challenge,S2A,S2A_40XEJ_20200829_0_L2A_7.tif,0.0,0.49806976318359375,0.0,240,13
challenge,S2A,S2A_40XEJ_20200829_0_L2A_75.tif,0.001566579634464752,0.4716058138520256,0.0,3551,285
challenge,S2A,S2A_40XEJ_20200829_0_L2A_8.tif,0.0,0.4937286376953125,0.0,751,71
challenge,S2A,S2A_40XEJ_20200829_0_L2A_80.tif,0.0,0.4757080078125,0.0,3105,79
challenge,S2A,S2A_40XEJ_20200829_0_L2A_81.tif,0.0014035087719298245,0.4898447946398789,0.01588352084712111,1049,378
challenge,S2A,S2A_40XEJ_20200829_0_L2A_9.tif,0.0,0.49588775634765625,0.0,539,0
challenge,S2A,S2A_40XEK_20200802_0_L2A_60.tif,0.0,0.48267364501953125,0.0,2251,20
challenge,S2A,S2A_40XEK_20200802_0_L2A_61.tif,0.44584899214212503,0.7102981941296324,0.4979032150702256,2554,1678
challenge,S2A,S2A_40XEK_20200802_0_L2A_62.tif,0.0,0.4968719482421875,0.0,390,20
challenge,S2A,S2A_41XMD_20200818_1_L2A_110.tif,0.49262536873156343,0.7436747284748582,0.5159152350222377,451,561
challenge,S2A,S2A_41XMD_20200818_1_L2A_113.tif,0.0036231884057971015,0.4997134786921028,0.009970089730807577,8,269
challenge,S2A,S2A_42SVD_20200913_0_L2A_1.tif,0.3364485981308411,0.6676823143325962,0.5256570713391739,83,60
challenge,S2A,S2A_42SVD_20200913_0_L2A_2.tif,0.3550488599348534,0.6760112931890324,0.48387096774193555,267,149
challenge,S2A,S2A_42SVD_20200913_1_L2A_1.tif,0.4077669902912621,0.7034178036319046,0.6140724946695095,83,62
challenge,S2A,S2A_42SVD_20200913_1_L2A_2.tif,0.35374149659863946,0.6754188593153364,0.4874446085672083,267,131
challenge,S2A,S2A_42SVD_20200913_1_L2A_3.tif,0.5817307692307693,0.7902003995202229,0.6197520991603358,197,132
challenge,S2A,S2A_42SVD_20200923_0_L2A_3.tif,0.5370370370370371,0.7677542262531563,0.5104972375690607,197,135
challenge,S2A,S2A_42SVE_20200903_0_L2A_12.tif,0.05533596837944664,0.5258441692878583,0.20930232558139536,221,46
challenge,S2A,S2A_42SVE_20200903_0_L2A_13.tif,0.0,0.496490478515625,0.0,459,1
challenge,S2A,S2A_42SVE_20200903_0_L2A_14.tif,0.0,0.4716796875,0.0,3710,2
challenge,S2A,S2A_42SVE_20200903_0_L2A_15.tif,0.0,0.48703765869140625,0.0,1649,50
challenge,S2A,S2A_42SVE_20200903_0_L2A_16.tif,0.0,0.49903106689453125,0.0,126,1
challenge,S2A,S2A_42SVE_20200903_0_L2A_19.tif,0.0,0.49433135986328125,0.0,742,1
challenge,S2A,S2A_42SVE_20200903_0_L2A_2.tif,0.0,0.49678802490234375,0.0,416,5
challenge,S2A,S2A_42SVE_20200903_0_L2A_21.tif,0.0,0.48828887939453125,0.0,1534,1
challenge,S2A,S2A_42SVE_20200903_0_L2A_22.tif,0.0,0.49590301513671875,0.0,536,1
challenge,S2A,S2A_42SVE_20200903_0_L2A_23.tif,0.0019157088122605363,0.4969828792020409,0.0,522,1
challenge,S2A,S2A_42SVE_20200903_0_L2A_24.tif,0.0,0.49605560302734375,0.0,516,1
challenge,S2A,S2A_42SVE_20200903_0_L2A_3.tif,0.31343283582089554,0.6524887357831272,0.26966292134831465,796,260
challenge,S2A,S2A_42SVE_20200903_0_L2A_5.tif,0.0381372942593336,0.500762080909713,0.1932367149758454,2491,95
challenge,S2A,S2A_42SVE_20200903_0_L2A_6.tif,0.3410041841004184,0.6680928405243499,0.2788171394085697,477,164
challenge,S2A,S2A_42SVE_20200903_0_L2A_7.tif,0.219533275713051,0.6028504894542094,0.2931297709923664,1103,308
challenge,S2A,S2A_42SWE_20200910_0_L2A_104.tif,0.0,0.49352264404296875,0.0,835,14
challenge,S2A,S2A_42SWE_20200910_0_L2A_159.tif,0.5148936170212766,0.7565754487307712,0.5897018970189701,165,191
challenge,S2A,S2A_42SWE_20200910_0_L2A_161.tif,0.31203931203931207,0.653879277784245,0.5212765957446809,393,141
challenge,S2A,S2A_42SWE_20200910_1_L2A_116.tif,0.37037037037037035,0.6846660695139992,0.5572868927589367,98,50
challenge,S2A,S2A_42SWE_20200910_1_L2A_183.tif,0.08411214953271028,0.5360680508142593,0.23731728288907997,853,75
challenge,S2A,S2A_42SWE_20200910_1_L2A_5.tif,0.0,0.49881744384765625,0.0,122,33
challenge,S2A,S2A_42SWE_20200913_0_L2A_101.tif,0.0,0.49146270751953125,0.0,1117,2
challenge,S2A,S2A_42SWE_20200913_0_L2A_103.tif,0.0,0.49566650390625,0.0,563,5
challenge,S2A,S2A_42SWE_20200913_0_L2A_104.tif,0.0,0.498504638671875,0.0,196,0
challenge,S2A,S2A_42SWE_20200913_0_L2A_105.tif,0.0,0.4989471435546875,0.0,137,1
challenge,S2A,S2A_42SWE_20200913_0_L2A_106.tif,0.0,0.49929046630859375,0.0,93,0
challenge,S2A,S2A_42SWE_20200913_0_L2A_119.tif,0.03202846975088968,0.5077088913639944,0.06896551724137931,1124,36
challenge,S2A,S2A_42SWE_20200913_0_L2A_120.tif,0.0,0.49605560302734375,0.0,515,2
challenge,S2A,S2A_42SWE_20200913_0_L2A_121.tif,0.0019646365422396855,0.49710652670935895,0.14414414414414414,505,5
challenge,S2A,S2A_42SWE_20200913_0_L2A_123.tif,0.0,0.49468231201171875,0.0,696,1
challenge,S2A,S2A_42SWE_20200913_0_L2A_124.tif,0.15757575757575756,0.5766652228719298,0.24925816023738875,330,52
challenge,S2A,S2A_42SWE_20200913_0_L2A_134.tif,0.166270783847981,0.577768091171651,0.3738019169329073,835,147
challenge,S2A,S2A_42SWE_20200913_0_L2A_135.tif,0.0,0.4988250732421875,0.0,151,3
challenge,S2A,S2A_42SWE_20200913_0_L2A_136.tif,0.022233712512926575,0.49668019890376913,0.0,1928,49
challenge,S2A,S2A_42SWE_20200913_0_L2A_147.tif,0.0022026431718061676,0.49073249977093963,0.03652968036529681,1361,4
challenge,S2A,S2A_42SWE_20200913_0_L2A_148.tif,0.004775549188156638,0.49443733892241143,0.05853658536585366,1047,5
challenge,S2A,S2A_42SWE_20200913_0_L2A_150.tif,0.07513661202185792,0.5323988675478634,0.21886399166232412,730,57
challenge,S2A,S2A_42SWE_20200913_0_L2A_156.tif,0.001006036217303823,0.49292691373694214,0.0379746835443038,993,2
challenge,S2A,S2A_42SWE_20200913_0_L2A_160.tif,0.0,0.48773956298828125,0.0,1606,1
challenge,S2A,S2A_42SWE_20200913_0_L2A_164.tif,0.008298755186721992,0.49685478596840676,0.06363636363636364,963,9
challenge,S2A,S2A_42SWE_20200913_0_L2A_166.tif,0.009561060408518035,0.487387301276091,0.0,2301,22
challenge,S2A,S2A_42SWE_20200913_0_L2A_173.tif,0.23048600883652431,0.6072320266956797,0.11313639220615965,1356,315
challenge,S2A,S2A_42SWE_20200913_0_L2A_174.tif,0.0,0.4951934814453125,0.0,627,3
challenge,S2A,S2A_42SWE_20200913_0_L2A_179.tif,0.003934426229508197,0.49037710171539506,0.007662835249042146,1520,11
challenge,S2A,S2A_42SWE_20200913_0_L2A_182.tif,0.007692307692307693,0.4999091459721381,0.089171974522293,520,4
challenge,S2A,S2A_42SWE_20200913_0_L2A_183.tif,0.015985790408525755,0.5037656301074326,0.0997920997920998,556,16
challenge,S2A,S2A_42SWE_20200913_0_L2A_185.tif,0.0,0.4939422607421875,0.0,793,1
challenge,S2A,S2A_42SWE_20200913_0_L2A_186.tif,0.004366812227074236,0.496964661358986,0.055350553505535055,683,7
challenge,S2A,S2A_42SWE_20200913_0_L2A_187.tif,0.0,0.49436187744140625,0.0,736,3
challenge,S2A,S2A_42SWE_20200913_0_L2A_188.tif,0.0,0.4993743896484375,0.0,79,3
challenge,S2A,S2A_42SWE_20200913_0_L2A_191.tif,0.0,0.4969940185546875,0.0,393,1
challenge,S2A,S2A_42SWE_20200913_0_L2A_193.tif,0.0013501350135013501,0.4837446660296323,0.023391812865497078,2222,3
challenge,S2A,S2A_42SWE_20200913_0_L2A_196.tif,0.1295804567180032,0.552238920388653,0.2621635178063869,1831,296
challenge,S2A,S2A_42SWE_20200913_0_L2A_197.tif,0.34878193701723115,0.6659535791723672,0.30520057404496687,1605,665
challenge,S2A,S2A_42SWE_20200913_0_L2A_198.tif,0.0,0.4846954345703125,0.0,2005,1
challenge,S2A,S2A_42SWE_20200913_0_L2A_199.tif,0.0,0.49771881103515625,0.0,299,0
challenge,S2A,S2A_42SWE_20200913_0_L2A_200.tif,0.0,0.49896240234375,0.0,103,33
challenge,S2A,S2A_42SWE_20200913_0_L2A_201.tif,0.0,0.48755645751953125,0.0,1628,3
challenge,S2A,S2A_42SWE_20200913_0_L2A_203.tif,0.0004864601913410086,0.4532134893543646,0.0,6167,3
challenge,S2A,S2A_42SWE_20200913_0_L2A_208.tif,0.0,0.49521636962890625,0.0,626,1
challenge,S2A,S2A_42SWE_20200913_0_L2A_209.tif,0.0,0.49878692626953125,0.0,156,3
challenge,S2A,S2A_42SWE_20200913_0_L2A_210.tif,0.0,0.4957427978515625,0.0,557,1
challenge,S2A,S2A_42SWE_20200913_0_L2A_213.tif,0.0,0.49346923828125,0.0,853,3
challenge,S2A,S2A_42SWE_20200913_0_L2A_214.tif,0.0,0.49446868896484375,0.0,725,0
challenge,S2A,S2A_42SWE_20200913_0_L2A_96.tif,0.0,0.497802734375,0.0,288,0
challenge,S2A,S2A_42SWE_20200913_1_L2A_100.tif,0.18396226415094338,0.5906604608996926,0.336980306345733,209,42
challenge,S2A,S2A_42SWE_20200913_1_L2A_101.tif,0.0,0.49146270751953125,0.0,1117,2
challenge,S2A,S2A_42SWE_20200913_1_L2A_102.tif,0.0,0.4948577880859375,0.0,672,2
challenge,S2A,S2A_42SWE_20200913_1_L2A_103.tif,0.0,0.49565887451171875,0.0,563,6
challenge,S2A,S2A_42SWE_20200913_1_L2A_104.tif,0.0,0.498504638671875,0.0,196,0
challenge,S2A,S2A_42SWE_20200913_1_L2A_105.tif,0.0,0.4989471435546875,0.0,137,1
challenge,S2A,S2A_42SWE_20200913_1_L2A_106.tif,0.0,0.49929046630859375,0.0,93,0
challenge,S2A,S2A_42SWE_20200913_1_L2A_117.tif,0.1276595744680851,0.5632040623088244,0.5196850393700787,92,14
challenge,S2A,S2A_42SWE_20200913_1_L2A_120.tif,0.0,0.49605560302734375,0.0,515,2
challenge,S2A,S2A_42SWE_20200913_1_L2A_121.tif,0.0019801980198019802,0.4971448254919335,0.05660377358490566,505,1
challenge,S2A,S2A_42SWE_20200913_1_L2A_123.tif,0.014184397163120567,0.5017889601723792,0.056603773584905655,696,19
challenge,S2A,S2A_42SWE_20200913_1_L2A_135.tif,0.0,0.49884796142578125,0.0,151,0
challenge,S2A,S2A_42SWE_20200913_1_L2A_136.tif,0.002587991718426501,0.48659103085028615,0.0,1928,9
challenge,S2A,S2A_42SWE_20200913_1_L2A_147.tif,0.0014684287812041115,0.49035792116876303,0.03652968036529681,1361,3
challenge,S2A,S2A_42SWE_20200913_1_L2A_148.tif,0.0066857688634192934,0.49540746652513395,0.06796116504854369,1047,7
challenge,S2A,S2A_42SWE_20200913_1_L2A_149.tif,0.0,0.497955322265625,0.0,267,1
challenge,S2A,S2A_42SWE_20200913_1_L2A_150.tif,0.09264305177111716,0.5412350714345291,0.21756534024016952,730,72
challenge,S2A,S2A_42SWE_20200913_1_L2A_151.tif,0.0,0.4972381591796875,0.0,360,2
challenge,S2A,S2A_42SWE_20200913_1_L2A_155.tif,0.0,0.493988037109375,0.0,785,3
challenge,S2A,S2A_42SWE_20200913_1_L2A_156.tif,0.006030150753768844,0.4954689133137073,0.061855670103092786,993,8
challenge,S2A,S2A_42SWE_20200913_1_L2A_159.tif,0.0,0.498382568359375,0.0,182,30
challenge,S2A,S2A_42SWE_20200913_1_L2A_160.tif,0.0,0.48773956298828125,0.0,1606,1
challenge,S2A,S2A_42SWE_20200913_1_L2A_164.tif,0.00932642487046632,0.4973685094883563,0.0730593607305936,963,11
challenge,S2A,S2A_42SWE_20200913_1_L2A_166.tif,0.013906996957844416,0.4896339454745255,0.0,2301,32
challenge,S2A,S2A_42SWE_20200913_1_L2A_172.tif,0.0032310177705977385,0.49690802879862633,0.05319148936170212,619,2
challenge,S2A,S2A_42SWE_20200913_1_L2A_173.tif,0.24981577008106118,0.6171007773515265,0.12339055793991416,1356,340
challenge,S2A,S2A_42SWE_20200913_1_L2A_174.tif,0.0,0.49520111083984375,0.0,627,2
challenge,S2A,S2A_42SWE_20200913_1_L2A_175.tif,0.0,0.4890899658203125,0.0,1427,3
challenge,S2A,S2A_42SWE_20200913_1_L2A_179.tif,0.0,0.4884033203125,0.0,1520,0
challenge,S2A,S2A_42SWE_20200913_1_L2A_180.tif,0.13908629441624365,0.5630598676472722,0.17094017094017094,976,146
challenge,S2A,S2A_42SWE_20200913_1_L2A_181.tif,0.0,0.49791717529296875,0.0,268,5
challenge,S2A,S2A_42SWE_20200913_1_L2A_182.tif,0.009560229445506692,0.5008277868168767,0.09828009828009827,520,8
challenge,S2A,S2A_42SWE_20200913_1_L2A_183.tif,0.007155635062611807,0.49934324510867273,0.0273972602739726,556,7
challenge,S2A,S2A_42SWE_20200913_1_L2A_185.tif,0.0,0.49394989013671875,0.0,793,0
challenge,S2A,S2A_42SWE_20200913_1_L2A_186.tif,0.0,0.49477386474609375,0.0,683,2
challenge,S2A,S2A_42SWE_20200913_1_L2A_187.tif,0.0,0.4943695068359375,0.0,736,2
challenge,S2A,S2A_42SWE_20200913_1_L2A_188.tif,0.0,0.4993743896484375,0.0,79,3
challenge,S2A,S2A_42SWE_20200913_1_L2A_189.tif,0.6119402985074627,0.8053739374915434,0.8326530612244899,165,159
challenge,S2A,S2A_42SWE_20200913_1_L2A_191.tif,0.0,0.4969940185546875,0.0,393,1
challenge,S2A,S2A_42SWE_20200913_1_L2A_193.tif,0.0018001800180018,0.48397706003890995,0.029182879377431904,2222,4
challenge,S2A,S2A_42SWE_20200913_1_L2A_198.tif,0.0,0.48470306396484375,0.0,2005,0
challenge,S2A,S2A_42SWE_20200913_1_L2A_199.tif,0.0,0.4976959228515625,0.0,299,3
challenge,S2A,S2A_42SWE_20200913_1_L2A_200.tif,0.0,0.49920654296875,0.0,103,1
challenge,S2A,S2A_42SWE_20200913_1_L2A_201.tif,0.0,0.48757171630859375,0.0,1628,1
challenge,S2A,S2A_42SWE_20200913_1_L2A_203.tif,0.00016215339711366953,0.45303751219104177,0.0,6167,1
challenge,S2A,S2A_42SWE_20200913_1_L2A_204.tif,0.0,0.49034881591796875,0.0,1263,2
challenge,S2A,S2A_42SWE_20200913_1_L2A_208.tif,0.0,0.495208740234375,0.0,626,2
challenge,S2A,S2A_42SWE_20200913_1_L2A_209.tif,0.0,0.4987945556640625,0.0,156,2
challenge,S2A,S2A_42SWE_20200913_1_L2A_210.tif,0.0,0.4957427978515625,0.0,557,1
challenge,S2A,S2A_42SWE_20200913_1_L2A_213.tif,0.0,0.49346923828125,0.0,853,3
challenge,S2A,S2A_42SWE_20200913_1_L2A_214.tif,0.0,0.49446868896484375,0.0,725,0
challenge,S2A,S2A_42SWE_20200913_1_L2A_79.tif,0.130879345603272,0.5556836125665724,0.153723525392849,1451,208
challenge,S2A,S2A_43SGV_20200825_0_L2A_3.tif,0.0669710806697108,0.5288055794235991,0.41238429620172357,625,76
challenge,S2A,S2A_43SGV_20200825_1_L2A_2.tif,0.0,0.49777984619140625,0.0,289,2
challenge,S2A,S2A_43SGV_20200825_2_L2A_2.tif,0.0,0.4977874755859375,0.0,289,1
challenge,S2A,S2A_43SGV_20200825_3_L2A_4.tif,0.0,0.4951171875,0.0,639,1
challenge,S2A,S2A_43SGV_20200825_3_L2A_6.tif,0.4108527131782946,0.7048460533043253,0.6719761075161772,127,55
challenge,S2A,S2A_43SGV_20200901_1_L2A_10.tif,0.0,0.4986572265625,0.0,176,0
challenge,S2A,S2A_43SGV_20200901_1_L2A_9.tif,0.0,0.49425506591796875,0.0,753,0
challenge,S2A,S2A_43SGV_20200914_1_L2A_4.tif,0.0499219968798752,0.5203124273603088,0.24415175938667186,639,34
challenge,S2A,S2A_43SGV_20200921_1_L2A_2.tif,0.062456140350877196,0.5210213380104807,0.2824102251978089,1425,89
challenge,S2A,S2A_44RNV_20200915_0_L2A_39.tif,0.19922879177377892,0.5948500147975821,0.2816691505216095,778,155
challenge,S2A,S2A_44RPU_20200905_1_L2A_26.tif,0.060922541340295906,0.5139617905796225,0.21201413427561835,2290,148
challenge,S2A,S2A_44RPU_20200905_1_L2A_51.tif,0.0,0.4976806640625,0.0,136,168
challenge,S2A,S2A_44RPU_20200905_1_L2A_56.tif,0.6867353509336768,0.8356945369718145,0.6054142261852726,3058,2181
challenge,S2A,S2A_44RPU_20200905_1_L2A_83.tif,0.3951219512195122,0.6966137599654203,0.5239405613648872,154,132
challenge,S2A,S2A_44RPU_20200905_2_L2A_8.tif,0.0,0.4920654296875,0.0,1039,1
challenge,S2A,S2A_44RPV_20200905_0_L2A_18.tif,0.05757575757575758,0.5264144489910322,0.26974951830443156,323,26
challenge,S2A,S2A_44RPV_20200905_0_L2A_24.tif,0.0025806451612903226,0.4953926206244087,0.06936416184971098,775,2
challenge,S2A,S2A_44RPV_20200905_0_L2A_33.tif,0.0,0.49908447265625,0.0,119,1
challenge,S2A,S2A_44RPV_20200905_0_L2A_93.tif,0.0,0.47956085205078125,0.0,2673,6
challenge,S2A,S2A_44RPV_20200905_1_L2A_18.tif,0.03353658536585366,0.5143493686081462,0.1658812441093308,323,16
challenge,S2A,S2A_44RPV_20200905_1_L2A_19.tif,0.0,0.49627685546875,0.0,487,1
challenge,S2A,S2A_44RPV_20200905_1_L2A_9.tif,0.08828640945429267,0.5038067342836451,0.06302521008403361,5754,508
challenge,S2A,S2A_44RPV_20200905_1_L2A_92.tif,0.0,0.49837493896484375,0.0,210,3
challenge,S2A,S2A_44RPV_20200905_1_L2A_93.tif,0.0,0.47957611083984375,0.0,2673,4
challenge,S2A,S2A_44RPV_20200915_0_L2A_26.tif,0.0,0.497314453125,0.0,351,1
challenge,S2A,S2A_44RPV_20200915_0_L2A_43.tif,0.00998003992015968,0.5012055515405532,0.024242424242424246,501,5
challenge,S2A,S2A_44RQT_20200912_0_L2A_97.tif,0.5275590551181102,0.7633212954186528,0.8860759493670886,126,68
challenge,S2A,S2A_44RQU_20200905_1_L2A_5.tif,0.09648331830477908,0.5405845040682525,0.33651286601597163,1020,196
challenge,S2A,S2A_44RQU_20200915_0_L2A_9.tif,0.0,0.496673583984375,0.0,434,2
challenge,S2A,S2A_44RQU_20200915_1_L2A_14.tif,0.022727272727272728,0.5093950723471554,0.23019431988041855,254,16
challenge,S2A,S2A_44RQV_20200915_0_L2A_5.tif,0.6200647249190938,0.8054874710104466,0.7147271293711509,1511,992
challenge,S2A,S2A_44RQV_20200915_1_L2A_6.tif,0.7974044700793078,0.896521573856975,0.6517571884984026,1296,1197
challenge,S2A,S2A_44SKE_20200825_0_L2A_8.tif,0.0,0.499267578125,0.0,80,16
challenge,S2A,S2A_44SKE_20200825_3_L2A_1.tif,0.1360544217687075,0.56317514168697,0.022471910112359553,733,102
challenge,S2A,S2A_44SKE_20200911_1_L2A_14.tif,0.040498442367601244,0.5178989014487457,0.11857707509881422,321,13
challenge,S2A,S2A_44SKE_20200911_1_L2A_4.tif,0.02065884980457845,0.49693990750507705,0.11506849315068493,1791,37
challenge,S2A,S2A_44SKE_20200911_1_L2A_58.tif,0.0,0.47415924072265625,0.0,3372,15
challenge,S2A,S2A_44SLC_20200829_1_L2A_11.tif,0.16026478137524203,0.42968948444820965,0.1308420262845802,22206,3560
challenge,S2A,S2A_44SLD_20200918_1_L2A_12.tif,0.0,0.4978790283203125,0.0,259,19
challenge,S2A,S2A_44SLE_20200901_0_L2A_14.tif,0.0,0.49819183349609375,0.0,237,0
challenge,S2A,S2A_44SLE_20200918_1_L2A_3.tif,0.0,0.49256134033203125,0.0,974,1
challenge,S2A,S2A_44SMC_20200829_1_L2A_1.tif,0.30762997536626474,0.46324491006693114,0.10791990900982727,30852,9491
challenge,S2A,S2A_44SMC_20200829_1_L2A_16.tif,0.0,0.4202423095703125,0.0,10453,1
challenge,S2A,S2A_44SMC_20200829_1_L2A_17.tif,0.0,0.49816131591796875,0.0,237,4
challenge,S2A,S2A_44SMC_20200829_1_L2A_18.tif,0.0,0.49819183349609375,0.0,232,5
challenge,S2A,S2A_44SMC_20200829_1_L2A_27.tif,0.03333333333333333,0.5124616511745044,0.24740484429065748,569,20
challenge,S2A,S2A_44SMC_20200829_1_L2A_33.tif,0.08155583437892096,0.5351876558523799,0.27321428571428574,797,65
challenge,S2A,S2A_44SMC_20200829_1_L2A_7.tif,0.27780297304106827,0.5195139184216386,0.06639204260022104,19843,5515
challenge,S2A,S2A_44SMC_20200901_0_L2A_4.tif,0.0,0.4981689453125,0.0,231,9
challenge,S2A,S2A_44SMC_20200908_1_L2A_18.tif,0.041666666666666664,0.5190783047950432,0.0898876404494382,232,18
challenge,S2A,S2A_44SMD_20200928_1_L2A_81.tif,0.0,0.49709320068359375,0.0,377,4
challenge,S2A,S2A_44SMD_20200928_1_L2A_85.tif,0.45454545454545453,0.7260801761306303,0.602766318854647,242,174
challenge,S2A,S2A_44SME_20200901_1_L2A_17.tif,0.09853658536585366,0.5422078510232646,0.08536585365853659,1025,101
challenge,S2A,S2A_44SMF_20200829_0_L2A_2.tif,0.12135922330097088,0.5579156621040174,0.4390738060781476,408,54
challenge,S2A,S2A_44SMF_20200829_0_L2A_3.tif,0.005291005291005291,0.5012111545872132,0.0,189,1
challenge,S2A,S2A_44SMF_20200829_1_L2A_1.tif,0.273224043715847,0.6355965376322875,0.48192771084337344,175,58
challenge,S2A,S2A_44SMF_20200829_1_L2A_4.tif,0.002926829268292683,0.49366581647749247,0.09433962264150944,1025,3
challenge,S2A,S2A_44SMF_20200901_0_L2A_3.tif,0.30158730158730157,0.6497856940441585,0.2571428571428572,189,57
challenge,S2A,S2A_44SND_20200908_1_L2A_45.tif,0.06142506142506143,0.5190370004233932,0.1073170731707317,1628,100
challenge,S2A,S2A_44SND_20200928_1_L2A_2.tif,0.0,0.49707794189453125,0.0,377,6
challenge,S2A,S2A_44SND_20200928_1_L2A_24.tif,0.08955223880597014,0.5429138651594877,0.37392138063279,268,24
challenge,S2A,S2A_44SNE_20200918_0_L2A_101.tif,0.0,0.49504852294921875,0.0,649,0
challenge,S2A,S2A_44SNE_20200918_0_L2A_106.tif,0.024008050603795284,0.4600757412528836,0.32612913291817597,6956,167
challenge,S2A,S2A_44SNE_20200918_0_L2A_3.tif,0.0,0.4988555908203125,0.0,149,1
challenge,S2A,S2A_44SNE_20200918_0_L2A_33.tif,0.5260869565217391,0.7622103360152073,0.4954954954954955,222,129
challenge,S2A,S2A_44SNE_20200918_0_L2A_6.tif,0.0,0.49671173095703125,0.0,429,2
challenge,S2A,S2A_45UVQ_20200905_0_L2A_122.tif,0.0,0.49935150146484375,0.0,82,3
challenge,S2A,S2A_45UVQ_20200905_0_L2A_13.tif,0.0,0.47969818115234375,0.03305785123966942,2656,5
challenge,S2A,S2A_45UVQ_20200905_0_L2A_14.tif,0.008771929824561403,0.4931761607213859,0.04187437686939182,1482,13
challenge,S2A,S2A_45UVQ_20200905_0_L2A_18.tif,0.16154199173932995,0.566756820611933,0.13468447719944726,2179,352
challenge,S2A,S2A_45UVQ_20200905_0_L2A_19.tif,0.1659959758551308,0.5444673276232863,0.21946644435181326,5964,990
challenge,S2A,S2A_45UVQ_20200905_0_L2A_25.tif,0.0,0.4940948486328125,0.0,738,36
challenge,S2A,S2A_45UVR_20200921_0_L2A_25.tif,0.7729083665338645,0.8824331768395925,0.7411149492770442,2246,1759
challenge,S2A,S2A_45UVR_20200921_0_L2A_26.tif,0.6663778162911612,0.8302167155166184,0.7553274121103644,1121,802
challenge,S2A,S2A_45UVR_20200921_1_L2A_24.tif,0.10112359550561797,0.5493407592595705,0.5009074410163339,175,21
challenge,S2A,S2A_45UVR_20200921_1_L2A_29.tif,0.0,0.4978485107421875,0.0,281,1
challenge,S2A,S2A_45UVR_20200921_1_L2A_3.tif,0.5231788079470199,0.7610394245977365,0.5925058548009368,151,79
challenge,S2A,S2A_45UWQ_20200905_1_L2A_241.tif,0.0,0.49541473388671875,0.0851063829787234,597,4
challenge,S2A,S2A_45UWQ_20200905_1_L2A_59.tif,0.04081632653061224,0.5157447530989193,0.17564870259481039,634,29
challenge,S2A,S2A_45UWQ_20200905_1_L2A_72.tif,0.0,0.4953765869140625,0.0,606,0
challenge,S2A,S2A_45UWQ_20200928_1_L2A_82.tif,0.0,0.49790191650390625,0.0,271,4
challenge,S2A,S2A_45UWQ_20200928_1_L2A_9.tif,0.0024019215372297837,0.4916943000022834,0.0,1249,3
challenge,S2A,S2A_45UWR_20200915_1_L2A_157.tif,0.0,0.4992218017578125,0.0,101,1
challenge,S2A,S2A_45UWR_20200915_1_L2A_161.tif,0.0,0.49761199951171875,0.0,311,2
challenge,S2A,S2A_45UXP_20200905_0_L2A_220.tif,0.007722007722007722,0.5019001896271711,0.13559322033898305,258,3
challenge,S2A,S2A_45UXP_20200905_0_L2A_227.tif,0.5058823529411764,0.7519779768130592,0.8541625664239323,248,136
challenge,S2A,S2A_45UXP_20200912_1_L2A_104.tif,0.6504504504504505,0.8237369244964181,0.7223968929165896,553,363
challenge,S2A,S2A_45UYP_20200905_0_L2A_55.tif,0.00984009840098401,0.4987776367966341,0.09259259259259259,813,8
challenge,S2A,S2A_45UYP_20200905_0_L2A_57.tif,0.24522613065326634,0.616861977903978,0.13963039014373715,993,246
challenge,S2A,S2A_45UYP_20200905_0_L2A_6.tif,0.5669014084507042,0.7815646061482522,0.5100316789862724,564,326
challenge,S2A,S2A_45UYP_20200905_0_L2A_78.tif,0.2087912087912088,0.6010939627460063,0.2844757518287727,532,128
challenge,S2A,S2A_45UYP_20200905_0_L2A_80.tif,0.033659066232356136,0.5032363510897248,0.11971223021582733,1840,64
challenge,S2A,S2A_45UYP_20200905_0_L2A_81.tif,0.0992,0.528021181737344,0.013437849944008961,3125,310
challenge,S2A,S2A_45UYP_20200905_0_L2A_92.tif,0.08139534883720931,0.5394919725169532,0.44067796610169496,167,19
challenge,S2A,S2A_45UYP_20200905_1_L2A_14.tif,0.031884875846501126,0.4897207727596231,0.11316595223515004,3510,147
challenge,S2A,S2A_45UYP_20200905_1_L2A_29.tif,0.0943526170798898,0.5371226379945238,0.179741508866847,1452,137
challenge,S2A,S2A_45UYP_20200905_1_L2A_31.tif,0.6127659574468085,0.8056871749553592,0.6784683471233404,192,187
challenge,S2A,S2A_45UYP_20200905_1_L2A_35.tif,0.02064896755162242,0.5052574833789979,0.07575757575757576,676,16
challenge,S2A,S2A_45UYP_20200905_1_L2A_37.tif,0.643652561247216,0.8206001706108872,0.6188679245283019,448,290
challenge,S2A,S2A_45UYP_20200905_1_L2A_5.tif,0.35324675324675325,0.6747197068986059,0.6,383,138
challenge,S2A,S2A_45UYP_20200905_1_L2A_56.tif,0.03443619176232275,0.5062995649198725,0.3925845147219193,1470,62
challenge,S2A,S2A_45UYP_20200905_1_L2A_57.tif,0.050352467270896276,0.5179762214190966,0.020833333333333332,993,50
challenge,S2A,S2A_45UYP_20200905_1_L2A_6.tif,0.5088028169014085,0.7522633791160223,0.5274725274725274,564,293
challenge,S2A,S2A_45UYP_20200905_1_L2A_73.tif,0.24202356999137684,0.5797131569182593,0.09041905755520781,6958,1684
challenge,S2A,S2A_45UYP_20200905_1_L2A_78.tif,0.22058823529411764,0.6070533202886144,0.2814070351758794,532,132
challenge,S2A,S2A_45UYP_20200905_1_L2A_80.tif,0.030961434003259097,0.5018580288115227,0.12311334714412547,1840,58
challenge,S2A,S2A_45UYP_20200905_1_L2A_81.tif,0.07392,0.5148024316667943,0.0,3125,231
challenge,S2A,S2A_45UYP_20200905_1_L2A_9.tif,0.0,0.4991455078125,0.0,104,8
challenge,S2A,S2A_45UYP_20200905_1_L2A_92.tif,0.1005586592178771,0.5490506596251172,0.4165881244109331,167,30
challenge,S2A,S2A_45UYP_20200905_1_L2A_96.tif,0.3779264214046823,0.6875416922760996,0.5580791693705387,299,113
challenge,S2A,S2A_45UYQ_20200912_0_L2A_11.tif,0.13107996702390767,0.5574790446496628,0.28834264800435233,1213,159
challenge,S2A,S2A_45UYQ_20200912_0_L2A_13.tif,0.6651634723788049,0.8279667818727886,0.7063893132761391,1774,1180
challenge,S2A,S2A_45UYQ_20200912_1_L2A_13.tif,0.6499436302142052,0.8201491134622585,0.6839629677509174,1774,1153
challenge,S2A,S2A_45UYR_20200912_0_L2A_66.tif,0.23764093668690373,0.6120860746687253,0.332002457002457,1153,274
challenge,S2A,S2A_45UYR_20200912_0_L2A_67.tif,0.024271844660194174,0.5029306586901252,0.14325842696629212,1236,30
challenge,S2A,S2A_45UYR_20200912_1_L2A_67.tif,0.01779935275080906,0.4996344811499565,0.1110254433307633,1236,22
challenge,S2A,S2A_46RDS_20201222_0_L2A_1.tif,0.01680672268907563,0.5075106949423649,0.0,119,2
challenge,S2A,S2A_46RDS_20201222_0_L2A_100.tif,0.0,0.49599456787109375,0.0,522,3
challenge,S2A,S2A_46RDS_20201222_0_L2A_101.tif,0.0,0.49297332763671875,0.0,921,0
challenge,S2A,S2A_46RDS_20201222_0_L2A_102.tif,0.0,0.48340606689453125,0.0,2171,4
challenge,S2A,S2A_46RDS_20201222_0_L2A_103.tif,0.0,0.492584228515625,0.0,971,1
challenge,S2A,S2A_46RDS_20201222_0_L2A_104.tif,0.0,0.4948883056640625,0.0,670,0
challenge,S2A,S2A_46RDS_20201222_0_L2A_106.tif,0.0,0.49861907958984375,0.0,179,2
challenge,S2A,S2A_46RDS_20201222_0_L2A_108.tif,0.0002914885347842985,0.4216433103791221,0.009029345372460496,10292,3
challenge,S2A,S2A_46RDS_20201222_0_L2A_109.tif,0.0,0.494232177734375,0.0,733,23
challenge,S2A,S2A_46RDS_20201222_0_L2A_110.tif,0.0,0.49524688720703125,0.0,589,34
challenge,S2A,S2A_46RDS_20201222_0_L2A_111.tif,0.0,0.49832916259765625,0.0,212,7
challenge,S2A,S2A_46RDS_20201222_0_L2A_112.tif,0.0,0.499114990234375,0.0,85,31
challenge,S2A,S2A_46RDS_20201222_0_L2A_113.tif,0.0,0.49472808837890625,0.0,683,8
challenge,S2A,S2A_46RDS_20201222_0_L2A_114.tif,0.0,0.49834442138671875,0.0,217,0
challenge,S2A,S2A_46RDS_20201222_0_L2A_116.tif,0.0,0.49608612060546875,0.0,512,1
challenge,S2A,S2A_46RDS_20201222_0_L2A_119.tif,0.0,0.49886322021484375,0.0,145,4
challenge,S2A,S2A_46RDS_20201222_0_L2A_125.tif,0.0,0.49297332763671875,0.0,912,9
challenge,S2A,S2A_46RDS_20201222_0_L2A_16.tif,0.002079002079002079,0.4973773357842939,0.06593406593406594,479,3
challenge,S2A,S2A_46RDS_20201222_0_L2A_19.tif,0.0,0.49886322021484375,0.0,149,0
challenge,S2A,S2A_46RDS_20201222_0_L2A_20.tif,0.03745318352059925,0.516765538132732,0.13953488372093023,264,13
challenge,S2A,S2A_46RDS_20201222_0_L2A_22.tif,0.0,0.48502349853515625,0.0,1962,1
challenge,S2A,S2A_46RDS_20201222_0_L2A_25.tif,0.07792207792207792,0.5378774665295635,0.11320754716981132,154,12
challenge,S2A,S2A_46RDS_20201222_0_L2A_30.tif,0.0,0.4965972900390625,0.0,446,0
challenge,S2A,S2A_46RDS_20201222_0_L2A_33.tif,0.0,0.49855804443359375,0.0,189,0
challenge,S2A,S2A_46RDS_20201222_0_L2A_39.tif,0.0,0.49676513671875,0.0,424,0
challenge,S2A,S2A_46RDS_20201222_0_L2A_43.tif,0.001530221882172915,0.49080844722454237,0.030534351145038167,1307,2
challenge,S2A,S2A_46RDS_20201222_0_L2A_48.tif,0.0,0.49571990966796875,0.0,560,1
challenge,S2A,S2A_46RDS_20201222_0_L2A_59.tif,0.0,0.49436187744140625,0.0,731,8
challenge,S2A,S2A_46RDS_20201222_0_L2A_78.tif,0.00810126582278481,0.47414406232028344,0.022889842632331906,3771,211
challenge,S2A,S2A_46RDS_20201222_0_L2A_82.tif,0.017257462686567165,0.49254451631709995,0.0,1759,422
challenge,S2A,S2A_46RDS_20201222_0_L2A_88.tif,0.0,0.497650146484375,0.0,299,9
challenge,S2A,S2A_46RDS_20201222_0_L2A_94.tif,0.013048635824436536,0.5001755960503335,0.09061488673139158,833,21
challenge,S2A,S2A_46RDS_20201222_0_L2A_97.tif,0.0,0.49245452880859375,0.0,928,61
challenge,S2A,S2A_46RDS_20201222_1_L2A_102.tif,0.0,0.48340606689453125,0.0,2171,4
challenge,S2A,S2A_46RDS_20201222_1_L2A_103.tif,0.0,0.49259185791015625,0.0,971,0
challenge,S2A,S2A_46RDS_20201222_1_L2A_104.tif,0.0,0.4948883056640625,0.0,670,0
challenge,S2A,S2A_46RDS_20201222_1_L2A_106.tif,0.0,0.49857330322265625,0.0,179,8
challenge,S2A,S2A_46RDS_20201222_1_L2A_109.tif,0.0,0.4943084716796875,0.0,733,13
challenge,S2A,S2A_46RDS_20201222_1_L2A_110.tif,0.0,0.49536895751953125,0.0,589,18
challenge,S2A,S2A_46RDS_20201222_1_L2A_111.tif,0.0,0.49834442138671875,0.0,212,5
challenge,S2A,S2A_46RDS_20201222_1_L2A_113.tif,0.0,0.49474334716796875,0.0,683,6
challenge,S2A,S2A_46RDS_20201222_1_L2A_116.tif,0.0,0.49609375,0.0,512,0
challenge,S2A,S2A_46RDS_20201222_1_L2A_118.tif,0.0,0.49416351318359375,0.0,765,0
challenge,S2A,S2A_46RDS_20201222_1_L2A_120.tif,0.0,0.49852752685546875,0.0,192,1
challenge,S2A,S2A_46RDS_20201222_1_L2A_122.tif,0.0,0.49930572509765625,0.0,91,0
challenge,S2A,S2A_46RDS_20201222_1_L2A_124.tif,0.0,0.4991607666015625,0.0,107,3
challenge,S2A,S2A_46RDS_20201222_1_L2A_125.tif,0.0,0.49295806884765625,0.0,912,11
challenge,S2A,S2A_46RDS_20201222_1_L2A_13.tif,0.0,0.49829864501953125,0.0,223,0
challenge,S2A,S2A_46RDS_20201222_1_L2A_15.tif,0.0,0.49829864501953125,0.0,222,1
challenge,S2A,S2A_46RDS_20201222_1_L2A_16.tif,0.004149377593360996,0.4984124676595608,0.0670391061452514,479,5
challenge,S2A,S2A_46RDS_20201222_1_L2A_19.tif,0.0,0.49886322021484375,0.0,149,0
challenge,S2A,S2A_46RDS_20201222_1_L2A_20.tif,0.04044117647058824,0.5182289819781404,0.10869565217391304,264,19
challenge,S2A,S2A_46RDS_20201222_1_L2A_21.tif,0.0,0.497650146484375,0.0,307,1
challenge,S2A,S2A_46RDS_20201222_1_L2A_22.tif,0.0,0.485015869140625,0.0,1962,2
challenge,S2A,S2A_46RDS_20201222_1_L2A_23.tif,0.03542009884678748,0.49981852917893227,0.04755471494190759,2428,86
challenge,S2A,S2A_46RDS_20201222_1_L2A_30.tif,0.0,0.49657440185546875,0.0,446,3
challenge,S2A,S2A_46RDS_20201222_1_L2A_32.tif,0.020618556701030927,0.5095844637504605,0.10256410256410256,92,7
challenge,S2A,S2A_46RDS_20201222_1_L2A_4.tif,0.22258699934340118,0.60221332727113,0.19527235354573483,1522,340
challenge,S2A,S2A_46RDS_20201222_1_L2A_5.tif,0.1310344827586207,0.5645556588892696,0.06896551724137931,145,19
challenge,S2A,S2A_46RDS_20201222_1_L2A_51.tif,0.0,0.4978485107421875,0.0,183,99
challenge,S2A,S2A_46RDS_20201222_1_L2A_52.tif,0.002185792349726776,0.49412704638696703,0.0,915,2
challenge,S2A,S2A_46RDS_20201222_1_L2A_54.tif,0.0,0.4982452392578125,0.0,230,0
challenge,S2A,S2A_46RDS_20201222_1_L2A_60.tif,0.006993006993006993,0.5002462326405989,0.10762331838565023,422,10
challenge,S2A,S2A_46RDS_20201222_1_L2A_62.tif,0.0,0.49565887451171875,0.0,549,20
challenge,S2A,S2A_46RDS_20201222_1_L2A_70.tif,0.02631578947368421,0.510616957413296,0.05940594059405941,342,9
challenge,S2A,S2A_46RDS_20201222_1_L2A_71.tif,0.014778325123152709,0.5058632138029356,0.1111111111111111,179,27
challenge,S2A,S2A_46RDS_20201222_1_L2A_73.tif,0.014263074484944533,0.5023854020615545,0.07407407407407407,631,9
challenge,S2A,S2A_46RDS_20201222_1_L2A_74.tif,0.0,0.4979095458984375,0.0,148,126
challenge,S2A,S2A_46RDS_20201222_1_L2A_75.tif,0.0,0.4917449951171875,0.0,950,132
challenge,S2A,S2A_46RDS_20201222_1_L2A_76.tif,0.004694835680751174,0.4958772963730008,0.12048192771084336,834,22
challenge,S2A,S2A_46RDS_20201222_1_L2A_82.tif,0.025594970812752582,0.4962272873276029,0.03316749585406301,1759,525
challenge,S2A,S2A_46RDS_20201222_1_L2A_94.tif,0.004744958481613286,0.4959710265154206,0.02649006622516556,833,14
challenge,S2A,S2A_46RDS_20201222_1_L2A_97.tif,0.0,0.492767333984375,0.0,928,20
challenge,S2A,S2A_46RDS_20201222_1_L2A_98.tif,0.0012285012285012285,0.4820053055026275,0.1475409836065574,2438,7
challenge,S2A,S2A_46RES_20201222_0_L2A_14.tif,0.0,0.4933319091796875,0.0,865,9
challenge,S2A,S2A_46RES_20201222_0_L2A_15.tif,0.0,0.49774169921875,0.0,296,0
challenge,S2A,S2A_46RES_20201222_0_L2A_16.tif,0.0,0.496612548828125,0.0,443,1
challenge,S2A,S2A_46RES_20201222_0_L2A_17.tif,0.0,0.49350738525390625,0.0,850,1
challenge,S2A,S2A_46RES_20201222_0_L2A_24.tif,0.01485148514851485,0.5028703684536658,0.03278688524590165,606,9
challenge,S2A,S2A_46RES_20201222_0_L2A_26.tif,0.0,0.49480438232421875,0.0,679,2
challenge,S2A,S2A_46RES_20201222_0_L2A_27.tif,0.0,0.49868011474609375,0.0,172,1
challenge,S2A,S2A_46RES_20201222_0_L2A_29.tif,0.0,0.49916839599609375,0.0,109,0
challenge,S2A,S2A_46RES_20201222_0_L2A_32.tif,0.0,0.4945068359375,0.0,720,0
challenge,S2A,S2A_46RES_20201222_0_L2A_34.tif,0.0,0.4910430908203125,0.0,1174,0
challenge,S2A,S2A_46RES_20201222_0_L2A_36.tif,0.0,0.4992828369140625,0.0,89,5
challenge,S2A,S2A_46RES_20201222_0_L2A_38.tif,0.0,0.49897003173828125,0.0,122,13
challenge,S2A,S2A_46RES_20201222_0_L2A_39.tif,0.0,0.498199462890625,0.0,219,17
challenge,S2A,S2A_46RES_20201222_0_L2A_4.tif,0.0,0.49607086181640625,0.0,512,3
challenge,S2A,S2A_46RES_20201222_0_L2A_41.tif,0.0,0.48876953125,0.0,1465,7
challenge,S2A,S2A_46RES_20201222_0_L2A_42.tif,0.0,0.49944305419921875,0.0,72,1
challenge,S2A,S2A_46RES_20201222_0_L2A_43.tif,0.0,0.4932861328125,0.0,878,2
challenge,S2A,S2A_46RES_20201222_0_L2A_44.tif,0.0,0.498504638671875,0.0,196,0
challenge,S2A,S2A_46RES_20201222_0_L2A_45.tif,0.0,0.4981689453125,0.0,240,0
challenge,S2A,S2A_46RES_20201222_0_L2A_46.tif,0.0,0.49640655517578125,0.0,470,1
challenge,S2A,S2A_46RES_20201222_0_L2A_47.tif,0.0,0.49695587158203125,0.0,392,7
challenge,S2A,S2A_46RES_20201222_0_L2A_48.tif,0.0,0.49658203125,0.0,444,4
challenge,S2A,S2A_46RES_20201222_0_L2A_49.tif,0.0,0.49895477294921875,0.0,137,0
challenge,S2A,S2A_46RES_20201222_0_L2A_50.tif,0.0,0.49478912353515625,0.0,683,0
challenge,S2A,S2A_46RES_20201222_0_L2A_53.tif,0.0,0.47763824462890625,0.0,2931,0
challenge,S2A,S2A_46RES_20201222_0_L2A_54.tif,0.0,0.48760223388671875,0.0,1621,4
challenge,S2A,S2A_46RES_20201222_0_L2A_55.tif,0.0,0.498382568359375,0.0,210,2
challenge,S2A,S2A_46RES_20201222_0_L2A_58.tif,0.0,0.49167633056640625,0.0,1086,5
challenge,S2A,S2A_46RES_20201222_0_L2A_6.tif,0.0,0.49416351318359375,0.0,765,0
challenge,S2A,S2A_46RES_20201222_0_L2A_63.tif,0.005805515239477504,0.49767630336838065,0.0,689,4
challenge,S2A,S2A_46RES_20201222_0_L2A_66.tif,0.26173541963015645,0.6188878378465936,0.3713618015721266,2109,552
challenge,S2A,S2A_46RES_20201222_0_L2A_7.tif,0.0,0.49884033203125,0.0,145,7
challenge,S2A,S2A_46RES_20201222_0_L2A_73.tif,0.0,0.49269866943359375,0.0,952,5
challenge,S2A,S2A_46RES_20201222_0_L2A_75.tif,0.0,0.49735260009765625,0.0,341,6
challenge,S2A,S2A_46RES_20201222_0_L2A_8.tif,0.0,0.49853515625,0.0,192,0
challenge,S2A,S2A_46RES_20201222_1_L2A_1.tif,0.0,0.49474334716796875,0.0,683,6
challenge,S2A,S2A_46RES_20201222_1_L2A_13.tif,0.0,0.49916839599609375,0.0,107,2
challenge,S2A,S2A_46RES_20201222_1_L2A_14.tif,0.0,0.49332427978515625,0.0,865,10
challenge,S2A,S2A_46RES_20201222_1_L2A_15.tif,0.0,0.49774169921875,0.0,296,0
challenge,S2A,S2A_46RES_20201222_1_L2A_17.tif,0.0,0.493499755859375,0.0,850,2
challenge,S2A,S2A_46RES_20201222_1_L2A_18.tif,0.0,0.48293304443359375,0.0,2236,1
challenge,S2A,S2A_46RES_20201222_1_L2A_19.tif,0.0,0.4981536865234375,0.0,241,1
challenge,S2A,S2A_46RES_20201222_1_L2A_2.tif,0.0,0.49835968017578125,0.0,77,138
challenge,S2A,S2A_46RES_20201222_1_L2A_20.tif,0.0,0.498779296875,0.0,159,1
challenge,S2A,S2A_46RES_20201222_1_L2A_23.tif,0.0,0.49591827392578125,0.0,535,0
challenge,S2A,S2A_46RES_20201222_1_L2A_26.tif,0.0,0.49481201171875,0.0,679,1
challenge,S2A,S2A_46RES_20201222_1_L2A_28.tif,0.0,0.4931640625,0.0,896,0
challenge,S2A,S2A_46RES_20201222_1_L2A_29.tif,0.0,0.49916839599609375,0.0,109,0
challenge,S2A,S2A_46RES_20201222_1_L2A_38.tif,0.0,0.49904632568359375,0.0,122,3
challenge,S2A,S2A_46RES_20201222_1_L2A_39.tif,0.0,0.49828338623046875,0.0,219,6
challenge,S2A,S2A_46RES_20201222_1_L2A_4.tif,0.0,0.49609375,0.0,512,0
challenge,S2A,S2A_46RES_20201222_1_L2A_41.tif,0.0,0.48874664306640625,0.0,1465,10
challenge,S2A,S2A_46RES_20201222_1_L2A_43.tif,0.0,0.49324798583984375,0.0,878,7
challenge,S2A,S2A_46RES_20201222_1_L2A_45.tif,0.0,0.4981689453125,0.0,240,0
challenge,S2A,S2A_46RES_20201222_1_L2A_46.tif,0.0,0.49637603759765625,0.0,470,5
challenge,S2A,S2A_46RES_20201222_1_L2A_48.tif,0.0,0.49658203125,0.0,444,4
challenge,S2A,S2A_46RES_20201222_1_L2A_49.tif,0.0,0.49893951416015625,0.0,137,2
challenge,S2A,S2A_46RES_20201222_1_L2A_5.tif,0.002029220779220779,0.44471968204602585,0.017857142857142856,7392,15
challenge,S2A,S2A_46RES_20201222_1_L2A_53.tif,0.0,0.47763824462890625,0.0,2931,0
challenge,S2A,S2A_46RES_20201222_1_L2A_54.tif,0.0,0.48760223388671875,0.0,1621,4
challenge,S2A,S2A_46RES_20201222_1_L2A_55.tif,0.0,0.49839019775390625,0.0,210,1
challenge,S2A,S2A_46RES_20201222_1_L2A_61.tif,0.00019256691700365877,0.4604838626146779,0.0,5193,1
challenge,S2A,S2A_46RES_20201222_1_L2A_73.tif,0.0,0.492706298828125,0.0,952,4
challenge,S2A,S2A_46RES_20201222_1_L2A_75.tif,0.0,0.49737548828125,0.0,341,3
challenge,S2A,S2A_46RES_20201222_1_L2A_8.tif,0.0,0.49852752685546875,0.0,192,1
challenge,S2A,S2A_46RES_20201222_1_L2A_9.tif,0.0,0.4994354248046875,0.0,73,1
challenge,S2A,S2A_46UCA_20200922_0_L2A_37.tif,0.0,0.4847412109375,0.0,1995,5
challenge,S2A,S2A_46UCA_20200922_1_L2A_35.tif,0.0,0.499053955078125,0.0,124,0
challenge,S2A,S2A_46UCV_20200922_2_L2A_27.tif,0.0,0.49904632568359375,0.0,124,1
challenge,S2A,S2A_5VMF_20200820_0_L2A_1.tif,0.4375,0.7184752244000733,0.8024844720496895,62,30
challenge,S2A,S2A_5VMF_20200820_0_L2A_104.tif,0.0001563721657544957,0.35372444064164915,0.0005547850208044383,260,18928
challenge,S2A,S2A_5VMF_20200820_0_L2A_105.tif,0.0,0.38238525390625,0.0,183,15233
challenge,S2A,S2A_5VMF_20200820_0_L2A_11.tif,0.0,0.47988128662109375,0.0,2635,2
challenge,S2A,S2A_5VMF_20200820_0_L2A_13.tif,0.03654822335025381,0.5110298368659666,0.28390440541318746,985,36
challenge,S2A,S2A_5VMF_20200820_0_L2A_14.tif,0.4799737360472751,0.7338762284124964,0.5017061586684147,1454,800
challenge,S2A,S2A_5VMF_20200820_0_L2A_16.tif,0.0,0.49774169921875,0.0,291,5
challenge,S2A,S2A_5VMF_20200820_0_L2A_2.tif,0.0,0.4952392578125,0.0,615,9
challenge,S2A,S2A_5VMF_20200820_0_L2A_24.tif,0.3720538720538721,0.6802967612028354,0.3965761071827316,1185,445
challenge,S2A,S2A_5VMF_20200820_0_L2A_28.tif,0.4292929292929293,0.7129177371734665,0.5401148786362793,395,171
challenge,S2A,S2A_5VMF_20200820_0_L2A_33.tif,0.395910780669145,0.6801944410020719,0.1888215796090982,3766,1491
challenge,S2A,S2A_5VMF_20200820_0_L2A_4.tif,0.0,0.49874114990234375,0.0,165,0
challenge,S2A,S2A_5VMF_20200820_0_L2A_44.tif,0.08774583963691376,0.5346555550981879,0.27109426499670397,1230,208
challenge,S2A,S2A_5VMF_20200820_0_L2A_65.tif,0.11711711711711711,0.5563141809534774,0.4788478847884788,331,41
challenge,S2A,S2A_5VMF_20200820_0_L2A_69.tif,0.0,0.4980010986328125,0.0,254,8
challenge,S2A,S2A_5VMF_20200820_0_L2A_70.tif,0.10506208213944604,0.5453702792930594,0.2326225422320687,968,189
challenge,S2A,S2A_5VMF_20200820_0_L2A_77.tif,0.6767326732673268,0.8332782099681395,0.4448453524468932,1916,1471
challenge,S2A,S2A_5VMF_20200820_0_L2A_95.tif,0.8840918325883788,0.918339288411372,0.4018135634608752,19341,17753
challenge,S2A,S2A_5VMF_20200820_1_L2A_13.tif,0.03857868020304569,0.5120601117281374,0.28429579304938596,985,38
challenge,S2A,S2A_5VMF_20200820_1_L2A_16.tif,0.44745762711864406,0.7224827124034294,0.46052631578947373,291,136
challenge,S2A,S2A_5VMF_20200820_1_L2A_69.tif,0.0,0.49791717529296875,0.0,254,19
challenge,S2A,S2A_5VMF_20200909_0_L2A_3.tif,0.0,0.49364471435546875,0.0,779,54
challenge,S2A,S2A_5VMF_20200909_0_L2A_38.tif,0.006092916984006093,0.4930888831043825,0.04285714285714286,1313,8
challenge,S2A,S2A_5VMF_20200909_0_L2A_4.tif,0.0,0.4987335205078125,0.0,165,1
challenge,S2A,S2A_5VMF_20200909_0_L2A_6.tif,0.019587268275620847,0.4883901521585801,0.1125917867827033,2859,56
challenge,S2A,S2A_5VMF_20200909_0_L2A_69.tif,0.0,0.4980316162109375,0.0,254,4
challenge,S2A,S2A_5VMF_20200909_0_L2A_7.tif,0.002053636143996134,0.43798403658876417,0.0,8278,17
challenge,S2A,S2A_5VMF_20200909_0_L2A_70.tif,0.0,0.49212646484375,0.0,968,64
challenge,S2A,S2A_5VMF_20200909_0_L2A_8.tif,0.0,0.40753173828125,0.0,12115,5
challenge,S2A,S2A_5VMF_20200909_0_L2A_84.tif,0.0030425963488843813,0.4640142393688684,0.0,4580,365
challenge,S2A,S2A_5VMF_20200909_0_L2A_89.tif,0.2825040128410915,0.6204548600185606,0.1722750649022761,2613,2181
challenge,S2A,S2A_5VMF_20200909_0_L2A_9.tif,0.007616974972796518,0.4968497363990934,0.08928571428571429,919,7
challenge,S2A,S2A_5VMF_20200912_1_L2A_27.tif,0.41580756013745707,0.706604383905769,0.7040971168437026,291,121
challenge,S2A,S2A_5VMF_20200912_1_L2A_5.tif,0.42374727668845313,0.7078135895315414,0.6083832335329341,918,389
challenge,S2A,S2A_5VMF_20200912_1_L2A_77.tif,0.5320910973084886,0.759038665787003,0.35578199562269025,1916,1044
challenge,S2A,S2A_5VMG_20200820_0_L2A_148.tif,0.13333333333333333,0.565277523355926,0.06876790830945557,183,55
challenge,S2A,S2A_5VMG_20200820_0_L2A_149.tif,0.30793650793650795,0.6523025805930496,0.46065107458912774,195,217
challenge,S2A,S2A_5VMG_20200820_0_L2A_153.tif,0.3373493975903614,0.6678347476650646,0.5045045045045045,161,61
challenge,S2A,S2A_5VMG_20200820_0_L2A_25.tif,0.2457627118644068,0.6222020392179591,0.1111111111111111,112,35
challenge,S2A,S2A_5VMG_20200820_0_L2A_35.tif,0.14826498422712933,0.5720710772194604,0.2736842105263158,313,51
challenge,S2A,S2A_5VMG_20200820_0_L2A_38.tif,0.0,0.4967803955078125,0.0,419,3
challenge,S2A,S2A_5VMG_20200820_0_L2A_74.tif,0.27770360480640854,0.6347111582689893,0.1430255402750491,745,212
challenge,S2A,S2A_5VMG_20200820_1_L2A_74.tif,0.25100671140939596,0.6212339713223815,0.14689265536723167,745,187
challenge,S2A,S2A_5VMJ_20200905_0_L2A_12.tif,0.1724137931034483,0.585657454388143,0.5263157894736842,83,19
challenge,S2A,S2A_5VMJ_20200905_0_L2A_22.tif,0.0,0.49900054931640625,0.0,126,5
challenge,S2A,S2A_5VMJ_20200905_0_L2A_27.tif,0.043701799485861184,0.5190120285757882,0.030769230769230767,367,39
challenge,S2A,S2A_5VMJ_20200905_0_L2A_29.tif,0.3996316758747698,0.6973203925080305,0.3127621330137807,543,217
challenge,S2A,S2A_5VMJ_20200905_0_L2A_32.tif,0.0,0.49892425537109375,0.0,141,0
challenge,S2A,S2A_5VMJ_20200905_0_L2A_53.tif,0.0,0.49785614013671875,0.0,279,2
challenge,S2A,S2A_5VMJ_20200905_0_L2A_58.tif,0.0,0.497955322265625,0.0,267,1
challenge,S2A,S2A_5VMJ_20200905_0_L2A_60.tif,0.0,0.49835205078125,0.0,196,20
challenge,S2A,S2A_5VMJ_20200905_0_L2A_63.tif,0.25117176730079954,0.6045723439985623,0.21133192389006342,3627,911
challenge,S2A,S2A_5VMJ_20200905_0_L2A_75.tif,0.1814595660749507,0.5875591333216877,0.36695689105967294,507,92
challenge,S2A,S2A_5VMJ_20200905_0_L2A_76.tif,0.003189792663476874,0.4968263792261139,0.0,627,2
challenge,S2A,S2A_5VMJ_20200905_0_L2A_77.tif,0.43676222596964587,0.7158227846302723,0.3931663936344489,592,260
challenge,S2A,S2A_5VMJ_20200905_0_L2A_79.tif,0.0,0.4990692138671875,0.0,119,3
challenge,S2A,S2A_5VMJ_20200905_0_L2A_80.tif,0.007670182166826462,0.4959377037070245,0.1090909090909091,1037,14
challenge,S2A,S2A_5VMJ_20200905_0_L2A_82.tif,0.0,0.4967193603515625,0.0,427,3
challenge,S2A,S2A_5VMJ_20200905_0_L2A_83.tif,0.0,0.49079132080078125,0.0,1204,3
challenge,S2A,S2A_5VMJ_20200905_0_L2A_89.tif,0.02702702702702703,0.5107665123231463,0.052173913043478265,364,16
challenge,S2A,S2A_5VMJ_20200905_0_L2A_94.tif,0.1038135593220339,0.5486771310284639,0.435483870967742,471,50
challenge,S2A,S2A_5VMJ_20200905_0_L2A_95.tif,0.0,0.49839019775390625,0.0,204,7
challenge,S2A,S2A_5VMJ_20200905_1_L2A_16.tif,0.03125,0.5151519631031221,0.10256410256410257,56,10
challenge,S2B,S2B_45UVQ_20200913_0_L2A_100.tif,0.4984894259818731,0.7466989349950466,0.6862267673078484,662,330
challenge,S2B,S2B_45UVQ_20200913_0_L2A_128.tif,0.09944751381215469,0.5484798239410906,0.18716577540106952,181,18
challenge,S2B,S2B_45UVQ_20200913_0_L2A_132.tif,0.009084027252081756,0.4945533071978619,0.34849300322927884,1291,42
challenge,S2B,S2B_45UVQ_20200920_0_L2A_48.tif,0.028622540250447227,0.5101674972314507,0.047430830039525695,559,16
challenge,S2B,S2B_45UVQ_20200920_0_L2A_50.tif,0.0,0.49428558349609375,0.0,623,126
challenge,S2B,S2B_45UVQ_20200920_1_L2A_21.tif,0.564179104477612,0.7798488450347789,0.7668634064080944,662,386
challenge,S2B,S2B_45UVQ_20200920_1_L2A_22.tif,0.3958513396715644,0.6925551913330623,0.6428350674770783,1128,487
challenge,S2B,S2B_45UVQ_20200920_1_L2A_31.tif,0.515818431911967,0.7552082138228057,0.5661438799863622,720,382
challenge,S2B,S2B_45UVQ_20200920_1_L2A_57.tif,0.35704697986577183,0.6748541165607395,0.37470179716906105,400,611
challenge,S2B,S2B_45UVR_20200903_1_L2A_118.tif,0.4279475982532751,0.7129728516649181,0.42659279778393344,197,130
challenge,S2B,S2B_45UVR_20200903_1_L2A_158.tif,0.0,0.487213134765625,0.0,1652,24
challenge,S2B,S2B_45UVR_20200903_1_L2A_167.tif,0.6927639383155397,0.8443881891355997,0.6946384115611148,833,594
challenge,S2B,S2B_45UVR_20200903_1_L2A_168.tif,0.2383815028901734,0.5936578470190732,0.2527339003645201,4227,1129
challenge,S2B,S2B_45UVR_20200903_1_L2A_174.tif,0.0,0.49213409423828125,0.0,827,204
challenge,S2B,S2B_45UVR_20200913_0_L2A_112.tif,0.23119777158774374,0.6134905026792705,0.3759036144578313,357,85
challenge,S2B,S2B_45UVR_20200913_0_L2A_116.tif,0.43714285714285717,0.7140306537969308,0.2975206611570248,977,532
challenge,S2B,S2B_45UWQ_20200920_0_L2A_16.tif,0.008501594048884165,0.49713170289674097,0.1054481546572935,830,119
challenge,S2B,S2B_45UWQ_20200920_0_L2A_24.tif,0.22151898734177214,0.606054853289007,0.34273160014646653,756,209
challenge,S2B,S2B_45UWQ_20200920_1_L2A_14.tif,0.4676209952283572,0.727788909333531,0.6094905530959657,1396,757
challenge,S2B,S2B_45UWQ_20200920_1_L2A_24.tif,0.4306282722513089,0.7119786046643083,0.19174102510894378,756,337
challenge,S2B,S2B_46RDS_20201227_1_L2A_1.tif,0.21774193548387097,0.608130611455013,0.13793103448275862,119,32
challenge,S2B,S2B_46RDS_20201227_1_L2A_100.tif,0.0,0.49600982666015625,0.0,522,1
challenge,S2B,S2B_46RDS_20201227_1_L2A_101.tif,0.0,0.492919921875,0.0,921,7
challenge,S2B,S2B_46RDS_20201227_1_L2A_102.tif,0.0,0.48343658447265625,0.0,2171,0
challenge,S2B,S2B_46RDS_20201227_1_L2A_103.tif,0.0,0.49259185791015625,0.0,971,0
challenge,S2B,S2B_46RDS_20201227_1_L2A_105.tif,0.0,0.4984893798828125,0.0,196,2
challenge,S2B,S2B_46RDS_20201227_1_L2A_106.tif,0.0,0.49863433837890625,0.0,179,0
challenge,S2B,S2B_46RDS_20201227_1_L2A_108.tif,0.0004858142246404975,0.4217533372904039,0.004524886877828055,10292,5
challenge,S2B,S2B_46RDS_20201227_1_L2A_109.tif,0.0,0.4942779541015625,0.0,733,17
challenge,S2B,S2B_46RDS_20201227_1_L2A_11.tif,0.0,0.49860382080078125,0.0,181,2
challenge,S2B,S2B_46RDS_20201227_1_L2A_110.tif,0.0,0.49550628662109375,0.0,589,0
challenge,S2B,S2B_46RDS_20201227_1_L2A_112.tif,0.0,0.49933624267578125,0.0,85,2
challenge,S2B,S2B_46RDS_20201227_1_L2A_113.tif,0.0,0.49478912353515625,0.0,683,0
challenge,S2B,S2B_46RDS_20201227_1_L2A_115.tif,0.0,0.4993743896484375,0.0,77,5
challenge,S2B,S2B_46RDS_20201227_1_L2A_120.tif,0.0,0.4985198974609375,0.0,192,2
challenge,S2B,S2B_46RDS_20201227_1_L2A_121.tif,0.0,0.4994354248046875,0.0,73,1
challenge,S2B,S2B_46RDS_20201227_1_L2A_122.tif,0.0,0.49929046630859375,0.0,91,2
challenge,S2B,S2B_46RDS_20201227_1_L2A_124.tif,0.0,0.499176025390625,0.0,107,1
challenge,S2B,S2B_46RDS_20201227_1_L2A_125.tif,0.0,0.49301910400390625,0.0,912,3
challenge,S2B,S2B_46RDS_20201227_1_L2A_15.tif,0.0,0.49829864501953125,0.0,222,1
challenge,S2B,S2B_46RDS_20201227_1_L2A_18.tif,0.0,0.4993133544921875,0.0,90,0
challenge,S2B,S2B_46RDS_20201227_1_L2A_19.tif,0.0,0.49884796142578125,0.0,149,2
challenge,S2B,S2B_46RDS_20201227_1_L2A_2.tif,0.29537521815008727,0.6352375250466127,0.2769688947716744,2292,677
challenge,S2B,S2B_46RDS_20201227_1_L2A_35.tif,0.0,0.49219512939453125,0.0,1023,0
challenge,S2B,S2B_46RDS_20201227_1_L2A_39.tif,0.0,0.49676513671875,0.0,424,0
challenge,S2B,S2B_46RDS_20201227_1_L2A_48.tif,0.0,0.4957275390625,0.0,560,0
challenge,S2B,S2B_46RDS_20201227_1_L2A_50.tif,0.0,0.49929046630859375,0.0,93,0
challenge,S2B,S2B_46RDS_20201227_1_L2A_51.tif,0.0,0.498016357421875,0.0,183,77
challenge,S2B,S2B_46RDS_20201227_1_L2A_52.tif,0.0,0.49301910400390625,0.0,915,0
challenge,S2B,S2B_46RDS_20201227_1_L2A_53.tif,0.0,0.49665069580078125,0.0,439,0
challenge,S2B,S2B_46RDS_20201227_1_L2A_55.tif,0.002702702702702703,0.49853606181141086,0.00888888888888889,203,168
challenge,S2B,S2B_46RDS_20201227_1_L2A_59.tif,0.0,0.49442291259765625,0.0,731,0
challenge,S2B,S2B_46RDS_20201227_1_L2A_60.tif,0.00684931506849315,0.5001057189842031,0.09266409266409266,422,19
challenge,S2B,S2B_46RDS_20201227_1_L2A_61.tif,0.036617262423714034,0.509872743955009,0.22486216108679588,957,232
challenge,S2B,S2B_46RDS_20201227_1_L2A_62.tif,0.0,0.49564361572265625,0.0,549,22
challenge,S2B,S2B_46RDS_20201227_1_L2A_63.tif,0.006024096385542169,0.5017531788862937,0.07272727272727272,151,16
challenge,S2B,S2B_46RDS_20201227_1_L2A_68.tif,0.0,0.49849700927734375,0.0,194,3
challenge,S2B,S2B_46RDS_20201227_1_L2A_72.tif,0.018094089264173704,0.5028352957271556,0.010309278350515464,821,23
challenge,S2B,S2B_46RDS_20201227_1_L2A_73.tif,0.009508716323296355,0.49998554998218836,0.0,631,6
challenge,S2B,S2B_46RDS_20201227_1_L2A_74.tif,0.0,0.49834442138671875,0.0,148,69
challenge,S2B,S2B_46RDS_20201227_1_L2A_83.tif,0.0,0.495086669921875,0.0,644,0
challenge,S2B,S2B_46RDS_20201227_1_L2A_88.tif,0.0,0.49771881103515625,0.0,299,0
challenge,S2B,S2B_46RDS_20201227_1_L2A_89.tif,0.0,0.49568939208984375,0.0,563,2
challenge,S2B,S2B_46RDS_20201227_1_L2A_91.tif,0.0,0.49897003173828125,0.0,135,0
challenge,S2B,S2B_46RDS_20201227_1_L2A_92.tif,0.0,0.49903106689453125,0.0,127,0
challenge,S2B,S2B_46RDS_20201227_1_L2A_96.tif,0.0,0.49498748779296875,0.0,656,1
challenge,S2B,S2B_46RDS_20201227_1_L2A_97.tif,0.0,0.49291229248046875,0.0,928,1
challenge,S2B,S2B_46RES_20201227_0_L2A_1.tif,0.0,0.49478912353515625,0.0,683,0
challenge,S2B,S2B_46RES_20201227_0_L2A_14.tif,0.0,0.4933624267578125,0.0,865,5
challenge,S2B,S2B_46RES_20201227_0_L2A_15.tif,0.0,0.4977264404296875,0.0,296,2
challenge,S2B,S2B_46RES_20201227_0_L2A_16.tif,0.0,0.496612548828125,0.0,443,1
challenge,S2B,S2B_46RES_20201227_0_L2A_17.tif,0.0,0.4935150146484375,0.0,850,0
challenge,S2B,S2B_46RES_20201227_0_L2A_18.tif,0.0,0.48293304443359375,0.0,2236,1
challenge,S2B,S2B_46RES_20201227_0_L2A_2.tif,0.0,0.49939727783203125,0.0,77,2
challenge,S2B,S2B_46RES_20201227_0_L2A_23.tif,0.0,0.49591827392578125,0.0,535,0
challenge,S2B,S2B_46RES_20201227_0_L2A_24.tif,0.0,0.495361328125,0.0,606,2
challenge,S2B,S2B_46RES_20201227_0_L2A_27.tif,0.0,0.49868011474609375,0.0,172,1
challenge,S2B,S2B_46RES_20201227_0_L2A_28.tif,0.0,0.4931640625,0.0,896,0
challenge,S2B,S2B_46RES_20201227_0_L2A_30.tif,0.0,0.49691009521484375,0.0,404,1
challenge,S2B,S2B_46RES_20201227_0_L2A_32.tif,0.0,0.4945068359375,0.0,720,0
