set,region,file,iou,miou_2class,boundary_f1,lake_pixels_true,lake_pixels_pred
test,ACS,ACS_S2A_17XPA_20200811_0_L2A_100.tif,0.04100115264284538,0.47589751598781876,0.09651052095985294,322,6000
test,ACS,ACS_S2A_17XPA_20200811_0_L2A_170.tif,0.0030006471984153444,0.11274483669894307,0.01712536539628261,164,50978
test,ACS,ACS_S2A_18WWD_20200825_0_L2A_144.tif,0.4903529411764706,0.736780340715689,0.35749751737835156,1673,1494
test,ACS,ACS_S2A_18WWD_20200825_0_L2A_171.tif,0.6796166265183743,0.780019882621801,0.2383139478580703,19481,13290
test,ACS,ACS_S2A_18WWE_20200723_1_L2A_106.tif,0.9610529217199559,0.9574901701429672,0.6924077527515636,35252,35895
test,ACS,ACS_S2A_18WWE_20200723_1_L2A_115.tif,0.27624309392265195,0.6032352758917101,0.16821597811634184,2136,5718
test,ACS,ACS_S2A_18XVF_20200811_0_L2A_103.tif,0.04750378214826021,0.40220936663435314,0.1615015277171541,1087,16223
test,ACS,ACS_S2A_19WFP_20200821_0_L2A_69.tif,0.010447427848226915,0.1990269850597965,0.03399199507213831,526,40192
test,ACS,ACS_S2A_19WFQ_20200821_0_L2A_132.tif,0.7903673973448595,0.889792756091129,0.5060513027477095,2861,2938
test,ACS,ACS_S2A_20WMA_20200725_1_L2A_5.tif,0.010481251845290819,0.2997909845323432,0.015426782417229556,304,27076
test,ACS,ACS_S2A_20WMU_20200821_1_L2A_170.tif,0.060928071768035455,0.3939161672606774,0.1196830512032201,1382,18486
test,ACS,ACS_S2A_20WMV_20200827_1_L2A_1.tif,0.9231795145372099,0.9566762553748595,0.8906539790631994,7367,7053
test,ACS,ACS_S2A_20WNU_20200716_1_L2A_9.tif,0.010864090941794373,0.4003008991835224,0.022365344381999424,303,13747
test,ACS,ACS_S2A_20WNU_20200824_1_L2A_37.tif,0.003599801390268123,0.19491516120499014,0.004033736707004034,145,40280
test,ACS,ACS_S2A_20WNU_20200824_1_L2A_79.tif,0.040101983492502484,0.3481450358274796,0.03248259860788864,928,23141
test,ACS,ACS_S2B_17XMA_20200723_1_L2A_3.tif,0.48157248157248156,0.7375472625227015,0.42371435534974405,814,392
test,ACS,ACS_S2B_18WWC_20200725_0_L2A_90.tif,0.8096634763815993,0.8946063314136687,0.620330014049697,5915,5808
test,ACS,ACS_S2B_18WWD_20200807_1_L2A_40.tif,0.8148558758314856,0.9020921337110013,0.8552422742974513,3559,2989
test,ACS,ACS_S2B_18WWD_20200811_0_L2A_265.tif,0.004662932529640897,0.23457921759566547,0.004287551807917679,166,35169
test,ACS,ACS_S2B_18WWE_20200724_1_L2A_28.tif,0.713855421686747,0.8524825038682978,0.4570314634990617,1828,1586
test,ACS,ACS_S2B_18XVF_20200724_1_L2A_162.tif,0.035292632110613044,0.28044553366529135,0.028842141436952302,1123,31673
test,ACS,ACS_S2B_19WEQ_20200802_1_L2A_121.tif,0.05802523723682868,0.31206917509655946,0.11169702182829075,2221,28886
test,ACS,ACS_S2B_19WFP_20200822_1_L2A_114.tif,0.8829019697663766,0.9210487261685805,0.7848601071883856,17365,15518
test,ACS,ACS_S2B_20WMU_20200823_0_L2A_122.tif,0.4366993652625505,0.6788286954567708,0.21621201281532865,3820,8629
test,ACS,ACS_S2B_20WMU_20200823_0_L2A_259.tif,0.0024813895781637717,0.28939350460165925,0.013439536567704562,130,27746
test,ACS,ACS_S2B_20WMU_20200823_1_L2A_290.tif,0.6745476477683957,0.8265231066384217,0.5298946248616323,3621,3320
test,AC,AC_S2A_15XVJ_20200810_4_L2A_36.tif,0.008451137062077443,0.10770350880386655,0.04376444285011137,527,51977
test,AC,AC_S2A_15XWH_20200828_1_L2A_60.tif,0.0013197154005049345,0.10187115499507275,0.017753398467062326,91,52262
test,AC,AC_S2A_15XWJ_20200808_5_L2A_20.tif,0.014488874614135575,0.08057890365648995,0.04641693188564963,1171,55684
test,AC,AC_S2A_15XWJ_20200827_0_L2A_80.tif,0.003991403131716303,0.4277022224752128,0.030614167294649584,1627,8183
test,AC,AC_S2A_16XEL_20200808_3_L2A_55.tif,0.03165480920262404,0.10530141867147481,0.0578980490874764,1902,53926
test,AC,AC_S2A_16XEM_20200827_3_L2A_9.tif,0.7167588791718722,0.8138741299837824,0.39187282670401274,12867,15990
test,AC,AC_S2A_16XER_20200806_0_L2A_89.tif,0.0,0.468017578125,0.0,577,3615
test,AC,AC_S2A_16XER_20200809_6_L2A_29.tif,0.010162118070896918,0.2818641729125428,0.06293103448275862,329,29393
test,AC,AC_S2A_16XES_20200825_2_L2A_36.tif,0.01630372295168671,0.17821217585102653,0.023011812730535004,741,43455
test,AC,AC_S2A_17XMG_20200827_0_L2A_16.tif,0.0,0.493865966796875,0.0,762,42
test,AC,AC_S2A_17XML_20200806_7_L2A_58.tif,0.06347728671284536,0.04928777931142406,0.10397248404967574,4035,63365
test,AC,AC_S2A_17XNG_20200808_3_L2A_17.tif,0.017857142857142856,0.49549427733966084,0.12485507892624632,92,1732
test,AC,AC_S2A_17XNJ_20200812_3_L2A_169.tif,0.010143969654300412,0.240846650000585,0.04467685434330101,383,34769
test,AC,AC_S2A_17XNL_20200808_3_L2A_28.tif,0.009450484089482207,0.04328505978995384,0.01934422396414019,685,60413
test,AC,AC_S2A_17XNM_20200806_0_L2A_34.tif,0.017390822229204014,0.09714652962222643,0.010347023241006049,942,54108
test,AC,AC_S2A_17XNM_20200807_4_L2A_1.tif,0.0,0.43297576904296875,0.0,2545,6240
test,AC,AC_S2A_17XNM_20200807_4_L2A_94.tif,0.0,0.42311859130859375,0.0,972,9105
test,AC,AC_S2A_17XNM_20200816_1_L2A_61.tif,0.19889801210025929,0.5412419254315568,0.30527617318733746,8118,2979
test,AC,AC_S2A_18XVN_20200811_1_L2A_53.tif,0.0,0.39705657958984375,0.0,539,12954
test,AC,AC_S2A_18XVP_20200812_2_L2A_27.tif,0.0058802007108509306,0.21172575667671897,0.04913859888589663,324,38165
test,AC,AC_S2A_18XVP_20200816_7_L2A_39.tif,0.013596830146490636,0.04321529680530732,0.03657614700238414,828,60822
test,AC,AC_S2A_18XVR_20200810_3_L2A_35.tif,0.020325756544621387,0.17611275450993444,0.12222005081102207,1078,43900
test,AC,AC_S2A_19XDL_20200815_2_L2A_24.tif,0.26343799893560405,0.6210795566548071,0.04473684210526316,1208,1166
test,AC,AC_S2B_15XWH_20200827_1_L2A_16.tif,0.04398987768873893,0.3462626888327403,0.1838295633217863,6016,18737
test,AC,AC_S2B_15XWJ_20200805_2_L2A_1.tif,0.018752853099607412,0.09286090158429502,0.048211778596907263,1053,54739
test,AC,AC_S2B_16XDP_20200810_2_L2A_55.tif,0.007474846225915516,0.12985566951845728,0.05167494790831864,859,48606
test,AC,AC_S2B_16XEJ_20200808_1_L2A_97.tif,0.2757963725041914,0.5611583571260075,0.13155291790306625,4474,12267
test,AC,AC_S2B_17XMG_20200827_1_L2A_28.tif,0.055670407560543415,0.4291195111496027,0.19893710408313364,12846,1452
test,AC,AC_S2B_17XML_20200808_1_L2A_90.tif,0.0072673405367723945,0.0662574820591078,0.0033099795884592043,417,57380
test,AC,AC_S2B_17XNJ_20200807_0_L2A_81.tif,0.23010935946598496,0.37910099295663663,0.4148249656585488,34067,9239
test,AC,AC_S2B_17XNJ_20200807_0_L2A_88.tif,0.010796291482540507,0.06571734220422837,0.01817341752656707,623,57705
test,AC,AC_S2B_17XNM_20200807_1_L2A_8.tif,0.018765087507543753,0.1063131769946575,0.03063427199053918,1040,52979
test,AC,AC_S2B_18XWT_20200806_0_L2A_2.tif,0.5261813537675607,0.7423650815316767,0.2703221345825514,3385,4980
test,AC,AC_S2B_19XDJ_20200807_3_L2A_13.tif,0.0,0.47924041748046875,0.0,2290,431
test,AC,AC_S2B_19XDL_20200826_2_L2A_161.tif,0.9778821473431271,0.9753157204216645,0.8848728224150494,36210,36224
test,AC,AC_S2B_19XDL_20200826_2_L2A_74.tif,0.98468017578125,0.492340087890625,0.9038720986113336,65536,64532
test,AK,AK_S2A_5VMG_20200912_1_L2A_82.tif,0.0007539136990553904,0.15638746034560413,0.0,34,45098
test,AK,AK_S2A_5VMJ_20200912_1_L2A_9.tif,0.02412830242714971,0.30192570343213115,0.049357815928746614,995,27613
test,AK,AK_S2A_5VPH_20200909_0_L2A_74.tif,0.8930742309817646,0.9213756573833014,0.776712124037275,20051,21059
test,AK,AK_S2A_6VUN_20200909_0_L2A_214.tif,0.004366390074921453,0.028774783178118046,0.0,271,62065
test,AK,AK_S2A_6VUQ_20200906_1_L2A_29.tif,0.0,0.19618988037109375,0.004285222359678098,393,39428
test,AK,AK_S2A_6VVP_20200817_1_L2A_99.tif,0.07238706764654243,0.2410379073268626,0.18578933362244845,3267,39488
test,AK,AK_S2A_6VVP_20200906_0_L2A_59.tif,0.001179025752404592,0.1318606074255998,0.0021321961620469083,57,48345
test,AK,AK_S2A_6VVR_20200817_0_L2A_39.tif,0.02156579440252582,0.37042393937650436,0.06234338559551646,494,18596
test,AK,AK_S2A_6VWN_20200821_0_L2A_100.tif,0.025443510737628384,0.41668439856223843,0.013909587680079485,327,12852
test,AK,AK_S2A_6VWR_20200913_0_L2A_48.tif,0.009114288653430717,0.13460953091206249,0.016587830080367395,469,48579
test,AK,AK_S2A_6VXN_20200828_0_L2A_53.tif,0.0013424956767088378,0.1655230278527106,0.008929678779610565,74,43933
test,AK,AK_S2A_6VXN_20200913_0_L2A_148.tif,0.008641049151176684,0.2308057679638597,0.018520051562851095,317,35985
test,AK,AK_S2A_6VXN_20200913_0_L2A_44.tif,0.013955901426718547,0.3613760385678646,0.03101855935265615,353,19191
test,AK,AK_S2A_6VXN_20200913_0_L2A_75.tif,0.5490090090090091,0.7544769796601319,0.33177698434496017,3047,5550
test,AK,AK_S2A_6VXN_20200913_1_L2A_30.tif,0.0045319176485821575,0.4435798318949312,0.040078973346495565,35,7723
test,AK,AK_S2A_7VCH_20200913_0_L2A_78.tif,0.02899424499862976,0.2397367391127334,0.06155926485010158,1206,36342
test,AK,AK_S2A_7VCH_20200913_1_L2A_2.tif,0.007122792937399679,0.42797138653973016,0.02247892600686856,85,9954
test,AK,AK_S2A_7VCJ_20200913_0_L2A_81.tif,0.00076901781045249,0.2524566799909981,0.00877681805516857,145,32389
test,AK,AK_S2A_7VEH_20200914_1_L2A_40.tif,0.5343968095712861,0.7486242034365276,0.666492880315429,4760,2935
test,AK,AK_S2A_7VFF_20200911_1_L2A_81.tif,0.13146067415730336,0.5239252472259082,0.2864408503712746,904,6145
test,AK,AK_S2A_7VFF_20200914_0_L2A_173.tif,0.002987551867219917,0.2720297903577153,0.0,90,30125
test,AK,AK_S2A_7VFF_20200914_1_L2A_140.tif,0.2351933780505209,0.5756561055040984,0.1355743748006027,1648,7007
test,AK,AK_S2A_8VLL_20200911_1_L2A_159.tif,0.0015402817152934348,0.1591629188984917,0.014708736817132874,77,44789
test,AK,AK_S2A_8VLL_20200914_1_L2A_72.tif,0.980661011603393,0.9001602271639256,0.8812190920937422,59143,60174
test,AK,AK_S2A_8VNK_20200915_1_L2A_220.tif,0.0,0.146148681640625,0.0,0,46380
test,AK,AK_S2A_8VNK_20200915_1_L2A_37.tif,0.04569956590182703,0.2084046399141326,0.0,1916,41926
test,AK,AK_S2A_8VNL_20200905_0_L2A_32.tif,0.6722642037503499,0.8268581765734357,0.3920004057275202,2542,3433
test,AK,AK_S2A_8VNL_20200915_0_L2A_207.tif,0.01950367382221582,0.08738980566353216,0.028004667444574093,1083,55528
test,AK,AK_S2A_8VNL_20200915_0_L2A_221.tif,0.01948074822982351,0.29557666976146546,0.06091032157945464,560,28380
test,AK,AK_S2A_8VNL_20200915_0_L2A_241.tif,0.008257800672420912,0.11681241897986178,0.0032619775739041795,420,50861
test,AK,AK_S2A_8VPJ_20200912_1_L2A_198.tif,0.0743179925031237,0.2534924944408058,0.0658423660487738,2920,38351
test,AK,AK_S2A_8VPJ_20200915_0_L2A_242.tif,0.010742969294734396,0.2112452561461387,0.013892758306866513,418,38721
test,AK,AK_S2A_8VPK_20200905_0_L2A_182.tif,0.00039434120372652435,0.19068862359331623,0.0038543071882829066,16,40574
test,AK,AK_S2A_8VPK_20200912_0_L2A_99.tif,0.014374225526641884,0.35480229223792475,0.03845140900711088,353,20112
test,AK,AK_S2A_8VPK_20200912_1_L2A_2.tif,0.021153794529005933,0.22900063236056772,0.055099282669716185,958,37081
test,AK,AK_S2A_8VPK_20200915_0_L2A_177.tif,0.018811665171753412,0.1969058325858767,0.062213313554368294,1021,41006
test,AK,AK_S2A_8VPK_20200915_0_L2A_242.tif,0.15369358824294446,0.36282419878196653,0.08845527267100235,5640,29843
test,AK,AK_S2A_8VPK_20200915_0_L2A_40.tif,0.013021974582107305,0.2644194639495303,0.03156894857517196,462,31900
test,AK,AK_S2A_9UUB_20200909_1_L2A_16.tif,0.07299418211338114,0.4302014210751525,0.05172069493443387,1275,14586
test,AK,AK_S2A_9UVB_20200909_0_L2A_55.tif,0.00994733762434172,0.45328429385035746,0.011743481516781265,284,6620
test,AK,AK_S2A_9UVB_20200909_1_L2A_226.tif,0.06794368041912247,0.355720227710344,0.0911551061102407,2255,23837
test,AK,AK_S2A_9VUC_20200909_0_L2A_249.tif,0.024137446419787788,0.2979173870289196,0.02491242951164727,706,28443
test,AK,AK_S2A_9VUD_20200912_1_L2A_132.tif,0.00561882305724176,0.3513283036782907,0.01962788795747291,118,19927
test,AK,AK_S2A_9VUE_20200912_0_L2A_74.tif,0.12462705651692098,0.39830343434675025,0.12685395541271866,3001,23385
test,AK,AK_S2A_9VVC_20200912_0_L2A_73.tif,0.014886916690523905,0.37565689054086215,0.04343450029044522,368,17357
test,AK,AK_S2A_9VWD_20200909_0_L2A_73.tif,0.002823750882422151,0.20995408978369443,0.0,108,38247
test,AK,AK_S2B_5VMF_20200815_0_L2A_48.tif,0.07139696120371736,0.33774250575909137,0.10043658280158088,2044,27008
test,AK,AK_S2B_5VMH_20200815_0_L2A_133.tif,0.0012807312724441877,0.19698303953100718,0.006149862437287587,51,39821
test,AK,AK_S2B_5VMH_20200910_0_L2A_87.tif,0.0,0.34676361083984375,0.0,0,20085
test,AK,AK_S2B_5VNH_20200828_0_L2A_5.tif,0.010510720375702345,0.23363933808840365,0.004284184219921457,376,35773
test,AK,AK_S2B_5VNH_20200828_0_L2A_91.tif,0.6526130049556991,0.730227338147486,0.45248219212692464,18007,26012
test,AK,AK_S2B_5VNJ_20200805_1_L2A_87.tif,0.0025414364640883977,0.3634328803942064,0.0,46,18100
test,AK,AK_S2B_5VPG_20200911_0_L2A_316.tif,0.9488166461376034,0.922464039841872,0.6407360631269114,43167,45434
test,AK,AK_S2B_5VPJ_20200805_1_L2A_23.tif,0.053784568462418254,0.27364277872117804,0.10472079693185085,1891,34042
test,AK,AK_S2B_5VPJ_20200815_1_L2A_19.tif,0.02678735245550731,0.39117025922569526,0.029649094663723143,457,16332
test,AK,AK_S2B_6VUQ_20200805_0_L2A_50.tif,0.0007195606892633971,0.2989921963587959,0.015645013723696248,62,26362
test,AK,AK_S2B_6VUQ_20200805_1_L2A_113.tif,0.01537478251606718,0.07889506096578063,0.01084395675326771,866,56326
test,AK,AK_S2B_6VVN_20200911_1_L2A_145.tif,0.01569089555941454,0.3862900658272847,0.028474032484459594,279,16098
test,AK,AK_S2B_6VXM_20200912_1_L2A_55.tif,0.22137811542049846,0.4659728586779965,0.18774225450214538,5197,22295
test,AK,AK_S2B_6VXP_20200816_1_L2A_59.tif,0.015310383223531595,0.42648770144028303,0.039635589209654515,255,10687
test,AK,AK_S2B_6VXP_20200816_1_L2A_81.tif,0.007734264523390378,0.24046852957737821,0.03141090389495208,352,34567
test,AK,AK_S2B_6VXP_20200912_0_L2A_64.tif,0.0884580430172675,0.328986127123182,0.018173950670705326,3240,29097
test,AK,AK_S2B_7VDH_20200905_0_L2A_142.tif,0.009056882768818447,0.34042528864489285,0.03716745965610243,230,21607
test,AK,AK_S2B_7VDH_20200912_0_L2A_75.tif,0.2028501801229074,0.47950213156403854,0.03487081946425741,3841,18864
test,AK,AK_S2B_7VEG_20200912_0_L2A_148.tif,0.01752916876011835,0.2376269742241462,0.03131493741845069,636,35818
test,AK,AK_S2B_7VEH_20200830_0_L2A_121.tif,0.009103031380567162,0.07599436756036233,0.019395011739086053,519,56238
test,AK,AK_S2B_7VEH_20200830_0_L2A_34.tif,0.0035366931918656055,0.11377795550712688,0.00468384074941452,181,50894
test,AK,AK_S2B_8VLK_20200906_1_L2A_58.tif,0.022207220011370096,0.08303217921204413,0.09691043529824647,1311,56227
test,AK,AK_S2B_8VLM_20200906_1_L2A_93.tif,0.6737367436057392,0.832811340649835,0.6205195300787745,1559,1124
test,AK,AK_S2B_8VMJ_20200913_0_L2A_2.tif,0.00676081200353045,0.07157373554913833,0.0,383,56650
test,AK,AK_S2B_8VMJ_20200913_0_L2A_30.tif,0.23361402626783134,0.4069052902720028,0.13620994542799408,8870,30391
test,AK,AK_S2B_8VML_20200906_1_L2A_157.tif,0.04980788387647645,0.4736889571255484,0.14786585365853658,384,6993
test,AK,AK_S2B_8VMM_20200906_0_L2A_146.tif,0.6548076923076923,0.8189225962522821,0.546131896005073,3083,2080
test,AK,AK_S2B_8VMM_20200906_0_L2A_207.tif,0.02712443095599393,0.39539519810659296,0.020318783157347493,455,15790
test,AK,AK_S2B_8VMM_20200906_0_L2A_257.tif,0.3143264433357092,0.6346911365760508,0.3309928710431356,1509,4023
test,AK,AK_S2B_8VNK_20200913_0_L2A_92.tif,0.0,0.31093597412109375,0.0,0,24781
test,AK,AK_S2B_8VNK_20200913_1_L2A_132.tif,0.6537921348314607,0.815109892065492,0.5938125862991205,3193,3872
test,AK,AK_S2B_9UVB_20200911_1_L2A_24.tif,0.016301785112832604,0.3963259162951978,0.005823169745398079,242,14845
test,AK,AK_S2B_9VUC_20200914_0_L2A_72.tif,0.014394970033459572,0.09323210889516013,0.0,783,54394
test,AK,AK_S2B_9VVC_20200914_1_L2A_172.tif,0.013543191800878478,0.4861987627274137,0.029274004683840744,43,2726
test,AK,AK_S2B_9VVC_20200914_1_L2A_261.tif,0.002888876423402704,0.2297848780509262,0.0033068362480127185,103,35654
test,AK,AK_S2B_9VVE_20200914_1_L2A_24.tif,0.0031006937145259617,0.21158428247131417,0.016188783983091197,159,38015
test,CA,CA_S2A_43SGV_20200901_1_L2A_12.tif,0.0023468759618344107,0.3031512921237198,0.014085110026543368,112,25941
test,CA,CA_S2A_44RPV_20200905_1_L2A_3.tif,0.01355363582990858,0.052514365807674594,0.0,808,59615
test,CA,CA_S2A_44SKD_20200822_1_L2A_4.tif,0.00256865809020271,0.1451252853860577,0.008020318139286192,124,46713
test,CA,CA_S2A_44SKE_20200901_1_L2A_41.tif,0.0494060475161987,0.3048878158669769,0.048658146078628374,1998,29098
test,CA,CA_S2A_44SKF_20200825_0_L2A_1.tif,0.004222616333079976,0.1411770605848086,0.012571632112138959,215,47349
test,CA,CA_S2A_44SMD_20200908_1_L2A_89.tif,0.893278921659556,0.9297473705559421,0.7330887699660934,15204,15416
test,CA,CA_S2A_44SMD_20200918_1_L2A_36.tif,0.4874905231235785,0.738536687447478,0.332541567695962,1279,683
test,CA,CA_S2A_45RTP_20200912_0_L2A_11.tif,0.49836867862969003,0.744448105198557,0.555392300910961,1002,835
test,CA,CA_S2A_45RTP_20200912_0_L2A_200.tif,0.9188231123714995,0.9556171500351665,0.8687415426251691,5401,5425
test,CA,CA_S2A_45RTP_20200912_1_L2A_100.tif,0.6428571428571429,0.8170893698416635,0.4338158170757289,1552,1024
test,CA,CA_S2A_45RUN_20200929_1_L2A_13.tif,0.002895371792059662,0.15393071445697412,0.004731114966093676,139,45583
test,CA,CA_S2A_45RUP_20200912_1_L2A_50.tif,0.14935557240333586,0.5660917962110039,0.2468649229666786,303,1213
test,CA,CA_S2A_45RVQ_20200919_0_L2A_11.tif,0.027968890218366738,0.46425912414023207,0.025830258302583023,187,6686
test,CA,CA_S2A_45SWR_20200919_0_L2A_14.tif,0.015794069630585824,0.3088568014000595,0.018832722558158325,630,26125
test,CA,CA_S2A_45SWV_20200823_0_L2A_3.tif,0.7701177035791497,0.8773819706729376,0.7763605130274243,4127,3242
test,CA,CA_S2A_45SXV_20200929_1_L2A_26.tif,0.00501404943381623,0.04928191051966111,0.013122894130164924,305,59426
test,CA,CA_S2A_45SYV_20200830_0_L2A_43.tif,0.0,0.2250213623046875,0.0,0,36042
test,CA,CA_S2A_46REU_20200831_0_L2A_129.tif,0.001114689125588308,0.13106649211479318,0.01265377855887522,65,48433
test,CA,CA_S2A_46REU_20200831_0_L2A_179.tif,0.0062940140845070425,0.33052149666652525,0.02746418943446979,198,22665
test,CA,CA_S2A_46REU_20200831_1_L2A_154.tif,0.05445455364381587,0.36405318196282854,0.09728161231014981,1280,22131
test,CA,CA_S2A_46RGU_20200831_0_L2A_39.tif,0.03107358034062337,0.19753473492788648,0.05281309138460547,1344,42124
test,CA,CA_S2A_46SBE_20200830_1_L2A_66.tif,0.013844822613210269,0.34972219061018534,0.08285694009667169,329,20761
test,CA,CA_S2A_46SCB_20200824_0_L2A_20.tif,0.0,0.10225677490234375,0.0,0,52133
test,CA,CA_S2A_46SDB_20200824_1_L2A_109.tif,0.005154876421042942,0.3373857654298905,0.03143585386576041,115,21724
test,CA,CA_S2A_46SDB_20200903_0_L2A_33.tif,0.018613070924619383,0.34700516139306886,0.06101118985851394,719,21226
test,CA,CA_S2A_46SEB_20200824_1_L2A_44.tif,0.0031465827577931253,0.21584917874934506,0.00886546064454295,144,37475
test,CA,CA_S2A_46SGH_20200923_1_L2A_38.tif,0.11342520904304738,0.4673508027703414,0.3358642891455694,1612,12769
test,CA,CA_S2B_44RNV_20200920_1_L2A_47.tif,0.7683465959328029,0.8637453329659683,0.13680603688120505,10179,7821
test,CA,CA_S2B_44RPU_20200831_1_L2A_43.tif,0.011526734587640365,0.4041130407463523,0.019376666442607153,166,13436
test,CA,CA_S2B_44RPV_20200920_0_L2A_68.tif,0.0015195643915410916,0.25995230601692865,0.02365509873522418,67,31569
test,CA,CA_S2B_44SKC_20200926_1_L2A_53.tif,0.02255109231853418,0.5006884064426086,0.06477732793522267,105,1346
test,CA,CA_S2B_44SME_20200903_0_L2A_29.tif,0.009150991357397052,0.14533489602276342,0.03134966411074167,447,47193
test,CA,CA_S2B_44SNC_20200903_0_L2A_33.tif,0.003909316670672114,0.025854983030551396,0.0,244,62415
test,CA,CA_S2B_44SNE_20200923_1_L2A_8.tif,0.5979202772963604,0.7953824314650078,0.5414163989383992,1138,706
test,CA,CA_S2B_44SPE_20200903_1_L2A_4.tif,0.8791312559017942,0.9375553882926378,0.8890009270252249,2022,1958
test,CA,CA_S2B_45RUN_20200914_0_L2A_10.tif,0.014382933539263478,0.19273196569171364,0.013119320217377044,600,41434
test,CA,CA_S2B_45RUN_20200914_1_L2A_7.tif,0.4274193548387097,0.7115358974916101,0.5759162303664921,405,303
test,CA,CA_S2B_45RVP_20200904_0_L2A_38.tif,0.0037942499511050263,0.11213250191534621,0.04800637155503477,457,50867
test,CA,CA_S2B_45STA_20200831_1_L2A_9.tif,0.5142045454545454,0.7557940331128592,0.6374501992031872,229,304
test,CA,CA_S2B_45SXT_20200825_1_L2A_31.tif,0.0025383039236673904,0.2521132691145998,0.03361877576910879,119,32663
test,CA,CA_S2B_46RCS_20200928_0_L2A_2.tif,0.01844620122551354,0.2712429605157666,0.021889049083458213,681,31397
test,CA,CA_S2B_46RDT_20200928_0_L2A_110.tif,0.010158211220736763,0.24498522330074085,0.028481647389182324,474,34132
test,CA,CA_S2B_46RDT_20200928_1_L2A_208.tif,0.008760951188986232,0.1272492046657966,0.022490288284604375,439,49533
test,CA,CA_S2B_46RDU_20200928_0_L2A_200.tif,0.015739354624085163,0.14248120265204475,0.050325869770653245,913,47940
test,CA,CA_S2B_46RDU_20200928_0_L2A_244.tif,0.01230336584937165,0.24725218049824685,0.016483876708094897,431,34126
test,CA,CA_S2B_46SBD_20200825_0_L2A_15.tif,0.06384065372829417,0.5179089220545585,0.187012987012987,164,1919
test,CA,CA_S2B_46SCC_20200901_1_L2A_14.tif,0.003699760911676934,0.06488184420576192,0.02586200424902595,254,57259
test,CA,CA_S2B_46SCF_20200921_1_L2A_44.tif,0.003427004797806717,0.17929910286379913,0.02505429312993273,158,42298
test,CA,CA_S2B_46SFA_20200826_0_L2A_22.tif,0.0036831400142927823,0.36342491479628325,0.018307035132072186,95,18163
test,CA,CA_S2B_46SFA_20200826_1_L2A_32.tif,0.008497630198838937,0.23326633690586712,0.026198013317323438,342,35618
test,CA,CA_S2B_46SGC_20200826_0_L2A_3.tif,0.015060097866882036,0.1880945923989737,0.03960982671121622,976,41756
test,CA,CA_S2B_47SLD_20200925_1_L2A_8.tif,0.007117082992763302,0.12150297145081483,0.014269592055209149,432,50086
test,CA,CA_S2B_47SMR_20200902_0_L2A_24.tif,0.004963314630988347,0.04305679105861541,0.0,299,60242
test,CE,CE_S2A_32TLR_20200819_0_L2A_15.tif,0.03437237405465968,0.13904835757482426,0.057325475349279224,1783,49917
test,CE,CE_S2A_32TLR_20200901_0_L2A_103.tif,0.020252498684902684,0.16421527305321715,0.025648966208215683,1003,45545
test,CE,CE_S2A_32TNS_20200809_0_L2A_112.tif,0.005951427198022295,0.17033431400344767,0.021473898744731115,280,43667
test,CE,CE_S2A_32TNS_20200809_0_L2A_88.tif,0.05470055785886388,0.1818110507968942,0.08382170806396734,2586,46003
test,CE,CE_S2B_31TGL_20200807_0_L2A_70.tif,0.008104738154613466,0.38242744170061344,0.012266311451762836,156,16014
test,CE,CE_S2B_32TPS_20200821_0_L2A_63.tif,0.021397398415321383,0.15276546299280158,0.0697271371569062,1103,47109
test,CE,CE_S2B_32TPS_20200903_0_L2A_2.tif,0.0008015256626406125,0.22446078695088006,0.0031311154598825833,29,36181
test,CE,CE_S2B_32TQT_20200808_1_L2A_18.tif,0.021147403685092128,0.4390183095506307,0.04502286317270489,227,9527
test,CE,CE_S2B_33TUN_20200821_0_L2A_10.tif,0.025866547910636088,0.31051651860745644,0.04427609306604757,799,26844
test,CE,CE_S2B_33TUN_20200821_1_L2A_39.tif,0.005087479836207966,0.1341259117667791,0.00336557257228332,246,48354
test,GL,GL_S2A_19XEG_20200725_2_L2A_90.tif,0.9316847536025619,0.9588684201705737,0.7601086767804269,11028,10688
test,GL,GL_S2A_20XML_20200728_2_L2A_97.tif,0.7495828698553949,0.8598192842917344,0.6510636570315037,6718,5865
test,GL,GL_S2A_20XML_20200810_2_L2A_86.tif,0.01936544468190038,0.04624383362470667,0.1534594638994606,1267,60741
test,GL,GL_S2A_20XMM_20200725_2_L2A_6.tif,0.0023821775008099405,0.10104432444470715,0.040371918666484145,275,52323
test,GL,GL_S2A_20XNK_20200812_0_L2A_20.tif,0.004995225152427826,0.08741425881303666,0.05263883907633734,402,54322
test,GL,GL_S2A_21WWT_20200805_1_L2A_16.tif,0.005846774193548387,0.27659922320950026,0.03159550459343014,218,29716
test,GL,GL_S2A_21WXP_20200723_0_L2A_151.tif,0.0018619111065559769,0.05437983751332506,0.004068584713746003,109,58542
test,GL,GL_S2A_21WXP_20200723_1_L2A_126.tif,0.019210477313636645,0.26619442176755975,0.0,619,32222
test,GL,GL_S2A_21WXQ_20200717_1_L2A_18.tif,0.022370402237040225,0.30113159007587775,0.04843075612918924,742,27776
test,GL,GL_S2A_21WXU_20200815_0_L2A_24.tif,0.0063007261853908585,0.21815802006053617,0.01242361248006308,272,37420
test,GL,GL_S2A_21WXV_20200801_1_L2A_94.tif,0.008762425213171905,0.18148820419703465,0.060529068898520395,530,42296
test,GL,GL_S2A_22VEQ_20200810_0_L2A_246.tif,0.003117692907248636,0.2572361494672559,0.008421792787141984,118,32057
test,GL,GL_S2A_22VEQ_20200813_1_L2A_75.tif,0.03519435851954401,0.16864789199193805,0.1923994301769415,1880,45976
test,GL,GL_S2A_22VER_20200711_0_L2A_129.tif,0.8331248436327245,0.9112012026413631,0.6977248959134946,3590,3737
test,GL,GL_S2A_22VER_20200714_0_L2A_569.tif,0.5948543087414755,0.7646313565153036,0.3572461754011787,6673,8762
test,GL,GL_S2A_22VFN_20200810_1_L2A_67.tif,0.09514723014502069,0.17709877173627125,0.12607052409766661,4991,49532
test,GL,GL_S2A_22VFP_20200718_0_L2A_193.tif,0.184375935348698,0.43640755476437904,0.11576044393694253,4757,22942
test,GL,GL_S2A_22VFP_20200718_0_L2A_274.tif,0.9262258741465433,0.9266206419769238,0.7504013835636655,33457,31713
test,GL,GL_S2A_22WDC_20200720_0_L2A_42.tif,0.001245183723334273,0.17602689526865825,0.007918552036199095,53,42564
test,GL,GL_S2A_22WDT_20200717_1_L2A_198.tif,0.01837531039375665,0.29638504668846527,0.05449820192801668,548,28160
test,GL,GL_S2A_22WDU_20200717_1_L2A_297.tif,0.012020076084524153,0.268863015328941,0.01366756433879361,379,31278
test,GL,GL_S2A_22WEA_20200717_1_L2A_67.tif,0.247192898944362,0.3865487666055661,0.37200904523259193,9752,34789
test,GL,GL_S2A_22WES_20200711_1_L2A_67.tif,0.4234279918864097,0.7029274238654936,0.421364161849711,1364,1443
test,GL,GL_S2A_22WES_20200714_0_L2A_179.tif,0.519546027742749,0.7116312927311359,0.3531991229818617,11874,6201
test,GL,GL_S2A_22WES_20200714_0_L2A_245.tif,0.45916824196597356,0.7069162711406555,0.5776850886339937,5244,2475
test,GL,GL_S2A_22WES_20200813_1_L2A_90.tif,0.007552669935073539,0.44658242546983523,0.15988857938718665,187,7417
test,GL,GL_S2A_22WET_20200803_0_L2A_126.tif,0.8469548414799971,0.8723990057592261,0.5737058684842349,27401,24214
test,GL,GL_S2A_22WEU_20200717_0_L2A_329.tif,0.01237895385326223,0.1109234235772714,0.04551006449091265,672,51914
test,GL,GL_S2A_22WEU_20200717_0_L2A_41.tif,0.8124362895005097,0.8804627463814301,0.40686229945884395,14698,11972
test,GL,GL_S2A_22WEV_20200813_0_L2A_88.tif,0.043621442199628865,0.23534039996370346,0.04319363652277984,1751,38179
test,GL,GL_S2A_22XDF_20200801_0_L2A_39.tif,0.00443155706313601,0.08416943359413213,0.05476515477706423,247,54830
test,GL,GL_S2A_23VLH_20200718_1_L2A_149.tif,0.0,0.33770751953125,0.0,123,21149
test,GL,GL_S2A_23VLJ_20200718_0_L2A_86.tif,0.004015472462700313,0.2953957870360638,0.006980646604765633,109,27145
test,GL,GL_S2A_23VMJ_20200715_0_L2A_68.tif,0.11995899883728046,0.06147009652410865,0.3124560168895144,7841,65364
test,GL,GL_S2B_19XDG_20200726_0_L2A_16.tif,0.0032351628737170906,0.433418762989975,0.027396289692146004,79,8914
test,GL,GL_S2B_19XEE_20200806_1_L2A_29.tif,0.0015749354276474664,0.13762466848985833,0.021728659352421728,763,46933
test,GL,GL_S2B_19XEG_20200727_0_L2A_124.tif,0.000732927567636468,0.26103991790742725,0.030240142306552028,657,30747
test,GL,GL_S2B_20XMM_20200729_1_L2A_33.tif,0.035735771868607866,0.4564475698656947,0.1026566168293587,350,8258
test,GL,GL_S2B_20XNK_20200808_0_L2A_39.tif,0.0010124873439082012,0.09367688598587244,0.018747493650581475,55,53333
test,GL,GL_S2B_21XWA_20200720_0_L2A_47.tif,0.4968339016074038,0.7404111847921699,0.5603604131851809,1056,2017
test,GL,GL_S2B_21XWA_20200720_1_L2A_120.tif,0.061338058819871914,0.2931645063383377,0.11513977304179353,2436,31703
test,GL,GL_S2B_21XWB_20200717_1_L2A_69.tif,0.016977724262492475,0.4460681877677628,0.1263157894736842,209,8237
test,GL,GL_S2B_21XWB_20200718_3_L2A_46.tif,0.34491250810110174,0.5407341891712223,0.3070091898402537,8788,22340
test,GL,GL_S2B_22VEQ_20200716_0_L2A_87.tif,0.02695822454308094,0.3990264611344614,0.3237115849447514,2290,13443
test,GL,GL_S2B_22VEQ_20200805_0_L2A_42.tif,0.7222425127830533,0.8487716680444716,0.3904109589041096,4523,4908
test,GL,GL_S2B_22VFP_20200716_0_L2A_51.tif,0.033996864270545976,0.1356782184192145,0.06693051237705179,1787,50313
test,GL,GL_S2B_22VFP_20200815_0_L2A_148.tif,0.20285394515948518,0.5569710851784381,0.5085026459378685,7081,1517
test,GL,GL_S2B_22WDD_20200814_0_L2A_38.tif,0.05156418554476807,0.49212051567083265,0.10569026202581151,341,4533
test,GL,GL_S2B_22WDT_20200722_1_L2A_115.tif,0.0034201525914233097,0.12503683138620075,0.013327384738056138,169,49413
test,GL,GL_S2B_22WDU_20200722_0_L2A_150.tif,0.0011649328131772866,0.21910963724927413,0.021701377202784023,60,36895
test,GL,GL_S2B_22WDU_20200722_1_L2A_138.tif,0.012336747515516125,0.3072862661701975,0.03673528982333187,695,25892
test,GL,GL_S2B_22WDU_20200722_1_L2A_259.tif,0.6431606636989073,0.7917809097571574,0.6296748176914186,9541,6700
test,GL,GL_S2B_22WEA_20200722_1_L2A_74.tif,0.004189168727603089,0.20027417744931478,0.00622689239151586,166,39626
test,GL,GL_S2B_22WEC_20200718_0_L2A_188.tif,0.05083063922409654,0.293562877002428,0.1231430302177483,1700,31129
test,GL,GL_S2B_22WEC_20200718_1_L2A_51.tif,0.35927152317880795,0.6584773193006369,0.35410952597313394,1876,3871
test,GL,GL_S2B_22WEU_20200719_1_L2A_53.tif,0.01823624644897211,0.26165511948251285,0.1480636175522118,689,32645
test,GL,GL_S2B_22WEU_20200729_0_L2A_93.tif,0.6531575294934073,0.677850011711423,0.25176155056984384,35710,23845
test,GL,GL_S2B_22WEV_20200722_0_L2A_76.tif,0.10229040011310618,0.34842178764954185,0.0864575847598309,3372,27814
test,GL,GL_S2B_23VNG_20200720_0_L2A_185.tif,0.014273889079566332,0.1305770716433942,0.01045408150651791,719,49519
test,GL,GL_S2B_23VNG_20200720_1_L2A_109.tif,0.009010808974845658,0.12346522625895237,0.022753703797340347,459,50043
test,IS,IS_S2B_28WDS_20200816_0_L2A_145.tif,0.0023240569691913475,0.1172827273641261,0.023715415019762848,152,50308
test,LL,LL_S2A_17LRK_20200816_1_L2A_61.tif,0.00022476119123431354,0.09279597744562632,0.0033239580669905395,12,53390
test,LL,LL_S2A_17LRL_20200826_0_L2A_64.tif,0.0021241773165720655,0.2822304735380111,0.018129560026531065,80,28698
test,LL,LL_S2A_18LTP_20200813_0_L2A_19.tif,0.01622050816696915,0.2411008334813049,0.033084096798037886,634,35202
test,LL,LL_S2A_18LTQ_20200826_1_L2A_171.tif,0.04043003373934923,0.25852636087017367,0.01953888112818466,2248,34140
test,LL,LL_S2A_18LTR_20200826_0_L2A_32.tif,0.017511908097506305,0.3473173634807754,0.02544637291470815,557,21232
test,LL,LL_S2A_18LTR_20200826_0_L2A_47.tif,0.0079305540670882,0.3623949583206304,0.02866686574212321,148,18662
test,LL,LL_S2A_18LUP_20200813_1_L2A_52.tif,0.04284276729559748,0.22340155064605982,0.12537717252663722,1961,39492
test,LL,LL_S2B_18LVN_20200828_0_L2A_11.tif,0.7165048543689321,0.8525216331947343,0.5430321574899889,2381,2039
test,LL,LL_S2B_18LVN_20200828_1_L2A_121.tif,0.1663167200795668,0.5242493940701749,0.21247536016311533,2322,8232
test,ME,ME_S2B_37TFJ_20200904_0_L2A_48.tif,0.029966254218222722,0.34881232396436035,0.02665592199827971,704,22187
test,NA,NA_S2A_44UQA_20200921_0_L2A_52.tif,0.07824613646865533,0.39889154914415703,0.06238884442665955,1804,19197
test,NA,NA_S2A_45UWQ_20200905_1_L2A_500.tif,0.000512054619159377,0.3215199916585205,0.0005969703753451235,313,23134
test,NA,NA_S2A_45UXP_20200905_1_L2A_228.tif,0.002905393136008716,0.2917316625909816,0.01265410896995553,88,27527
test,NA,NA_S2A_45UYP_20200905_0_L2A_108.tif,0.0122424094622607,0.19472255171885983,0.01846587903368013,671,40836
test,NA,NA_S2B_45UVR_20200903_0_L2A_114.tif,0.023092921517534844,0.195106937760471,0.02682711119448986,1001,41796
test,NA,NA_S2B_45UVR_20200903_0_L2A_118.tif,0.004325842696629213,0.23109443154989914,0.006802913513895764,197,35557
test,NA,NA_S2B_45UWR_20200920_0_L2A_171.tif,0.5707010185739964,0.77409027449578,0.4564658897627852,3124,2119
test,NA,NA_S2B_45UWR_20200920_1_L2A_143.tif,0.028288897233696333,0.3346060724720395,0.04098487055154807,702,23943
test,NA,NA_S2B_45UXS_20200903_1_L2A_4.tif,0.0007832740856781347,0.1205879819135965,0.010133233252017263,46,49784
test,NZ,NZ_S2B_58GGR_20200814_0_L2A_40.tif,0.17436852719007417,0.150636453066058,0.15916630696183018,10220,58497
test,NZ,NZ_S2B_59GLM_20200814_1_L2A_1.tif,0.048789571694599625,0.1395549044889481,0.0769872179457195,2523,50981
test,NZ,NZ_S2B_59GMM_20200804_0_L2A_54.tif,0.042141275910646,0.14595636034742918,0.025488248924197286,2094,49690
test,RA,RA_S2A_40XDF_20200829_0_L2A_4.tif,0.0022517638817073373,0.04380871553667025,0.017982637453493176,135,59953
test,RA,RA_S2A_40XDJ_20200811_0_L2A_34.tif,0.05515804098645363,0.20453534946684687,0.04813591316658802,2382,43185
test,RA,RA_S2A_40XEJ_20200811_0_L2A_10.tif,0.0069141079229391245,0.2615637965666505,0.0449358059914408,244,31795
test,RA,RA_S2A_40XEJ_20200811_0_L2A_52.tif,0.1597557055609129,0.5597822178537202,0.3199839807769323,607,3001
test,RA,RA_S2A_40XEJ_20200829_0_L2A_62.tif,0.0,0.47399139404296875,0.0,376,3033
test,RA,RA_S2A_40XEK_20200819_0_L2A_51.tif,0.031454279781588865,0.4190391303095148,0.11949563530552863,590,12822
test,RA,RA_S2A_42XVK_20200830_0_L2A_33.tif,0.009833350584825587,0.21128293473129794,0.061721870583174576,412,38612
test,RA,RA_S2A_42XVL_20200823_0_L2A_65.tif,0.024634726469588857,0.4684198849885526,0.031812093379257556,251,5780
test,RA,RA_S2B_41XME_20200814_0_L2A_51.tif,0.031022845275181725,0.40076765553746485,0.015417558886509634,479,15407
test,RA,RA_S2B_41XME_20200814_0_L2A_59.tif,0.0021812893843916625,0.3439316457457757,0.12153957305881771,4770,15905
test,RA,RA_S2B_41XME_20200830_0_L2A_71.tif,0.599647266313933,0.7980827288070064,0.7034710743801653,489,418
test,RA,RA_S2B_41XNE_20200805_5_L2A_10.tif,0.0027661834078391663,0.1928036713077347,0.033175469384811404,158,40443
test,SAW,SAW_S2A_42SWE_20200910_1_L2A_66.tif,0.008259212198221092,0.27699333505804696,0.011031279483271645,288,29865
test,SAW,SAW_S2A_42SWE_20200913_0_L2A_29.tif,0.49277456647398843,0.7436953590096762,0.6809556313993174,644,389
test,SAW,SAW_S2A_42SWE_20200913_1_L2A_165.tif,0.0021653102366908086,0.19479837269997385,0.005199261704837914,93,40173
test,SAW,SAW_S2A_42SWE_20200923_0_L2A_9.tif,0.007379569525111035,0.16954116180972476,0.01439000421170855,349,43880
test,SAW,SAW_S2A_42SXE_20200910_0_L2A_118.tif,0.0010702545676936014,0.20126343827416654,0.0067545304777594725,51,39234
test,SAW,SAW_S2A_42SXE_20200910_0_L2A_182.tif,0.01800291223580285,0.33814560302860036,0.014832522887180462,539,22532
test,SAW,SAW_S2A_42SXE_20200910_0_L2A_228.tif,0.0018669502540470282,0.17830946241638906,0.005416191562143672,79,42315
test,SAW,SAW_S2A_42SXE_20200910_0_L2A_279.tif,0.6220570012391574,0.8038834123796912,0.521419879132892,2274,1653
test,SAW,SAW_S2A_42SXE_20200910_1_L2A_218.tif,0.010615711252653927,0.17230236931137868,0.01246824597782386,527,43741
test,SAW,SAW_S2A_42SXE_20200910_1_L2A_372.tif,0.0022570501115845,0.20055707029086797,0.0,89,39432
test,SAW,SAW_S2A_42SXE_20200920_1_L2A_164.tif,0.012326206332515481,0.3767562910728785,0.006922672947467257,283,17046
test,SAW,SAW_S2A_42SXE_20200920_1_L2A_185.tif,0.0030925665063713348,0.03043143131348102,0.0,191,61761
test,SAW,SAW_S2A_42SXE_20200920_1_L2A_353.tif,0.9268418341061309,0.9611283018572244,0.8004794750154914,3813,3667
test,SAW,SAW_S2A_42SXE_20200920_1_L2A_363.tif,0.0020554456463091906,0.2043322327229346,0.008383811376537006,101,38900
test,SAW,SAW_S2A_42SXE_20200923_0_L2A_35.tif,0.041699449252557044,0.4177136108209116,0.05128663330950679,628,13936
test,SAW,SAW_S2A_42SXF_20200910_0_L2A_103.tif,0.008903028509420933,0.19615078544765255,0.0010455010781729866,361,40548
test,SAW,SAW_S2A_42SYE_20200910_0_L2A_150.tif,0.015182317574289545,0.3329497535558799,0.006605894685334153,425,23045
test,SAW,SAW_S2A_42SYE_20200910_1_L2A_71.tif,0.009434983012702604,0.15314299073830215,0.02283390678761339,511,46136
test,SAW,SAW_S2A_42SYF_20200920_1_L2A_77.tif,0.002554790231684408,0.1969784068222945,0.003237073004514865,108,39919
test,SAW,SAW_S2A_42SYF_20200920_1_L2A_82.tif,0.009648634923705657,0.19045613962130137,0.003944533786449009,399,41353
test,SAW,SAW_S2A_43SBA_20200920_1_L2A_35.tif,0.0016600265604249668,0.1563119032605061,0.002171945701357466,75,45180
test,SAW,SAW_S2A_43SBV_20200920_1_L2A_119.tif,0.9493506493506494,0.9734295570908361,0.9978021978021978,3078,2926
test,SAW,SAW_S2A_43SBV_20200920_1_L2A_26.tif,0.9225860155382908,0.9590506390562168,0.954177897574124,3559,3370
test,SAW,SAW_S2A_43SBV_20200920_1_L2A_75.tif,0.006762058619893838,0.17356020562004915,0.0018796992481203009,293,43330
test,SAW,SAW_S2A_43SCA_20200920_1_L2A_56.tif,0.0010741138560687433,0.11707289883878846,0.006177329647825065,84,50244
test,SAW,SAW_S2A_43SCA_20200920_1_L2A_57.tif,0.008694918115819687,0.23429824630858825,0.019289973110946573,337,35510
test,SAW,SAW_S2A_43SDB_20200907_1_L2A_14.tif,0.0,0.25531768798828125,0.0,59,32012
test,SAW,SAW_S2A_43SDB_20200907_1_L2A_56.tif,0.02105488982193754,0.264247625638505,0.006511123168746609,687,32629
test,SAW,SAW_S2A_43SEB_20200904_0_L2A_4.tif,0.019587738217303682,0.2964347850546061,0.0,554,28283
test,SAW,SAW_S2A_43SET_20200917_0_L2A_2.tif,0.013915387442894401,0.0718701912114458,0.04604486422668241,833,57093
test,SAW,SAW_S2A_43SET_20200924_0_L2A_51.tif,0.015693485279339763,0.15263394056565982,0.03245139525261269,808,46697
test,SAW,SAW_S2A_43SET_20200924_0_L2A_84.tif,0.008816515308457592,0.18871852311379608,0.007113218731475994,392,41487
test,SAW,SAW_S2A_43SET_20200924_1_L2A_43.tif,0.017182058927789477,0.1444159151110699,0.03494176372712147,830,47951
test,SAW,SAW_S2A_43SET_20200924_1_L2A_68.tif,0.014812598189571332,0.3052417304733549,0.010091249834409994,513,26617
test,SAW,SAW_S2A_43SET_20200924_1_L2A_78.tif,0.0059467324603023975,0.26252224301291427,0.0,188,31614
test,SAW,SAW_S2A_43SET_20200924_1_L2A_87.tif,0.006948223180277092,0.1396160660714587,0.0,332,47782
test,SAW,SAW_S2A_43SEU_20200924_1_L2A_104.tif,0.0019931189939494604,0.17968475848249083,0.004173509199502108,96,42133
test,SAW,SAW_S2A_43SEU_20200924_1_L2A_291.tif,0.002373887240356083,0.07710737662121774,0.009040683073832243,205,55532
test,SAW,SAW_S2A_43SEU_20200924_1_L2A_71.tif,0.21725896050528878,0.4366975443050631,0.07851031706089583,6164,25828
test,SAW,SAW_S2A_43SFR_20200921_0_L2A_21.tif,0.022516964836520666,0.16741063543931003,0.026329647182727747,1033,45377
test,SAW,SAW_S2A_43SFS_20200901_1_L2A_24.tif,0.5550964187327824,0.7750686675058904,0.6860109005969374,537,592
test,SAW,SAW_S2A_43SFS_20200924_0_L2A_15.tif,0.00257848094928153,0.19683277355427947,0.0015415743327873593,103,39946
test,SAW,SAW_S2A_43SFT_20200914_1_L2A_33.tif,0.002459638380825287,0.2099566307181777,0.0,94,38217
test,SAW,SAW_S2A_43SFT_20200924_1_L2A_23.tif,0.026306928192608804,0.33496332683143404,0.07853052927285116,1433,22950
test,SAW,SAW_S2A_43SFT_20200924_1_L2A_8.tif,0.0028306642366900617,0.3049990358899412,0.005819592628516004,93,25769
test,SAW,SAW_S2A_43SFU_20200914_1_L2A_69.tif,0.007414517890834464,0.2741399512531095,0.015969034741979773,304,30131
test,SAW,SAW_S2A_43SFU_20200921_1_L2A_47.tif,0.004149377593360996,0.32419911001338614,0.0,97,23377
test,SAW,SAW_S2A_43SFU_20200924_0_L2A_117.tif,0.01047707226743336,0.34980613307803776,0.004282757143876847,215,20521
test,SAW,SAW_S2A_43SGR_20200901_1_L2A_52.tif,0.08114075436982521,0.5022110561925168,0.02842944643476251,453,5423
test,SAW,SAW_S2A_43SGR_20200911_1_L2A_27.tif,0.003605538721184458,0.10428486521662456,0.010099286908458153,226,52104
test,SAW,SAW_S2A_43SGR_20200911_1_L2A_43.tif,0.0009587919221780557,0.11861554304147016,0.002875788076540206,48,50063
test,SAW,SAW_S2A_43SGR_20200911_1_L2A_60.tif,0.0035753103369372463,0.23549452404373425,0.005663812285078552,132,34955
test,SAW,SAW_S2A_43SGS_20200901_0_L2A_38.tif,0.002067605904697793,0.34258938904551917,0.015489272632129774,214,20626
test,SAW,SAW_S2A_43SGS_20200911_3_L2A_31.tif,0.5296610169491526,0.7631302970969456,0.716841455891425,411,311
test,SAW,SAW_S2A_43SGS_20200921_1_L2A_50.tif,0.011362022439994318,0.3992046284495615,0.02126161083279072,774,13468
test,SAW,SAW_S2A_43SGS_20200921_1_L2A_54.tif,0.0014176437579373282,0.24256229121686265,0.007630637257957931,48,33859
test,SAW,SAW_S2A_43SGT_20200901_0_L2A_6.tif,0.0034450360162856246,0.3072475149522817,0.013945380592678674,88,25544
test,SAW,SAW_S2A_43SGT_20200911_1_L2A_33.tif,0.003862196817549822,0.4034673046207897,0.01962792285372931,81,12915
test,SAW,SAW_S2A_43SGT_20200914_1_L2A_2.tif,0.005437737901033171,0.36296399395815765,0.023118927327779804,101,18389
test,SAW,SAW_S2A_43SGU_20200911_1_L2A_15.tif,0.013540681173131505,0.120881583628093,0.0211146575006138,692,50731
test,SAW,SAW_S2A_43SGU_20200914_1_L2A_37.tif,0.005695098265134806,0.271799402627664,0.009069544661994057,173,30377
test,SAW,SAW_S2A_43SGU_20200921_1_L2A_12.tif,0.006664087020078249,0.3266446266764024,0.0,155,23259
test,SAW,SAW_S2A_43SGV_20200901_1_L2A_22.tif,0.004791007647185283,0.2545750694399891,0.0064367816091954015,156,32561
test,SAW,SAW_S2A_43SGV_20200901_1_L2A_26.tif,0.00206933984666531,0.2763916764143598,0.014128008317788448,61,29478
test,SAW,SAW_S2A_43SGV_20200901_1_L2A_8.tif,0.008808350471460169,0.30884154221424764,0.047303239286682494,253,25745
test,SAW,SAW_S2A_43SGV_20200921_1_L2A_55.tif,0.0014561429488128732,0.19177225492813826,0.006520452991058504,113,40464
test,SAW,SAW_S2A_44RKV_20200901_0_L2A_3.tif,0.0018662255588073123,0.14136521154483578,0.002567806130637137,88,47154
test,SAW,SAW_S2A_44RMV_20200908_0_L2A_2.tif,0.009821367462870441,0.28318314767724284,0.018283271993351537,315,29194
test,SAW,SAW_S2A_44RMV_20200918_0_L2A_43.tif,0.005830094392004442,0.47558542802482007,0.0062402496099844,384,3239
test,SAW,SAW_S2A_44RNU_20200905_1_L2A_46.tif,0.7196841511562324,0.8519511826529289,0.5690636219616225,2694,3404
test,SAW,SAW_S2A_44RNU_20200905_1_L2A_56.tif,0.0028660639388573025,0.1743344430039325,0.0,123,42916
test,SAW,SAW_S2A_44RNU_20200905_2_L2A_68.tif,0.022013203506215363,0.16784975085675044,0.062140316450424865,1290,44998
test,SAW,SAW_S2A_44RNV_20200908_0_L2A_111.tif,0.0041978223796405615,0.153589484157499,0.016309914642153645,287,45643
test,SAW,SAW_S2A_44RNV_20200908_1_L2A_106.tif,0.377326565143824,0.6858460792586359,0.541802895843064,584,230
test,SAW,SAW_S2A_44RNV_20200915_1_L2A_93.tif,0.3557772236076476,0.6719369622369503,0.6198818496638827,847,784
test,SAW,SAW_S2A_44SKA_20200901_1_L2A_12.tif,0.004291845493562232,0.33907520579793937,0.01317151314184757,135,21393
test,SAW,SAW_S2A_44SKA_20200921_1_L2A_13.tif,0.6779661016949152,0.835302934323347,0.7045402364826082,1418,1057
test,SAW,SAW_S2A_44SKB_20200901_0_L2A_41.tif,0.0,0.308013916015625,0.0,17,25147
test,SAW,SAW_S2A_44SKB_20200901_1_L2A_58.tif,0.1343688362919132,0.48476786754424456,0.17772183786825468,1976,11827
test,SAW,SAW_S2A_44SKB_20200901_1_L2A_89.tif,0.0016737416616130988,0.18651056902989924,0.001675665611617948,69,41225
test,SAW,SAW_S2A_44SKB_20200911_2_L2A_47.tif,0.8331141792680254,0.8862968074961228,0.24311781633094362,18108,15350
test,SAW,SAW_S2A_44SKB_20200921_1_L2A_85.tif,0.03495115995115995,0.46906576173251263,0.1295761014237507,334,6447
test,SAW,SAW_S2A_44SKB_20200921_1_L2A_86.tif,0.0014963259853039413,0.21540149225349497,0.007996085832110157,108,37373
test,SAW,SAW_S2A_44SKC_20200901_1_L2A_44.tif,0.4823395539371871,0.637664070639756,0.22284891589782851,11830,20737
test,SAW,SAW_S2A_44SKC_20200921_1_L2A_34.tif,0.002288230722735515,0.3246937389277896,0.0,369,22846
test,SAW,SAW_S2A_44SKD_20200901_1_L2A_22.tif,0.03013403542364768,0.1998609564457411,0.007864488808227463,1259,41780
test,SAW,SAW_S2A_44SKD_20200921_1_L2A_37.tif,0.004193489056464962,0.2952015105090952,0.001989484155179764,114,27185
test,SAW,SAW_S2A_44SLA_20200911_1_L2A_10.tif,0.8543157894736843,0.9244337855835205,0.8191647618010957,2280,2124
test,SAW,SAW_S2A_44SLB_20200911_2_L2A_32.tif,0.03605408112168253,0.4590214005412238,0.06980181758458338,331,7945
test,SAW,SAW_S2A_44SLB_20200918_1_L2A_12.tif,0.03190717911530094,0.5057615050282422,0.08701988133652545,138,1285
test,SAW,SAW_S2A_44SMA_20200918_1_L2A_26.tif,0.004854981084489281,0.2610307758501275,0.0,154,31720
test,SAW,SAW_S2B_42SWE_20200918_1_L2A_37.tif,0.03649546827794562,0.4571369636818492,0.02888434227945601,458,8119
test,SAW,SAW_S2B_42SXE_20200905_1_L2A_191.tif,0.010853014546279198,0.2712889940448149,0.01741476575913662,434,30768
test,SAW,SAW_S2B_42SXE_20200905_1_L2A_230.tif,0.5725879170423805,0.7826422428311393,0.583352262167799,958,786
test,SAW,SAW_S2B_42SXE_20200905_1_L2A_239.tif,0.7408737283064033,0.8670697298721977,0.6243476964365589,1561,1348
test,SAW,SAW_S2B_42SXE_20200905_1_L2A_6.tif,0.777262180974478,0.8871511163867858,0.6761363636363635,824,708
test,SAW,SAW_S2B_42SXE_20200918_1_L2A_64.tif,0.004255067667395544,0.11520928521152998,0.010303830911492735,303,50676
test,SAW,SAW_S2B_42SXF_20200905_0_L2A_2.tif,0.0075887131252672085,0.29058461420542403,0.025859121801796874,259,28022
test,SAW,SAW_S2B_42SXF_20200905_1_L2A_10.tif,0.7525114155251141,0.874161814821526,0.7486631016042781,1095,824
test,SAW,SAW_S2B_42SXF_20200905_1_L2A_60.tif,0.0018420105439224239,0.14076271408340219,0.010700469174417648,137,47181
test,SAW,SAW_S2B_42SXF_20200915_1_L2A_45.tif,0.9546132537822288,0.975562326576649,0.9226227646891855,4673,4500
test,SAW,SAW_S2B_42SYE_20200922_1_L2A_29.tif,0.012304299889746417,0.1614816460820273,0.009752759677057812,590,45318
test,SAW,SAW_S2B_42SYE_20200922_1_L2A_41.tif,0.0016575893914278948,0.17882958900115495,0.0,70,42230
test,SAW,SAW_S2B_43SBA_20200922_1_L2A_15.tif,0.00287295914792236,0.28403189009127106,0.017450719807401944,133,28491
test,SAW,SAW_S2B_43SBA_20200922_1_L2A_7.tif,0.0041420356295492015,0.3128392845914775,0.003945263611573878,184,24786
test,SAW,SAW_S2B_43SBV_20200922_0_L2A_146.tif,0.002854955500972918,0.023139000617203104,0.0,179,62698
test,SAW,SAW_S2B_43SBV_20200922_0_L2A_65.tif,0.01021291327678726,0.15357565619575253,0.018690133167198815,628,46060
test,SAW,SAW_S2B_43SBV_20200922_1_L2A_68.tif,0.06739362138230713,0.35566200195140524,0.012383419437302864,1645,24393
test,SAW,SAW_S2B_43SBV_20200925_1_L2A_65.tif,0.05223739456065363,0.330841633918157,0.006583278472679394,1381,26437
test,SAW,SAW_S2B_43SCA_20200922_0_L2A_125.tif,0.0011729579867775645,0.14296365710612377,0.005034401745259272,55,46890
test,SAW,SAW_S2B_43SCA_20200922_0_L2A_130.tif,0.0036181272756417595,0.16904421919473606,0.007516677628488208,223,43604
test,SAW,SAW_S2B_43SCA_20200922_0_L2A_91.tif,0.006928680332034559,0.0534129022063385,0.021020585677007826,412,59027
test,SAW,SAW_S2B_43SCA_20200922_1_L2A_152.tif,0.007868951689176408,0.3032165600963639,0.016119004516612724,271,26370
test,SAW,SAW_S2B_43SCA_20200922_1_L2A_169.tif,0.0048520710059171595,0.1160422094959131,0.019580717250186227,260,50686
test,SAW,SAW_S2B_43SCA_20200922_1_L2A_76.tif,0.17357326478149102,0.5238480908545972,0.20473420278477328,1824,9589
test,SAW,SAW_S2B_43SCA_20200925_0_L2A_54.tif,0.04809183990071362,0.38158237167310705,0.026143583730768617,931,19337
test,SAW,SAW_S2B_43SCA_20200925_1_L2A_40.tif,0.0018082055119092155,0.25640976878118443,0.0,58,32076
test,SAW,SAW_S2B_43SCU_20200922_0_L2A_53.tif,0.009362654426708684,0.1716269403325387,0.007808589448393232,421,43780
test,SAW,SAW_S2B_43SCV_20200922_0_L2A_252.tif,0.025661287639327898,0.14850294017125487,0.028249612684411073,1368,47954
test,SAW,SAW_S2B_43SCV_20200922_0_L2A_258.tif,0.004288099574984821,0.3016105982490426,0.005609008931268067,206,26259
test,SAW,SAW_S2B_43SCV_20200922_0_L2A_312.tif,0.040856710510999886,0.26345835587921357,0.04117240294096842,1692,34076
test,SAW,SAW_S2B_43SCV_20200922_0_L2A_398.tif,0.005015982296533071,0.19281289532998452,0.022351875838195347,336,40538
test,SAW,SAW_S2B_43SCV_20200922_0_L2A_410.tif,0.003811564236067861,0.196107638869789,0.0032463478586590086,156,40138
test,SAW,SAW_S2B_43SCV_20200922_0_L2A_80.tif,0.7726988102692548,0.8835267868645891,0.771545130035696,1469,1362
test,SAW,SAW_S2B_43SCV_20200922_1_L2A_107.tif,0.002472422974515025,0.14044653264777662,0.0,117,47322
test,SAW,SAW_S2B_43SCV_20200922_1_L2A_225.tif,0.005803924751912657,0.12749200069013256,0.01054827341985788,429,49134
test,SAW,SAW_S2B_43SDA_20200922_1_L2A_52.tif,0.05553442373526055,0.5087811283686243,0.083732328847943,381,2394
test,SAW,SAW_S2B_43SDB_20200922_1_L2A_22.tif,0.0051749500893138595,0.21278352946850793,0.0,197,38068
test,SAW,SAW_S2B_43SDU_20200909_0_L2A_41.tif,0.005711687647409849,0.23508206254261516,0.0012201286364190967,201,35191
test,SAW,SAW_S2B_43SDU_20200912_1_L2A_82.tif,0.008586323213738117,0.1069234467592781,0.02728161205982018,470,52154
test,SAW,SAW_S2B_43SDU_20200922_0_L2A_48.tif,0.01679792415896572,0.34268625472760234,0.029580312700738243,413,21923
test,SAW,SAW_S2B_43SDU_20200922_0_L2A_50.tif,0.0861753958587089,0.32869312109847926,0.0670704788129569,2616,29487
test,SAW,SAW_S2B_43SDV_20200922_1_L2A_76.tif,0.006080048371655554,0.04904763458261177,0.0007270083605961468,363,59538
test,SAW,SAW_S2B_43SET_20200909_0_L2A_55.tif,0.00844507174782404,0.18086460286073253,0.010390689941812137,371,42498
test,SAW,SAW_S2B_43SET_20200909_1_L2A_18.tif,0.004513169576797869,0.29656667131421904,0.010406811731315043,124,27030
test,SAW,SAW_S2B_43SEU_20200919_0_L2A_207.tif,0.0155049786628734,0.2951257612208376,0.03136505061178621,501,28055
test,SAW,SAW_S2B_43SEU_20200919_0_L2A_243.tif,0.6915167095115681,0.8429775300867794,0.73584036838066,1127,847
test,SAW,SAW_S2B_43SEU_20200919_1_L2A_171.tif,0.7327044025157232,0.8630510252624599,0.8568357528587524,1403,1352
test,SAW,SAW_S2B_43SEU_20200922_1_L2A_104.tif,0.023465933674378357,0.21482362830374443,0.022484756097560975,922,39291
test,SAW,SAW_S2B_43SEV_20200922_0_L2A_4.tif,0.007904500725923537,0.22115895769872707,0.008709677419354838,294,37194
test,SAW,SAW_S2B_43SEV_20200922_0_L2A_74.tif,0.0030012124103114502,0.1179110979081457,0.012318480089072086,154,50310
test,SAW,SAW_S2B_43SEV_20200922_0_L2A_76.tif,0.006552110413628389,0.14296728263146083,0.0007673860911270983,310,47313
test,SAW,SAW_S2B_43SFA_20200919_1_L2A_20.tif,0.01689021361152509,0.17244152589571748,0.029554051567260313,768,44266
test,SAW,SAW_S2B_43SFR_20200909_0_L2A_1.tif,0.05982795920469764,0.24116799380828746,0.03353993801859442,2438,38713
test,SAW,SAW_S2B_43SFU_20200909_0_L2A_114.tif,0.013346363255619154,0.23509243829109466,0.022234202747671544,552,35741
test,SAW,SAW_S2B_43SFU_20200909_1_L2A_49.tif,0.013963660834454912,0.09989883793393554,0.03381147012890623,764,53479
test,SAW,SAW_S2B_43SFU_20200909_1_L2A_91.tif,0.9363489499192246,0.9666019471011238,0.9917355371900827,3092,2901
test,SAW,SAW_S2B_43SFV_20200919_1_L2A_21.tif,0.004257008624302446,0.1566898192196394,0.0,193,45337
test,SAW,SAW_S2B_43SFV_20200919_1_L2A_41.tif,0.001625101568848053,0.1347839522937888,0.0,78,47997
test,SAW,SAW_S2B_43SFV_20200919_1_L2A_48.tif,0.019083023543990087,0.3270723228486155,0.0038862731281295707,462,24210
test,SAW,SAW_S2B_43SFV_20200919_1_L2A_67.tif,0.06648908205110231,0.32398606744802794,0.24986425405770302,2145,28283
test,SAW,SAW_S2B_43SGT_20200909_1_L2A_3.tif,0.011869243741081852,0.3893753208438092,0.02030456852791878,188,15413
test,SAW,SAW_S2B_43SGU_20200916_1_L2A_55.tif,0.014276876219483177,0.34838406935629257,0.023092675700405213,301,21012
test,SAW,SAW_S2B_43SGV_20200916_1_L2A_47.tif,0.3888888888888889,0.6938565415018757,0.6469604015616286,119,56
test,SAW,SAW_S2B_43SGV_20200919_1_L2A_4.tif,0.020452789240912154,0.04687947743013691,0.05299138449208575,1244,60823
test,SAW,SAW_S2B_43SGV_20200919_1_L2A_48.tif,0.5873684210526315,0.7921824559252768,0.5786452353616534,455,299
test,SAW,SAW_S2B_44RMV_20200913_0_L2A_42.tif,0.006499717936768782,0.19295891812176033,0.030945605407337363,312,40724
test,SAW,SAW_S2B_44RNV_20200920_1_L2A_50.tif,0.04158586511527688,0.48675715213739446,0.08366742199755971,193,4641
test,SAW,SAW_S2B_44RNV_20200920_1_L2A_94.tif,0.005169402724414949,0.17552618404585876,0.023480662983425417,324,42843
test,SAW,SAW_S2B_44SKA_20200913_1_L2A_42.tif,0.03799286273827139,0.34807179131222526,0.15589833732915767,1126,22725
test,SAW,SAW_S2B_44SKD_20200916_1_L2A_30.tif,0.0007820646506777894,0.3541402119776641,0.011547344110854504,21,19174
test,SAW,SAW_S2B_44SKE_20200916_1_L2A_23.tif,0.0103397341211226,0.44887508712197377,0.022124913574556353,92,7432
test,SAW,SAW_S2B_44SLA_20200913_1_L2A_106.tif,0.04902779434569963,0.4633085228926195,0.08342022940563086,450,8344
test,SAW,SAW_S2B_44SLA_20200913_1_L2A_123.tif,0.4967824967824968,0.74539048093154,0.5986604842864504,749,414
test,SAW,SAW_S2B_44SLA_20200923_0_L2A_127.tif,0.006090304515225761,0.39457901832126546,0.046137339055793994,115,14257
test,SAW,SAW_S2B_44SLB_20200923_1_L2A_10.tif,0.00421878687750767,0.24403131168688436,0.024217514082528792,169,33870
test,SA,SA_S2A_18FWH_20200706_1_L2A_1.tif,0.16219566386790468,0.2754545835252221,0.0907975654348738,7327,42365
test,SA,SA_S2A_18FWJ_20200706_0_L2A_3.tif,0.17994085995443307,0.298860160153428,0.16873036964092603,9240,39442
test,SA,SA_S2A_18FWK_20200706_0_L2A_216.tif,0.012339934861327454,0.1301803792841585,0.03235147279081378,642,49401
test,SA,SA_S2A_18FWK_20200706_1_L2A_79.tif,0.673270263056437,0.7080340202614678,0.3013267122462992,23394,33027
test,SA,SA_S2A_18FWL_20200706_0_L2A_68.tif,0.03925204491889644,0.0815185166511,0.0093689721686415,2265,57704
test,SA,SA_S2A_18FXF_20200716_2_L2A_132.tif,0.000767880649407635,0.15271749248421285,0.005827527596705206,35,45580
test,SA,SA_S2A_18FXF_20200716_2_L2A_167.tif,0.10572649425977726,0.11402535239304652,0.16684298053627392,10276,54158
test,SA,SA_S2A_18FXF_20200716_2_L2A_253.tif,0.12746489638154304,0.22908697674233852,0.11152061145989074,6546,45084
test,SA,SA_S2A_18FXF_20200716_2_L2A_320.tif,0.005992340617256139,0.1649848327875617,0.00896217747719446,289,44367
test,SA,SA_S2A_18FXF_20200716_2_L2A_347.tif,0.05571491242871123,0.30885456038591386,0.0543037909217853,5827,25457
test,SA,SA_S2A_18FXF_20200716_2_L2A_78.tif,0.0,0.34758758544921875,0.0,355,19622
test,SA,SA_S2A_18FXH_20200825_0_L2A_122.tif,0.015848473134905297,0.03463138739159442,0.12528493324421136,1347,61725
test,SA,SA_S2A_18FXH_20200825_0_L2A_250.tif,0.00547580287109664,0.4000829260299695,0.01204560120456012,2684,10904
test,SA,SA_S2A_18FXH_20200825_0_L2A_251.tif,0.0,0.30797576904296875,0.0008598452278589855,123,25046
test,SA,SA_S2A_18FXH_20200825_0_L2A_254.tif,0.00284466118053439,0.2764864997524013,0.02642613490811525,119,29494
test,SA,SA_S2A_18FXH_20200825_0_L2A_37.tif,0.028545740615868734,0.14365592897738666,0.07663111567248704,1721,48615
test,SA,SA_S2A_18FXH_20200825_0_L2A_63.tif,0.08979062442097462,0.35030782627256646,0.10690484840591434,9342,20066
test,SA,SA_S2A_18FXH_20200825_0_L2A_78.tif,0.05275482989657191,0.0588374419180413,0.21774688009961043,3382,61354
test,SA,SA_S2A_18FXH_20200825_0_L2A_98.tif,0.0171308705279105,0.37929288077451595,0.014589766439392369,343,17113
test,SA,SA_S2A_18FXJ_20200825_0_L2A_133.tif,0.031811314420010076,0.4273886904988305,0.020424330365896703,911,11382
test,SA,SA_S2A_18FXJ_20200825_0_L2A_228.tif,0.3147447142461453,0.5976398736617756,0.5061494161715004,10230,4010
test,SA,SA_S2A_18FXJ_20200825_0_L2A_237.tif,0.9127559055118111,0.9541668349041224,0.8698506725903985,3129,2944
test,SA,SA_S2A_18FXJ_20200825_0_L2A_344.tif,0.9522688903668082,0.8317667950905632,0.47012177459533994,58641,55842
test,SA,SA_S2A_18FXJ_20200825_0_L2A_349.tif,0.84702482471101,0.8896349127227123,0.41665547244840895,20902,18085
test,SA,SA_S2A_18FXJ_20200825_0_L2A_50.tif,0.01836039957586919,0.374302042534879,0.01966568338249754,340,17908
test,SA,SA_S2A_18FXJ_20200825_0_L2A_8.tif,0.6821290944123314,0.7768407029239273,0.40004697439895254,15537,19384
test,SA,SA_S2A_18FXM_20200706_1_L2A_193.tif,0.007109387623202456,0.26835198697101087,0.0,220,30945
test,SA,SA_S2A_18FXM_20200706_1_L2A_383.tif,0.0012435793457691267,0.21856346015692793,0.01673834708822504,878,36158
test,SA,SA_S2A_18FXM_20200825_0_L2A_152.tif,0.0,0.45024871826171875,0.0025451768897938407,652,5869
test,SA,SA_S2A_18FXM_20200825_1_L2A_223.tif,0.0016784321469121785,0.34646988383932587,0.018256503879507075,358,19933
test,SA,SA_S2A_18FXM_20200825_1_L2A_25.tif,0.001345963812314717,0.05293629980951376,0.0,79,58694
test,SA,SA_S2A_18FXM_20200825_1_L2A_316.tif,0.005962814317306905,0.03743638782519736,0.0,364,61045
test,SA,SA_S2A_18FXM_20200825_1_L2A_463.tif,0.0031633792333457386,0.46070041853500193,0.023722627737226276,1836,3555
test,SA,SA_S2A_18FXM_20200825_1_L2A_531.tif,0.018508635228315865,0.15378260783049033,0.04464146460610816,1018,46692
test,SA,SA_S2A_18GWP_20200722_0_L2A_74.tif,0.9831979066244318,0.9850007921440169,0.8841001842626083,28844,28756
test,SA,SA_S2A_18GXN_20200726_0_L2A_140.tif,0.0,0.39952850341796875,0.0,225,12944
test,SA,SA_S2A_18GXN_20200726_0_L2A_177.tif,0.914031878756206,0.9543643387462322,0.980319346453769,3827,3498
test,SA,SA_S2A_18GXN_20200726_0_L2A_261.tif,0.7824762932696014,0.8288666365877153,0.21750926223052014,21585,24656
test,SA,SA_S2A_18GXN_20200726_0_L2A_76.tif,0.023716517857142856,0.3504305223309028,0.03773584905660378,510,21504
test,SA,SA_S2A_18GXP_20200726_1_L2A_36.tif,0.0,0.3787689208984375,0.0,35,15855
test,SA,SA_S2A_18GXP_20200726_1_L2A_54.tif,0.04872198999520318,0.417288106451516,0.06534422403733955,774,14530
test,SA,SA_S2A_18GXP_20200818_0_L2A_109.tif,0.028468171443063656,0.27717538959850824,0.05487774950596076,4566,27876
test,SA,SA_S2A_18GXP_20200818_0_L2A_120.tif,0.0,0.4005279541015625,0.0006764374295377678,440,12598
test,SA,SA_S2A_18GXP_20200818_0_L2A_129.tif,0.009417163207999452,0.28308310850367946,0.060288159495012046,414,29063
test,SA,SA_S2A_18GXP_20200818_0_L2A_156.tif,0.22209208400646205,0.45063662780865105,0.16766246897692802,7608,22651
test,SA,SA_S2A_18GXP_20200818_0_L2A_166.tif,0.010269065435440216,0.02613898633994815,0.15312008390141582,693,62762
test,SA,SA_S2A_18GXP_20200818_0_L2A_176.tif,0.07109873985844985,0.189724270718094,0.10127683521297064,6836,42803
test,SA,SA_S2A_18GXP_20200818_0_L2A_200.tif,0.0025316853791238166,0.016118615156101104,0.01271393643031785,161,63594
test,SA,SA_S2A_18GXP_20200818_0_L2A_250.tif,0.03264641100684911,0.2676109455971348,0.011040847718338746,1292,32933
test,SA,SA_S2A_18GXP_20200818_0_L2A_307.tif,0.0029831338203235554,0.30236388198242187,0.007270524083611026,175,26050
test,SA,SA_S2A_18GXP_20200818_0_L2A_330.tif,0.7172292259726176,0.8413019729331923,0.3821490749051116,7357,5311
test,SA,SA_S2A_18GXP_20200818_0_L2A_349.tif,0.0011586385047865067,0.09899856323864754,0.010146765718427252,61,52648
test,SA,SA_S2A_18GXP_20200818_0_L2A_391.tif,0.007331840424649581,0.0439998987664158,0.0,442,60285
test,SA,SA_S2A_18GYQ_20200818_0_L2A_3.tif,0.04751424641383376,0.335375883603018,0.02137086265311441,1209,25445
test,SA,SA_S2A_18GYQ_20200818_0_L2A_31.tif,0.002816142619257518,0.19018537523344525,0.0,115,40836
test,SA,SA_S2A_18GYQ_20200818_0_L2A_81.tif,0.001248335552596538,0.40904284270494706,0.005892366112347781,54,11977
test,SA,SA_S2A_18GYT_20200821_0_L2A_31.tif,0.003802583847769363,0.022453537815732696,0.0,239,62852
test,SA,SA_S2A_18GYT_20200821_1_L2A_3.tif,0.01276370044655842,0.06108936681534589,0.0,746,58447
test,SA,SA_S2A_18GYU_20200729_0_L2A_205.tif,0.009061503013115917,0.1611478227673254,0.018582104625328215,409,45136
test,SA,SA_S2A_18GYU_20200821_0_L2A_134.tif,0.05761430998024058,0.09183358076006821,0.02729528535980149,3324,57694
test,SA,SA_S2A_18GYU_20200821_0_L2A_9.tif,0.11159019241907459,0.44760883245605,0.10712966383450313,2363,14910
test,SA,SA_S2A_18GYV_20200729_1_L2A_35.tif,0.050202210838500946,0.24847328244598038,0.0864420677676186,1994,36958
test,SA,SA_S2A_19FCV_20200720_1_L2A_161.tif,0.03556577620967742,0.2801146222331167,0.06246289841954615,1176,31697
test,SA,SA_S2A_19FCV_20200720_1_L2A_230.tif,0.02212650192700068,0.34528567132999893,0.016440157825515122,665,21878
test,SA,SA_S2A_19FCV_20200720_1_L2A_34.tif,0.030058460154789236,0.1961903417071833,0.0028469750889679713,1270,42251
test,SA,SA_S2A_19FCV_20200720_1_L2A_8.tif,0.014145328719723184,0.23322414455978469,0.0,511,36125
test,SA,SA_S2A_19FCV_20200720_1_L2A_93.tif,0.03441775288161155,0.09452854509325237,0.01649265787379741,2085,55530
test,SA,SA_S2A_19FDU_20200720_0_L2A_48.tif,0.007755913082494712,0.2667964482862775,0.014728444308069959,274,31170
test,SA,SA_S2A_19FDU_20200720_0_L2A_53.tif,0.0024489795918367346,0.19309606092540169,0.016250174050503313,298,40226
test,SA,SA_S2A_19FDU_20200720_1_L2A_64.tif,0.018547669564027102,0.17693448092017156,0.09500333232906978,1332,43314
test,SA,SA_S2A_19FDV_20200720_1_L2A_117.tif,0.0018981252762682336,0.20776054393291132,0.02900455563104958,974,37558
test,SA,SA_S2A_19FDV_20200720_1_L2A_131.tif,0.005610055180870632,0.25463738417697307,0.007435526161311784,223,32580
test,SA,SA_S2A_19FDV_20200720_1_L2A_161.tif,0.03123786596256892,0.1253378310994505,0.005897965202005308,1609,51508
test,SA,SA_S2A_19FDV_20200720_1_L2A_213.tif,0.027111289381563593,0.09699176391200305,0.03266090297790586,1494,54841
test,SA,SA_S2A_19FDV_20200720_1_L2A_225.tif,0.007983677814246429,0.07444477809527428,0.0,450,56365
test,SA,SA_S2A_19FDV_20200720_1_L2A_274.tif,0.08236775359013193,0.12912756923385854,0.13547241542368796,4514,54803
test,SA,SA_S2A_19FDV_20200720_1_L2A_352.tif,0.002554204835705095,0.10421580553544654,0.007984139614549477,133,52071
test,SA,SA_S2A_19FDV_20200720_1_L2A_359.tif,2.0841148764119878e-05,0.13393885576168654,0.0006712160196890032,36,47947
test,SA,SA_S2A_19FDV_20200720_1_L2A_380.tif,0.0012073211957309123,0.3427523073900072,0.03048442523001884,128,20604
test,SA,SA_S2A_19FDV_20200720_1_L2A_410.tif,0.07868327621236686,0.17555278199130872,0.06374360903919789,3834,48727
test,SA,SA_S2A_19FDV_20200720_1_L2A_413.tif,0.012077500127579226,0.05809348119018952,0.014209426514975624,710,58787
test,SA,SA_S2A_19FDV_20200720_1_L2A_458.tif,0.02693246541903987,0.14098133892019707,0.01665362973429891,1327,49157
test,SA,SA_S2A_19FDV_20200720_1_L2A_86.tif,0.0020256369678746636,0.2602152256198122,0.023464425212529675,247,31412
test,SA,SA_S2A_19FEV_20200717_1_L2A_7.tif,0.01250034042321414,0.22765711890315707,0.05254305962219147,691,36487
test,SA,SA_S2A_19FEV_20200720_1_L2A_112.tif,0.0,0.110504150390625,0.002791959157626037,130,50922
test,SA,SA_S2A_19FEV_20200720_1_L2A_147.tif,0.012459071446562001,0.052383500596571736,0.0,742,59555
test,SA,SA_S2A_19FEV_20200720_1_L2A_153.tif,0.002863555452364368,0.10735335355049246,0.0,148,51684
test,SA,SA_S2A_19FEV_20200720_1_L2A_180.tif,0.011237726330961175,0.16808023130976768,0.0020920502092050207,567,44336
test,SA,SA_S2A_19FEV_20200720_1_L2A_211.tif,0.029920027816411683,0.07776656409233183,0.02498861854418534,1721,57520
test,SA,SA_S2A_19FEV_20200720_1_L2A_91.tif,0.0170516551473263,0.1748580598460677,0.009273570324574962,750,43984
test,SA,SA_S2A_19GBP_20200729_1_L2A_157.tif,0.03631617512364902,0.355646310226823,0.0394290203518966,940,21689
test,SA,SA_S2A_19GBP_20200729_1_L2A_184.tif,0.0010773685273718942,0.1607436073030214,0.009125840537944284,48,44553
test,SA,SA_S2A_19GBP_20200729_1_L2A_236.tif,0.0021482450614591915,0.028786918579840493,0.0,133,61911
test,SA,SA_S2A_19GBP_20200729_1_L2A_256.tif,0.0024691358024691358,0.40872395818609397,0.03193612774451098,248,11932
test,SA,SA_S2A_19GBP_20200729_1_L2A_271.tif,0.17266682561127447,0.3217446432776966,0.2043101744642685,6774,37493
test,SA,SA_S2A_19GBP_20200729_1_L2A_44.tif,0.044098637764740975,0.3733463227030019,0.021723430684345842,983,20018
test,SA,SA_S2A_19GBP_20200729_1_L2A_79.tif,0.01943343607808601,0.25227151657158303,0.021728395061728398,746,33981
test,SA,SA_S2A_19GBP_20200821_0_L2A_126.tif,0.0,0.3737030029296875,0.0,1195,15359
test,SA,SA_S2A_19GBP_20200821_1_L2A_155.tif,0.00371741453818869,0.009324708249246269,0.04975922953451043,240,64561
test,SA,SA_S2A_19GBP_20200821_1_L2A_91.tif,0.024062147937650283,0.05933627637113385,0.03489640130861505,1431,59471
test,SA,SA_S2A_19HBS_20200729_1_L2A_15.tif,0.028055159296243463,0.48278235662082036,0.07435328135488202,672,3652
test,SA,SA_S2A_19HBS_20200729_1_L2A_4.tif,0.0,0.46852874755859375,0.0,739,3386
test,SA,SA_S2A_19HCB_20200722_1_L2A_104.tif,0.01450417783383257,0.4594937000653791,0.07339449541284404,298,6137
test,SA,SA_S2A_19HCB_20200722_1_L2A_95.tif,0.0,0.385711669921875,0.0,91,14889
test,SA,SA_S2A_19HCB_20200722_1_L2A_97.tif,0.0019584322749638915,0.18955627553616197,0.011705001227797331,301,40628
test,SA,SA_S2A_19HCB_20200729_1_L2A_45.tif,0.002606789501747734,0.37277624639687645,0.006748572417373248,50,16873
test,SA,SA_S2A_19HCB_20200821_1_L2A_82.tif,0.0,0.465087890625,0.0,1589,2987
test,SA,SA_S2A_19HCD_20200821_1_L2A_21.tif,0.669965075669383,0.8260158427023261,0.5560747663551402,2433,3305
test,SA,SA_S2A_19HDD_20200808_1_L2A_18.tif,0.0019310482595595213,0.04273409643182806,0.0,116,60071
test,SA,SA_S2A_19HDE_20200811_1_L2A_7.tif,0.002407704654895666,0.40632704714929624,0.010081885167810323,423,12067
test,SA,SA_S2B_18FWJ_20200701_1_L2A_26.tif,0.08889097040089922,0.22934992316611205,0.0633116319142875,3801,42699
test,SA,SA_S2B_18FWJ_20200701_1_L2A_62.tif,0.002095435684647303,0.13351505183789178,0.03992907061645978,179,48122
test,SA,SA_S2B_18FWL_20200714_0_L2A_17.tif,0.033226495726495726,0.4472456740801892,0.02156504193202598,311,9360
test,SA,SA_S2B_18FWL_20200714_0_L2A_22.tif,0.0953872816957739,0.09390510343064626,0.156541280967414,6311,59421
test,SA,SA_S2B_18FWL_20200714_0_L2A_237.tif,0.027178825048418336,0.39787874677898916,0.03896957326861916,2477,13434
test,SA,SA_S2B_18FWL_20200714_0_L2A_307.tif,0.42885181550539747,0.3912611184138052,0.23355431644049549,22951,48393
test,SA,SA_S2B_18FWL_20200714_1_L2A_140.tif,0.0,0.47275543212890625,0.0,879,2692
test,SA,SA_S2B_18FWL_20200714_1_L2A_53.tif,0.0018182453931955662,0.2829398477592085,0.013154030450575779,1431,27220
test,SA,SA_S2B_18FWL_20200714_1_L2A_87.tif,0.35341131041914553,0.38750414498745767,0.18376819180491083,16654,43631
test,SA,SA_S2B_18FWL_20200714_3_L2A_139.tif,0.11231242427066829,0.40528335467565035,0.03375527426160337,2410,21458
test,SA,SA_S2B_18FWL_20200714_3_L2A_235.tif,0.09280647241601689,0.4254237669102429,0.14619181435346598,12102,6538
test,SA,SA_S2B_18FWM_20200714_1_L2A_148.tif,0.2762933484934622,0.4618308847730469,0.10032991303933113,10273,25647
test,SA,SA_S2B_18FWM_20200714_1_L2A_152.tif,0.0957505518763797,0.4716600654567572,0.021320067513547127,1887,10026
test,SA,SA_S2B_18FWM_20200714_1_L2A_18.tif,0.034680180267306245,0.12586181016565665,0.01252152136484583,2335,51159
test,SA,SA_S2B_18FWM_20200714_1_L2A_62.tif,0.004426581212828938,0.22182230350164645,0.0,163,36823
test,SA,SA_S2B_18FXG_20200704_1_L2A_30.tif,0.0013464487414444402,0.09280019491942074,0.007111336867837075,135,53411
test,SA,SA_S2B_18FXJ_20200714_0_L2A_128.tif,0.9736808672821208,0.9550517783293117,0.7410817031070196,46136,47077
test,SA,SA_S2B_18FXK_20200714_0_L2A_122.tif,0.02304674730304021,0.4199274561598721,0.0365024563111226,1284,11234
test,SA,SA_S2B_18FXK_20200714_0_L2A_49.tif,0.011188322188715528,0.3323021880551421,0.031004838633908023,632,22505
test,SA,SA_S2B_18FXK_20200714_1_L2A_41.tif,0.0028513612950699044,0.4186762722054313,0.028655400440852314,479,10424
test,SA,SA_S2B_18FXK_20200820_0_L2A_110.tif,0.0015634160641000586,0.3057697989078287,0.020950177858280773,614,25011
test,SA,SA_S2B_18FXK_20200820_0_L2A_99.tif,0.9350505640426644,0.9374392813378831,0.6703219457331646,32086,30867
test,SA,SA_S2B_18FXL_20200714_1_L2A_102.tif,0.0,0.31885528564453125,0.0,371,23372
test,SA,SA_S2B_18FXL_20200714_1_L2A_128.tif,0.00023178193955127017,0.1709793650106144,0.017439556084026957,80,43074
test,SA,SA_S2B_18FXL_20200714_1_L2A_18.tif,0.003369334441059725,0.3367594422843063,0.00994977278163119,73,21666
test,SA,SA_S2B_18FXL_20200714_2_L2A_31.tif,0.00409886970562663,0.44084613118733235,0.01364877161055505,126,7958
test,SA,SA_S2B_18FXL_20200714_2_L2A_66.tif,0.3000674959020345,0.5918910464259628,0.37634408602150543,3298,10185
test,SA,SA_S2B_18FXL_20200714_3_L2A_3.tif,0.01445466491458607,0.36357338906077746,0.00278035217794254,275,19025
test,SA,SA_S2B_18FXL_20200714_3_L2A_76.tif,0.003501102948616761,0.12508485375541542,0.0,173,49413
test,SA,SA_S2B_18FXM_20200714_0_L2A_258.tif,0.002901253756087452,0.3544897227851909,0.03237017485467479,1161,18197
test,SA,SA_S2B_18FXM_20200714_0_L2A_328.tif,0.042054580043435076,0.0697042785048547,0.0263463773731112,2498,59399
test,SA,SA_S2B_18FXM_20200714_0_L2A_33.tif,0.025033581633899134,0.07657975395325009,0.0,1435,57323
test,SA,SA_S2B_18FXM_20200714_0_L2A_36.tif,0.07448092335303401,0.3003445818114788,0.012231702277644084,3039,31685
test,SA,SA_S2B_18FXM_20200714_0_L2A_509.tif,0.011716101694915253,0.14694110333810903,0.07587881716354185,578,47175
test,SA,SA_S2B_18FXM_20200714_1_L2A_180.tif,0.000742716316127072,0.27447307687467376,0.023587097973601045,479,29164
test,SA,SA_S2B_18FXM_20200714_1_L2A_263.tif,0.006489961788075454,0.12649116658751314,0.007366482504604052,321,49461
test,SA,SA_S2B_18FXM_20200714_1_L2A_3.tif,0.005341163310961968,0.23050744752127025,0.0,191,35760
test,SA,SA_S2B_18FXM_20200714_1_L2A_397.tif,0.047759895606785556,0.439663104434719,0.0808645151804749,3429,8615
test,SA,SA_S2B_18FXM_20200714_1_L2A_435.tif,0.0,0.39617919921875,0.0,45,13563
test,SA,SA_S2B_18FXM_20200714_1_L2A_80.tif,0.18612373296050333,0.44106108313930253,0.2183499728166856,4373,22775
test,SA,SA_S2B_18GWN_20200704_0_L2A_150.tif,0.0015343867019819162,0.08320164913538257,0.0,84,54745
test,SA,SA_S2B_18GWN_20200704_0_L2A_24.tif,0.021514332730634054,0.13725964011564662,0.0,1059,49223
test,SA,SA_S2B_18GWN_20200704_0_L2A_254.tif,0.0021468241004340316,0.1743666092875497,0.02113720051647458,92,42854
test,SA,SA_S2B_18GWN_20200704_1_L2A_158.tif,2.322071287588529e-05,0.17145435087677058,0.001032844453625284,1,43065
test,SA,SA_S2B_18GWN_20200704_1_L2A_181.tif,0.007619628162145687,0.17926334186012852,0.05649241146711636,329,42649
test,SA,SA_S2B_18GWN_20200704_1_L2A_247.tif,0.034293412806956663,0.14671166506045652,0.041603247082699135,1683,48986
test,SA,SA_S2B_18GWN_20200704_1_L2A_70.tif,0.5310778914240756,0.6848690426242032,0.19277708592777087,12358,16832
test,SA,SA_S2B_18GWN_20200727_0_L2A_2.tif,0.007687109309004899,0.05259818350163142,0.0,455,59190
test,SA,SA_S2B_18GWN_20200727_0_L2A_81.tif,0.09624214487638871,0.13118166289191668,0.1295534217344917,5589,55293
test,SA,SA_S2B_18GWP_20200704_0_L2A_137.tif,0.030516169848535595,0.3139863746825965,0.07769007062733693,2685,25006
test,SA,SA_S2B_18GWP_20200704_0_L2A_145.tif,7.7000077000077e-05,0.10371304072091474,0.008226221079691518,4,51948
test,SA,SA_S2B_18GWP_20200704_0_L2A_2.tif,0.44385907145209086,0.7087728709288871,0.31227651966626935,1711,2674
test,SA,SA_S2B_18GWP_20200704_0_L2A_92.tif,0.17690753756155045,0.2461145015084617,0.17197195925196435,8408,47521
test,SA,SA_S2B_18GYN_20200714_0_L2A_116.tif,0.01004650742764257,0.16819481353007854,0.0,445,44294
test,SA,SA_S2B_18GYN_20200714_1_L2A_11.tif,0.8985847404189728,0.9130005311722544,0.5639748688685228,27736,26461
test,SA,SA_S2B_18GYP_20200810_0_L2A_49.tif,0.13926113726910538,0.49536262276124415,0.10087879323182278,2170,10412
test,SA,SA_S2B_18GYP_20200810_0_L2A_90.tif,0.011312096472973694,0.3638322162604903,0.035058395459907625,648,18305
test,SA,SA_S2B_18GYP_20200820_0_L2A_24.tif,0.00027041644131963225,0.33088448336181653,0.004896505675495214,8,22186
test,SA,SA_S2B_18GYP_20200820_0_L2A_32.tif,0.0,0.405517578125,0.0,33,12351
test,SA,SA_S2B_18GYP_20200820_1_L2A_43.tif,0.003295254833040422,0.39773258565505676,0.03516483516483517,912,12789
test,SA,SA_S2B_18GYQ_20200820_0_L2A_36.tif,0.773467804499612,0.8434370121131934,0.3613890870415135,18957,15333
test,SA,SA_S2B_18GYS_20200727_0_L2A_8.tif,0.00810273658462009,0.4048919612924629,0.044313146233382575,561,12627
test,SA,SA_S2B_19FDU_20200718_0_L2A_3.tif,0.019066553679681898,0.2778432335764578,0.026261148600821106,1594,29673
test,SA,SA_S2B_19HCA_20200714_1_L2A_30.tif,0.0004439840165754033,0.4486907024289918,0.008668954307386671,1281,5479
test,SA,SA_S2B_19HCB_20200714_1_L2A_69.tif,0.0,0.29183197021484375,0.0,193,27092
test,SA,SA_S2B_19HCB_20200803_1_L2A_9.tif,0.0010264305876315114,0.4411034973106635,0.006334841628959275,152,7650
test,SA,SA_S2B_19HCC_20200724_1_L2A_38.tif,0.0,0.3760528564453125,0.0,40,16206
test,SA,SA_S2B_19HCC_20200823_1_L2A_27.tif,0.7805668901194986,0.8220124922361906,0.24909955552176197,27448,21425
test,SA,SA_S2B_19HCD_20200803_1_L2A_8.tif,0.0017094017094017094,0.4518352426326482,0.010209408898427983,471,5975
test,SA,SA_S2B_19HCD_20200813_1_L2A_15.tif,0.0002305209774089442,0.43393587269000455,0.001965521477416977,256,8422
test,SA,SA_S2B_19HCV_20200714_1_L2A_24.tif,0.006205553290755085,0.3353632087620766,0.03405900540961933,4426,17788
test,SA,SA_S2B_19HCV_20200806_1_L2A_5.tif,0.0014871731317387532,0.43926229726729177,0.015594954573520331,1913,6168
test,SA,SA_S2B_19HDD_20200724_1_L2A_14.tif,0.0,0.412750244140625,0.0009148084619782734,141,11295
test,SA,SA_S2B_19HDD_20200803_1_L2A_1.tif,0.0,0.44895172119140625,0.0,126,6565
test,SA,SA_S2B_19HDD_20200803_1_L2A_10.tif,0.0,0.4691619873046875,0.0,65,3977
test,SC,SC_S2A_32VLP_20200725_0_L2A_371.tif,0.0008817168524371985,0.04187145873469561,0.0,53,60110
test,SC,SC_S2A_32VLP_20200725_0_L2A_477.tif,0.026829853611711064,0.19865818179669661,0.04088140928903432,1189,41599
test,SC,SC_S2A_32VLP_20200725_1_L2A_95.tif,0.06458086032445877,0.2706582030037655,0.10721108349210756,2723,34944
test,SC,SC_S2A_32VMP_20200725_0_L2A_300.tif,0.04883892370070033,0.44502679040463744,0.040420702060309004,658,10724
test,SC,SC_S2A_32VMQ_20200801_1_L2A_453.tif,0.04162990294377156,0.4289312902755833,0.0579581749935887,625,12361
test,SC,SC_S2B_32VLM_20200724_0_L2A_237.tif,0.0,0.4261322021484375,0.0,260,9422
test,SC,SC_S2B_32VLM_20200724_1_L2A_147.tif,0.004211384322782231,0.2779877933049122,0.012990080302314595,170,29398
test,SC,SC_S2B_32VLM_20200816_1_L2A_170.tif,0.11361941844089139,0.3864165125265467,0.19266739797368906,3698,23187
test,SC,SC_S2B_32VLN_20200809_1_L2A_44.tif,0.11547467007237122,0.426578669505775,0.11306786963939736,2303,18659
test,SC,SC_S2B_32VLN_20200816_0_L2A_6.tif,0.0008369723435225619,0.2908646571607253,0.0054231646604783286,44,27459
test,SC,SC_S2B_32VLP_20200809_0_L2A_88.tif,0.11362760215882807,0.4112409750956855,0.08554192718267696,2683,20427
test,SC,SC_S2B_32VLP_20200809_1_L2A_36.tif,0.2311985489047021,0.5724708597933864,0.10290508984405922,1980,6844
test,SC,SC_S2B_32VLP_20200809_2_L2A_378.tif,0.0,0.345489501953125,0.0,2,20250
test,SC,SC_S2B_32VLP_20200809_3_L2A_142.tif,0.17044540922977972,0.3711065614446926,0.15764139590854392,5835,30560
test,SC,SC_S2B_32VLP_20200812_0_L2A_48.tif,0.3508470414927572,0.6106714431614384,0.18921902532316992,5198,11308
test,SC,SC_S2B_32VMP_20200724_1_L2A_570.tif,0.07968954962833406,0.47489037174042503,0.09360165808651466,1210,8667
test,SC,SC_S2B_32VMP_20200809_0_L2A_149.tif,0.04890873429871051,0.34740663860544874,0.11433339232889181,1410,23725
test,SEE,SEE_S2A_44RLV_20200918_0_L2A_29.tif,0.012419919034705027,0.31357733148914035,0.006410879067508498,325,25434
test,SEE,SEE_S2A_44RMU_20200928_1_L2A_5.tif,0.006475716064757161,0.3507671366918288,0.0,130,20075
test,SEE,SEE_S2A_45RUM_20200929_1_L2A_158.tif,0.8513745704467354,0.9243471349406192,0.8585868864692513,1135,1020
test,SEE,SEE_S2A_45RUM_20200929_1_L2A_166.tif,0.39334341906202724,0.6936001365179614,0.5480828444559688,575,346
test,SEE,SEE_S2A_45RUM_20200929_1_L2A_88.tif,0.850438370293966,0.9229495528274188,0.7655763880886928,1918,1670
test,SEE,SEE_S2A_45RVM_20200830_0_L2A_128.tif,0.0008252725318593583,0.10295794645175106,0.00941043617371665,219,51928
test,SEE,SEE_S2A_45RVM_20200830_0_L2A_142.tif,0.0024911650541683565,0.10637958959054833,0.007668928017235851,129,51783
test,SEE,SEE_S2A_45RVM_20200830_0_L2A_194.tif,0.01571187309057098,0.10704769026970906,0.0368688973202428,874,52653
test,SEE,SEE_S2A_45RVM_20200929_0_L2A_15.tif,0.009371719898035688,0.20052386120743929,0.021404526084333835,381,40008
test,SEE,SEE_S2A_45RVM_20200929_0_L2A_84.tif,0.013198887012770815,0.1873215007231103,0.004195976798716524,555,42049
test,SEE,SEE_S2A_45RWM_20200830_1_L2A_193.tif,0.010839963688791584,0.36365395242587834,0.04546749472964503,251,18679
test,SEE,SEE_S2B_44RNU_20200831_1_L2A_143.tif,0.8740970072239422,0.935137535910458,0.8769405282774267,1892,1740
test,SEE,SEE_S2B_44RPT_20200831_0_L2A_125.tif,0.004375544468203057,0.11723025864610491,0.0031347962382445136,221,50508
test,SEE,SEE_S2B_44RPT_20200831_0_L2A_2.tif,0.024781124795963793,0.3097636893635119,0.03144979999030709,758,26866
test,SEE,SEE_S2B_44RPT_20200831_0_L2A_96.tif,0.022378180748460843,0.15036019055880953,0.011725906925613778,1065,47591
test,SEE,SEE_S2B_44RPU_20200831_1_L2A_32.tif,0.8745074862096138,0.9320407211888373,0.8733562289801946,4815,4700
test,SEE,SEE_S2B_44RQT_20200818_1_L2A_29.tif,0.00449987392594604,0.10928013419438304,0.02100436850898958,235,51554
test,SEE,SEE_S2B_45RTN_20200818_1_L2A_10.tif,0.6008119079837618,0.7981399305174139,0.5012609117361785,713,470
test,SV,SV_S2A_33XVG_20200825_0_L2A_60.tif,0.012699066447007138,0.39630531048781475,0.03746594005449592,218,14535
test,SV,SV_S2A_33XWF_20200801_3_L2A_17.tif,0.005721668512366187,0.4617418357064541,0.0711743772241993,63,5386
test,SV,SV_S2A_33XWG_20200801_0_L2A_54.tif,0.0009135866219141626,0.11639052365146708,0.010934275496202177,332,50065
test,SV,SV_S2A_33XXH_20200826_0_L2A_27.tif,0.05313807531380753,0.5092701949899925,0.003976143141153081,1219,1298
test,SV,SV_S2A_33XXK_20200801_0_L2A_133.tif,0.3557652282503122,0.6410170230688136,0.5731058778500444,6605,3166
test,SV,SV_S2A_33XXK_20200801_1_L2A_145.tif,0.01990632318501171,0.46517122417562645,0.04109464863068199,261,5836
test,SV,SV_S2A_35XMK_20200801_1_L2A_1.tif,0.13431593961725902,0.5106182064325465,0.15706979046361985,1290,8253
test,SV,SV_S2B_33XVG_20200825_1_L2A_11.tif,0.07940147910336524,0.4145429088085921,0.05442543925313996,1807,17021
test,SV,SV_S2B_33XWF_20200801_1_L2A_67.tif,0.03678902116402116,0.4288967305509771,0.20930620862755236,692,11849
test,SV,SV_S2B_33XWJ_20200802_3_L2A_4.tif,0.004477803674001211,0.08682047385194884,0.056427911663447815,246,54489
test,WC,WC_S2A_10UCC_20200801_1_L2A_50.tif,0.016125736471069033,0.060780823305283234,0.008097165991902834,948,58725
test,WC,WC_S2A_10UDA_20200729_0_L2A_166.tif,0.030319485926328174,0.26611664739669216,0.03127626941699258,1363,32789
test,WC,WC_S2A_10UDA_20200729_0_L2A_352.tif,0.016138638590558897,0.11230296588857733,0.004940489557601618,843,52046
test,WC,WC_S2A_10UDA_20200729_0_L2A_56.tif,0.11000193836014732,0.48370549240176275,0.05842906810164778,1260,10193
test,WC,WC_S2A_10UDA_20200729_1_L2A_433.tif,0.0022534464475079535,0.213621566694442,0.0,85,37720
test,WC,WC_S2A_10UDB_20200729_1_L2A_35.tif,0.007308724211305393,0.2571727927094904,0.021239183749016705,246,32418
test,WC,WC_S2A_10UDB_20200729_1_L2A_88.tif,0.011811263318112632,0.25676521292018484,0.041049437801177945,469,32769
test,WC,WC_S2A_10UEA_20200729_0_L2A_371.tif,0.045182831601055524,0.3855680607763381,0.05907552055855851,1028,18380
test,WC,WC_S2A_10UEA_20200729_1_L2A_253.tif,0.031112614135948596,0.44970433035942387,0.059982629464770384,338,8809
test,WC,WC_S2A_10UEA_20200729_1_L2A_376.tif,0.00669583504556552,0.18851011737261192,0.020122332195463357,291,41355
test,WC,WC_S2A_10UEA_20200729_1_L2A_379.tif,0.03004737042287611,0.29812789601447515,0.04816165170779299,1009,28781
test,WC,WC_S2A_10UEA_20200828_0_L2A_121.tif,0.004240602741981967,0.3173052997662961,0.006416304963200604,103,24289
test,WC,WC_S2A_10UEV_20200828_0_L2A_87.tif,0.09388631635460708,0.44168410334156133,0.04427039580189649,1618,14682
test,WC,WC_S2A_9UWB_20200731_1_L2A_28.tif,0.008005603922745921,0.3523722341689109,0.020911895783339046,211,19935
test,WC,WC_S2A_9UWB_20200731_1_L2A_64.tif,0.004541307232913072,0.13479358026648638,0.019119431066169795,251,48192
test,WC,WC_S2A_9UXU_20200725_1_L2A_176.tif,0.0038502673796791446,0.28839270109217496,0.019353600000000002,108,28050
test,WC,WC_S2A_9UXU_20200725_1_L2A_202.tif,0.0003246527375182617,0.17119648283528946,0.016138328530259365,14,43123
test,WC,WC_S2A_9UXV_20200725_1_L2A_130.tif,0.017832003754106054,0.47694227746519846,0.041749502982107355,102,4236
test,WC,WC_S2A_9UYS_20200725_0_L2A_241.tif,0.03198106623782505,0.268611419567844,0.02601054481546573,1082,32929
test,WC,WC_S2A_9UYS_20200725_1_L2A_106.tif,0.0061014674029104,0.25373182835065317,0.0059590316573556795,200,32779
test,WC,WC_S2A_9UYS_20200804_0_L2A_109.tif,0.0015948032751813602,0.10865177264623797,0.005868544600938967,82,51417
test,WC,WC_S2A_9UYS_20200804_1_L2A_240.tif,0.012070956229663064,0.3619139578869811,0.0,230,19054
test,WC,WC_S2B_10UCB_20200720_1_L2A_128.tif,0.06775104793147439,0.2068239591180661,0.0579477322929516,3084,43786
test,WC,WC_S2B_10UCB_20200727_0_L2A_295.tif,0.012505984870248014,0.10890700041872525,0.015490893866443376,653,52215
test,WC,WC_S2B_10UCC_20200720_1_L2A_3.tif,0.010692853246044735,0.08653445396797525,0.0,588,54990
test,WC,WC_S2B_10UCC_20200727_0_L2A_59.tif,0.7190304280556988,0.8362590029802954,0.4229807546597969,8569,8097
test,WC,WC_S2B_10UDA_20200727_1_L2A_206.tif,0.03630879231370797,0.4520152478536536,0.03567984570877532,325,8951
test,WC,WC_S2B_10UDA_20200727_1_L2A_372.tif,0.006688963210702341,0.4443835140407552,0.020188087774294667,52,7774
test,WC,WC_S2B_10UDB_20200727_1_L2A_190.tif,0.015654164903810257,0.2031449988553747,0.014933669127737961,636,40174
test,WC,WC_S2B_10UEB_20200813_0_L2A_66.tif,0.06604693751617334,0.1559702044294358,0.14079528266394356,3478,50077
test,WC,WC_S2B_9UWU_20200730_1_L2A_11.tif,0.004346149801969787,0.2850340178472333,0.000899786300753571,124,28531
test,WC,WC_S2B_9UWV_20200730_0_L2A_144.tif,0.9500891265597148,0.9713949916700487,0.8167589466177005,8329,8081
test,WC,WC_S2B_9UWV_20200730_1_L2A_34.tif,0.01005502553343098,0.31349692240490057,0.0,254,25261
test,WC,WC_S2B_9UXU_20200730_0_L2A_48.tif,0.005513999683622969,0.16575552952385522,0.0014269406392694063,244,44251
test,WC,WC_S2B_9UXU_20200730_1_L2A_101.tif,0.0034720752000677478,0.1417195167654258,0.0068697046027020835,164,47234
test,WC,WC_S2B_9UXV_20200730_0_L2A_75.tif,0.012642105759705646,0.34597448181899604,0.0,268,21199
test,WC,WC_S2B_9UYR_20200816_0_L2A_70.tif,0.00010793890657887635,0.3586998631878395,0.0011243851018974,5,18526
test,WC,WC_S2B_9UYS_20200730_1_L2A_52.tif,0.27403622851834647,0.5875372987596165,0.10475266731328807,2692,8280
test,WC,WC_S2B_9UYT_20200720_1_L2A_297.tif,0.008194227917411308,0.10345968211783321,0.0,431,52598
test,WC,WC_S2B_9UYT_20200720_1_L2A_34.tif,0.002866209438018221,0.27819317316611536,0.011811322803017965,84,29307
test,WC,WC_S2B_9UYT_20200816_0_L2A_19.tif,0.0017881285708055302,0.15121337250186012,0.017117526431474638,93,45847
test,WC,WC_S2B_9UYT_20200829_0_L2A_223.tif,0.20708254746082388,0.18539038505635824,0.19591454211595985,11900,56579
himalaya,SAW,SAW_S2A_42SWE_20200910_1_L2A_66.tif,0.008259212198221092,0.27699333505804696,0.011031279483271645,288,29865
himalaya,SAW,SAW_S2A_42SWE_20200913_0_L2A_29.tif,0.49277456647398843,0.7436953590096762,0.6809556313993174,644,389
himalaya,SAW,SAW_S2A_42SWE_20200913_1_L2A_165.tif,0.0021653102366908086,0.19479837269997385,0.005199261704837914,93,40173
himalaya,SAW,SAW_S2A_42SWE_20200923_0_L2A_9.tif,0.007379569525111035,0.16954116180972476,0.01439000421170855,349,43880
himalaya,SAW,SAW_S2A_42SXE_20200910_0_L2A_118.tif,0.0010702545676936014,0.20126343827416654,0.0067545304777594725,51,39234
himalaya,SAW,SAW_S2A_42SXE_20200910_0_L2A_182.tif,0.01800291223580285,0.33814560302860036,0.014832522887180462,539,22532
himalaya,SAW,SAW_S2A_42SXE_20200910_0_L2A_228.tif,0.0018669502540470282,0.17830946241638906,0.005416191562143672,79,42315
himalaya,SAW,SAW_S2A_42SXE_20200910_0_L2A_279.tif,0.6220570012391574,0.8038834123796912,0.521419879132892,2274,1653
himalaya,SAW,SAW_S2A_42SXE_20200910_1_L2A_218.tif,0.010615711252653927,0.17230236931137868,0.01246824597782386,527,43741
himalaya,SAW,SAW_S2A_42SXE_20200910_1_L2A_372.tif,0.0022570501115845,0.20055707029086797,0.0,89,39432
himalaya,SAW,SAW_S2A_42SXE_20200920_1_L2A_164.tif,0.012326206332515481,0.3767562910728785,0.006922672947467257,283,17046
himalaya,SAW,SAW_S2A_42SXE_20200920_1_L2A_185.tif,0.0030925665063713348,0.03043143131348102,0.0,191,61761
himalaya,SAW,SAW_S2A_42SXE_20200920_1_L2A_353.tif,0.9268418341061309,0.9611283018572244,0.8004794750154914,3813,3667
himalaya,SAW,SAW_S2A_42SXE_20200920_1_L2A_363.tif,0.0020554456463091906,0.2043322327229346,0.008383811376537006,101,38900
himalaya,SAW,SAW_S2A_42SXE_20200923_0_L2A_35.tif,0.041699449252557044,0.4177136108209116,0.05128663330950679,628,13936
himalaya,SAW,SAW_S2A_42SXF_20200910_0_L2A_103.tif,0.008903028509420933,0.19615078544765255,0.0010455010781729866,361,40548
himalaya,SAW,SAW_S2A_42SYE_20200910_0_L2A_150.tif,0.015182317574289545,0.3329497535558799,0.006605894685334153,425,23045
himalaya,SAW,SAW_S2A_42SYE_20200910_1_L2A_71.tif,0.009434983012702604,0.15314299073830215,0.02283390678761339,511,46136
himalaya,SAW,SAW_S2A_42SYF_20200920_1_L2A_77.tif,0.002554790231684408,0.1969784068222945,0.003237073004514865,108,39919
himalaya,SAW,SAW_S2A_42SYF_20200920_1_L2A_82.tif,0.009648634923705657,0.19045613962130137,0.003944533786449009,399,41353
himalaya,SAW,SAW_S2A_43SBA_20200920_1_L2A_35.tif,0.0016600265604249668,0.1563119032605061,0.002171945701357466,75,45180
himalaya,SAW,SAW_S2A_43SBV_20200920_1_L2A_119.tif,0.9493506493506494,0.9734295570908361,0.9978021978021978,3078,2926
himalaya,SAW,SAW_S2A_43SBV_20200920_1_L2A_26.tif,0.9225860155382908,0.9590506390562168,0.954177897574124,3559,3370
himalaya,SAW,SAW_S2A_43SBV_20200920_1_L2A_75.tif,0.006762058619893838,0.17356020562004915,0.0018796992481203009,293,43330
himalaya,SAW,SAW_S2A_43SCA_20200920_1_L2A_56.tif,0.0010741138560687433,0.11707289883878846,0.006177329647825065,84,50244
himalaya,SAW,SAW_S2A_43SCA_20200920_1_L2A_57.tif,0.008694918115819687,0.23429824630858825,0.019289973110946573,337,35510
himalaya,SAW,SAW_S2A_43SDB_20200907_1_L2A_14.tif,0.0,0.25531768798828125,0.0,59,32012
himalaya,SAW,SAW_S2A_43SDB_20200907_1_L2A_56.tif,0.02105488982193754,0.264247625638505,0.006511123168746609,687,32629
himalaya,SAW,SAW_S2A_43SEB_20200904_0_L2A_4.tif,0.019587738217303682,0.2964347850546061,0.0,554,28283
himalaya,SAW,SAW_S2A_43SET_20200917_0_L2A_2.tif,0.013915387442894401,0.0718701912114458,0.04604486422668241,833,57093
himalaya,SAW,SAW_S2A_43SET_20200924_0_L2A_51.tif,0.015693485279339763,0.15263394056565982,0.03245139525261269,808,46697
himalaya,SAW,SAW_S2A_43SET_20200924_0_L2A_84.tif,0.008816515308457592,0.18871852311379608,0.007113218731475994,392,41487
himalaya,SAW,SAW_S2A_43SET_20200924_1_L2A_43.tif,0.017182058927789477,0.1444159151110699,0.03494176372712147,830,47951
himalaya,SAW,SAW_S2A_43SET_20200924_1_L2A_68.tif,0.014812598189571332,0.3052417304733549,0.010091249834409994,513,26617
himalaya,SAW,SAW_S2A_43SET_20200924_1_L2A_78.tif,0.0059467324603023975,0.26252224301291427,0.0,188,31614
himalaya,SAW,SAW_S2A_43SET_20200924_1_L2A_87.tif,0.006948223180277092,0.1396160660714587,0.0,332,47782
himalaya,SAW,SAW_S2A_43SEU_20200924_1_L2A_104.tif,0.0019931189939494604,0.17968475848249083,0.004173509199502108,96,42133
himalaya,SAW,SAW_S2A_43SEU_20200924_1_L2A_291.tif,0.002373887240356083,0.07710737662121774,0.009040683073832243,205,55532
himalaya,SAW,SAW_S2A_43SEU_20200924_1_L2A_71.tif,0.21725896050528878,0.4366975443050631,0.07851031706089583,6164,25828
himalaya,SAW,SAW_S2A_43SFR_20200921_0_L2A_21.tif,0.022516964836520666,0.16741063543931003,0.026329647182727747,1033,45377
himalaya,SAW,SAW_S2A_43SFS_20200901_1_L2A_24.tif,0.5550964187327824,0.7750686675058904,0.6860109005969374,537,592
himalaya,SAW,SAW_S2A_43SFS_20200924_0_L2A_15.tif,0.00257848094928153,0.19683277355427947,0.0015415743327873593,103,39946
himalaya,SAW,SAW_S2A_43SFT_20200914_1_L2A_33.tif,0.002459638380825287,0.2099566307181777,0.0,94,38217
himalaya,SAW,SAW_S2A_43SFT_20200924_1_L2A_23.tif,0.026306928192608804,0.33496332683143404,0.07853052927285116,1433,22950
himalaya,SAW,SAW_S2A_43SFT_20200924_1_L2A_8.tif,0.0028306642366900617,0.3049990358899412,0.005819592628516004,93,25769
himalaya,SAW,SAW_S2A_43SFU_20200914_1_L2A_69.tif,0.007414517890834464,0.2741399512531095,0.015969034741979773,304,30131
himalaya,SAW,SAW_S2A_43SFU_20200921_1_L2A_47.tif,0.004149377593360996,0.32419911001338614,0.0,97,23377
himalaya,SAW,SAW_S2A_43SFU_20200924_0_L2A_117.tif,0.01047707226743336,0.34980613307803776,0.004282757143876847,215,20521
himalaya,SAW,SAW_S2A_43SGR_20200901_1_L2A_52.tif,0.08114075436982521,0.5022110561925168,0.02842944643476251,453,5423
himalaya,SAW,SAW_S2A_43SGR_20200911_1_L2A_27.tif,0.003605538721184458,0.10428486521662456,0.010099286908458153,226,52104
himalaya,SAW,SAW_S2A_43SGR_20200911_1_L2A_43.tif,0.0009587919221780557,0.11861554304147016,0.002875788076540206,48,50063
himalaya,SAW,SAW_S2A_43SGR_20200911_1_L2A_60.tif,0.0035753103369372463,0.23549452404373425,0.005663812285078552,132,34955
himalaya,SAW,SAW_S2A_43SGS_20200901_0_L2A_38.tif,0.002067605904697793,0.34258938904551917,0.015489272632129774,214,20626
himalaya,SAW,SAW_S2A_43SGS_20200911_3_L2A_31.tif,0.5296610169491526,0.7631302970969456,0.716841455891425,411,311
himalaya,SAW,SAW_S2A_43SGS_20200921_1_L2A_50.tif,0.011362022439994318,0.3992046284495615,0.02126161083279072,774,13468
himalaya,SAW,SAW_S2A_43SGS_20200921_1_L2A_54.tif,0.0014176437579373282,0.24256229121686265,0.007630637257957931,48,33859
himalaya,SAW,SAW_S2A_43SGT_20200901_0_L2A_6.tif,0.0034450360162856246,0.3072475149522817,0.013945380592678674,88,25544
himalaya,SAW,SAW_S2A_43SGT_20200911_1_L2A_33.tif,0.003862196817549822,0.4034673046207897,0.01962792285372931,81,12915
himalaya,SAW,SAW_S2A_43SGT_20200914_1_L2A_2.tif,0.005437737901033171,0.36296399395815765,0.023118927327779804,101,18389
himalaya,SAW,SAW_S2A_43SGU_20200911_1_L2A_15.tif,0.013540681173131505,0.120881583628093,0.0211146575006138,692,50731
himalaya,SAW,SAW_S2A_43SGU_20200914_1_L2A_37.tif,0.005695098265134806,0.271799402627664,0.009069544661994057,173,30377
himalaya,SAW,SAW_S2A_43SGU_20200921_1_L2A_12.tif,0.006664087020078249,0.3266446266764024,0.0,155,23259
himalaya,SAW,SAW_S2A_43SGV_20200901_1_L2A_22.tif,0.004791007647185283,0.2545750694399891,0.0064367816091954015,156,32561
himalaya,SAW,SAW_S2A_43SGV_20200901_1_L2A_26.tif,0.00206933984666531,0.2763916764143598,0.014128008317788448,61,29478
himalaya,SAW,SAW_S2A_43SGV_20200901_1_L2A_8.tif,0.008808350471460169,0.30884154221424764,0.047303239286682494,253,25745
himalaya,SAW,SAW_S2A_43SGV_20200921_1_L2A_55.tif,0.0014561429488128732,0.19177225492813826,0.006520452991058504,113,40464
himalaya,SAW,SAW_S2A_44RKV_20200901_0_L2A_3.tif,0.0018662255588073123,0.14136521154483578,0.002567806130637137,88,47154
himalaya,SAW,SAW_S2A_44RMV_20200908_0_L2A_2.tif,0.009821367462870441,0.28318314767724284,0.018283271993351537,315,29194
himalaya,SAW,SAW_S2A_44RMV_20200918_0_L2A_43.tif,0.005830094392004442,0.47558542802482007,0.0062402496099844,384,3239
himalaya,SAW,SAW_S2A_44RNU_20200905_1_L2A_46.tif,0.7196841511562324,0.8519511826529289,0.5690636219616225,2694,3404
himalaya,SAW,SAW_S2A_44RNU_20200905_1_L2A_56.tif,0.0028660639388573025,0.1743344430039325,0.0,123,42916
himalaya,SAW,SAW_S2A_44RNU_20200905_2_L2A_68.tif,0.022013203506215363,0.16784975085675044,0.062140316450424865,1290,44998
himalaya,SAW,SAW_S2A_44RNV_20200908_0_L2A_111.tif,0.0041978223796405615,0.153589484157499,0.016309914642153645,287,45643
himalaya,SAW,SAW_S2A_44RNV_20200908_1_L2A_106.tif,0.377326565143824,0.6858460792586359,0.541802895843064,584,230
himalaya,SAW,SAW_S2A_44RNV_20200915_1_L2A_93.tif,0.3557772236076476,0.6719369622369503,0.6198818496638827,847,784
himalaya,SAW,SAW_S2A_44SKA_20200901_1_L2A_12.tif,0.004291845493562232,0.33907520579793937,0.01317151314184757,135,21393
himalaya,SAW,SAW_S2A_44SKA_20200921_1_L2A_13.tif,0.6779661016949152,0.835302934323347,0.7045402364826082,1418,1057
himalaya,SAW,SAW_S2A_44SKB_20200901_0_L2A_41.tif,0.0,0.308013916015625,0.0,17,25147
himalaya,SAW,SAW_S2A_44SKB_20200901_1_L2A_58.tif,0.1343688362919132,0.48476786754424456,0.17772183786825468,1976,11827
himalaya,SAW,SAW_S2A_44SKB_20200901_1_L2A_89.tif,0.0016737416616130988,0.18651056902989924,0.001675665611617948,69,41225
himalaya,SAW,SAW_S2A_44SKB_20200911_2_L2A_47.tif,0.8331141792680254,0.8862968074961228,0.24311781633094362,18108,15350
himalaya,SAW,SAW_S2A_44SKB_20200921_1_L2A_85.tif,0.03495115995115995,0.46906576173251263,0.1295761014237507,334,6447
himalaya,SAW,SAW_S2A_44SKB_20200921_1_L2A_86.tif,0.0014963259853039413,0.21540149225349497,0.007996085832110157,108,37373
himalaya,SAW,SAW_S2A_44SKC_20200901_1_L2A_44.tif,0.4823395539371871,0.637664070639756,0.22284891589782851,11830,20737
himalaya,SAW,SAW_S2A_44SKC_20200921_1_L2A_34.tif,0.002288230722735515,0.3246937389277896,0.0,369,22846
himalaya,SAW,SAW_S2A_44SKD_20200901_1_L2A_22.tif,0.03013403542364768,0.1998609564457411,0.007864488808227463,1259,41780
himalaya,SAW,SAW_S2A_44SKD_20200921_1_L2A_37.tif,0.004193489056464962,0.2952015105090952,0.001989484155179764,114,27185
himalaya,SAW,SAW_S2A_44SLA_20200911_1_L2A_10.tif,0.8543157894736843,0.9244337855835205,0.8191647618010957,2280,2124
himalaya,SAW,SAW_S2A_44SLB_20200911_2_L2A_32.tif,0.03605408112168253,0.4590214005412238,0.06980181758458338,331,7945
himalaya,SAW,SAW_S2A_44SLB_20200918_1_L2A_12.tif,0.03190717911530094,0.5057615050282422,0.08701988133652545,138,1285
himalaya,SAW,SAW_S2A_44SMA_20200918_1_L2A_26.tif,0.004854981084489281,0.2610307758501275,0.0,154,31720
himalaya,SAW,SAW_S2B_42SWE_20200918_1_L2A_37.tif,0.03649546827794562,0.4571369636818492,0.02888434227945601,458,8119
himalaya,SAW,SAW_S2B_42SXE_20200905_1_L2A_191.tif,0.010853014546279198,0.2712889940448149,0.01741476575913662,434,30768
himalaya,SAW,SAW_S2B_42SXE_20200905_1_L2A_230.tif,0.5725879170423805,0.7826422428311393,0.583352262167799,958,786
himalaya,SAW,SAW_S2B_42SXE_20200905_1_L2A_239.tif,0.7408737283064033,0.8670697298721977,0.6243476964365589,1561,1348
himalaya,SAW,SAW_S2B_42SXE_20200905_1_L2A_6.tif,0.777262180974478,0.8871511163867858,0.6761363636363635,824,708
himalaya,SAW,SAW_S2B_42SXE_20200918_1_L2A_64.tif,0.004255067667395544,0.11520928521152998,0.010303830911492735,303,50676
himalaya,SAW,SAW_S2B_42SXF_20200905_0_L2A_2.tif,0.0075887131252672085,0.29058461420542403,0.025859121801796874,259,28022
himalaya,SAW,SAW_S2B_42SXF_20200905_1_L2A_10.tif,0.7525114155251141,0.874161814821526,0.7486631016042781,1095,824
himalaya,SAW,SAW_S2B_42SXF_20200905_1_L2A_60.tif,0.0018420105439224239,0.14076271408340219,0.010700469174417648,137,47181
himalaya,SAW,SAW_S2B_42SXF_20200915_1_L2A_45.tif,0.9546132537822288,0.975562326576649,0.9226227646891855,4673,4500
himalaya,SAW,SAW_S2B_42SYE_20200922_1_L2A_29.tif,0.012304299889746417,0.1614816460820273,0.009752759677057812,590,45318
himalaya,SAW,SAW_S2B_42SYE_20200922_1_L2A_41.tif,0.0016575893914278948,0.17882958900115495,0.0,70,42230
himalaya,SAW,SAW_S2B_43SBA_20200922_1_L2A_15.tif,0.00287295914792236,0.28403189009127106,0.017450719807401944,133,28491
himalaya,SAW,SAW_S2B_43SBA_20200922_1_L2A_7.tif,0.0041420356295492015,0.3128392845914775,0.003945263611573878,184,24786
himalaya,SAW,SAW_S2B_43SBV_20200922_0_L2A_146.tif,0.002854955500972918,0.023139000617203104,0.0,179,62698
himalaya,SAW,SAW_S2B_43SBV_20200922_0_L2A_65.tif,0.01021291327678726,0.15357565619575253,0.018690133167198815,628,46060
himalaya,SAW,SAW_S2B_43SBV_20200922_1_L2A_68.tif,0.06739362138230713,0.35566200195140524,0.012383419437302864,1645,24393
himalaya,SAW,SAW_S2B_43SBV_20200925_1_L2A_65.tif,0.05223739456065363,0.330841633918157,0.006583278472679394,1381,26437
himalaya,SAW,SAW_S2B_43SCA_20200922_0_L2A_125.tif,0.0011729579867775645,0.14296365710612377,0.005034401745259272,55,46890
himalaya,SAW,SAW_S2B_43SCA_20200922_0_L2A_130.tif,0.0036181272756417595,0.16904421919473606,0.007516677628488208,223,43604
himalaya,SAW,SAW_S2B_43SCA_20200922_0_L2A_91.tif,0.006928680332034559,0.0534129022063385,0.021020585677007826,412,59027
himalaya,SAW,SAW_S2B_43SCA_20200922_1_L2A_152.tif,0.007868951689176408,0.3032165600963639,0.016119004516612724,271,26370
himalaya,SAW,SAW_S2B_43SCA_20200922_1_L2A_169.tif,0.0048520710059171595,0.1160422094959131,0.019580717250186227,260,50686
himalaya,SAW,SAW_S2B_43SCA_20200922_1_L2A_76.tif,0.17357326478149102,0.5238480908545972,0.20473420278477328,1824,9589
himalaya,SAW,SAW_S2B_43SCA_20200925_0_L2A_54.tif,0.04809183990071362,0.38158237167310705,0.026143583730768617,931,19337
himalaya,SAW,SAW_S2B_43SCA_20200925_1_L2A_40.tif,0.0018082055119092155,0.25640976878118443,0.0,58,32076
himalaya,SAW,SAW_S2B_43SCU_20200922_0_L2A_53.tif,0.009362654426708684,0.1716269403325387,0.007808589448393232,421,43780
himalaya,SAW,SAW_S2B_43SCV_20200922_0_L2A_252.tif,0.025661287639327898,0.14850294017125487,0.028249612684411073,1368,47954
himalaya,SAW,SAW_S2B_43SCV_20200922_0_L2A_258.tif,0.004288099574984821,0.3016105982490426,0.005609008931268067,206,26259
himalaya,SAW,SAW_S2B_43SCV_20200922_0_L2A_312.tif,0.040856710510999886,0.26345835587921357,0.04117240294096842,1692,34076
himalaya,SAW,SAW_S2B_43SCV_20200922_0_L2A_398.tif,0.005015982296533071,0.19281289532998452,0.022351875838195347,336,40538
himalaya,SAW,SAW_S2B_43SCV_20200922_0_L2A_410.tif,0.003811564236067861,0.196107638869789,0.0032463478586590086,156,40138
himalaya,SAW,SAW_S2B_43SCV_20200922_0_L2A_80.tif,0.7726988102692548,0.8835267868645891,0.771545130035696,1469,1362
himalaya,SAW,SAW_S2B_43SCV_20200922_1_L2A_107.tif,0.002472422974515025,0.14044653264777662,0.0,117,47322
himalaya,SAW,SAW_S2B_43SCV_20200922_1_L2A_225.tif,0.005803924751912657,0.12749200069013256,0.01054827341985788,429,49134
himalaya,SAW,SAW_S2B_43SDA_20200922_1_L2A_52.tif,0.05553442373526055,0.5087811283686243,0.083732328847943,381,2394
himalaya,SAW,SAW_S2B_43SDB_20200922_1_L2A_22.tif,0.0051749500893138595,0.21278352946850793,0.0,197,38068
himalaya,SAW,SAW_S2B_43SDU_20200909_0_L2A_41.tif,0.005711687647409849,0.23508206254261516,0.0012201286364190967,201,35191
himalaya,SAW,SAW_S2B_43SDU_20200912_1_L2A_82.tif,0.008586323213738117,0.1069234467592781,0.02728161205982018,470,52154
himalaya,SAW,SAW_S2B_43SDU_20200922_0_L2A_48.tif,0.01679792415896572,0.34268625472760234,0.029580312700738243,413,21923
himalaya,SAW,SAW_S2B_43SDU_20200922_0_L2A_50.tif,0.0861753958587089,0.32869312109847926,0.0670704788129569,2616,29487
himalaya,SAW,SAW_S2B_43SDV_20200922_1_L2A_76.tif,0.006080048371655554,0.04904763458261177,0.0007270083605961468,363,59538
himalaya,SAW,SAW_S2B_43SET_20200909_0_L2A_55.tif,0.00844507174782404,0.18086460286073253,0.010390689941812137,371,42498
himalaya,SAW,SAW_S2B_43SET_20200909_1_L2A_18.tif,0.004513169576797869,0.29656667131421904,0.010406811731315043,124,27030
himalaya,SAW,SAW_S2B_43SEU_20200919_0_L2A_207.tif,0.0155049786628734,0.2951257612208376,0.03136505061178621,501,28055
himalaya,SAW,SAW_S2B_43SEU_20200919_0_L2A_243.tif,0.6915167095115681,0.8429775300867794,0.73584036838066,1127,847
himalaya,SAW,SAW_S2B_43SEU_20200919_1_L2A_171.tif,0.7327044025157232,0.8630510252624599,0.8568357528587524,1403,1352
himalaya,SAW,SAW_S2B_43SEU_20200922_1_L2A_104.tif,0.023465933674378357,0.21482362830374443,0.022484756097560975,922,39291
himalaya,SAW,SAW_S2B_43SEV_20200922_0_L2A_4.tif,0.007904500725923537,0.22115895769872707,0.008709677419354838,294,37194
himalaya,SAW,SAW_S2B_43SEV_20200922_0_L2A_74.tif,0.0030012124103114502,0.1179110979081457,0.012318480089072086,154,50310
himalaya,SAW,SAW_S2B_43SEV_20200922_0_L2A_76.tif,0.006552110413628389,0.14296728263146083,0.0007673860911270983,310,47313
himalaya,SAW,SAW_S2B_43SFA_20200919_1_L2A_20.tif,0.01689021361152509,0.17244152589571748,0.029554051567260313,768,44266
himalaya,SAW,SAW_S2B_43SFR_20200909_0_L2A_1.tif,0.05982795920469764,0.24116799380828746,0.03353993801859442,2438,38713
himalaya,SAW,SAW_S2B_43SFU_20200909_0_L2A_114.tif,0.013346363255619154,0.23509243829109466,0.022234202747671544,552,35741
himalaya,SAW,SAW_S2B_43SFU_20200909_1_L2A_49.tif,0.013963660834454912,0.09989883793393554,0.03381147012890623,764,53479
himalaya,SAW,SAW_S2B_43SFU_20200909_1_L2A_91.tif,0.9363489499192246,0.9666019471011238,0.9917355371900827,3092,2901
himalaya,SAW,SAW_S2B_43SFV_20200919_1_L2A_21.tif,0.004257008624302446,0.1566898192196394,0.0,193,45337
himalaya,SAW,SAW_S2B_43SFV_20200919_1_L2A_41.tif,0.001625101568848053,0.1347839522937888,0.0,78,47997
himalaya,SAW,SAW_S2B_43SFV_20200919_1_L2A_48.tif,0.019083023543990087,0.3270723228486155,0.0038862731281295707,462,24210
himalaya,SAW,SAW_S2B_43SFV_20200919_1_L2A_67.tif,0.06648908205110231,0.32398606744802794,0.24986425405770302,2145,28283
himalaya,SAW,SAW_S2B_43SGT_20200909_1_L2A_3.tif,0.011869243741081852,0.3893753208438092,0.02030456852791878,188,15413
himalaya,SAW,SAW_S2B_43SGU_20200916_1_L2A_55.tif,0.014276876219483177,0.34838406935629257,0.023092675700405213,301,21012
himalaya,SAW,SAW_S2B_43SGV_20200916_1_L2A_47.tif,0.3888888888888889,0.6938565415018757,0.6469604015616286,119,56
himalaya,SAW,SAW_S2B_43SGV_20200919_1_L2A_4.tif,0.020452789240912154,0.04687947743013691,0.05299138449208575,1244,60823
himalaya,SAW,SAW_S2B_43SGV_20200919_1_L2A_48.tif,0.5873684210526315,0.7921824559252768,0.5786452353616534,455,299
himalaya,SAW,SAW_S2B_44RMV_20200913_0_L2A_42.tif,0.006499717936768782,0.19295891812176033,0.030945605407337363,312,40724
himalaya,SAW,SAW_S2B_44RNV_20200920_1_L2A_50.tif,0.04158586511527688,0.48675715213739446,0.08366742199755971,193,4641
himalaya,SAW,SAW_S2B_44RNV_20200920_1_L2A_94.tif,0.005169402724414949,0.17552618404585876,0.023480662983425417,324,42843
himalaya,SAW,SAW_S2B_44SKA_20200913_1_L2A_42.tif,0.03799286273827139,0.34807179131222526,0.15589833732915767,1126,22725
himalaya,SAW,SAW_S2B_44SKD_20200916_1_L2A_30.tif,0.0007820646506777894,0.3541402119776641,0.011547344110854504,21,19174
himalaya,SAW,SAW_S2B_44SKE_20200916_1_L2A_23.tif,0.0103397341211226,0.44887508712197377,0.022124913574556353,92,7432
himalaya,SAW,SAW_S2B_44SLA_20200913_1_L2A_106.tif,0.04902779434569963,0.4633085228926195,0.08342022940563086,450,8344
himalaya,SAW,SAW_S2B_44SLA_20200913_1_L2A_123.tif,0.4967824967824968,0.74539048093154,0.5986604842864504,749,414
himalaya,SAW,SAW_S2B_44SLA_20200923_0_L2A_127.tif,0.006090304515225761,0.39457901832126546,0.046137339055793994,115,14257
himalaya,SAW,SAW_S2B_44SLB_20200923_1_L2A_10.tif,0.00421878687750767,0.24403131168688436,0.024217514082528792,169,33870
himalaya,SA,SA_S2A_18FWH_20200706_1_L2A_1.tif,0.16219566386790468,0.2754545835252221,0.0907975654348738,7327,42365
himalaya,SA,SA_S2A_18FWJ_20200706_0_L2A_3.tif,0.17994085995443307,0.298860160153428,0.16873036964092603,9240,39442
himalaya,SA,SA_S2A_18FWK_20200706_0_L2A_216.tif,0.012339934861327454,0.1301803792841585,0.03235147279081378,642,49401
himalaya,SA,SA_S2A_18FWK_20200706_1_L2A_79.tif,0.673270263056437,0.7080340202614678,0.3013267122462992,23394,33027
himalaya,SA,SA_S2A_18FWL_20200706_0_L2A_68.tif,0.03925204491889644,0.0815185166511,0.0093689721686415,2265,57704
himalaya,SA,SA_S2A_18FXF_20200716_2_L2A_132.tif,0.000767880649407635,0.15271749248421285,0.005827527596705206,35,45580
himalaya,SA,SA_S2A_18FXF_20200716_2_L2A_167.tif,0.10572649425977726,0.11402535239304652,0.16684298053627392,10276,54158
himalaya,SA,SA_S2A_18FXF_20200716_2_L2A_253.tif,0.12746489638154304,0.22908697674233852,0.11152061145989074,6546,45084
himalaya,SA,SA_S2A_18FXF_20200716_2_L2A_320.tif,0.005992340617256139,0.1649848327875617,0.00896217747719446,289,44367
himalaya,SA,SA_S2A_18FXF_20200716_2_L2A_347.tif,0.05571491242871123,0.30885456038591386,0.0543037909217853,5827,25457
himalaya,SA,SA_S2A_18FXF_20200716_2_L2A_78.tif,0.0,0.34758758544921875,0.0,355,19622
himalaya,SA,SA_S2A_18FXH_20200825_0_L2A_122.tif,0.015848473134905297,0.03463138739159442,0.12528493324421136,1347,61725
himalaya,SA,SA_S2A_18FXH_20200825_0_L2A_250.tif,0.00547580287109664,0.4000829260299695,0.01204560120456012,2684,10904
himalaya,SA,SA_S2A_18FXH_20200825_0_L2A_251.tif,0.0,0.30797576904296875,0.0008598452278589855,123,25046
himalaya,SA,SA_S2A_18FXH_20200825_0_L2A_254.tif,0.00284466118053439,0.2764864997524013,0.02642613490811525,119,29494
himalaya,SA,SA_S2A_18FXH_20200825_0_L2A_37.tif,0.028545740615868734,0.14365592897738666,0.07663111567248704,1721,48615
himalaya,SA,SA_S2A_18FXH_20200825_0_L2A_63.tif,0.08979062442097462,0.35030782627256646,0.10690484840591434,9342,20066
himalaya,SA,SA_S2A_18FXH_20200825_0_L2A_78.tif,0.05275482989657191,0.0588374419180413,0.21774688009961043,3382,61354
himalaya,SA,SA_S2A_18FXH_20200825_0_L2A_98.tif,0.0171308705279105,0.37929288077451595,0.014589766439392369,343,17113
himalaya,SA,SA_S2A_18FXJ_20200825_0_L2A_133.tif,0.031811314420010076,0.4273886904988305,0.020424330365896703,911,11382
himalaya,SA,SA_S2A_18FXJ_20200825_0_L2A_228.tif,0.3147447142461453,0.5976398736617756,0.5061494161715004,10230,4010
himalaya,SA,SA_S2A_18FXJ_20200825_0_L2A_237.tif,0.9127559055118111,0.9541668349041224,0.8698506725903985,3129,2944
himalaya,SA,SA_S2A_18FXJ_20200825_0_L2A_344.tif,0.9522688903668082,0.8317667950905632,0.47012177459533994,58641,55842
himalaya,SA,SA_S2A_18FXJ_20200825_0_L2A_349.tif,0.84702482471101,0.8896349127227123,0.41665547244840895,20902,18085
himalaya,SA,SA_S2A_18FXJ_20200825_0_L2A_50.tif,0.01836039957586919,0.374302042534879,0.01966568338249754,340,17908
himalaya,SA,SA_S2A_18FXJ_20200825_0_L2A_8.tif,0.6821290944123314,0.7768407029239273,0.40004697439895254,15537,19384
himalaya,SA,SA_S2A_18FXM_20200706_1_L2A_193.tif,0.007109387623202456,0.26835198697101087,0.0,220,30945
himalaya,SA,SA_S2A_18FXM_20200706_1_L2A_383.tif,0.0012435793457691267,0.21856346015692793,0.01673834708822504,878,36158
himalaya,SA,SA_S2A_18FXM_20200825_0_L2A_152.tif,0.0,0.45024871826171875,0.0025451768897938407,652,5869
himalaya,SA,SA_S2A_18FXM_20200825_1_L2A_223.tif,0.0016784321469121785,0.34646988383932587,0.018256503879507075,358,19933
himalaya,SA,SA_S2A_18FXM_20200825_1_L2A_25.tif,0.001345963812314717,0.05293629980951376,0.0,79,58694
himalaya,SA,SA_S2A_18FXM_20200825_1_L2A_316.tif,0.005962814317306905,0.03743638782519736,0.0,364,61045
himalaya,SA,SA_S2A_18FXM_20200825_1_L2A_463.tif,0.0031633792333457386,0.46070041853500193,0.023722627737226276,1836,3555
himalaya,SA,SA_S2A_18FXM_20200825_1_L2A_531.tif,0.018508635228315865,0.15378260783049033,0.04464146460610816,1018,46692
himalaya,SA,SA_S2A_18GWP_20200722_0_L2A_74.tif,0.9831979066244318,0.9850007921440169,0.8841001842626083,28844,28756
himalaya,SA,SA_S2A_18GXN_20200726_0_L2A_140.tif,0.0,0.39952850341796875,0.0,225,12944
himalaya,SA,SA_S2A_18GXN_20200726_0_L2A_177.tif,0.914031878756206,0.9543643387462322,0.980319346453769,3827,3498
himalaya,SA,SA_S2A_18GXN_20200726_0_L2A_261.tif,0.7824762932696014,0.8288666365877153,0.21750926223052014,21585,24656
himalaya,SA,SA_S2A_18GXN_20200726_0_L2A_76.tif,0.023716517857142856,0.3504305223309028,0.03773584905660378,510,21504
himalaya,SA,SA_S2A_18GXP_20200726_1_L2A_36.tif,0.0,0.3787689208984375,0.0,35,15855
himalaya,SA,SA_S2A_18GXP_20200726_1_L2A_54.tif,0.04872198999520318,0.417288106451516,0.06534422403733955,774,14530
himalaya,SA,SA_S2A_18GXP_20200818_0_L2A_109.tif,0.028468171443063656,0.27717538959850824,0.05487774950596076,4566,27876
himalaya,SA,SA_S2A_18GXP_20200818_0_L2A_120.tif,0.0,0.4005279541015625,0.0006764374295377678,440,12598
himalaya,SA,SA_S2A_18GXP_20200818_0_L2A_129.tif,0.009417163207999452,0.28308310850367946,0.060288159495012046,414,29063
himalaya,SA,SA_S2A_18GXP_20200818_0_L2A_156.tif,0.22209208400646205,0.45063662780865105,0.16766246897692802,7608,22651
himalaya,SA,SA_S2A_18GXP_20200818_0_L2A_166.tif,0.010269065435440216,0.02613898633994815,0.15312008390141582,693,62762
himalaya,SA,SA_S2A_18GXP_20200818_0_L2A_176.tif,0.07109873985844985,0.189724270718094,0.10127683521297064,6836,42803
himalaya,SA,SA_S2A_18GXP_20200818_0_L2A_200.tif,0.0025316853791238166,0.016118615156101104,0.01271393643031785,161,63594
himalaya,SA,SA_S2A_18GXP_20200818_0_L2A_250.tif,0.03264641100684911,0.2676109455971348,0.011040847718338746,1292,32933
himalaya,SA,SA_S2A_18GXP_20200818_0_L2A_307.tif,0.0029831338203235554,0.30236388198242187,0.007270524083611026,175,26050
himalaya,SA,SA_S2A_18GXP_20200818_0_L2A_330.tif,0.7172292259726176,0.8413019729331923,0.3821490749051116,7357,5311
himalaya,SA,SA_S2A_18GXP_20200818_0_L2A_349.tif,0.0011586385047865067,0.09899856323864754,0.010146765718427252,61,52648
himalaya,SA,SA_S2A_18GXP_20200818_0_L2A_391.tif,0.007331840424649581,0.0439998987664158,0.0,442,60285
himalaya,SA,SA_S2A_18GYQ_20200818_0_L2A_3.tif,0.04751424641383376,0.335375883603018,0.02137086265311441,1209,25445
himalaya,SA,SA_S2A_18GYQ_20200818_0_L2A_31.tif,0.002816142619257518,0.19018537523344525,0.0,115,40836
himalaya,SA,SA_S2A_18GYQ_20200818_0_L2A_81.tif,0.001248335552596538,0.40904284270494706,0.005892366112347781,54,11977
himalaya,SA,SA_S2A_18GYT_20200821_0_L2A_31.tif,0.003802583847769363,0.022453537815732696,0.0,239,62852
himalaya,SA,SA_S2A_18GYT_20200821_1_L2A_3.tif,0.01276370044655842,0.06108936681534589,0.0,746,58447
himalaya,SA,SA_S2A_18GYU_20200729_0_L2A_205.tif,0.009061503013115917,0.1611478227673254,0.018582104625328215,409,45136
himalaya,SA,SA_S2A_18GYU_20200821_0_L2A_134.tif,0.05761430998024058,0.09183358076006821,0.02729528535980149,3324,57694
himalaya,SA,SA_S2A_18GYU_20200821_0_L2A_9.tif,0.11159019241907459,0.44760883245605,0.10712966383450313,2363,14910
himalaya,SA,SA_S2A_18GYV_20200729_1_L2A_35.tif,0.050202210838500946,0.24847328244598038,0.0864420677676186,1994,36958
himalaya,SA,SA_S2A_19FCV_20200720_1_L2A_161.tif,0.03556577620967742,0.2801146222331167,0.06246289841954615,1176,31697
himalaya,SA,SA_S2A_19FCV_20200720_1_L2A_230.tif,0.02212650192700068,0.34528567132999893,0.016440157825515122,665,21878
himalaya,SA,SA_S2A_19FCV_20200720_1_L2A_34.tif,0.030058460154789236,0.1961903417071833,0.0028469750889679713,1270,42251
himalaya,SA,SA_S2A_19FCV_20200720_1_L2A_8.tif,0.014145328719723184,0.23322414455978469,0.0,511,36125
himalaya,SA,SA_S2A_19FCV_20200720_1_L2A_93.tif,0.03441775288161155,0.09452854509325237,0.01649265787379741,2085,55530
himalaya,SA,SA_S2A_19FDU_20200720_0_L2A_48.tif,0.007755913082494712,0.2667964482862775,0.014728444308069959,274,31170
himalaya,SA,SA_S2A_19FDU_20200720_0_L2A_53.tif,0.0024489795918367346,0.19309606092540169,0.016250174050503313,298,40226
himalaya,SA,SA_S2A_19FDU_20200720_1_L2A_64.tif,0.018547669564027102,0.17693448092017156,0.09500333232906978,1332,43314
himalaya,SA,SA_S2A_19FDV_20200720_1_L2A_117.tif,0.0018981252762682336,0.20776054393291132,0.02900455563104958,974,37558
himalaya,SA,SA_S2A_19FDV_20200720_1_L2A_131.tif,0.005610055180870632,0.25463738417697307,0.007435526161311784,223,32580
himalaya,SA,SA_S2A_19FDV_20200720_1_L2A_161.tif,0.03123786596256892,0.1253378310994505,0.005897965202005308,1609,51508
himalaya,SA,SA_S2A_19FDV_20200720_1_L2A_213.tif,0.027111289381563593,0.09699176391200305,0.03266090297790586,1494,54841
himalaya,SA,SA_S2A_19FDV_20200720_1_L2A_225.tif,0.007983677814246429,0.07444477809527428,0.0,450,56365
himalaya,SA,SA_S2A_19FDV_20200720_1_L2A_274.tif,0.08236775359013193,0.12912756923385854,0.13547241542368796,4514,54803
himalaya,SA,SA_S2A_19FDV_20200720_1_L2A_352.tif,0.002554204835705095,0.10421580553544654,0.007984139614549477,133,52071
himalaya,SA,SA_S2A_19FDV_20200720_1_L2A_359.tif,2.0841148764119878e-05,0.13393885576168654,0.0006712160196890032,36,47947
himalaya,SA,SA_S2A_19FDV_20200720_1_L2A_380.tif,0.0012073211957309123,0.3427523073900072,0.03048442523001884,128,20604
himalaya,SA,SA_S2A_19FDV_20200720_1_L2A_410.tif,0.07868327621236686,0.17555278199130872,0.06374360903919789,3834,48727
himalaya,SA,SA_S2A_19FDV_20200720_1_L2A_413.tif,0.012077500127579226,0.05809348119018952,0.014209426514975624,710,58787
himalaya,SA,SA_S2A_19FDV_20200720_1_L2A_458.tif,0.02693246541903987,0.14098133892019707,0.01665362973429891,1327,49157
himalaya,SA,SA_S2A_19FDV_20200720_1_L2A_86.tif,0.0020256369678746636,0.2602152256198122,0.023464425212529675,247,31412
himalaya,SA,SA_S2A_19FEV_20200717_1_L2A_7.tif,0.01250034042321414,0.22765711890315707,0.05254305962219147,691,36487
himalaya,SA,SA_S2A_19FEV_20200720_1_L2A_112.tif,0.0,0.110504150390625,0.002791959157626037,130,50922
himalaya,SA,SA_S2A_19FEV_20200720_1_L2A_147.tif,0.012459071446562001,0.052383500596571736,0.0,742,59555
himalaya,SA,SA_S2A_19FEV_20200720_1_L2A_153.tif,0.002863555452364368,0.10735335355049246,0.0,148,51684
himalaya,SA,SA_S2A_19FEV_20200720_1_L2A_180.tif,0.011237726330961175,0.16808023130976768,0.0020920502092050207,567,44336
himalaya,SA,SA_S2A_19FEV_20200720_1_L2A_211.tif,0.029920027816411683,0.07776656409233183,0.02498861854418534,1721,57520
himalaya,SA,SA_S2A_19FEV_20200720_1_L2A_91.tif,0.0170516551473263,0.1748580598460677,0.009273570324574962,750,43984
himalaya,SA,SA_S2A_19GBP_20200729_1_L2A_157.tif,0.03631617512364902,0.355646310226823,0.0394290203518966,940,21689
himalaya,SA,SA_S2A_19GBP_20200729_1_L2A_184.tif,0.0010773685273718942,0.1607436073030214,0.009125840537944284,48,44553
himalaya,SA,SA_S2A_19GBP_20200729_1_L2A_236.tif,0.0021482450614591915,0.028786918579840493,0.0,133,61911
himalaya,SA,SA_S2A_19GBP_20200729_1_L2A_256.tif,0.0024691358024691358,0.40872395818609397,0.03193612774451098,248,11932
himalaya,SA,SA_S2A_19GBP_20200729_1_L2A_271.tif,0.17266682561127447,0.3217446432776966,0.2043101744642685,6774,37493
himalaya,SA,SA_S2A_19GBP_20200729_1_L2A_44.tif,0.044098637764740975,0.3733463227030019,0.021723430684345842,983,20018
himalaya,SA,SA_S2A_19GBP_20200729_1_L2A_79.tif,0.01943343607808601,0.25227151657158303,0.021728395061728398,746,33981
himalaya,SA,SA_S2A_19GBP_20200821_0_L2A_126.tif,0.0,0.3737030029296875,0.0,1195,15359
himalaya,SA,SA_S2A_19GBP_20200821_1_L2A_155.tif,0.00371741453818869,0.009324708249246269,0.04975922953451043,240,64561
himalaya,SA,SA_S2A_19GBP_20200821_1_L2A_91.tif,0.024062147937650283,0.05933627637113385,0.03489640130861505,1431,59471
himalaya,SA,SA_S2A_19HBS_20200729_1_L2A_15.tif,0.028055159296243463,0.48278235662082036,0.07435328135488202,672,3652
himalaya,SA,SA_S2A_19HBS_20200729_1_L2A_4.tif,0.0,0.46852874755859375,0.0,739,3386
himalaya,SA,SA_S2A_19HCB_20200722_1_L2A_104.tif,0.01450417783383257,0.4594937000653791,0.07339449541284404,298,6137
himalaya,SA,SA_S2A_19HCB_20200722_1_L2A_95.tif,0.0,0.385711669921875,0.0,91,14889
himalaya,SA,SA_S2A_19HCB_20200722_1_L2A_97.tif,0.0019584322749638915,0.18955627553616197,0.011705001227797331,301,40628
himalaya,SA,SA_S2A_19HCB_20200729_1_L2A_45.tif,0.002606789501747734,0.37277624639687645,0.006748572417373248,50,16873
himalaya,SA,SA_S2A_19HCB_20200821_1_L2A_82.tif,0.0,0.465087890625,0.0,1589,2987
himalaya,SA,SA_S2A_19HCD_20200821_1_L2A_21.tif,0.669965075669383,0.8260158427023261,0.5560747663551402,2433,3305
himalaya,SA,SA_S2A_19HDD_20200808_1_L2A_18.tif,0.0019310482595595213,0.04273409643182806,0.0,116,60071
himalaya,SA,SA_S2A_19HDE_20200811_1_L2A_7.tif,0.002407704654895666,0.40632704714929624,0.010081885167810323,423,12067
himalaya,SA,SA_S2B_18FWJ_20200701_1_L2A_26.tif,0.08889097040089922,0.22934992316611205,0.0633116319142875,3801,42699
himalaya,SA,SA_S2B_18FWJ_20200701_1_L2A_62.tif,0.002095435684647303,0.13351505183789178,0.03992907061645978,179,48122
himalaya,SA,SA_S2B_18FWL_20200714_0_L2A_17.tif,0.033226495726495726,0.4472456740801892,0.02156504193202598,311,9360
himalaya,SA,SA_S2B_18FWL_20200714_0_L2A_22.tif,0.0953872816957739,0.09390510343064626,0.156541280967414,6311,59421
himalaya,SA,SA_S2B_18FWL_20200714_0_L2A_237.tif,0.027178825048418336,0.39787874677898916,0.03896957326861916,2477,13434
himalaya,SA,SA_S2B_18FWL_20200714_0_L2A_307.tif,0.42885181550539747,0.3912611184138052,0.23355431644049549,22951,48393
himalaya,SA,SA_S2B_18FWL_20200714_1_L2A_140.tif,0.0,0.47275543212890625,0.0,879,2692
himalaya,SA,SA_S2B_18FWL_20200714_1_L2A_53.tif,0.0018182453931955662,0.2829398477592085,0.013154030450575779,1431,27220
himalaya,SA,SA_S2B_18FWL_20200714_1_L2A_87.tif,0.35341131041914553,0.38750414498745767,0.18376819180491083,16654,43631
himalaya,SA,SA_S2B_18FWL_20200714_3_L2A_139.tif,0.11231242427066829,0.40528335467565035,0.03375527426160337,2410,21458
himalaya,SA,SA_S2B_18FWL_20200714_3_L2A_235.tif,0.09280647241601689,0.4254237669102429,0.14619181435346598,12102,6538
himalaya,SA,SA_S2B_18FWM_20200714_1_L2A_148.tif,0.2762933484934622,0.4618308847730469,0.10032991303933113,10273,25647
himalaya,SA,SA_S2B_18FWM_20200714_1_L2A_152.tif,0.0957505518763797,0.4716600654567572,0.021320067513547127,1887,10026
himalaya,SA,SA_S2B_18FWM_20200714_1_L2A_18.tif,0.034680180267306245,0.12586181016565665,0.01252152136484583,2335,51159
himalaya,SA,SA_S2B_18FWM_20200714_1_L2A_62.tif,0.004426581212828938,0.22182230350164645,0.0,163,36823
himalaya,SA,SA_S2B_18FXG_20200704_1_L2A_30.tif,0.0013464487414444402,0.09280019491942074,0.007111336867837075,135,53411
himalaya,SA,SA_S2B_18FXJ_20200714_0_L2A_128.tif,0.9736808672821208,0.9550517783293117,0.7410817031070196,46136,47077
himalaya,SA,SA_S2B_18FXK_20200714_0_L2A_122.tif,0.02304674730304021,0.4199274561598721,0.0365024563111226,1284,11234
himalaya,SA,SA_S2B_18FXK_20200714_0_L2A_49.tif,0.011188322188715528,0.3323021880551421,0.031004838633908023,632,22505
himalaya,SA,SA_S2B_18FXK_20200714_1_L2A_41.tif,0.0028513612950699044,0.4186762722054313,0.028655400440852314,479,10424
himalaya,SA,SA_S2B_18FXK_20200820_0_L2A_110.tif,0.0015634160641000586,0.3057697989078287,0.020950177858280773,614,25011
himalaya,SA,SA_S2B_18FXK_20200820_0_L2A_99.tif,0.9350505640426644,0.9374392813378831,0.6703219457331646,32086,30867
himalaya,SA,SA_S2B_18FXL_20200714_1_L2A_102.tif,0.0,0.31885528564453125,0.0,371,23372
himalaya,SA,SA_S2B_18FXL_20200714_1_L2A_128.tif,0.00023178193955127017,0.1709793650106144,0.017439556084026957,80,43074
himalaya,SA,SA_S2B_18FXL_20200714_1_L2A_18.tif,0.003369334441059725,0.3367594422843063,0.00994977278163119,73,21666
himalaya,SA,SA_S2B_18FXL_20200714_2_L2A_31.tif,0.00409886970562663,0.44084613118733235,0.01364877161055505,126,7958
himalaya,SA,SA_S2B_18FXL_20200714_2_L2A_66.tif,0.3000674959020345,0.5918910464259628,0.37634408602150543,3298,10185
himalaya,SA,SA_S2B_18FXL_20200714_3_L2A_3.tif,0.01445466491458607,0.36357338906077746,0.00278035217794254,275,19025
himalaya,SA,SA_S2B_18FXL_20200714_3_L2A_76.tif,0.003501102948616761,0.12508485375541542,0.0,173,49413
himalaya,SA,SA_S2B_18FXM_20200714_0_L2A_258.tif,0.002901253756087452,0.3544897227851909,0.03237017485467479,1161,18197
himalaya,SA,SA_S2B_18FXM_20200714_0_L2A_328.tif,0.042054580043435076,0.0697042785048547,0.0263463773731112,2498,59399
himalaya,SA,SA_S2B_18FXM_20200714_0_L2A_33.tif,0.025033581633899134,0.07657975395325009,0.0,1435,57323
himalaya,SA,SA_S2B_18FXM_20200714_0_L2A_36.tif,0.07448092335303401,0.3003445818114788,0.012231702277644084,3039,31685
himalaya,SA,SA_S2B_18FXM_20200714_0_L2A_509.tif,0.011716101694915253,0.14694110333810903,0.07587881716354185,578,47175
himalaya,SA,SA_S2B_18FXM_20200714_1_L2A_180.tif,0.000742716316127072,0.27447307687467376,0.023587097973601045,479,29164
himalaya,SA,SA_S2B_18FXM_20200714_1_L2A_263.tif,0.006489961788075454,0.12649116658751314,0.007366482504604052,321,49461
himalaya,SA,SA_S2B_18FXM_20200714_1_L2A_3.tif,0.005341163310961968,0.23050744752127025,0.0,191,35760
himalaya,SA,SA_S2B_18FXM_20200714_1_L2A_397.tif,0.047759895606785556,0.439663104434719,0.0808645151804749,3429,8615
himalaya,SA,SA_S2B_18FXM_20200714_1_L2A_435.tif,0.0,0.39617919921875,0.0,45,13563
himalaya,SA,SA_S2B_18FXM_20200714_1_L2A_80.tif,0.18612373296050333,0.44106108313930253,0.2183499728166856,4373,22775
himalaya,SA,SA_S2B_18GWN_20200704_0_L2A_150.tif,0.0015343867019819162,0.08320164913538257,0.0,84,54745
himalaya,SA,SA_S2B_18GWN_20200704_0_L2A_24.tif,0.021514332730634054,0.13725964011564662,0.0,1059,49223
himalaya,SA,SA_S2B_18GWN_20200704_0_L2A_254.tif,0.0021468241004340316,0.1743666092875497,0.02113720051647458,92,42854
himalaya,SA,SA_S2B_18GWN_20200704_1_L2A_158.tif,2.322071287588529e-05,0.17145435087677058,0.001032844453625284,1,43065
himalaya,SA,SA_S2B_18GWN_20200704_1_L2A_181.tif,0.007619628162145687,0.17926334186012852,0.05649241146711636,329,42649
himalaya,SA,SA_S2B_18GWN_20200704_1_L2A_247.tif,0.034293412806956663,0.14671166506045652,0.041603247082699135,1683,48986
himalaya,SA,SA_S2B_18GWN_20200704_1_L2A_70.tif,0.5310778914240756,0.6848690426242032,0.19277708592777087,12358,16832
himalaya,SA,SA_S2B_18GWN_20200727_0_L2A_2.tif,0.007687109309004899,0.05259818350163142,0.0,455,59190
himalaya,SA,SA_S2B_18GWN_20200727_0_L2A_81.tif,0.09624214487638871,0.13118166289191668,0.1295534217344917,5589,55293
himalaya,SA,SA_S2B_18GWP_20200704_0_L2A_137.tif,0.030516169848535595,0.3139863746825965,0.07769007062733693,2685,25006
himalaya,SA,SA_S2B_18GWP_20200704_0_L2A_145.tif,7.7000077000077e-05,0.10371304072091474,0.008226221079691518,4,51948
himalaya,SA,SA_S2B_18GWP_20200704_0_L2A_2.tif,0.44385907145209086,0.7087728709288871,0.31227651966626935,1711,2674
himalaya,SA,SA_S2B_18GWP_20200704_0_L2A_92.tif,0.17690753756155045,0.2461145015084617,0.17197195925196435,8408,47521
himalaya,SA,SA_S2B_18GYN_20200714_0_L2A_116.tif,0.01004650742764257,0.16819481353007854,0.0,445,44294
himalaya,SA,SA_S2B_18GYN_20200714_1_L2A_11.tif,0.8985847404189728,0.9130005311722544,0.5639748688685228,27736,26461
himalaya,SA,SA_S2B_18GYP_20200810_0_L2A_49.tif,0.13926113726910538,0.49536262276124415,0.10087879323182278,2170,10412
himalaya,SA,SA_S2B_18GYP_20200810_0_L2A_90.tif,0.011312096472973694,0.3638322162604903,0.035058395459907625,648,18305
himalaya,SA,SA_S2B_18GYP_20200820_0_L2A_24.tif,0.00027041644131963225,0.33088448336181653,0.004896505675495214,8,22186
himalaya,SA,SA_S2B_18GYP_20200820_0_L2A_32.tif,0.0,0.405517578125,0.0,33,12351
himalaya,SA,SA_S2B_18GYP_20200820_1_L2A_43.tif,0.003295254833040422,0.39773258565505676,0.03516483516483517,912,12789
himalaya,SA,SA_S2B_18GYQ_20200820_0_L2A_36.tif,0.773467804499612,0.8434370121131934,0.3613890870415135,18957,15333
himalaya,SA,SA_S2B_18GYS_20200727_0_L2A_8.tif,0.00810273658462009,0.4048919612924629,0.044313146233382575,561,12627
himalaya,SA,SA_S2B_19FDU_20200718_0_L2A_3.tif,0.019066553679681898,0.2778432335764578,0.026261148600821106,1594,29673
himalaya,SA,SA_S2B_19HCA_20200714_1_L2A_30.tif,0.0004439840165754033,0.4486907024289918,0.008668954307386671,1281,5479
himalaya,SA,SA_S2B_19HCB_20200714_1_L2A_69.tif,0.0,0.29183197021484375,0.0,193,27092
himalaya,SA,SA_S2B_19HCB_20200803_1_L2A_9.tif,0.0010264305876315114,0.4411034973106635,0.006334841628959275,152,7650
himalaya,SA,SA_S2B_19HCC_20200724_1_L2A_38.tif,0.0,0.3760528564453125,0.0,40,16206
himalaya,SA,SA_S2B_19HCC_20200823_1_L2A_27.tif,0.7805668901194986,0.8220124922361906,0.24909955552176197,27448,21425
himalaya,SA,SA_S2B_19HCD_20200803_1_L2A_8.tif,0.0017094017094017094,0.4518352426326482,0.010209408898427983,471,5975
himalaya,SA,SA_S2B_19HCD_20200813_1_L2A_15.tif,0.0002305209774089442,0.43393587269000455,0.001965521477416977,256,8422
himalaya,SA,SA_S2B_19HCV_20200714_1_L2A_24.tif,0.006205553290755085,0.3353632087620766,0.03405900540961933,4426,17788
himalaya,SA,SA_S2B_19HCV_20200806_1_L2A_5.tif,0.0014871731317387532,0.43926229726729177,0.015594954573520331,1913,6168
himalaya,SA,SA_S2B_19HDD_20200724_1_L2A_14.tif,0.0,0.412750244140625,0.0009148084619782734,141,11295
himalaya,SA,SA_S2B_19HDD_20200803_1_L2A_1.tif,0.0,0.44895172119140625,0.0,126,6565
himalaya,SA,SA_S2B_19HDD_20200803_1_L2A_10.tif,0.0,0.4691619873046875,0.0,65,3977
challenge,S2A,S2A_10UCA_20200715_0_L2A_19.tif,0.005116293668978938,0.26013390441024703,0.010957948704192387,212,31810
challenge,S2A,S2A_10UCA_20200715_0_L2A_25.tif,0.0658548200557861,0.42659764915563436,0.07652886914929963,1150,14517
challenge,S2A,S2A_10UCA_20200715_0_L2A_33.tif,0.05759037295258106,0.21615657041900646,0.04281705937740964,2469,41825
challenge,S2A,S2A_10UCA_20200715_0_L2A_43.tif,0.017541480175414802,0.341988950930711,0.011248472262781617,393,22114
challenge,S2A,S2A_10UCA_20200715_0_L2A_44.tif,0.09826034793041391,0.24330832861763774,0.1674836968742973,4590,41180
challenge,S2A,S2A_10UCA_20200715_0_L2A_45.tif,0.02838591525846999,0.3342194787381874,0.02317561042902469,711,23997
challenge,S2A,S2A_18FWG_20200706_0_L2A_10.tif,0.487203119461184,0.6039467867926865,0.15145803105277034,16939,25015
challenge,S2A,S2A_18FWG_20200706_0_L2A_11.tif,0.05826123586403551,0.3011426045020388,0.05354742437135423,2577,30082
challenge,S2A,S2A_18FWG_20200706_0_L2A_12.tif,0.32836501901140686,0.5920468631271874,0.12575915588000736,4886,12582
challenge,S2A,S2A_18FWG_20200706_0_L2A_14.tif,0.021725125268432354,0.3003788034511085,0.03388399655697544,610,27937
challenge,S2A,S2A_18FWG_20200706_0_L2A_15.tif,0.09454070252123561,0.21969454428311536,0.07869274989923639,4785,43794
challenge,S2A,S2A_18FWG_20200706_0_L2A_16.tif,0.06782644012725919,0.20356778587204155,0.1565258707461276,3239,44086
challenge,S2A,S2A_18FWG_20200706_0_L2A_18.tif,0.028924533263213252,0.16940807452994971,0.07234433570105453,1404,45552
challenge,S2A,S2A_18FWG_20200706_0_L2A_19.tif,0.05972079987064087,0.2543550303838359,0.06570606306205744,2418,36904
challenge,S2A,S2A_18FWG_20200706_0_L2A_2.tif,0.03736817973406694,0.3235572272009038,0.05597190102762949,1371,25779
challenge,S2A,S2A_18FWG_20200706_0_L2A_20.tif,0.021014652418199845,0.23612602535843683,0.013350789849954348,763,36308
challenge,S2A,S2A_18FWG_20200706_0_L2A_21.tif,0.2562804684435645,0.24390786907655404,0.20926187094903712,14008,53252
challenge,S2A,S2A_18FWG_20200706_0_L2A_24.tif,0.5750145518044237,0.7368331829346413,0.32143446675192455,12380,9267
challenge,S2A,S2A_18FWG_20200706_0_L2A_25.tif,0.27959605791458814,0.36591096978547744,0.21435927633401536,12517,40068
challenge,S2A,S2A_18FWG_20200706_0_L2A_3.tif,0.02317134052918797,0.0695931480648744,0.11263541682557464,1541,57894
challenge,S2A,S2A_18FWG_20200706_0_L2A_5.tif,0.005519472184427387,0.20623947461428163,0.0038822792736380716,215,38953
challenge,S2A,S2A_18FWG_20200706_0_L2A_6.tif,0.09684582387080494,0.25836488736410357,0.06156189312131546,3921,39547
challenge,S2A,S2A_18FWG_20200706_0_L2A_8.tif,0.10309214210166118,0.3198595293131815,0.0824419518311764,3498,31962
challenge,S2A,S2A_18FWG_20200706_1_L2A_10.tif,0.43900569103293724,0.5316869396564149,0.1759894894920202,16939,31862
challenge,S2A,S2A_18FWG_20200706_1_L2A_12.tif,0.3122939897608528,0.5758791625866622,0.127614913903515,4886,13826
challenge,S2A,S2A_18FWG_20200706_1_L2A_15.tif,0.09337714752001411,0.21138956230850464,0.09375061902189918,4785,44792
challenge,S2A,S2A_18FWG_20200706_1_L2A_16.tif,0.06452522448271375,0.18755105072539646,0.16634779936196295,3239,45842
challenge,S2A,S2A_18FWG_20200706_1_L2A_19.tif,0.06048176402967917,0.24583380208886563,0.07534633847868952,2418,38173
challenge,S2A,S2A_18FWG_20200706_1_L2A_2.tif,0.03551355908388366,0.3049942843850259,0.05477112275108176,1371,28108
challenge,S2A,S2A_18FWG_20200706_1_L2A_20.tif,0.017163423686874367,0.17131155298094816,0.01573268643233422,763,44455
challenge,S2A,S2A_18FWG_20200706_1_L2A_21.tif,0.24665432801822323,0.2137366384266362,0.13686933670384227,14008,56044
challenge,S2A,S2A_18FWG_20200706_1_L2A_23.tif,0.06403798513625103,0.16893157225227198,0.0327178393404908,3102,48440
challenge,S2A,S2A_18FWG_20200706_1_L2A_24.tif,0.2925411313295739,0.42689863027395913,0.2210423321353588,12380,32086
challenge,S2A,S2A_18FWG_20200706_1_L2A_25.tif,0.2598026761517615,0.30172148263609855,0.18577014359622313,12517,46986
challenge,S2A,S2A_18FWG_20200706_1_L2A_7.tif,0.024051680414297536,0.22920693404175851,0.042937454170174624,1271,37091
challenge,S2A,S2A_18FWG_20200706_1_L2A_9.tif,0.024280592965797886,0.1204970937698955,0.11764252532225716,1380,51478
challenge,S2A,S2A_18FWG_20200716_1_L2A_1.tif,0.03729975292898701,0.13918895663539071,0.021989154400810437,1881,50179
challenge,S2A,S2A_18FWG_20200716_1_L2A_10.tif,0.45121696437898257,0.6332749672414273,0.28470189058747786,16939,10846
challenge,S2A,S2A_18FWG_20200716_1_L2A_11.tif,0.028090930793920263,0.22991313914108594,0.050137423676371355,2577,36181
challenge,S2A,S2A_18FWG_20200716_1_L2A_2.tif,0.020681835952771913,0.3176770510082133,0.09872176297861204,1371,24736
challenge,S2A,S2A_18FWG_20200716_1_L2A_21.tif,0.02590769230769231,0.2682789149392049,0.05700419727177334,14008,19334
challenge,S2A,S2A_18FWG_20200716_1_L2A_23.tif,0.048386476402938576,0.3317401438301447,0.06342693555166097,3102,24155
challenge,S2A,S2A_18FWG_20200716_1_L2A_24.tif,0.18280678417026938,0.386761409373897,0.18210940390856592,12380,23187
challenge,S2A,S2A_18FWG_20200716_1_L2A_25.tif,0.22567494111252037,0.3920342051376632,0.23838814837191155,12517,28070
challenge,S2A,S2A_18FWG_20200716_1_L2A_26.tif,0.01610730393018216,0.11867626635831635,0.010124243597698953,826,51218
challenge,S2A,S2A_18FWG_20200716_1_L2A_6.tif,0.07217035953960935,0.13489204032163166,0.07858228754390903,3921,53275
challenge,S2A,S2A_18FWG_20200716_1_L2A_7.tif,0.023819092784610026,0.230117661231354,0.0363529350667336,1271,36941
challenge,S2A,S2A_18FWG_20200716_1_L2A_8.tif,0.09828982354363065,0.3095691045692079,0.08532785866370479,3498,32851
challenge,S2A,S2A_18FWH_20200706_1_L2A_10.tif,0.22765707183914424,0.29904688680057356,0.15801515074482686,10367,44950
challenge,S2A,S2A_18FWH_20200706_1_L2A_11.tif,0.11197453187275963,0.26593830492506476,0.127857557945482,4638,39722
challenge,S2A,S2A_18FWH_20200706_1_L2A_15.tif,0.7158871817296416,0.6158283430583233,0.29184642270813077,36779,49549
challenge,S2A,S2A_18FWH_20200706_1_L2A_19.tif,0.314269495494217,0.5780603372867684,0.12136811796527353,4886,13636
challenge,S2A,S2A_18FWH_20200706_1_L2A_2.tif,0.18561399639798581,0.1931208736589828,0.2332416397962096,10532,53982
challenge,S2A,S2A_18FWH_20200706_1_L2A_20.tif,0.0,0.44181060791015625,0.0,1062,6565
challenge,S2A,S2A_18FWH_20200706_1_L2A_22.tif,0.0430893494876673,0.29841447005864413,0.05506129158155926,1504,29748
challenge,S2A,S2A_18FWH_20200706_1_L2A_24.tif,0.0568087332028002,0.25115658206073344,0.04909313682131399,2390,37011
challenge,S2A,S2A_18FWH_20200706_1_L2A_32.tif,0.3718376264949402,0.33071127016737906,0.2747050505455197,20486,51091
challenge,S2A,S2A_18FWH_20200706_1_L2A_35.tif,0.018670364084052496,0.1923712410336099,0.018840747847039402,816,41796
challenge,S2A,S2A_18FWH_20200706_1_L2A_38.tif,0.17220135236664164,0.1371763344354667,0.10156620264744458,10314,59895
challenge,S2A,S2A_18FWH_20200706_1_L2A_40.tif,0.020049344863103936,0.1938683176192674,0.04142281216575707,887,41697
challenge,S2A,S2A_18FWH_20200706_1_L2A_42.tif,0.039669713650825715,0.22255509445536675,0.04678788794549709,1721,39452
challenge,S2A,S2A_18FWH_20200706_1_L2A_43.tif,0.03110877758817904,0.11110521303442641,0.0,1659,53329
challenge,S2A,S2A_18FWH_20200706_1_L2A_44.tif,0.053636101050947634,0.18943171929389052,0.03397587877538398,2613,44808
challenge,S2A,S2A_18FWH_20200706_1_L2A_45.tif,0.13967900457527416,0.27252162924945483,0.09476152728233586,6494,40585
challenge,S2A,S2A_18FWH_20200706_1_L2A_46.tif,0.4719127340605495,0.406884007218323,0.18811959867846648,24312,51387
challenge,S2A,S2A_18FWH_20200706_1_L2A_48.tif,0.1054405254890761,0.2994782344151932,0.03916968007287383,3731,34976
challenge,S2A,S2A_18FWH_20200706_1_L2A_49.tif,0.07008793130045765,0.09359035522172947,0.03310759969902182,4089,58341
challenge,S2A,S2A_18FWH_20200706_1_L2A_5.tif,0.1982924564621691,0.2874079401014614,0.20157072481125446,9104,43809
challenge,S2A,S2A_18FWH_20200706_1_L2A_50.tif,0.11038037315740645,0.19668598266391144,0.061605152679584836,5489,48370
challenge,S2A,S2A_18FWH_20200706_1_L2A_51.tif,0.03643193338160753,0.1851589945667854,0.0,1610,44192
challenge,S2A,S2A_18FWH_20200706_1_L2A_52.tif,0.24647532729103727,0.526093879159962,0.15206851058597554,5036,14768
challenge,S2A,S2A_18FWH_20200706_1_L2A_54.tif,0.0023371258786868613,0.08021209039053367,0.0,129,55196
challenge,S2A,S2A_18FWH_20200706_1_L2A_55.tif,0.036149853023953966,0.15575869818057672,0.0058906030855539965,1734,47967
challenge,S2A,S2A_18FWH_20200706_1_L2A_59.tif,0.006060606060606061,0.42162021306680775,0.01167883211678832,831,9959
challenge,S2A,S2A_18FWH_20200706_1_L2A_6.tif,0.46225534067473445,0.4003356077191802,0.3156372790396311,24780,50377
challenge,S2A,S2A_18FWH_20200706_1_L2A_62.tif,0.048925614293855384,0.07136700249323939,0.044597534445250185,2922,59659
challenge,S2A,S2A_18FWH_20200706_1_L2A_63.tif,0.02182807445965341,0.15702281476133004,0.0033442419320163386,1020,46682
challenge,S2A,S2A_18FWH_20200706_1_L2A_66.tif,0.1412192167945095,0.207234138632991,0.08488124109452011,8401,48135
challenge,S2A,S2A_18FWH_20200706_1_L2A_68.tif,0.003426227530462058,0.18591196992940512,0.029988833944807784,189,41398
challenge,S2A,S2A_18FWH_20200706_1_L2A_7.tif,0.0529466837488913,0.2232644820135909,0.027739490006891795,2370,40367
challenge,S2A,S2A_18FWH_20200706_1_L2A_70.tif,0.11068965517241379,0.2595976371271787,0.10439549531920445,7509,37585
challenge,S2A,S2A_18FWH_20200706_1_L2A_74.tif,0.00755246020260492,0.3359214365447237,0.03294305557536258,7055,15224
challenge,S2A,S2A_18FWH_20200706_1_L2A_75.tif,0.0,0.36438751220703125,0.0,102,17673
challenge,S2A,S2A_18FWH_20200706_1_L2A_9.tif,0.38556419462126384,0.40238631125579233,0.10813880842846595,17617,45289
challenge,S2A,S2A_18FWH_20200716_1_L2A_1.tif,0.14596597321295487,0.23123693592567784,0.09674581037258771,7327,46491
challenge,S2A,S2A_18FWH_20200716_1_L2A_10.tif,0.22789258481600178,0.297658379325158,0.15627860572426264,10367,45189
challenge,S2A,S2A_18FWH_20200716_1_L2A_11.tif,0.10150375939849623,0.2279428228730665,0.15956418059137922,4638,43707
challenge,S2A,S2A_18FWH_20200716_1_L2A_13.tif,0.06423812898653437,0.27126083784556687,0.05263822532780503,2319,35222
challenge,S2A,S2A_18FWH_20200716_1_L2A_16.tif,0.25037960339943344,0.32166425479030547,0.19664200020700556,11518,43655
challenge,S2A,S2A_18FWH_20200716_1_L2A_17.tif,0.28037710175916025,0.2780328927171134,0.19661012544744655,14486,51383
challenge,S2A,S2A_18FWH_20200716_1_L2A_18.tif,0.01884960946318118,0.17354900683047625,0.0042070468033956875,836,44297
challenge,S2A,S2A_18FWH_20200716_1_L2A_2.tif,0.19949727177978052,0.24859039011228778,0.18861515903682868,10532,48163
challenge,S2A,S2A_18FWH_20200716_1_L2A_20.tif,0.035341635812857625,0.29545204173795814,0.02908779154770015,1062,29698
challenge,S2A,S2A_18FWH_20200716_1_L2A_22.tif,0.04543729122380808,0.32729285410131176,0.07658579545988775,1504,26037
challenge,S2A,S2A_18FWH_20200716_1_L2A_23.tif,0.03465965143045051,0.17307214453314412,0.09518069105825314,2181,45015
challenge,S2A,S2A_18FWH_20200716_1_L2A_24.tif,0.04554483541430193,0.2055109808261574,0.04401823307434386,2390,41824
challenge,S2A,S2A_18FWH_20200716_1_L2A_28.tif,0.021328173650031135,0.1699468035817556,0.029270523667962497,968,44955
challenge,S2A,S2A_18FWH_20200716_1_L2A_29.tif,0.0030271648211582887,0.21456882376669786,0.047769996314043495,222,37551
challenge,S2A,S2A_18FWH_20200716_1_L2A_30.tif,0.086680642907058,0.28167619075760525,0.15237219724500495,4850,34026
challenge,S2A,S2A_18FWH_20200716_1_L2A_33.tif,0.07602608154541274,0.2657894014524883,0.12955963430435818,3091,36680
challenge,S2A,S2A_18FWH_20200716_1_L2A_35.tif,0.01550564794178715,0.10848364193078357,0.00884279174304321,816,52495
challenge,S2A,S2A_18FWH_20200716_1_L2A_36.tif,0.035293521497884416,0.22084118570567948,0.07628229747447325,1612,39250
challenge,S2A,S2A_18FWH_20200716_1_L2A_38.tif,0.17479646986385716,0.15128571775787406,0.13087557603686636,10314,58374
challenge,S2A,S2A_18FWH_20200716_1_L2A_39.tif,0.03917615135298108,0.11782782858003152,0.08311579664903135,2233,52914
challenge,S2A,S2A_18FWH_20200716_1_L2A_40.tif,0.02006983279870554,0.24379604182161752,0.07244758911935419,887,35047
challenge,S2A,S2A_18FWH_20200716_1_L2A_42.tif,0.04092729700206336,0.21107445507894868,0.04658875742450633,1721,41160
challenge,S2A,S2A_18FWH_20200716_1_L2A_43.tif,0.031433551858729016,0.11558057667141564,0.0,1659,52778
challenge,S2A,S2A_18FWH_20200716_1_L2A_44.tif,0.054967253551075956,0.1744868515058838,0.0293599755014546,2613,47000
challenge,S2A,S2A_18FWH_20200716_1_L2A_45.tif,0.14964440404256457,0.30951080209802695,0.11949822088600642,6494,36505
challenge,S2A,S2A_18FWH_20200716_1_L2A_46.tif,0.8853968495548284,0.9070669479402401,0.45673968599926706,24312,25240
challenge,S2A,S2A_18FWH_20200716_1_L2A_48.tif,0.11166895347386803,0.32593374233293115,0.04053450207202189,3731,31918
challenge,S2A,S2A_18FWH_20200716_1_L2A_5.tif,0.20473527310355022,0.32033674150406954,0.22187587638954362,9104,39795
challenge,S2A,S2A_18FWH_20200716_1_L2A_51.tif,0.040997229916897505,0.2364265321851688,0.020166073546856466,1610,37849
challenge,S2A,S2A_18FWH_20200716_1_L2A_52.tif,0.0772890843662535,0.35723014349124116,0.04025781417604865,5036,21907
challenge,S2A,S2A_18FWH_20200716_1_L2A_54.tif,0.0032980518484430127,0.20363046521970976,0.0,129,39114
challenge,S2A,S2A_18FWH_20200716_1_L2A_55.tif,0.04715159755268525,0.24896841969731687,0.0,1734,36775
challenge,S2A,S2A_18FWH_20200716_1_L2A_56.tif,0.016650116620095606,0.17983628256369277,0.007722566927947814,728,43296
challenge,S2A,S2A_18FWH_20200716_1_L2A_59.tif,0.015165364799734087,0.1418295113971821,0.05446966188050023,831,48035
challenge,S2A,S2A_18FWH_20200716_1_L2A_60.tif,3.439144340887987e-05,0.2781815353875319,0.0003821351803200383,166,28912
challenge,S2A,S2A_18FWH_20200716_1_L2A_62.tif,0.05155348541787964,0.09650373667195128,0.006553497474172848,2922,56679
challenge,S2A,S2A_18FWH_20200716_1_L2A_66.tif,0.144893551373033,0.2170904876471265,0.10783390100731938,8401,47258
challenge,S2A,S2A_18FWH_20200716_1_L2A_7.tif,0.05028930330601622,0.1758218882744202,0.014549733379404375,2370,46459
challenge,S2A,S2A_18FWH_20200716_1_L2A_70.tif,0.1240130206159753,0.11046022500673307,0.17109335171502632,7509,59825
challenge,S2A,S2A_18FWH_20200716_1_L2A_71.tif,0.11748618312346874,0.30652854065963053,0.11297121203647073,5842,33384
challenge,S2A,S2A_18FWH_20200716_1_L2A_72.tif,0.006867025560595142,0.14415914609931862,0.0206052801030264,324,47182
challenge,S2A,S2A_18FWH_20200716_1_L2A_73.tif,0.012132750961287192,0.09824342445885152,0.0419047619047619,650,53574
challenge,S2A,S2A_18FWH_20200716_1_L2A_74.tif,0.0,0.37024688720703125,0.0,7055,9952
challenge,S2A,S2A_18FWH_20200716_1_L2A_75.tif,0.0,0.417633056640625,0.0,102,10694
challenge,S2A,S2A_18FWH_20200716_1_L2A_8.tif,0.050236107035189284,0.2454768739973835,0.016488714691174484,1883,37483
challenge,S2A,S2A_18FWH_20200716_1_L2A_9.tif,0.41474874192086625,0.45253492427742725,0.1596464458662974,17617,41702
challenge,S2A,S2A_18FWJ_20200706_0_L2A_1.tif,0.08840081459259422,0.20573961931600476,0.04793562863287414,4038,45666
challenge,S2A,S2A_18FWJ_20200706_0_L2A_100.tif,0.00017390548237033172,0.3246230572397507,0.0005042546485975418,372,22633
challenge,S2A,S2A_18FWJ_20200706_0_L2A_101.tif,0.005742248866899005,0.08074073098378837,0.008074091664687724,318,55379
challenge,S2A,S2A_18FWJ_20200706_0_L2A_102.tif,0.0034342436431209276,0.17776085939611316,0.0,146,42513
challenge,S2A,S2A_18FWJ_20200706_0_L2A_103.tif,0.003704744628120289,0.20369207502544245,0.0,145,39139
challenge,S2A,S2A_18FWJ_20200706_0_L2A_105.tif,0.12979675508112298,0.27647699347586574,0.01867447821310875,5192,40001
challenge,S2A,S2A_18FWJ_20200706_0_L2A_106.tif,0.024219590958019375,0.24582603363240868,0.0,855,35302
challenge,S2A,S2A_18FWJ_20200706_0_L2A_108.tif,0.3092796281951975,0.45399719610429495,0.07314661818675387,10253,32004
challenge,S2A,S2A_18FWJ_20200706_0_L2A_109.tif,0.04205887594575766,0.051320191071067583,0.10009323089887137,3155,61164
challenge,S2A,S2A_18FWJ_20200706_0_L2A_11.tif,0.21154732475803412,0.2663314025572342,0.05324710430618105,10105,47727
challenge,S2A,S2A_18FWJ_20200706_0_L2A_110.tif,0.22165865034251567,0.38037810650109277,0.11527533853654565,8706,33203
challenge,S2A,S2A_18FWJ_20200706_0_L2A_112.tif,0.020689544476902827,0.03551326259597783,0.09932864839775538,2486,61105
challenge,S2A,S2A_18FWJ_20200706_0_L2A_114.tif,0.16732626246636062,0.3170820588271932,0.07214704107108562,6403,37841
challenge,S2A,S2A_18FWJ_20200706_0_L2A_117.tif,0.0017869108778199687,0.22786070861584057,0.007060191594218949,166,35714
challenge,S2A,S2A_18FWJ_20200706_0_L2A_118.tif,0.055030203358739996,0.29333897778445495,0.04020055449040676,1871,31488
challenge,S2A,S2A_18FWJ_20200706_0_L2A_119.tif,0.09552974476599482,0.24699889974379974,0.07442089396130065,3956,40941
challenge,S2A,S2A_18FWJ_20200706_0_L2A_12.tif,0.04222254497167874,0.15763668153451577,0.040723157545036595,2065,48167
challenge,S2A,S2A_18FWJ_20200706_0_L2A_120.tif,0.0026093984528345457,0.17120672145101717,0.0200252017845588,128,43290
challenge,S2A,S2A_18FWJ_20200706_0_L2A_121.tif,0.007077856420626896,0.18745419751536235,0.0424986146302021,363,41469
challenge,S2A,S2A_18FWJ_20200706_0_L2A_122.tif,0.003511503200138384,0.060883604293195184,0.02052218165726297,208,57805
challenge,S2A,S2A_18FWJ_20200706_0_L2A_123.tif,0.008662618355541486,0.24031659315109796,0.01103202846975089,301,34747
challenge,S2A,S2A_18FWJ_20200706_0_L2A_124.tif,0.20152420185375902,0.25309744315675464,0.05065827132226674,9784,48550
challenge,S2A,S2A_18FWJ_20200706_0_L2A_125.tif,0.0035703659625111574,0.014624345105344511,0.0,228,63859
challenge,S2A,S2A_18FWJ_20200706_0_L2A_127.tif,0.20905963302752292,0.29892552024109703,0.2509997565810064,9633,43082
challenge,S2A,S2A_18FWJ_20200706_0_L2A_129.tif,0.015775987156926307,0.2627515076115274,0.020737704918032788,524,32378
challenge,S2A,S2A_18FWJ_20200706_0_L2A_132.tif,0.009493074531235277,0.18195317598945962,0.003917924504608585,413,42442
challenge,S2A,S2A_18FWJ_20200706_0_L2A_133.tif,0.01802321389950256,0.086890620213666,0.0,1000,55484
challenge,S2A,S2A_18FWJ_20200706_0_L2A_134.tif,0.004171140662426695,0.13301280576758645,0.0,202,48428
challenge,S2A,S2A_18FWJ_20200706_0_L2A_135.tif,0.007386997933540771,0.18334087343974853,0.058487835513202094,474,41938
challenge,S2A,S2A_18FWJ_20200706_0_L2A_137.tif,0.03270383534030025,0.23278038912560323,0.016361619523017193,1233,37702
challenge,S2A,S2A_18FWJ_20200706_0_L2A_138.tif,0.0014517489651384066,0.11195834522895642,0.0,74,50973
challenge,S2A,S2A_18FWJ_20200706_0_L2A_140.tif,0.22415866569406384,0.24881640038017078,0.17749176315338328,11577,50516
challenge,S2A,S2A_18FWJ_20200706_0_L2A_141.tif,0.21303804183085784,0.2239602174305051,0.15968460134786827,11370,52659
challenge,S2A,S2A_18FWJ_20200706_0_L2A_142.tif,0.014847265446904671,0.12387446390872099,0.005566821742415205,749,50447
challenge,S2A,S2A_18FWJ_20200706_0_L2A_143.tif,0.04095399747573661,0.1742929411766781,0.042351034838329533,1944,45892
challenge,S2A,S2A_18FWJ_20200706_0_L2A_144.tif,0.12438496358984452,0.3073898243790301,0.04827606914362834,4462,35529
challenge,S2A,S2A_18FWJ_20200706_0_L2A_145.tif,0.12069428771024773,0.29229459159773574,0.08773915763822569,4494,37216
challenge,S2A,S2A_18FWJ_20200706_0_L2A_146.tif,0.3036353705164775,0.3111879229529366,0.1010835472919789,15714,48726
challenge,S2A,S2A_18FWJ_20200706_0_L2A_147.tif,0.8318268497330282,0.7147042074355308,0.37811859263511854,50949,45112
challenge,S2A,S2A_18FWJ_20200706_0_L2A_148.tif,0.7464137522228809,0.7161860868232093,0.3193246467241696,32192,41463
challenge,S2A,S2A_18FWJ_20200706_0_L2A_15.tif,0.1607856118283129,0.2539636213648002,0.04481115299807952,7300,45301
challenge,S2A,S2A_18FWJ_20200706_0_L2A_152.tif,0.002046888918370828,0.09863455896673569,0.02038369304556355,108,52763
challenge,S2A,S2A_18FWJ_20200706_0_L2A_154.tif,0.016224099167527498,0.13296722838966474,0.01184184403044902,816,49356
challenge,S2A,S2A_18FWJ_20200706_0_L2A_155.tif,0.035084761637163994,0.11297457848441617,0.02156281394722011,1873,53385
challenge,S2A,S2A_18FWJ_20200706_0_L2A_156.tif,0.007376436195526548,0.0551459306104357,0.0,434,58836
challenge,S2A,S2A_18FWJ_20200706_0_L2A_157.tif,0.039776800418499215,0.12954767907130718,0.036739404278693426,2131,51535
challenge,S2A,S2A_18FWJ_20200706_0_L2A_158.tif,0.008009974685457362,0.10077670376980817,0.030218594246693615,481,52877
challenge,S2A,S2A_18FWJ_20200706_0_L2A_159.tif,0.018327834982838482,0.05198159704943029,0.118237695303336,1161,59957
challenge,S2A,S2A_18FWJ_20200706_0_L2A_16.tif,0.09683752211013276,0.16475294211659824,0.028301651760133533,4985,51444
challenge,S2A,S2A_18FWJ_20200706_0_L2A_160.tif,0.01894653044978108,0.22430002157304393,0.08730972321618537,1226,37173
challenge,S2A,S2A_18FWJ_20200706_0_L2A_161.tif,0.03113898869333983,0.14269833407042853,0.0004196391103650861,1534,49263
challenge,S2A,S2A_18FWJ_20200706_0_L2A_162.tif,0.0042994436014162874,0.08010004187176699,0.0,238,55356
challenge,S2A,S2A_18FWJ_20200706_0_L2A_164.tif,0.000895911386219254,0.21953715771439108,0.01715088728389817,85,36782
challenge,S2A,S2A_18FWJ_20200706_0_L2A_165.tif,0.016851687388987565,0.16663014460376713,0.016831988273409454,766,45033
challenge,S2A,S2A_18FWJ_20200706_0_L2A_166.tif,0.1680939925750928,0.24149831388269638,0.11080659955133661,8781,46596
challenge,S2A,S2A_18FWJ_20200706_0_L2A_167.tif,0.017187148955290946,0.23907844910028117,0.020887751374324085,634,35586
challenge,S2A,S2A_18FWJ_20200706_0_L2A_168.tif,0.04812196576100843,0.35053677706117065,0.05241463147224525,7145,17467
challenge,S2A,S2A_18FWJ_20200706_0_L2A_169.tif,0.09747774785701072,0.18764238414332918,0.038171424490014566,4742,48647
challenge,S2A,S2A_18FWJ_20200706_0_L2A_17.tif,0.14837987194780533,0.2799317640050596,0.07837919313090573,7428,39744
challenge,S2A,S2A_18FWJ_20200706_0_L2A_171.tif,0.06656989839331298,0.23668529272996014,0.009847163811672992,2662,39956
challenge,S2A,S2A_18FWJ_20200706_0_L2A_18.tif,0.03804547495611708,0.14892285055759116,0.08088826366559486,1934,48924
challenge,S2A,S2A_18FWJ_20200706_0_L2A_19.tif,0.17850654938330623,0.2933243637596424,0.10249209563105452,7596,41708
challenge,S2A,S2A_18FWJ_20200706_0_L2A_2.tif,0.13381652964084811,0.22963509334900825,0.06939724532362353,6391,46014
challenge,S2A,S2A_18FWJ_20200706_0_L2A_20.tif,0.06715388858246,0.2655542505145862,0.0004281738385784628,2435,36260
challenge,S2A,S2A_18FWJ_20200706_0_L2A_22.tif,0.006484229036157819,0.2957725999906229,0.020665901262916193,350,27124
challenge,S2A,S2A_18FWJ_20200706_0_L2A_25.tif,0.1381675510895337,0.31733166063901,0.07888384778788912,5067,35256
challenge,S2A,S2A_18FWJ_20200706_0_L2A_26.tif,0.09131011208870676,0.24040630304830493,0.06353040346768507,3801,41472
challenge,S2A,S2A_18FWJ_20200706_0_L2A_28.tif,0.026007458992045943,0.05160598090315243,0.030181198872044,1576,60598
challenge,S2A,S2A_18FWJ_20200706_0_L2A_29.tif,0.0026775041836002867,0.18251079904704592,0.0,112,41830
challenge,S2A,S2A_18FWJ_20200706_0_L2A_30.tif,0.11810323262084109,0.30020389982894813,0.08426966292134831,5708,34518
challenge,S2A,S2A_18FWJ_20200706_0_L2A_31.tif,0.06260304413275669,0.21952868208926601,0.07728386718733292,2777,41694
challenge,S2A,S2A_18FWJ_20200706_0_L2A_32.tif,0.143243890752276,0.27139695083309523,0.11906137761365167,6501,41218
challenge,S2A,S2A_18FWJ_20200706_0_L2A_33.tif,0.055093072278395085,0.3209099764617278,0.08232249317230506,1972,27559
challenge,S2A,S2A_18FWJ_20200706_0_L2A_35.tif,0.08091826362892629,0.24278923202001298,0.09951397509948268,3598,40003
challenge,S2A,S2A_18FWJ_20200706_0_L2A_37.tif,0.054763678503435144,0.06860926099112748,0.13004420362184516,3391,60322
challenge,S2A,S2A_18FWJ_20200706_0_L2A_38.tif,0.032920035938903865,0.30825048531702237,0.07640058899738725,1024,27717
challenge,S2A,S2A_18FWJ_20200706_0_L2A_39.tif,0.05217812718755048,0.24931935385447526,0.08843323013033241,4724,34356
challenge,S2A,S2A_18FWJ_20200706_0_L2A_40.tif,0.04364141305605607,0.06191069635250018,0.030789531559269848,2640,60493
challenge,S2A,S2A_18FWJ_20200706_0_L2A_41.tif,0.06400180113799173,0.16561944917576732,0.16032367213270318,5399,46586
challenge,S2A,S2A_18FWJ_20200706_0_L2A_42.tif,0.020942124568599462,0.08963753478224154,0.035225592884127,1181,55321
challenge,S2A,S2A_18FWJ_20200706_0_L2A_43.tif,0.1670265313969653,0.3483949635060934,0.16909483367525907,5862,33594
challenge,S2A,S2A_18FWJ_20200706_0_L2A_46.tif,0.17765965054468308,0.29185825011265626,0.09255193379496705,7798,41606
challenge,S2A,S2A_18FWJ_20200706_0_L2A_47.tif,0.004672691205642495,0.32979316968963157,0.027155254726389272,338,22453
challenge,S2A,S2A_18FWJ_20200706_0_L2A_5.tif,0.14312575079649714,0.14219883457123994,0.15210973353248597,8536,57124
challenge,S2A,S2A_18FWJ_20200706_0_L2A_50.tif,0.07535062346564254,0.2330353604226797,0.0892934415016668,3551,40690
challenge,S2A,S2A_18FWJ_20200706_0_L2A_51.tif,0.035198639380326475,0.10751477103539833,0.0010080645161290322,1904,54093
challenge,S2A,S2A_18FWJ_20200706_0_L2A_52.tif,0.014272768463978252,0.10414163276548713,0.024259430080146704,774,52950
challenge,S2A,S2A_18FWJ_20200706_0_L2A_53.tif,0.01642222402290468,0.22778510166152627,0.01184253511924208,706,36925
challenge,S2A,S2A_18FWJ_20200706_0_L2A_55.tif,0.033392256618090886,0.16632027071297123,0.10522067893726082,2163,45774
challenge,S2A,S2A_18FWJ_20200706_0_L2A_57.tif,0.396195624458157,0.46128833985018336,0.29282269752203005,16158,38598
challenge,S2A,S2A_18FWJ_20200706_0_L2A_58.tif,0.203333174155962,0.4655410607879585,0.13229278092806232,4468,20731
challenge,S2A,S2A_18FWJ_20200706_0_L2A_59.tif,0.11025599039353746,0.29005384403246537,0.08764640027557699,4643,36039
challenge,S2A,S2A_18FWJ_20200706_0_L2A_6.tif,0.008307759074986825,0.2590797237490519,0.025061898731784764,292,32235
challenge,S2A,S2A_18FWJ_20200706_0_L2A_60.tif,0.1060785564567575,0.2307988051666179,0.1207295189967418,6023,42525
challenge,S2A,S2A_18FWJ_20200706_0_L2A_61.tif,0.006758073948924557,0.15185965760490508,0.0315368981708599,328,46151
challenge,S2A,S2A_18FWJ_20200706_0_L2A_62.tif,0.0021490424119840717,0.13917550846032464,0.05263307149136489,179,47386
challenge,S2A,S2A_18FWJ_20200706_0_L2A_63.tif,0.03045822832832019,0.23749359904275413,0.006984866123399303,1124,36903
challenge,S2A,S2A_18FWJ_20200706_0_L2A_67.tif,0.06594113365942826,0.08531482380570374,0.029178325861046673,3920,59059
challenge,S2A,S2A_18FWJ_20200706_0_L2A_69.tif,0.15856431965053702,0.2598562357988726,0.13883212451691462,7192,44261
challenge,S2A,S2A_18FWJ_20200706_0_L2A_7.tif,0.13832407104718317,0.23516416429751918,0.13439948416389888,6520,45712
challenge,S2A,S2A_18FWJ_20200706_0_L2A_70.tif,0.03045905232839701,0.21963262838517736,0.05756731272037684,1282,39146
challenge,S2A,S2A_18FWJ_20200706_0_L2A_71.tif,0.007628803596127247,0.151582991767841,0.012164777439867294,402,46223
challenge,S2A,S2A_18FWJ_20200706_0_L2A_72.tif,0.03162041181736795,0.3066783790793025,0.15566618604895827,4036,24772
challenge,S2A,S2A_18FWJ_20200706_0_L2A_76.tif,0.028549535999091862,0.24904154314289012,0.018132810585640775,1047,35196
challenge,S2A,S2A_18FWJ_20200706_0_L2A_77.tif,0.005642589282585077,0.2858270307789599,0.027317073170731707,622,28072
challenge,S2A,S2A_18FWJ_20200706_0_L2A_79.tif,0.015304659498207885,0.2966753526798816,0.02636433115162938,695,27632
challenge,S2A,S2A_18FWJ_20200706_0_L2A_84.tif,0.03878801197703486,0.2465554432039126,0.02817494958008488,1455,36360
challenge,S2A,S2A_18FWJ_20200706_0_L2A_86.tif,0.0266149525210646,0.11617918478679394,0.005825193108558094,1394,52338
challenge,S2A,S2A_18FWJ_20200706_0_L2A_87.tif,0.021766241864453018,0.12123876134887378,0.07944883182532284,1220,51215
challenge,S2A,S2A_18FWJ_20200706_0_L2A_91.tif,0.03518195624050847,0.25075579106262025,0.0446658322456591,2296,34513
challenge,S2A,S2A_18FWJ_20200706_0_L2A_94.tif,0.0799743778320799,0.22807534141342595,0.07039189210564535,3565,41957
challenge,S2A,S2A_18FWJ_20200706_0_L2A_97.tif,0.09958449463946788,0.10885072802712945,0.1692576386094497,8244,56063
challenge,S2A,S2A_18FWJ_20200706_0_L2A_98.tif,0.5613326449418411,0.6271798285172938,0.43413688279811585,18965,32445
challenge,S2A,S2A_18FWJ_20200706_1_L2A_102.tif,0.0033495457465357436,0.1694985991463983,0.0,146,43588
challenge,S2A,S2A_18FWJ_20200706_1_L2A_103.tif,0.0036285378243787695,0.19736870300862466,0.0,145,39961
challenge,S2A,S2A_18FWJ_20200706_1_L2A_105.tif,0.12035792109045389,0.2457649342957241,0.018857459789240156,5192,43138
challenge,S2A,S2A_18FWJ_20200706_1_L2A_109.tif,0.06282022263832589,0.1669429762584264,0.07416759836860304,3155,48497
challenge,S2A,S2A_18FWJ_20200706_1_L2A_110.tif,0.19129571404931325,0.29788829989075233,0.11611511230432232,8706,41687
challenge,S2A,S2A_18FWJ_20200706_1_L2A_112.tif,0.04309773702011925,0.08638776233220855,0.022971828081482164,2486,57344
challenge,S2A,S2A_18FWJ_20200706_1_L2A_114.tif,0.1465244322092223,0.25877676411049455,0.03831311517088585,6403,43574
challenge,S2A,S2A_18FWJ_20200706_1_L2A_117.tif,0.0017582417582417582,0.2060251464183156,0.010040457136107257,166,38577
challenge,S2A,S2A_18FWJ_20200706_1_L2A_118.tif,0.05286265203203797,0.2760313511124835,0.03519329651494953,1871,33621
challenge,S2A,S2A_18FWJ_20200706_1_L2A_119.tif,0.0871608206485771,0.20763009774817423,0.06895521633527199,3956,45325
challenge,S2A,S2A_18FWJ_20200706_1_L2A_12.tif,0.037629385362279014,0.10506748874931632,0.030242910880172218,2065,54574
challenge,S2A,S2A_18FWJ_20200706_1_L2A_122.tif,0.0034690371754031923,0.044419125494387854,0.016143978556385222,208,59959
challenge,S2A,S2A_18FWJ_20200706_1_L2A_124.tif,0.16575184658128345,0.14124154246125442,0.1085072605193784,9784,59028
challenge,S2A,S2A_18FWJ_20200706_1_L2A_125.tif,0.0038630972551677396,0.05181823938522459,0.0023622977282570182,228,59020
challenge,S2A,S2A_18FWJ_20200706_1_L2A_129.tif,0.015293018911977586,0.24815595386625153,0.004672897196261682,524,34264
challenge,S2A,S2A_18FWJ_20200706_1_L2A_131.tif,0.13444911067193677,0.21094118951951216,0.1481712482718998,6642,48465
challenge,S2A,S2A_18FWJ_20200706_1_L2A_132.tif,0.008959659355525493,0.1614303301997796,0.004935970453211832,413,45082
challenge,S2A,S2A_18FWJ_20200706_1_L2A_133.tif,0.018083836666787225,0.08836198775201268,0.0,1000,55298
challenge,S2A,S2A_18FWJ_20200706_1_L2A_134.tif,0.0040808905230408695,0.12477133576263777,0.0,202,49499
challenge,S2A,S2A_18FWJ_20200706_1_L2A_138.tif,0.0013514253885347992,0.08300591953182201,0.0,74,54757
challenge,S2A,S2A_18FWJ_20200706_1_L2A_140.tif,0.20916327354095596,0.20631443807100264,0.18576996931478187,11577,54349
challenge,S2A,S2A_18FWJ_20200706_1_L2A_142.tif,0.013381690845422711,0.08050194950223348,0.0,749,55972
challenge,S2A,S2A_18FWJ_20200706_1_L2A_156.tif,0.008040300766806462,0.19753514762317503,0.009694360898797863,434,40187
challenge,S2A,S2A_18FWJ_20200706_1_L2A_157.tif,0.03943069585789928,0.11649004999087031,0.04047001212518818,2131,53227
challenge,S2A,S2A_18FWJ_20200706_1_L2A_158.tif,0.008908643843389446,0.10178775771666898,0.02145438121047877,481,52860
challenge,S2A,S2A_18FWJ_20200706_1_L2A_159.tif,0.0183568763326226,0.051888808467704974,0.12036889526135983,1161,59973
challenge,S2A,S2A_18FWJ_20200706_1_L2A_160.tif,0.021154616463048267,0.20837916629524242,0.08366558053874644,1226,39563
challenge,S2A,S2A_18FWJ_20200706_1_L2A_161.tif,0.029887968826108134,0.12596395253905013,0.0,1534,51325
challenge,S2A,S2A_18FWJ_20200706_1_L2A_162.tif,0.004261185612232109,0.07627528330199647,0.0,238,55853
challenge,S2A,S2A_18FWJ_20200706_1_L2A_163.tif,0.007088112571797692,0.0669326636864823,0.07053712143800316,1073,56612
challenge,S2A,S2A_18FWJ_20200706_1_L2A_164.tif,0.0010453595127715661,0.1649141899106078,0.016234840234751035,85,43965
challenge,S2A,S2A_18FWJ_20200706_1_L2A_165.tif,0.01435182582953928,0.10106969089840404,0.0103397341211226,766,53373
challenge,S2A,S2A_18FWJ_20200706_1_L2A_166.tif,0.1676591267753814,0.24026195638379966,0.08649896252792776,8781,46712
challenge,S2A,S2A_18FWJ_20200706_1_L2A_168.tif,0.010357691463682248,0.33252187789110604,0.03820071255763723,7145,15876
challenge,S2A,S2A_18FWJ_20200706_1_L2A_171.tif,0.06411368015414258,0.22304198497003183,0.0,2662,41520
challenge,S2A,S2A_18FWJ_20200706_1_L2A_18.tif,0.03789064822338043,0.1374147696039573,0.07783414753412354,1934,50439
challenge,S2A,S2A_18FWJ_20200706_1_L2A_19.tif,0.16012396694214875,0.23628987045956268,0.048114600060710964,7596,47431
challenge,S2A,S2A_18FWJ_20200706_1_L2A_20.tif,0.062120516352875146,0.2397574262086399,0.0,2435,39198
challenge,S2A,S2A_18FWJ_20200706_1_L2A_21.tif,0.04935016010548126,0.24737609414962927,0.04959611044323971,1865,37132
challenge,S2A,S2A_18FWJ_20200706_1_L2A_25.tif,0.12832434918120736,0.28223928198901393,0.04777130154422599,5067,39099
challenge,S2A,S2A_18FWJ_20200706_1_L2A_26.tif,0.08932862190812721,0.23161365016111207,0.06055314820302927,3801,42441
challenge,S2A,S2A_18FWJ_20200706_1_L2A_27.tif,0.016747218163425875,0.23895568484395502,0.02915777974301618,596,35588
challenge,S2A,S2A_18FWJ_20200706_1_L2A_28.tif,0.03119889033807424,0.15017127980646702,0.023675859274334913,1576,48234
challenge,S2A,S2A_18FWJ_20200706_1_L2A_33.tif,0.0519064684801128,0.2728914016881895,0.07985037619321601,1972,33837
challenge,S2A,S2A_18FWJ_20200706_1_L2A_37.tif,0.08150618313186049,0.27677213218698676,0.07594493700419971,3391,35527
challenge,S2A,S2A_18FWJ_20200706_1_L2A_39.tif,0.051414077362079896,0.23127632807309462,0.07828215222057645,4724,36728
challenge,S2A,S2A_18FWJ_20200706_1_L2A_40.tif,0.06472491909385113,0.22909993092825348,0.017726006583945304,2640,40788
challenge,S2A,S2A_18FWJ_20200706_1_L2A_42.tif,0.026641574460366406,0.1798191325013878,0.039627153384412674,1181,44098
challenge,S2A,S2A_18FWJ_20200706_1_L2A_43.tif,0.15835902706406305,0.33345946485644096,0.17166913098318415,5862,34713
challenge,S2A,S2A_18FWJ_20200706_1_L2A_47.tif,0.0056389418691433785,0.3194708470813607,0.030021665119158155,338,23916
challenge,S2A,S2A_18FWJ_20200706_1_L2A_49.tif,0.0060585396558959295,0.2128753765579074,0.02158495220474869,232,38127
challenge,S2A,S2A_18FWJ_20200706_1_L2A_51.tif,0.035100656293783644,0.10627926956001729,0.001473477406679764,1904,54244
challenge,S2A,S2A_18FWJ_20200706_1_L2A_52.tif,0.020345933441985174,0.22244250750107966,0.002627353670996935,774,38042
challenge,S2A,S2A_18FWJ_20200706_1_L2A_53.tif,0.015035722287222126,0.20283758023435214,0.013163851645481455,706,40069
challenge,S2A,S2A_18FWJ_20200706_1_L2A_6.tif,0.008688924596798191,0.24904129265827893,0.002767783005812344,292,33606
challenge,S2A,S2A_18FWJ_20200706_1_L2A_60.tif,0.11591424857338005,0.22509938890717945,0.12919854061000627,6023,44625
challenge,S2A,S2A_18FWJ_20200706_1_L2A_72.tif,0.047167216721672164,0.3076058014909402,0.16651114904223902,4036,26424
challenge,S2A,S2A_18FWJ_20200706_1_L2A_76.tif,0.028355541111472215,0.23601405271238296,0.0,1047,36924
challenge,S2A,S2A_18FWJ_20200706_1_L2A_84.tif,0.033279220779220776,0.19148867670682854,0.018158614402917047,1455,43100
challenge,S2A,S2A_18FWJ_20200716_0_L2A_100.tif,0.0,0.3899688720703125,0.0,372,14050
challenge,S2A,S2A_18FWJ_20200716_0_L2A_103.tif,0.004325130499627144,0.2469286645601162,0.0,145,33525
challenge,S2A,S2A_18FWJ_20200716_0_L2A_106.tif,0.02678907131219451,0.2732853845916425,0.0,855,31916
challenge,S2A,S2A_18FWJ_20200716_0_L2A_111.tif,0.07623990155689904,0.26268364921191156,0.0675535465984037,9716,30516
challenge,S2A,S2A_18FWJ_20200716_0_L2A_112.tif,0.06597351486464925,0.25446007437784834,0.00999534530488253,2486,37601
challenge,S2A,S2A_18FWJ_20200716_0_L2A_117.tif,0.0020377484549858028,0.2728859990843085,0.011800482596767262,166,29830
challenge,S2A,S2A_18FWJ_20200716_0_L2A_118.tif,0.06811309961591894,0.3555114027099933,0.046261287309283396,1871,24270
challenge,S2A,S2A_18FWJ_20200716_0_L2A_119.tif,0.10658738759848863,0.3069004921901195,0.10639828940334717,3956,33824
challenge,S2A,S2A_18FWJ_20200716_0_L2A_121.tif,0.005741165118803522,0.187263672699988,0.0475241122905329,363,41330
challenge,S2A,S2A_18FWJ_20200716_0_L2A_125.tif,0.003670670058279937,0.0280342693097794,0.0,228,62114
challenge,S2A,S2A_18FWJ_20200716_0_L2A_129.tif,0.0136668479245967,0.2980518281735355,0.028923931693765833,524,27438
challenge,S2A,S2A_18FWJ_20200716_0_L2A_132.tif,0.009373543052045248,0.1948746341284722,0.004034476434989914,413,40722
challenge,S2A,S2A_18FWJ_20200716_0_L2A_133.tif,0.018568722843242843,0.09979198507353663,0.0,1000,53854
challenge,S2A,S2A_18FWJ_20200716_0_L2A_134.tif,0.0049468477002420795,0.21313021518267902,0.011655629139072848,202,37990
challenge,S2A,S2A_18FWJ_20200716_0_L2A_138.tif,0.001570891799520241,0.14154649811325803,0.0,74,47107
challenge,S2A,S2A_18FWJ_20200716_0_L2A_141.tif,0.22362013881238293,0.2937209871305672,0.16633880739868243,11370,44164
challenge,S2A,S2A_18FWJ_20200716_0_L2A_142.tif,0.016136438176451294,0.16085842866259523,0.01579691776418508,749,45724
challenge,S2A,S2A_18FWJ_20200716_0_L2A_144.tif,0.09671302149178256,0.20922657408571682,0.07428233745123994,4462,45853
challenge,S2A,S2A_18FWJ_20200716_0_L2A_152.tif,0.0023283661522086217,0.15735925880473448,0.022350152387402643,108,45093
challenge,S2A,S2A_18FWJ_20200716_0_L2A_154.tif,0.014769844146429865,0.08738986637259226,0.010858109393395678,816,55179
challenge,S2A,S2A_18FWJ_20200716_0_L2A_156.tif,0.0012315270935960591,0.24057667599679347,0.0074090934957036355,434,33712
challenge,S2A,S2A_18FWJ_20200716_0_L2A_157.tif,0.04993672962459577,0.20525383125816177,0.01052106235752728,2131,42674
challenge,S2A,S2A_18FWJ_20200716_0_L2A_158.tif,0.009092799485812587,0.10167190892744246,0.007248252653378202,481,52899
challenge,S2A,S2A_18FWJ_20200716_0_L2A_16.tif,0.13032952252858104,0.29881554968431984,0.06717571767554115,4985,37035
challenge,S2A,S2A_18FWJ_20200716_0_L2A_160.tif,0.02066889837535702,0.2645240488053342,0.061633955501158355,1226,32008
challenge,S2A,S2A_18FWJ_20200716_0_L2A_161.tif,0.038358630691905676,0.21874339146857402,0.0,1534,39991
challenge,S2A,S2A_18FWJ_20200716_0_L2A_162.tif,0.00540233798660765,0.16718553298607544,0.0,238,44055
challenge,S2A,S2A_18FWJ_20200716_0_L2A_165.tif,0.013398401287365972,0.07127384940082364,0.010060894890124438,766,57171
challenge,S2A,S2A_18FWJ_20200716_0_L2A_166.tif,0.13038266690790665,0.24353869254113608,0.10677992067680052,8781,41200
challenge,S2A,S2A_18FWJ_20200716_0_L2A_168.tif,0.0,0.37886810302734375,0.0,7145,8732
challenge,S2A,S2A_18FWJ_20200716_0_L2A_17.tif,0.04428856337253284,0.19440546022849647,0.11511232291167388,7428,38127
challenge,S2A,S2A_18FWJ_20200716_0_L2A_171.tif,0.023384183059012444,0.43718556043598833,0.0,2662,7535
challenge,S2A,S2A_18FWJ_20200716_0_L2A_18.tif,0.04611945858686204,0.22148464174494567,0.05259735324172995,1934,40188
challenge,S2A,S2A_18FWJ_20200716_0_L2A_2.tif,0.11437177042747797,0.29617964712393,0.07333081855903434,6391,33937
challenge,S2A,S2A_18FWJ_20200716_0_L2A_20.tif,0.06834128543362335,0.2711399458974269,0.00816152037465265,2435,35630
challenge,S2A,S2A_18FWJ_20200716_0_L2A_21.tif,0.038844558603701285,0.16103569407002824,0.038619927414941045,1865,47477
challenge,S2A,S2A_18FWJ_20200716_0_L2A_22.tif,0.005564353892907589,0.32517614691862756,0.018691950464396288,350,23143
challenge,S2A,S2A_18FWJ_20200716_0_L2A_29.tif,0.002526961779703082,0.16339052906789017,0.0,112,44322
challenge,S2A,S2A_18FWJ_20200716_0_L2A_3.tif,0.15838524083495792,0.27855057129562555,0.18642012926368254,9240,39484
challenge,S2A,S2A_18FWJ_20200716_0_L2A_31.tif,0.04510065717605036,0.08503543226642352,0.11658175102335216,2777,57495
challenge,S2A,S2A_18FWJ_20200716_0_L2A_39.tif,0.038879148595859864,0.27635549413860705,0.051491411610140626,4724,29051
challenge,S2A,S2A_18FWJ_20200716_0_L2A_40.tif,0.06993396451587239,0.2561867154810399,0.03614012706672898,2640,37704
challenge,S2A,S2A_18FWJ_20200716_0_L2A_42.tif,0.03086732413669815,0.26328637524664367,0.06348832807248207,1181,33418
challenge,S2A,S2A_18FWJ_20200716_0_L2A_46.tif,0.1696581627508319,0.30477262455128235,0.14032731818129046,7798,38600
challenge,S2A,S2A_18FWJ_20200716_0_L2A_47.tif,0.00362852334875894,0.3571077683265859,0.02985570945262123,338,18747
challenge,S2A,S2A_18FWJ_20200716_0_L2A_60.tif,0.0835174656769036,0.24488071701139139,0.12740432904781035,6023,37620
challenge,S2A,S2A_31TGK_20200822_0_L2A_12.tif,0.0030764322501253363,0.16708614352678436,0.0017606187317257206,136,43881
challenge,S2A,S2A_31TGK_20200822_0_L2A_15.tif,0.03117780369205043,0.1722273397505465,0.06664088600934442,1723,45143
challenge,S2A,S2A_31TGK_20200822_0_L2A_26.tif,0.025857954077853674,0.050300977351597824,0.009939837823698665,1571,60755
challenge,S2A,S2A_31TGK_20200822_0_L2A_36.tif,0.006341215952548193,0.11269200774011762,0.02652367076967394,350,51227
challenge,S2A,S2A_32TLQ_20200822_0_L2A_16.tif,0.016622253694351788,0.10014486238334322,0.025555146845294564,905,53650
challenge,S2A,S2A_32TLQ_20200822_0_L2A_17.tif,0.008046844789806102,0.09026898684289765,0.02895512239347235,596,54148
challenge,S2A,S2A_32TLQ_20200822_0_L2A_18.tif,0.023137730079049103,0.11682588709663365,0.020977677599477485,1333,51863
challenge,S2A,S2A_32TLQ_20200822_0_L2A_19.tif,0.00900455175143479,0.11978937963872043,0.018943461713588603,455,50530
challenge,S2A,S2A_32TLQ_20200822_0_L2A_20.tif,0.0026419336706014615,0.09434031082184403,0.022194793282677868,171,53340
challenge,S2A,S2A_32TLQ_20200822_0_L2A_24.tif,0.014650846304329336,0.1500305598585659,0.024460588171306436,719,46998
challenge,S2A,S2A_32TLQ_20200822_0_L2A_26.tif,0.23698692381481296,0.4942947176189215,0.036531911969088386,4735,19766
challenge,S2A,S2A_32TLQ_20200822_0_L2A_28.tif,0.004703347072807813,0.056495802495506585,0.04944560982918789,369,58375
challenge,S2A,S2A_32TLQ_20200822_0_L2A_30.tif,0.02012251649610092,0.09172479485423711,0.0,1107,55013
challenge,S2A,S2A_32TLQ_20200822_0_L2A_38.tif,0.05622511567846766,0.25164122788935517,0.04671342775145521,2196,37066
challenge,S2A,S2A_32TLQ_20200822_0_L2A_4.tif,0.023082353663402805,0.2659018214353072,0.029296875,802,32529
challenge,S2A,S2A_32TLQ_20200901_1_L2A_30.tif,0.01909377856736292,0.06820836160204741,0.0,1107,57977
challenge,S2A,S2A_32TLQ_20200901_1_L2A_31.tif,0.014376218323586744,0.2585098846443951,0.03999027459746631,528,32776
challenge,S2A,S2A_32TLR_20200809_0_L2A_1.tif,0.007253259649425784,0.15095791816827117,0.023220678973161005,421,46239
challenge,S2A,S2A_32TLR_20200809_0_L2A_10.tif,0.03854733155129505,0.10825624911554822,0.1110509172644925,2171,54165
challenge,S2A,S2A_32TLR_20200809_0_L2A_11.tif,0.05279969936114243,0.1245728560893969,0.09703596433128646,2938,53092
challenge,S2A,S2A_32TLR_20200809_0_L2A_15.tif,0.038203706710584304,0.19460154813843167,0.08072316702133273,1783,42975
challenge,S2A,S2A_32TLR_20200809_0_L2A_18.tif,0.01627959692542296,0.13949154219977633,0.07310433665571857,901,48416
challenge,S2A,S2A_32TLR_20200809_0_L2A_2.tif,0.004871244635193133,0.14740798447288908,0.020560725864763374,235,46592
challenge,S2A,S2A_32TLR_20200809_0_L2A_3.tif,0.01815187490951209,0.08872510919634562,0.008534850640113797,1003,55256
challenge,S2A,S2A_32TLR_20200809_0_L2A_31.tif,0.016807607284466123,0.2930541871520783,0.02022951222720891,530,28448
challenge,S2A,S2A_32TLR_20200809_0_L2A_32.tif,0.006579462677214694,0.21187835948639241,0.022718234555198558,264,38289
challenge,S2A,S2A_32TLR_20200809_0_L2A_40.tif,0.012979662679696639,0.10310036674572051,0.0,688,53006
challenge,S2A,S2A_32TLR_20200809_0_L2A_45.tif,0.006649997340001064,0.2173218739571984,0.0,250,37594
challenge,S2A,S2A_32TLR_20200809_0_L2A_51.tif,0.0036720961719935996,0.13028441627915133,0.006192486738118437,179,48746
challenge,S2A,S2A_32TLR_20200809_0_L2A_6.tif,0.002842758560826353,0.1501408961369226,0.016182420007355643,174,46039
challenge,S2A,S2A_32TLR_20200809_1_L2A_1.tif,0.007380233059991369,0.15091225353646867,0.02496584275245311,421,46261
challenge,S2A,S2A_32TLR_20200809_1_L2A_10.tif,0.03893881044073599,0.1123480521948175,0.10490700814495404,2171,53673
challenge,S2A,S2A_32TLR_20200809_1_L2A_11.tif,0.05368875539703398,0.12469682520633499,0.08554726720585427,2938,53192
challenge,S2A,S2A_32TLR_20200809_1_L2A_18.tif,0.016311296242834165,0.1397642665475504,0.07005326967381446,901,48384
challenge,S2A,S2A_32TLR_20200809_1_L2A_32.tif,0.006344647519582245,0.21173985779866206,0.021656534954407294,264,38279
challenge,S2A,S2A_32TLR_20200809_1_L2A_40.tif,0.012852365918813398,0.09898879090413899,0.0,688,53531
challenge,S2A,S2A_32TLR_20200809_1_L2A_45.tif,0.007024839833651793,0.23287246648117355,0.0007439092430723451,250,35588
challenge,S2A,S2A_32TLR_20200819_0_L2A_18.tif,0.015354731292202387,0.09639402252490686,0.0521023438897835,901,53984
challenge,S2A,S2A_32TLR_20200819_0_L2A_31.tif,0.017794671689989237,0.2843138294533753,0.01522921522921523,530,29727
challenge,S2A,S2A_32TLR_20200819_1_L2A_7.tif,0.1358002297599613,0.33375752920407475,0.1205544285777243,4507,33063
challenge,S2A,S2A_32TLR_20200901_0_L2A_121.tif,0.03991854303103233,0.19487425482560375,0.056790203029326455,1783,43155
challenge,S2A,S2A_32TLR_20200901_0_L2A_122.tif,0.010212175292484632,0.12126855823266824,0.05993658405095976,980,49965
challenge,S2A,S2A_32TLR_20200901_0_L2A_123.tif,0.0399546204620462,0.15406746888131634,0.0011792452830188679,1937,48480
challenge,S2A,S2A_32TLR_20200901_0_L2A_124.tif,0.002186973018549747,0.21180957286131374,0.004288688842157605,344,37691
challenge,S2A,S2A_32TLR_20200901_0_L2A_126.tif,0.014088152640141991,0.0954128662666545,0.04734317573039308,901,53949
challenge,S2A,S2A_32TLR_20200901_0_L2A_127.tif,0.013886792452830189,0.4069770600775597,0.031143516652621554,248,13186
challenge,S2A,S2A_32TLR_20200901_0_L2A_129.tif,0.02985690031530439,0.20391841983341613,0.005315678836349579,1235,41226
challenge,S2A,S2A_32TLR_20200901_0_L2A_137.tif,0.025098009070643402,0.11764008347039877,0.0,1306,52036
challenge,S2A,S2A_32TLR_20200901_0_L2A_143.tif,0.14159665228533427,0.35450302281265783,0.10601476461333656,4427,30765
challenge,S2A,S2A_32TLR_20200901_0_L2A_146.tif,0.0035753016131218653,0.051691975337751134,0.03713809009716361,211,59016
challenge,S2A,S2A_32TLR_20200901_0_L2A_147.tif,0.021022861183125147,0.35097079454915975,0.02269101223187378,498,21163
challenge,S2A,S2A_32TLR_20200901_0_L2A_148.tif,0.013287240000772515,0.11271474015829398,0.0,688,51779
challenge,S2A,S2A_32TLR_20200901_0_L2A_15.tif,0.011834706420818622,0.1571182517687156,0.0033344448149383132,543,45882
challenge,S2A,S2A_32TLR_20200901_0_L2A_150.tif,0.08445366777948209,0.46368968218695467,0.11494016195855536,1278,10741
challenge,S2A,S2A_32TLR_20200901_0_L2A_38.tif,0.0031756805895614654,0.18723878441220296,0.02494199535962877,141,41241
challenge,S2A,S2A_32TLR_20200901_0_L2A_53.tif,0.007743679440292574,0.024210353763405985,0.0,487,62890
challenge,S2A,S2A_32TLR_20200901_0_L2A_65.tif,0.011248031594470968,0.20174146040897994,0.019286150623963695,462,39995
challenge,S2A,S2A_32TLR_20200901_0_L2A_73.tif,0.012574604765592965,0.34023612248699503,0.027905449770190414,325,21900
challenge,S2A,S2A_32TLR_20200908_0_L2A_1.tif,0.007749797511228923,0.08996873274163919,0.0038891589693728734,421,54324
challenge,S2A,S2A_32TLR_20200908_0_L2A_18.tif,0.016810489745601256,0.16986759785029576,0.05140985195173958,901,44464
challenge,S2A,S2A_32TLR_20200908_0_L2A_3.tif,0.018835065402161774,0.10787432760664478,0.009658502932045532,1003,52819
challenge,S2A,S2A_39XWA_20200829_0_L2A_1.tif,0.12108743153891995,0.30778946810751023,0.041445884814282116,4373,35133
challenge,S2A,S2A_39XWA_20200829_0_L2A_10.tif,0.051900209839123336,0.36814931948578805,0.0472669190724089,3355,19203
challenge,S2A,S2A_39XWA_20200829_0_L2A_12.tif,0.007018752947150785,0.083311061840964,0.008859007316590865,389,55136
challenge,S2A,S2A_39XWA_20200829_0_L2A_5.tif,0.013867850056538157,0.1507631023546569,0.0,650,46871
challenge,S2A,S2A_39XWA_20200829_0_L2A_8.tif,0.4496423383166915,0.3605796152687537,0.1807872958997953,27715,51118
challenge,S2A,S2A_39XWA_20200829_0_L2A_9.tif,0.1287540839406886,0.08070100995025326,0.24880210994352311,8197,63664
challenge,S2A,S2A_39XWB_20200829_0_L2A_10.tif,0.009011814625221402,0.11329910879402388,0.003882521374089023,466,51374
challenge,S2A,S2A_39XWB_20200829_0_L2A_11.tif,0.05357604401284939,0.11755342099100177,0.04152738303856745,2935,54133
challenge,S2A,S2A_39XWB_20200829_0_L2A_21.tif,0.094803939903996,0.05894049618280217,0.08043478260869565,6083,64164
challenge,S2A,S2A_39XWB_20200829_0_L2A_24.tif,0.16017819741347783,0.3720700598714677,0.0066844919786096255,30079,4818
challenge,S2A,S2A_39XWB_20200829_0_L2A_25.tif,0.09043551062807176,0.053902411026479136,0.2588431345086989,5833,64499
challenge,S2A,S2A_39XWB_20200829_0_L2A_26.tif,0.04850786760716223,0.38861456620975665,0.045541244293949984,3355,15969
challenge,S2A,S2A_39XWB_20200829_0_L2A_28.tif,0.14912,0.5334015577982787,0.2680787688234321,6148,1034
challenge,S2A,S2A_39XWB_20200829_0_L2A_30.tif,0.04069882866785785,0.48336850175031626,0.1002167421980387,389,4853
challenge,S2A,S2A_39XWB_20200829_0_L2A_35.tif,0.0,0.4529266357421875,0.0,1959,4211
challenge,S2A,S2A_39XWB_20200829_0_L2A_37.tif,0.013502904694614539,0.41062820407608763,0.02425578831312018,456,12454
challenge,S2A,S2A_39XWB_20200829_0_L2A_8.tif,0.002093110361997929,0.15499438605155413,0.00784991945346889,127,45355
challenge,S2A,S2A_39XXA_20200829_0_L2A_2.tif,0.12450231575526123,0.199507710135782,0.08200425538491657,6131,49226
challenge,S2A,S2A_39XXA_20200829_0_L2A_3.tif,0.47476346639526557,0.39201911980349213,0.17706025744176954,28335,49913
challenge,S2A,S2A_39XXA_20200829_0_L2A_6.tif,0.00714272530961038,0.09071775016650913,0.008177570093457945,389,54179
challenge,S2A,S2A_40XDF_20200829_0_L2A_10.tif,0.003468208092485549,0.43593860439735566,0.027874292406792896,3143,5537
challenge,S2A,S2A_40XDF_20200829_0_L2A_15.tif,0.7654867256637168,0.8811086703391066,0.8548168249660787,865,731
challenge,S2A,S2A_40XDF_20200829_0_L2A_16.tif,0.10594434686142183,0.14870671511549172,0.10365610646147408,5765,54050
challenge,S2A,S2A_40XDF_20200829_0_L2A_6.tif,0.15301176231314192,0.37176824554974064,0.022639318885448918,29501,4514
challenge,S2A,S2A_40XDF_20200829_0_L2A_7.tif,0.060186245324784365,0.13534784357547608,0.0817254567132215,4085,51473
challenge,S2A,S2A_40XDH_20200811_0_L2A_27.tif,0.19073340535349897,0.5426511726284282,0.22886374018496652,5500,4420
challenge,S2A,S2A_40XDH_20200811_0_L2A_29.tif,0.0008566044200788076,0.4114254636421427,0.008059873344847437,131,11553
challenge,S2A,S2A_40XDH_20200811_0_L2A_30.tif,0.4644385242593041,0.6767352616612915,0.363430296075642,12044,6096
challenge,S2A,S2A_40XDH_20200811_0_L2A_33.tif,0.8014224293808012,0.8465119209701488,0.3528469952096055,19990,24842
challenge,S2A,S2A_40XDH_20200811_0_L2A_37.tif,0.02050734428801813,0.16235522799198493,0.008964955175224125,941,45886
challenge,S2A,S2A_40XDH_20200811_0_L2A_45.tif,0.1919191919191919,0.1117344500351576,0.3149567461610284,12264,63846
challenge,S2A,S2A_40XDH_20200811_0_L2A_54.tif,0.008058438170328714,0.3732128207794317,0.040859088528025146,2222,15166
challenge,S2A,S2A_40XDH_20200811_0_L2A_55.tif,0.7940963922397021,0.8609123158443442,0.6017827918111438,17468,14806
challenge,S2A,S2A_40XDH_20200811_0_L2A_61.tif,0.01981079294033874,0.21230822550795678,0.006635700066357,779,39322
challenge,S2A,S2A_40XDH_20200811_0_L2A_68.tif,0.5938883671004964,0.6703840029142589,0.17777971253492167,29551,17966
challenge,S2A,S2A_40XDH_20200811_0_L2A_75.tif,0.0,0.3415679931640625,0.0,1220,19546
challenge,S2A,S2A_40XDH_20200811_0_L2A_9.tif,0.3039535602651736,0.4732409147666299,0.27117810282938376,29098,8864
challenge,S2A,S2A_40XDH_20200811_2_L2A_16.tif,0.22910486826033852,0.544325125276251,0.2083367486956864,2934,11154
challenge,S2A,S2A_40XDH_20200811_2_L2A_30.tif,0.4803486401420386,0.6861413582020612,0.4191718181048353,12044,6299
challenge,S2A,S2A_40XDH_20200811_2_L2A_33.tif,0.8100924184182546,0.8542654717730953,0.3700277520814061,19990,24274
challenge,S2A,S2A_40XDH_20200811_2_L2A_37.tif,0.0018717032499574614,0.45617431022856514,0.010676156583629894,941,4947
challenge,S2A,S2A_40XDH_20200811_2_L2A_45.tif,0.19767348058275924,0.13219572234978366,0.26064904560796825,12264,61969
challenge,S2A,S2A_40XDH_20200811_2_L2A_64.tif,0.026426537937863596,0.39240815754040426,0.08295585274662066,508,16077
challenge,S2A,S2A_40XDH_20200811_2_L2A_66.tif,0.004391743522178305,0.4329702701976349,0.009474182851729039,2571,6577
challenge,S2A,S2A_40XDH_20200811_2_L2A_68.tif,0.5422547014850323,0.6328068483113978,0.16395331055171813,29551,16456
challenge,S2A,S2A_40XDH_20200811_2_L2A_70.tif,0.011433556800440812,0.34083709331743206,0.05065234075211052,955,21072
challenge,S2A,S2A_40XDJ_20200811_0_L2A_16.tif,0.6001934102369275,0.7491881259498181,0.4266342368390845,14287,8879
challenge,S2A,S2A_40XDJ_20200811_0_L2A_19.tif,0.04953527219771277,0.17377986266197423,0.062103929024081114,2406,46601
challenge,S2A,S2A_40XDJ_20200811_0_L2A_20.tif,0.06334123547736134,0.14799727937616203,0.019701660568533633,3233,51041
challenge,S2A,S2A_40XDJ_20200811_0_L2A_23.tif,0.7427063073075855,0.8639879308677342,0.6153120652660866,3589,2683
challenge,S2A,S2A_40XDJ_20200811_0_L2A_28.tif,0.08994408112975073,0.394087349028372,0.047465691583561447,3099,19901
challenge,S2A,S2A_40XDJ_20200811_0_L2A_29.tif,0.00798315641722958,0.41759842365135297,0.021224448543345886,368,11122
challenge,S2A,S2A_40XDJ_20200811_0_L2A_48.tif,0.021658310310720012,0.2898464276164931,0.029174833978927554,2302,27652
challenge,S2A,S2A_40XDJ_20200811_0_L2A_5.tif,0.008142958676007717,0.12912713298043882,0.0661764705882353,1001,48645
challenge,S2A,S2A_40XDJ_20200811_0_L2A_51.tif,0.7723471114334058,0.7459579768696329,0.29754315597223074,37230,36092
challenge,S2A,S2A_40XDJ_20200811_0_L2A_57.tif,0.19110200144682904,0.5430967779591106,0.2708943187861859,1954,7925
challenge,S2A,S2A_40XDJ_20200811_0_L2A_63.tif,0.00407000407000407,0.052329047612066484,0.0,240,58968
challenge,S2A,S2A_40XDJ_20200811_0_L2A_7.tif,0.018472610955617752,0.41526187779233303,0.1084086633704573,1035,11701
challenge,S2A,S2A_40XDJ_20200811_0_L2A_8.tif,0.15663319372256143,0.4444669684655862,0.23191433794724473,4181,18740
challenge,S2A,S2A_40XDJ_20200811_1_L2A_17.tif,0.13237606837606838,0.4664317448798581,0.22666182346531058,9471,7090
challenge,S2A,S2A_40XDJ_20200811_1_L2A_19.tif,0.04828268667793675,0.1588851481305625,0.05476482672144705,2406,48442
challenge,S2A,S2A_40XDJ_20200811_1_L2A_20.tif,0.06533556979164562,0.16149785728399033,0.020161290322580645,3233,49483
challenge,S2A,S2A_40XDJ_20200811_1_L2A_29.tif,0.0042726062898368,0.39357578386274966,0.012400556201417858,368,13970
challenge,S2A,S2A_40XDJ_20200811_1_L2A_30.tif,0.12614967797133825,0.25782644953225875,0.19004266870709674,5924,41461
challenge,S2A,S2A_40XDJ_20200811_1_L2A_35.tif,0.026385713402953717,0.3921957595259712,0.08410606564728687,508,16102
challenge,S2A,S2A_40XDJ_20200811_1_L2A_48.tif,0.0015059484965614176,0.348927187297467,0.01907922024056408,2302,17649
challenge,S2A,S2A_40XDJ_20200811_1_L2A_49.tif,0.0036017091340238474,0.16115075896471748,0.003032092931679464,162,44700
challenge,S2A,S2A_40XDJ_20200811_1_L2A_54.tif,0.042891813684308784,0.36276475482333587,0.34137166278318976,1352,20993
challenge,S2A,S2A_40XDJ_20200811_1_L2A_56.tif,0.011840636676857379,0.3499823780088324,0.05201565136231468,955,19896
challenge,S2A,S2A_40XDJ_20200811_1_L2A_8.tif,0.17121455323702514,0.4613612550579376,0.20887506006563766,4181,17709
challenge,S2A,S2A_40XDJ_20200812_1_L2A_63.tif,0.004061944656004062,0.051429097787448246,0.0,240,59085
challenge,S2A,S2A_40XDJ_20200818_0_L2A_35.tif,0.03179901616303584,0.4313412486529114,0.11687028603098872,508,11238
challenge,S2A,S2A_40XDJ_20200818_0_L2A_40.tif,0.028610108303249098,0.43179075617097473,0.10700354292667215,395,11002
challenge,S2A,S2A_40XDJ_20200818_0_L2A_44.tif,0.022261187771594113,0.3136770897596732,0.03138081537421962,601,26217
challenge,S2A,S2A_40XDJ_20200818_0_L2A_48.tif,0.0862358070234274,0.3934928878219936,0.14543630892678033,2302,20371
challenge,S2A,S2A_40XDJ_20200818_0_L2A_54.tif,0.047756041426927506,0.3700199482002936,0.287832064001329,1352,20500
challenge,S2A,S2A_40XDJ_20200818_0_L2A_7.tif,0.016458684654300167,0.3965694146177829,0.06495283432896701,1035,14034
challenge,S2A,S2A_40XDJ_20200818_1_L2A_24.tif,0.0032992967922165495,0.18523043709318315,0.06703910614525138,225,41436
challenge,S2A,S2A_40XDJ_20200829_0_L2A_14.tif,0.006093011688634668,0.3809003522332656,0.03310997240835632,628,15554
challenge,S2A,S2A_40XDJ_20200829_0_L2A_15.tif,0.475425667090216,0.6458595709343073,0.6049428767230237,19323,9706
challenge,S2A,S2A_40XDJ_20200829_0_L2A_16.tif,0.3273927607401867,0.4772679248363718,0.3509173880244351,14287,26529
challenge,S2A,S2A_40XDJ_20200829_0_L2A_17.tif,0.050939191340337475,0.43359952663663814,0.2731827582900738,9471,3733
challenge,S2A,S2A_40XDJ_20200829_0_L2A_18.tif,0.012009237875288684,0.06061331190738244,0.01723489382074343,702,58455
challenge,S2A,S2A_40XDJ_20200829_0_L2A_19.tif,0.026412454084309953,0.38492387988544735,0.021659913397435303,2406,15198
challenge,S2A,S2A_40XDJ_20200829_0_L2A_20.tif,0.0523401706357558,0.0564013743408784,0.02920317062995411,3233,61769
challenge,S2A,S2A_40XDJ_20200829_0_L2A_24.tif,0.002266491709411905,0.3095298310194153,0.03686150605581885,225,24981
challenge,S2A,S2A_40XDJ_20200829_0_L2A_25.tif,0.09267499309540614,0.3098620342660472,0.14259393084756522,3266,32341
challenge,S2A,S2A_40XDJ_20200829_0_L2A_26.tif,0.10768951938444302,0.09488713257357745,0.1813580364817114,6665,60564
challenge,S2A,S2A_40XDJ_20200829_0_L2A_27.tif,0.0,0.3245849609375,0.0,11967,11025
challenge,S2A,S2A_40XDJ_20200829_0_L2A_28.tif,0.09053786022634465,0.3602844344797082,0.051888306408473306,3099,24942
challenge,S2A,S2A_40XDJ_20200829_0_L2A_29.tif,0.0,0.4114837646484375,0.0,368,11234
challenge,S2A,S2A_40XDJ_20200829_0_L2A_30.tif,0.06640714449278681,0.4065414621432494,0.045777963425771874,5924,12704
challenge,S2A,S2A_40XDJ_20200829_0_L2A_35.tif,0.012849341471249599,0.43596025835944774,0.023767082590612002,508,8951
challenge,S2A,S2A_40XDJ_20200829_0_L2A_36.tif,0.11748200110762415,0.36706925535703244,0.2216302153678811,24082,6185
challenge,S2A,S2A_40XDJ_20200829_0_L2A_37.tif,0.5938431671635582,0.6759035279688386,0.24510904470693362,27666,18310
challenge,S2A,S2A_40XDJ_20200829_0_L2A_44.tif,0.00010241704219582139,0.4255642931323743,0.0,601,9164
challenge,S2A,S2A_40XDJ_20200829_0_L2A_45.tif,0.06925828245240073,0.11710620842013249,0.01581771156189214,3835,55357
challenge,S2A,S2A_40XDJ_20200829_0_L2A_48.tif,0.07590005373455132,0.3763219195381298,0.04236157288090817,2302,21725
challenge,S2A,S2A_40XDJ_20200829_0_L2A_49.tif,0.0,0.40831756591796875,0.0,162,11855
challenge,S2A,S2A_40XDJ_20200829_0_L2A_53.tif,0.020767335445265753,0.40377892530605436,0.07287135643217839,6557,7943
challenge,S2A,S2A_40XDJ_20200829_0_L2A_54.tif,0.051592745008382866,0.42985748969687093,0.1309582976590724,1352,12447
challenge,S2A,S2A_40XDJ_20200829_0_L2A_56.tif,0.012610650555009133,0.2906694414534562,0.08459582564772958,955,27872
challenge,S2A,S2A_40XDJ_20200829_0_L2A_59.tif,0.2772445820433437,0.5632599253955621,0.2295889075022218,3931,12571
challenge,S2A,S2A_40XDJ_20200829_0_L2A_63.tif,0.004099480732440558,0.05559053919003797,0.0,240,58544
challenge,S2A,S2A_40XDJ_20200829_0_L2A_64.tif,0.0,0.42807769775390625,0.0,751,8676
challenge,S2A,S2A_40XEH_20200829_0_L2A_3.tif,0.45776928178519877,0.39849099251378417,0.12498350519350765,23723,51011
challenge,S2A,S2A_40XEH_20200829_0_L2A_9.tif,0.031647689216342936,0.3372810844970261,0.03841463414634146,1121,23523
challenge,S2A,S2A_40XEH_20200829_1_L2A_10.tif,0.01952163207879001,0.2952750432750485,0.07937674555343231,955,28030
challenge,S2A,S2A_40XEH_20200829_1_L2A_13.tif,0.0003942228434218543,0.2873623155422756,0.015696796914304877,621,27293
challenge,S2A,S2A_40XEH_20200829_1_L2A_18.tif,0.1577602725143709,0.2764696176304506,0.04524358562713447,17175,31767
challenge,S2A,S2A_40XEH_20200829_1_L2A_2.tif,0.6810103743797925,0.8100155946950267,0.4391881049209791,11060,7574
challenge,S2A,S2A_40XEH_20200829_1_L2A_25.tif,0.0018924260902476976,0.3197457427514957,0.016764711184285637,3697,20127
challenge,S2A,S2A_40XEH_20200829_1_L2A_26.tif,0.018255426022416314,0.1034711348382891,0.039244661530304904,1006,53322
challenge,S2A,S2A_40XEH_20200829_1_L2A_27.tif,0.0071497484666804495,0.06109856090891339,0.0,415,58044
challenge,S2A,S2A_40XEH_20200829_1_L2A_30.tif,0.004682080924855492,0.37080792610905516,0.016167358813209264,88,17293
challenge,S2A,S2A_40XEH_20200829_1_L2A_35.tif,0.02387973818600302,0.3027432973825563,0.04216785855985755,694,27776
challenge,S2A,S2A_40XEH_20200829_1_L2A_6.tif,0.3330276911791674,0.4668249729687931,0.1572632402040336,22920,20694
challenge,S2A,S2A_40XEH_20200829_1_L2A_8.tif,0.030906233630172867,0.27177933750837513,0.03245070422535211,32397,1059
challenge,S2A,S2A_40XEJ_20200811_0_L2A_1.tif,0.01223196157084138,0.35336436872213284,0.051228107646305,955,19485
challenge,S2A,S2A_40XEJ_20200811_0_L2A_16.tif,0.08881010817198437,0.38675037194324735,0.04827153156991804,3605,20351
challenge,S2A,S2A_40XEJ_20200811_0_L2A_47.tif,6.738090425173506e-05,0.16035749677870942,0.004919108001749015,85,44441
challenge,S2A,S2A_40XEJ_20200811_0_L2A_48.tif,0.01672111065741119,0.13627130520895342,0.02505556406145108,838,48961
challenge,S2A,S2A_40XEJ_20200811_0_L2A_51.tif,0.0002815473844247987,0.36467816820778515,0.00040112314480545525,435,17329
challenge,S2A,S2A_40XEJ_20200811_0_L2A_53.tif,0.017027684466581722,0.3784442551574808,0.03859111791730475,480,17080
challenge,S2A,S2A_40XEJ_20200811_0_L2A_54.tif,0.005980184577588854,0.031110584570045386,0.1128996821583935,456,61785
challenge,S2A,S2A_40XEJ_20200811_0_L2A_55.tif,0.031707508024739685,0.4209066474118263,0.04910448444871971,443,12735
challenge,S2A,S2A_40XEJ_20200811_0_L2A_59.tif,0.534945054945055,0.7507060224489149,0.11838117311463718,3105,3879
challenge,S2A,S2A_40XEJ_20200811_0_L2A_60.tif,0.019689278572527304,0.11469334960372397,0.006809649914151849,1049,51983
challenge,S2A,S2A_40XEJ_20200811_0_L2A_61.tif,0.08382299239783554,0.3229179871290728,0.040884535300862515,3555,29093
challenge,S2A,S2A_40XEJ_20200811_0_L2A_9.tif,0.010691474590391558,0.12167418322346939,0.0,539,50414
challenge,S2A,S2A_40XEJ_20200818_1_L2A_109.tif,0.1756637946193072,0.5515116469106577,0.2334150872298651,2727,3959
challenge,S2A,S2A_40XEJ_20200818_1_L2A_125.tif,0.10674805018650389,0.45041445534871616,0.1340202519491834,1732,14587
challenge,S2A,S2A_40XEJ_20200818_1_L2A_126.tif,0.04510115935439873,0.3598476173569217,0.08292432931282462,1167,21820
challenge,S2A,S2A_40XEJ_20200818_1_L2A_135.tif,0.5865522981857171,0.6295481612498264,0.1743992487445621,25625,30604
challenge,S2A,S2A_40XEJ_20200818_1_L2A_52.tif,0.0007080224388649856,0.3603421070025926,0.004951516401898081,435,17939
challenge,S2A,S2A_40XEJ_20200818_1_L2A_55.tif,0.004694619597735536,0.3371044696851654,0.010722312720374457,3279,18550
challenge,S2A,S2A_40XEJ_20200818_1_L2A_63.tif,0.015410090906018721,0.2838651560860764,0.07919572096670306,3429,26618
challenge,S2A,S2A_40XEJ_20200818_1_L2A_65.tif,0.11110087517273146,0.3217977323956296,0.05568744763704307,3710,32473
challenge,S2A,S2A_40XEJ_20200818_1_L2A_72.tif,0.016395926779003516,0.25852491161628843,0.1741631107344245,6292,27245
challenge,S2A,S2A_40XEJ_20200829_0_L2A_12.tif,0.056703418882609095,0.3700453280505843,0.04737506985568636,1634,21176
challenge,S2A,S2A_40XEJ_20200829_0_L2A_14.tif,0.03123285731981384,0.08637743287812523,0.03211707018285558,1781,56495
challenge,S2A,S2A_40XEJ_20200829_0_L2A_17.tif,0.05694061638687046,0.41199422234696237,0.045002971894370386,3605,13268
challenge,S2A,S2A_40XEJ_20200829_0_L2A_2.tif,0.030154369440083727,0.049492809916298855,0.01206341911764706,1844,61152
challenge,S2A,S2A_40XEJ_20200829_0_L2A_25.tif,0.01873767258382643,0.12422344874662475,0.026620206594028584,957,50693
challenge,S2A,S2A_40XEJ_20200829_0_L2A_30.tif,0.0,0.47467803955078125,0.0,123,3196
challenge,S2A,S2A_40XEJ_20200829_0_L2A_33.tif,0.02038587550054605,0.4484425400021394,0.0323076923076923,2660,5749
challenge,S2A,S2A_40XEJ_20200829_0_L2A_34.tif,0.08960500718937664,0.09809854104550922,0.041913799920917365,5297,59115
challenge,S2A,S2A_40XEJ_20200829_0_L2A_35.tif,0.029500194545647482,0.08516094464552995,0.0385765801023118,1669,56541
challenge,S2A,S2A_40XEJ_20200829_0_L2A_39.tif,0.0010901162790697674,0.3956550228836627,0.021572387344199428,206,13569
challenge,S2A,S2A_40XEJ_20200829_0_L2A_4.tif,0.2345890410958904,0.523529393236492,0.19749164020450966,3931,14815
challenge,S2A,S2A_40XEJ_20200829_0_L2A_41.tif,0.01162065823756014,0.028762388246370375,0.01385481310434406,727,62561
challenge,S2A,S2A_40XEJ_20200829_0_L2A_44.tif,0.002691065662002153,0.31737858563300503,0.008404918610976607,225,23994
challenge,S2A,S2A_40XEJ_20200829_0_L2A_47.tif,0.004524053762592388,0.21275251093979936,0.017448200654307525,3642,34549
challenge,S2A,S2A_40XEJ_20200829_0_L2A_50.tif,0.0,0.30246734619140625,0.0,137,25754
challenge,S2A,S2A_40XEJ_20200829_0_L2A_51.tif,0.0011254551473022178,0.38542055507407086,0.013582342954159594,297,14825
challenge,S2A,S2A_40XEJ_20200829_0_L2A_52.tif,0.00020053140823181431,0.34793796331749566,0.0015099752741548858,435,19516
challenge,S2A,S2A_40XEJ_20200829_0_L2A_53.tif,0.0,0.4832000732421875,0.0,607,1595
challenge,S2A,S2A_40XEJ_20200829_0_L2A_56.tif,0.0,0.49167633056640625,0.0,480,611
challenge,S2A,S2A_40XEJ_20200829_0_L2A_6.tif,0.0155668358714044,0.351658966130875,0.007376117278416076,2078,18929
challenge,S2A,S2A_40XEJ_20200829_0_L2A_60.tif,0.0,0.492767333984375,0.0,443,505
challenge,S2A,S2A_40XEJ_20200829_0_L2A_7.tif,0.0040871238568825465,0.05422899442047754,0.0,240,58721
challenge,S2A,S2A_40XEJ_20200829_0_L2A_75.tif,0.1445819867065065,0.4612484856353715,0.029308676827430893,3551,15219
challenge,S2A,S2A_40XEJ_20200829_0_L2A_8.tif,0.0,0.470458984375,0.0,751,3121
challenge,S2A,S2A_40XEJ_20200829_0_L2A_80.tif,0.039832285115303984,0.3749279559523429,0.05837716003005259,3105,17231
challenge,S2A,S2A_40XEJ_20200829_0_L2A_81.tif,0.030015392508978965,0.4861093639657049,0.018638363965829664,1049,2966
challenge,S2A,S2A_40XEJ_20200829_0_L2A_9.tif,0.008344428275071989,0.01141870243699597,0.0,539,64594
challenge,S2A,S2A_40XEK_20200802_0_L2A_60.tif,0.0002781297320683581,0.2532942528038308,0.0,2251,30117
challenge,S2A,S2A_40XEK_20200802_0_L2A_61.tif,0.0511841782182638,0.1895390871958767,0.21258301000151586,2554,44538
challenge,S2A,S2A_40XEK_20200802_0_L2A_62.tif,0.018312261689745132,0.35903567849643536,0.08566391498431002,390,19907
challenge,S2A,S2A_41XMD_20200818_1_L2A_110.tif,0.39520333680917624,0.6931508803081442,0.3163298042990055,451,887
challenge,S2A,S2A_41XMD_20200818_1_L2A_113.tif,0.00013418316001341833,0.04520810000388657,0.008061561011359472,8,59620
challenge,S2A,S2A_42SVD_20200913_0_L2A_1.tif,0.00250842674610018,0.30689631992241473,0.0026723677177979688,83,25495
challenge,S2A,S2A_42SVD_20200913_0_L2A_2.tif,0.005756744092643417,0.27564319672045423,0.0069793310020429085,267,29783
challenge,S2A,S2A_42SVD_20200913_1_L2A_1.tif,0.002564388449102464,0.2963086961262727,0.003208617429668252,83,26893
challenge,S2A,S2A_42SVD_20200913_1_L2A_2.tif,0.0065433130975317165,0.29419368360060505,0.010111223458038424,267,27422
challenge,S2A,S2A_42SVD_20200913_1_L2A_3.tif,0.0046465061354418035,0.20568948365451611,0.010208040556269237,197,38938
challenge,S2A,S2A_42SVD_20200923_0_L2A_3.tif,0.005667442566541848,0.27737937053060907,0.00831013371327058,197,29614
challenge,S2A,S2A_42SVE_20200903_0_L2A_12.tif,0.004836388515346687,0.17958523593773335,0.009031174921121949,221,42371
challenge,S2A,S2A_42SVE_20200903_0_L2A_13.tif,0.00738654650788542,0.029785440993697156,0.0,459,62140
challenge,S2A,S2A_42SVE_20200903_0_L2A_14.tif,0.06236132589255698,0.08005977529383454,0.0,3710,59492
challenge,S2A,S2A_42SVE_20200903_0_L2A_15.tif,0.041221908356873234,0.22044034043855212,0.010640758732361786,1649,40003
challenge,S2A,S2A_42SVE_20200903_0_L2A_16.tif,0.0029006013441811107,0.17825766312297953,0.013161659513590844,126,42402
challenge,S2A,S2A_42SVE_20200903_0_L2A_19.tif,0.014717425431711145,0.27592645385834397,0.01839634513740056,742,30284
challenge,S2A,S2A_42SVE_20200903_0_L2A_2.tif,0.011623234990242223,0.2414290654077894,0.003403997806312525,416,34833
challenge,S2A,S2A_42SVE_20200903_0_L2A_21.tif,0.035339660339660336,0.27777789799170455,0.04222319561234121,1534,31630
challenge,S2A,S2A_42SVE_20200903_0_L2A_22.tif,0.00847752506880081,0.022007993303631176,0.0,536,63226
challenge,S2A,S2A_42SVE_20200903_0_L2A_23.tif,0.008618531631083932,0.07817098069856222,0.015222951526917508,522,55886
challenge,S2A,S2A_42SVE_20200903_0_L2A_24.tif,0.009655688622754491,0.09784537737812593,0.0,516,53440
challenge,S2A,S2A_42SVE_20200903_0_L2A_3.tif,0.03779300754866905,0.36934034784998104,0.01835664583824235,796,20101
challenge,S2A,S2A_42SVE_20200903_0_L2A_5.tif,0.04529583844484288,0.1220444600232324,0.02408367616868311,2491,52894
challenge,S2A,S2A_42SVE_20200903_0_L2A_6.tif,0.011705732448402364,0.23487556348148794,0.0073932648169963856,477,35650
challenge,S2A,S2A_42SVE_20200903_0_L2A_7.tif,0.017601964870497172,0.1000844628501735,0.04354801741920697,1103,53587
challenge,S2A,S2A_42SWE_20200910_0_L2A_104.tif,0.027324017581840845,0.2845149831506874,0.0016271186440677966,835,30484
challenge,S2A,S2A_42SWE_20200910_0_L2A_159.tif,0.005524042561079598,0.2976447961440448,0.00819234194122885,165,26957
challenge,S2A,S2A_42SWE_20200910_0_L2A_161.tif,0.013733349051043262,0.37874851762614486,0.048604798263472436,393,16806
challenge,S2A,S2A_42SWE_20200910_1_L2A_116.tif,0.0018088634308109737,0.1974399321431215,0.0036175403105848753,98,39778
challenge,S2A,S2A_42SWE_20200910_1_L2A_183.tif,0.011930028755306039,0.06080854990411086,0.04548286604361371,853,58268
challenge,S2A,S2A_42SWE_20200910_1_L2A_5.tif,0.0022561257512713822,0.08873163397662324,0.0005062009617818274,122,54075
challenge,S2A,S2A_42SWE_20200913_0_L2A_101.tif,0.020893735620358768,0.10416921680659348,0.0,1117,53461
challenge,S2A,S2A_42SWE_20200913_0_L2A_103.tif,0.008728032153834029,0.11789388872067287,0.015447858006954892,563,50636
challenge,S2A,S2A_42SWE_20200913_0_L2A_104.tif,0.0020699852143913258,0.42377024407632485,0.009144773190573262,196,9970
challenge,S2A,S2A_42SWE_20200913_0_L2A_105.tif,0.00254292343387471,0.09042420105545936,0.0,137,53875
challenge,S2A,S2A_42SWE_20200913_0_L2A_106.tif,0.0022006625650733552,0.17893447702768894,0.0,93,42260
challenge,S2A,S2A_42SWE_20200913_0_L2A_119.tif,0.040902995082700046,0.3544450909552557,0.03268927026931558,1124,22161
challenge,S2A,S2A_42SWE_20200913_0_L2A_120.tif,0.011053162492219862,0.15119490378805792,0.0011876484560570072,515,46593
challenge,S2A,S2A_42SWE_20200913_0_L2A_121.tif,0.008057983372415263,0.14695848614582885,0.020088626292466764,505,46783
challenge,S2A,S2A_42SWE_20200913_0_L2A_123.tif,0.011455906234554825,0.07418542533821536,0.036911615306468,696,56605
challenge,S2A,S2A_42SWE_20200913_0_L2A_124.tif,0.0047357164680721054,0.05310571011199551,0.016284233900814214,330,58863
challenge,S2A,S2A_42SWE_20200913_0_L2A_134.tif,0.025097773534936717,0.2679760278808628,0.025221002216391106,835,32453
challenge,S2A,S2A_42SWE_20200913_0_L2A_135.tif,0.0026371214668766923,0.07040721750007392,0.02881034361604947,151,56499
challenge,S2A,S2A_42SWE_20200913_0_L2A_136.tif,0.029998740304846228,0.09302626896092175,0.058194375982569685,1928,55308
challenge,S2A,S2A_42SWE_20200913_0_L2A_147.tif,0.024961425027832575,0.12403880644774554,0.038736741888936825,1361,51116
challenge,S2A,S2A_42SWE_20200913_0_L2A_148.tif,0.01874550787699839,0.11822192771620126,0.03103585756646981,1047,51397
challenge,S2A,S2A_42SWE_20200913_0_L2A_150.tif,0.03992714025500911,0.4185833153112308,0.03509392123150097,730,13543
challenge,S2A,S2A_42SWE_20200913_0_L2A_156.tif,0.015363461362178019,0.09262253256059069,0.03667289598046647,993,54390
challenge,S2A,S2A_42SWE_20200913_0_L2A_160.tif,0.025063705168676075,0.1133602807508957,0.03269480868375472,1606,52298
challenge,S2A,S2A_42SWE_20200913_0_L2A_164.tif,0.019457301423651478,0.16401564664370405,0.02498854641055126,963,45511
challenge,S2A,S2A_42SWE_20200913_0_L2A_166.tif,0.04176441102756892,0.14428850624030645,0.04733761532105044,2301,49657
challenge,S2A,S2A_42SWE_20200913_0_L2A_173.tif,0.02803626247122026,0.1992061934413988,0.03943995267205679,1356,41509
challenge,S2A,S2A_42SWE_20200913_0_L2A_174.tif,0.008873368445156859,0.10534184934990089,0.030979966930184163,627,52242
challenge,S2A,S2A_42SWE_20200913_0_L2A_179.tif,0.03601300004779429,0.2030007994819552,0.029765453625063276,1520,41833
challenge,S2A,S2A_42SWE_20200913_0_L2A_182.tif,0.008417593956946632,0.05412500110215296,0.04019099309539349,520,59020
challenge,S2A,S2A_42SWE_20200913_0_L2A_183.tif,0.01143517607711981,0.1968319093183927,0.02310673657064107,556,40573
challenge,S2A,S2A_42SWE_20200913_0_L2A_185.tif,0.014861319340329835,0.10146399145892973,0.0,793,53360
challenge,S2A,S2A_42SWE_20200913_0_L2A_186.tif,0.010689010005694298,0.03671829313151745,0.01839324221677313,683,61439
challenge,S2A,S2A_42SWE_20200913_0_L2A_187.tif,0.014209701369410988,0.13855272028545804,0.009979004927858902,736,48441
challenge,S2A,S2A_42SWE_20200913_0_L2A_188.tif,0.0014105631539477912,0.07350116284253755,0.0,79,56006
challenge,S2A,S2A_42SWE_20200913_0_L2A_191.tif,0.0081825563721918,0.1384648870159011,0.0,393,48029
challenge,S2A,S2A_42SWE_20200913_0_L2A_193.tif,0.03839047864569906,0.16812306564169374,0.046128625977089624,2222,46113
challenge,S2A,S2A_42SWE_20200913_0_L2A_196.tif,0.05211524560256101,0.3109987367933457,0.04983902615586841,1831,28734
challenge,S2A,S2A_42SWE_20200913_0_L2A_197.tif,0.034387286117725235,0.24597082288901784,0.1418550658634021,1605,35755
challenge,S2A,S2A_42SWE_20200913_0_L2A_198.tif,0.032037628682996096,0.08816580717073343,0.04564042740028074,2005,56140
challenge,S2A,S2A_42SWE_20200913_0_L2A_199.tif,0.005869678282190356,0.19557944319322462,0.016915728511460407,299,40315
challenge,S2A,S2A_42SWE_20200913_0_L2A_200.tif,0.0,0.49671173095703125,0.01515151515151515,103,328
challenge,S2A,S2A_42SWE_20200913_0_L2A_201.tif,0.038074621163886414,0.4611407181573988,0.05743937707254725,1628,6524
challenge,S2A,S2A_42SWE_20200913_0_L2A_203.tif,0.11082032828525795,0.1689069940270327,0.11767531898659056,6167,51559
challenge,S2A,S2A_42SWE_20200913_0_L2A_208.tif,0.012101529122929111,0.11240571757332714,0.0,626,51729
challenge,S2A,S2A_42SWE_20200913_0_L2A_209.tif,0.0023891070086041266,0.04463192447673031,0.006188118811881188,156,59842
challenge,S2A,S2A_42SWE_20200913_0_L2A_210.tif,0.01014627393118021,0.08693804716734758,0.016686531585220498,557,54897
challenge,S2A,S2A_42SWE_20200913_0_L2A_213.tif,0.014936090765474652,0.0834448010701755,0.019059178921025446,853,55683
challenge,S2A,S2A_42SWE_20200913_0_L2A_214.tif,0.009777857883116298,0.16732633485842707,0.015430409552410367,725,44095
challenge,S2A,S2A_42SWE_20200913_0_L2A_96.tif,0.006467549966314844,0.1642042261847268,0.004145793746761099,288,44530
challenge,S2A,S2A_42SWE_20200913_1_L2A_100.tif,0.00536267715987046,0.2842496601363269,0.01206896551724138,209,28662
challenge,S2A,S2A_42SWE_20200913_1_L2A_101.tif,0.020514233241505968,0.09630315893746079,0.0,1117,54450
challenge,S2A,S2A_42SWE_20200913_1_L2A_102.tif,0.012039790037807876,0.09117710833579667,0.011474437862157273,672,54470
challenge,S2A,S2A_42SWE_20200913_1_L2A_103.tif,0.008720296490080662,0.1201813968624669,0.017071007542638274,563,50334
challenge,S2A,S2A_42SWE_20200913_1_L2A_104.tif,0.001418622646376064,0.44162499236095987,0.008290646374322684,196,7569
challenge,S2A,S2A_42SWE_20200913_1_L2A_105.tif,0.0024916792463124966,0.08192750142226632,0.0,137,54983
challenge,S2A,S2A_42SWE_20200913_1_L2A_106.tif,0.0020864180912639656,0.16119784743323648,0.0,93,44574
challenge,S2A,S2A_42SWE_20200913_1_L2A_117.tif,0.0024978957943037118,0.22055858667228784,0.004265349646424964,92,36831
challenge,S2A,S2A_42SWE_20200913_1_L2A_120.tif,0.011299063165054081,0.1591153349383659,0.002018367140982945,515,45579
challenge,S2A,S2A_42SWE_20200913_1_L2A_121.tif,0.0076612463167085015,0.15510008699205832,0.019898481727836488,505,45661
challenge,S2A,S2A_42SWE_20200913_1_L2A_123.tif,0.011524183190527297,0.07280020753059141,0.03895337399173717,696,56796
challenge,S2A,S2A_42SWE_20200913_1_L2A_135.tif,0.002635194910309259,0.09619343083945947,0.02604146053808465,151,53116
challenge,S2A,S2A_42SWE_20200913_1_L2A_136.tif,0.031103166496424924,0.06888784657050602,0.05738569847811794,1928,58639
challenge,S2A,S2A_42SWE_20200913_1_L2A_147.tif,0.0247314321044903,0.11959305668969535,0.03953883235772551,1361,51675
challenge,S2A,S2A_42SWE_20200913_1_L2A_148.tif,0.01889097926647142,0.11769027758899916,0.02752494864004149,1047,51486
challenge,S2A,S2A_42SWE_20200913_1_L2A_149.tif,0.006259707252788629,0.17964279984977413,0.005273441461419367,267,42493
challenge,S2A,S2A_42SWE_20200913_1_L2A_150.tif,0.03976042719007072,0.4174950477875413,0.03974398251264769,730,13679
challenge,S2A,S2A_42SWE_20200913_1_L2A_151.tif,0.005356186395286556,0.08998612740663693,0.016651756668835394,360,54073
challenge,S2A,S2A_42SWE_20200913_1_L2A_155.tif,0.017760180995475112,0.17363430278789524,0.0,785,44200
challenge,S2A,S2A_42SWE_20200913_1_L2A_156.tif,0.013975242782275485,0.10189903020704094,0.04214787581333489,993,52988
challenge,S2A,S2A_42SWE_20200913_1_L2A_159.tif,0.002961300765155974,0.08689556434051297,0.03657853810264385,182,54347
challenge,S2A,S2A_42SWE_20200913_1_L2A_160.tif,0.02515830584309711,0.11217578267750176,0.032411286654667484,1606,52467
challenge,S2A,S2A_42SWE_20200913_1_L2A_164.tif,0.01934637665318614,0.16273346581650042,0.026125541591456313,963,45667
challenge,S2A,S2A_42SWE_20200913_1_L2A_166.tif,0.041914608002243996,0.1440973960508036,0.047052822214654455,2301,49702
challenge,S2A,S2A_42SWE_20200913_1_L2A_172.tif,0.012918600275931268,0.2038647537606414,0.06631662291119723,619,39761
challenge,S2A,S2A_42SWE_20200913_1_L2A_173.tif,0.027404571295974012,0.18805548275776868,0.04406568281022656,1356,42920
challenge,S2A,S2A_42SWE_20200913_1_L2A_174.tif,0.009189148053727027,0.10431326494042631,0.030603542082076073,627,52418
challenge,S2A,S2A_42SWE_20200913_1_L2A_175.tif,0.026824391869376876,0.4238455384685002,0.03182351038887542,1427,10899
challenge,S2A,S2A_42SWE_20200913_1_L2A_179.tif,0.037268783965697765,0.2171166143091711,0.04014744077999295,1520,40089
challenge,S2A,S2A_42SWE_20200913_1_L2A_180.tif,0.014647419815508125,0.1132100584573936,0.02010341661431402,976,51601
challenge,S2A,S2A_42SWE_20200913_1_L2A_181.tif,0.004513476473275468,0.0850501643880568,0.011638622478582888,268,54704
challenge,S2A,S2A_42SWE_20200913_1_L2A_182.tif,0.00859016282340184,0.05438811682666963,0.03337548249700519,520,59008
challenge,S2A,S2A_42SWE_20200913_1_L2A_183.tif,0.010855035722516709,0.17561118035261317,0.018699282606139008,556,43305
challenge,S2A,S2A_42SWE_20200913_1_L2A_185.tif,0.014776305737231446,0.09905057197183922,0.0,793,53667
challenge,S2A,S2A_42SWE_20200913_1_L2A_186.tif,0.010785876037909922,0.051014191466938565,0.027362439664975584,683,59575
challenge,S2A,S2A_42SWE_20200913_1_L2A_187.tif,0.014070130493955647,0.12712822767968956,0.008458986731001206,736,49931
challenge,S2A,S2A_42SWE_20200913_1_L2A_188.tif,0.001395932359125687,0.06900998781208496,0.0,79,56593
challenge,S2A,S2A_42SWE_20200913_1_L2A_189.tif,0.0029407519665151185,0.07878058050194264,0.014942591880459264,165,55426
challenge,S2A,S2A_42SWE_20200913_1_L2A_191.tif,0.008248423095584668,0.14329836152092917,0.005150214592274678,393,47401
challenge,S2A,S2A_42SWE_20200913_1_L2A_193.tif,0.037522853862834306,0.16379600377669165,0.04341203351104341,2222,46581
challenge,S2A,S2A_42SWE_20200913_1_L2A_198.tif,0.03195016946047449,0.10180873158250713,0.046313560123291034,2005,54324
challenge,S2A,S2A_42SWE_20200913_1_L2A_199.tif,0.005890281036290121,0.19796811142166726,0.016168836694749385,299,40003
challenge,S2A,S2A_42SWE_20200913_1_L2A_200.tif,0.0019981555487242546,0.35229761053158765,0.006244132480405214,103,19454
challenge,S2A,S2A_42SWE_20200913_1_L2A_201.tif,0.03918067226890756,0.449404801398484,0.05376332706094517,1628,8265
challenge,S2A,S2A_42SWE_20200913_1_L2A_203.tif,0.11154633845664406,0.18295502685272547,0.12403408872181859,6167,49736
challenge,S2A,S2A_42SWE_20200913_1_L2A_204.tif,0.020091309673416796,0.030839767450091933,0.017179670722977807,1263,62863
challenge,S2A,S2A_42SWE_20200913_1_L2A_208.tif,0.011573945680107974,0.09397831469801116,0.0,626,54087
challenge,S2A,S2A_42SWE_20200913_1_L2A_209.tif,0.0024554638189878217,0.03835284852288801,0.0054900166661220225,156,60674
challenge,S2A,S2A_42SWE_20200913_1_L2A_210.tif,0.01031500583344136,0.09393233786339576,0.01685224195004514,557,53999
challenge,S2A,S2A_42SWE_20200913_1_L2A_213.tif,0.015481163639113093,0.10534244840793364,0.022213096393638467,853,52869
challenge,S2A,S2A_42SWE_20200913_1_L2A_214.tif,0.009681913164615742,0.17734053427852556,0.016208512400024914,725,42762
challenge,S2A,S2A_42SWE_20200913_1_L2A_79.tif,0.03038329300904113,0.21933972788089406,0.06500810472536267,1451,39007
challenge,S2A,S2A_43SGV_20200825_0_L2A_3.tif,0.02241612208389617,0.30498366869420773,0.03371404437881508,625,27380
challenge,S2A,S2A_43SGV_20200825_1_L2A_2.tif,0.01133573630047537,0.36079424791722736,0.018822439972017976,289,19071
challenge,S2A,S2A_43SGV_20200825_2_L2A_2.tif,0.011453696667028553,0.366339171333897,0.017158765671442946,289,18344
challenge,S2A,S2A_43SGV_20200825_3_L2A_4.tif,0.01059986366734833,0.05810826285625789,0.05380025432847501,639,58663
challenge,S2A,S2A_43SGV_20200825_3_L2A_6.tif,0.0032460621541081313,0.2152776004352954,0.007544384763622944,127,37579
challenge,S2A,S2A_43SGV_20200901_1_L2A_10.tif,0.004063680260075537,0.18333404616987498,0.015214723926380368,176,41828
challenge,S2A,S2A_43SGV_20200901_1_L2A_9.tif,0.02007464676086377,0.2263440705208854,0.03272457817912363,753,37510
challenge,S2A,S2A_43SGV_20200914_1_L2A_4.tif,0.010926701480447408,0.06334292301842777,0.05964982046573645,639,58018
challenge,S2A,S2A_43SGV_20200921_1_L2A_2.tif,0.02395964691046658,0.06541815185068005,0.12813261823500732,1425,58663
challenge,S2A,S2A_44RNV_20200915_0_L2A_39.tif,0.02848235794246847,0.3558625425305954,0.07735734709732002,778,20996
challenge,S2A,S2A_44RPU_20200905_1_L2A_26.tif,0.5627195183140994,0.7675904639743281,0.33857550308984313,2290,3939
challenge,S2A,S2A_44RPU_20200905_1_L2A_51.tif,0.0023317242007468804,0.08250912286358283,0.02285857649608686,136,54887
challenge,S2A,S2A_44RPU_20200905_1_L2A_56.tif,0.6218506642235456,0.7977848217728734,0.45894315627912075,3058,4023
challenge,S2A,S2A_44RPU_20200905_1_L2A_83.tif,0.008268012455707076,0.3628718851547753,0.005764711099286063,154,18626
challenge,S2A,S2A_44RPU_20200905_2_L2A_8.tif,0.017839696037633437,0.0884396001489484,0.043340616960192965,1039,55217
challenge,S2A,S2A_44RPV_20200905_0_L2A_18.tif,0.015339317091703471,0.3486982878068886,0.023748192244981352,323,21057
challenge,S2A,S2A_44RPV_20200905_0_L2A_24.tif,0.018079627886372445,0.23574018229853355,0.03561388335072609,775,35996
challenge,S2A,S2A_44RPV_20200905_0_L2A_33.tif,0.0022168405365126675,0.091727066797446,0.0,119,53680
challenge,S2A,S2A_44RPV_20200905_0_L2A_93.tif,0.11266311339827238,0.4426370341941517,0.068925893652268,2673,15489
challenge,S2A,S2A_44RPV_20200905_1_L2A_18.tif,0.015860467414397946,0.35521996766411074,0.023215246292169367,323,20237
challenge,S2A,S2A_44RPV_20200905_1_L2A_19.tif,0.00979965655409273,0.17278242334984847,0.017458290668245058,487,43616
challenge,S2A,S2A_44RPV_20200905_1_L2A_9.tif,0.1582731727117219,0.3375133361935692,0.10542212997312557,5754,34196
challenge,S2A,S2A_44RPV_20200905_1_L2A_92.tif,0.003517941501658458,0.04647317336540842,0.0,210,59694
challenge,S2A,S2A_44RPV_20200905_1_L2A_93.tif,0.10091399109444575,0.3991388187490278,0.0533266360884565,2673,20815
challenge,S2A,S2A_44RPV_20200915_0_L2A_26.tif,0.008036450224379522,0.17169483782983955,0.001977359236739335,351,43676
challenge,S2A,S2A_44RPV_20200915_0_L2A_43.tif,0.007957811720550158,0.18372308156310171,0.049961180124223604,501,41931
challenge,S2A,S2A_44RQT_20200912_0_L2A_97.tif,0.003770372172220871,0.2514418423571311,0.006156213928434013,126,32886
challenge,S2A,S2A_44RQU_20200905_1_L2A_5.tif,0.02343911574786865,0.18236714916911692,0.0,1020,43517
challenge,S2A,S2A_44RQU_20200915_0_L2A_9.tif,0.007732463876565646,0.0761297568683925,0.0,434,56127
challenge,S2A,S2A_44RQU_20200915_1_L2A_14.tif,0.007047138140554338,0.22941278815057498,0.0036634509708145073,254,36043
challenge,S2A,S2A_44RQV_20200915_0_L2A_5.tif,0.02876038728367767,0.11643089100388922,0.05904690688445132,1511,52466
challenge,S2A,S2A_44RQV_20200915_1_L2A_6.tif,0.051577084003862246,0.34234470971133446,0.08534986163966365,1296,24842
challenge,S2A,S2A_44SKE_20200825_0_L2A_8.tif,0.0016608191990699413,0.13349204489652838,0.0,80,48169
challenge,S2A,S2A_44SKE_20200825_3_L2A_1.tif,0.023097395602306572,0.27366544444889196,0.007971303308090873,733,31558
challenge,S2A,S2A_44SKE_20200911_1_L2A_14.tif,0.005123754527095816,0.04563321056622004,0.019470404984423675,321,59903
challenge,S2A,S2A_44SKE_20200911_1_L2A_4.tif,0.08272528698238601,0.386577211531848,0.13302983974446478,1791,21506
challenge,S2A,S2A_44SKE_20200911_1_L2A_58.tif,0.13273531968703076,0.3898795693920623,0.023894470772611313,3372,25293
challenge,S2A,S2A_44SLC_20200829_1_L2A_11.tif,0.32650488496690827,0.5349239132129854,0.22582228767795778,22206,7257
challenge,S2A,S2A_44SLD_20200918_1_L2A_12.tif,0.00578383206788745,0.16187593797122637,0.025367506200721906,259,44780
challenge,S2A,S2A_44SLE_20200901_0_L2A_14.tif,0.0038195004029008862,0.02860234886299197,0.001490312965722802,237,62050
challenge,S2A,S2A_44SLE_20200918_1_L2A_3.tif,0.01977296181630547,0.14217611514891584,0.033763620551472466,974,48434
challenge,S2A,S2A_44SMC_20200829_1_L2A_1.tif,0.5177130262859365,0.6087445344491846,0.3509091956450776,30852,15974
challenge,S2A,S2A_44SMC_20200829_1_L2A_16.tif,0.19433015837231585,0.2086576868104513,0.2516479990361135,10453,53120
challenge,S2A,S2A_44SMC_20200829_1_L2A_17.tif,0.0038718530982993255,0.035052819610299144,0.0,237,61211
challenge,S2A,S2A_44SMC_20200829_1_L2A_18.tif,0.0019539730785931393,0.39571664063262724,0.026592322539137896,232,13613
challenge,S2A,S2A_44SMC_20200829_1_L2A_27.tif,0.01030591138367747,0.08536167382999907,0.03062948880439375,569,55113
challenge,S2A,S2A_44SMC_20200829_1_L2A_33.tif,0.0148799522049214,0.09991900728922601,0.027145254624322514,797,53562
challenge,S2A,S2A_44SMC_20200829_1_L2A_7.tif,0.5342865773839492,0.6829360204667907,0.15664814866168128,19843,10631
challenge,S2A,S2A_44SMC_20200901_0_L2A_4.tif,0.005235602094240838,0.16949883983316175,0.024188736402441822,231,43737
challenge,S2A,S2A_44SMC_20200908_1_L2A_18.tif,0.0037541668015146122,0.030497076050518424,0.0,232,61798
challenge,S2A,S2A_44SMD_20200928_1_L2A_81.tif,0.01142597363236854,0.255417555640138,0.014824421165606448,377,32995
challenge,S2A,S2A_44SMD_20200928_1_L2A_85.tif,0.006769194228371237,0.24725977320287307,0.053879710921356176,242,33668
challenge,S2A,S2A_44SME_20200901_1_L2A_17.tif,0.022533711852377573,0.16972934817665375,0.02225774468343417,1025,45079
challenge,S2A,S2A_44SMF_20200829_0_L2A_2.tif,0.008804208575244638,0.2255926644520067,0.03735888897912776,408,36602
challenge,S2A,S2A_44SMF_20200829_0_L2A_3.tif,0.0013463971709437757,0.030389177990541173,0.020007695267410537,189,61540
challenge,S2A,S2A_44SMF_20200829_1_L2A_1.tif,0.003947158274202013,0.16802317906366496,0.014628716807123548,175,43827
challenge,S2A,S2A_44SMF_20200829_1_L2A_4.tif,0.015976988134506855,0.02014864535224583,0.06080082267497911,1025,63964
challenge,S2A,S2A_44SMF_20200901_0_L2A_3.tif,0.004283231759551607,0.19093156707391298,0.01673640167364017,189,40843
challenge,S2A,S2A_44SND_20200908_1_L2A_45.tif,0.06357522677510166,0.34441474529179117,0.011586805134207304,1628,25574
challenge,S2A,S2A_44SND_20200928_1_L2A_2.tif,0.01104179480420584,0.24641624570394918,0.015498532420172554,377,34143
challenge,S2A,S2A_44SND_20200928_1_L2A_24.tif,0.07888493475682087,0.5156489941135107,0.09355246523388115,268,3370
challenge,S2A,S2A_44SNE_20200918_0_L2A_101.tif,0.012753497877692187,0.1192498976435173,0.029571163962897037,649,50888
challenge,S2A,S2A_44SNE_20200918_0_L2A_106.tif,0.197279307037177,0.3636058657094343,0.3125081385506869,6956,34234
challenge,S2A,S2A_44SNE_20200918_0_L2A_3.tif,0.004831261101243339,0.3954397033800956,0.017531619528077427,149,13994
challenge,S2A,S2A_44SNE_20200918_0_L2A_33.tif,0.004233490341158298,0.10237855733948628,0.0,222,52439
challenge,S2A,S2A_44SNE_20200918_0_L2A_6.tif,0.007606527005842953,0.07598990436670375,0.04865070315469403,429,56134
challenge,S2A,S2A_45UVQ_20200905_0_L2A_122.tif,0.0013429373702844585,0.37581265988091717,0.005336297943301835,82,16322
challenge,S2A,S2A_45UVQ_20200905_0_L2A_13.tif,0.05477266133377544,0.16477840927658993,0.03413226510837975,2656,48241
challenge,S2A,S2A_45UVQ_20200905_0_L2A_14.tif,0.029939009313442677,0.14764119605693668,0.0751399879351336,1482,48503
challenge,S2A,S2A_45UVQ_20200905_0_L2A_18.tif,0.05259129674174502,0.25386277407042607,0.08392694960745496,2179,36329
challenge,S2A,S2A_45UVQ_20200905_0_L2A_19.tif,0.15834620476610767,0.3240096271760967,0.09689607579155206,5964,36033
challenge,S2A,S2A_45UVQ_20200905_0_L2A_25.tif,0.015571591340676035,0.1477746842162808,0.006574621959237344,738,47394
challenge,S2A,S2A_45UVR_20200921_0_L2A_25.tif,0.056399733806566106,0.2602555501888489,0.11320639432560053,2246,35852
challenge,S2A,S2A_45UVR_20200921_0_L2A_26.tif,0.027061411646213788,0.22903872721348123,0.05639810426540284,1121,37629
challenge,S2A,S2A_45UVR_20200921_1_L2A_24.tif,0.0031526419139238683,0.07828108373598919,0.020413122721749694,175,55509
challenge,S2A,S2A_45UVR_20200921_1_L2A_29.tif,0.0054699057852526664,0.111263035031926,0.009021125536372703,281,51372
challenge,S2A,S2A_45UVR_20200921_1_L2A_3.tif,0.004173133298844629,0.2813879501241605,0.019524253966652375,151,28965
challenge,S2A,S2A_45UWQ_20200905_1_L2A_241.tif,0.008148003004474054,0.037085979299490895,0.06883162725026473,597,61144
challenge,S2A,S2A_45UWQ_20200905_1_L2A_59.tif,0.011926410504687906,0.1842858513749624,0.05558029749710519,634,42214
challenge,S2A,S2A_45UWQ_20200905_1_L2A_72.tif,0.013760836658868859,0.17576978632253532,0.006191950464396285,606,43596
challenge,S2A,S2A_45UWQ_20200928_1_L2A_82.tif,0.004751215862326973,0.09486664680864886,0.021364176328124283,271,53443
challenge,S2A,S2A_45UWQ_20200928_1_L2A_9.tif,0.025162718915654567,0.2883353803882752,0.054375449606586995,1249,29307
challenge,S2A,S2A_45UWR_20200915_1_L2A_157.tif,0.0021531038418636022,0.20723211392725696,0.0062364795073181194,101,38531
challenge,S2A,S2A_45UWR_20200915_1_L2A_161.tif,0.006912032715473174,0.16092631148997116,0.0032213529682466636,311,44994
challenge,S2A,S2A_45UXP_20200905_0_L2A_220.tif,0.005211646182571763,0.1312706924273969,0.0040713723917770615,258,48733
challenge,S2A,S2A_45UXP_20200905_0_L2A_227.tif,0.005147495545436547,0.15629798286505847,0.02361054446389324,248,45445
challenge,S2A,S2A_45UXP_20200912_1_L2A_104.tif,0.018452663189505294,0.31834434478075524,0.04265191816456142,553,25222
challenge,S2A,S2A_45UYP_20200905_0_L2A_55.tif,0.013374743275058859,0.050303653401644666,0.029756977895979482,813,59877
challenge,S2A,S2A_45UYP_20200905_0_L2A_57.tif,0.018792798338078016,0.11432367499425315,0.04622291487722593,993,51972
challenge,S2A,S2A_45UYP_20200905_0_L2A_6.tif,0.0116033510477826,0.1783599509405836,0.025751343845660246,564,43027
challenge,S2A,S2A_45UYP_20200905_0_L2A_78.tif,0.010026385224274407,0.10097651794596281,0.00257124491107778,532,53060
challenge,S2A,S2A_45UYP_20200905_0_L2A_80.tif,0.035867102944877924,0.15784518622943455,0.056939773332086996,1840,47546
challenge,S2A,S2A_45UYP_20200905_0_L2A_81.tif,0.0521426953172653,0.09126545100987338,0.0428929283106351,3125,57248
challenge,S2A,S2A_45UYP_20200905_0_L2A_92.tif,0.0035873847305059755,0.15551923655016112,0.011257755698172747,167,45433
challenge,S2A,S2A_45UYP_20200905_1_L2A_14.tif,0.06395782100007452,0.1274654409414008,0.03680040889343215,3510,53599
challenge,S2A,S2A_45UYP_20200905_1_L2A_29.tif,0.030446852332766186,0.1778075697714691,0.06987894707652904,1452,44576
challenge,S2A,S2A_45UYP_20200905_1_L2A_31.tif,0.003393046079754825,0.08370111370552392,0.027261785646959875,192,54812
challenge,S2A,S2A_45UYP_20200905_1_L2A_35.tif,0.011046047378227309,0.04732842509495901,0.019743929359823397,676,60100
challenge,S2A,S2A_45UYP_20200905_1_L2A_37.tif,0.007830384070346282,0.08450808044620148,0.013444624950983138,448,55025
challenge,S2A,S2A_45UYP_20200905_1_L2A_5.tif,0.006731431194064102,0.10495506267606985,0.0518103114866272,383,52261
challenge,S2A,S2A_45UYP_20200905_1_L2A_56.tif,0.02413713835342025,0.04823439816556537,0.03721465280267718,1470,60902
challenge,S2A,S2A_45UYP_20200905_1_L2A_57.tif,0.01888111888111888,0.11829379034322966,0.08579605791395788,993,51459
challenge,S2A,S2A_45UYP_20200905_1_L2A_6.tif,0.012034301361965843,0.18980280455966364,0.026348127400945432,564,41568
challenge,S2A,S2A_45UYP_20200905_1_L2A_73.tif,0.1666055334311465,0.3145412546416256,0.1517698886874543,6958,37569
challenge,S2A,S2A_45UYP_20200905_1_L2A_78.tif,0.009985172394376771,0.09927139980865844,0.0025236593059936906,532,53279
challenge,S2A,S2A_45UYP_20200905_1_L2A_80.tif,0.03523927905531386,0.1528589283190723,0.05755689075935059,1840,48131
challenge,S2A,S2A_45UYP_20200905_1_L2A_81.tif,0.05200152894572243,0.0897968727503663,0.0429453210098401,3125,57424
challenge,S2A,S2A_45UYP_20200905_1_L2A_9.tif,0.0017948983466224845,0.05892715940683612,0.0,104,57942
challenge,S2A,S2A_45UYP_20200905_1_L2A_92.tif,0.0035912933035518765,0.153772027977114,0.009495252373813092,167,45663
challenge,S2A,S2A_45UYP_20200905_1_L2A_96.tif,0.004088710413434334,0.08434929151244966,0.04089612742372334,299,54710
challenge,S2A,S2A_45UYQ_20200912_0_L2A_11.tif,0.02198856516290727,0.12326975492399318,0.10558545782705385,1213,50982
challenge,S2A,S2A_45UYQ_20200912_0_L2A_13.tif,0.7419718309859155,0.8674199926352365,0.7702933164592127,1774,1318
challenge,S2A,S2A_45UYQ_20200912_1_L2A_13.tif,0.7478897017445132,0.8704561346886629,0.756870109546166,1774,1332
challenge,S2A,S2A_45UYR_20200912_0_L2A_66.tif,0.01897960939516476,0.06707675548367026,0.08205073202123665,1153,58065
challenge,S2A,S2A_45UYR_20200912_0_L2A_67.tif,0.021997822741093884,0.10622294965281653,0.08032677950201306,1236,53214
challenge,S2A,S2A_45UYR_20200912_1_L2A_67.tif,0.021721958925750396,0.10688309778971077,0.0832152481230456,1236,53091
challenge,S2A,S2A_46RDS_20201222_0_L2A_1.tif,0.0019092849006048743,0.025481906005647377,0.0071599045346062064,119,62327
challenge,S2A,S2A_46RDS_20201222_0_L2A_100.tif,0.01210912127679317,0.1785404867466194,0.00340522133938706,522,43108
challenge,S2A,S2A_46RDS_20201222_0_L2A_101.tif,0.01992919014006101,0.16951503519317215,0.030936302908274153,921,44883
challenge,S2A,S2A_46RDS_20201222_0_L2A_102.tif,0.04432879417451763,0.15565866193003505,0.02401164319678277,2171,48598
challenge,S2A,S2A_46RDS_20201222_0_L2A_103.tif,0.01613412425435754,0.04952141045831793,0.010790407209414926,971,60183
challenge,S2A,S2A_46RDS_20201222_0_L2A_104.tif,0.011624477332269203,0.06669929814259376,0.0,670,57637
challenge,S2A,S2A_46RDS_20201222_0_L2A_106.tif,0.004160166406656267,0.19447544484816964,0.009326772875526,179,40372
challenge,S2A,S2A_46RDS_20201222_0_L2A_108.tif,0.17598311912526376,0.20691920584913698,0.13373219271880057,10292,51012
challenge,S2A,S2A_46RDS_20201222_0_L2A_109.tif,0.011611284071414957,0.02571151349624293,0.018397528126990116,733,62954
challenge,S2A,S2A_46RDS_20201222_0_L2A_110.tif,0.012429113546241419,0.1496259465472651,0.010558423275457533,589,46900
challenge,S2A,S2A_46RDS_20201222_0_L2A_111.tif,0.004797198981447799,0.1673584157938238,0.008755129958960328,212,43983
challenge,S2A,S2A_46RDS_20201222_0_L2A_112.tif,0.0015270466916982555,0.07618635874943348,0.0006756756756756757,85,55663
challenge,S2A,S2A_46RDS_20201222_0_L2A_113.tif,0.011233183118976349,0.04211451763846679,0.00422237860661506,683,60802
challenge,S2A,S2A_46RDS_20201222_0_L2A_114.tif,0.005177603853100542,0.18638115048214496,0.010600391947265277,217,41523
challenge,S2A,S2A_46RDS_20201222_0_L2A_116.tif,0.00918717750489923,0.08083349648024661,0.006564551422319475,512,55620
challenge,S2A,S2A_46RDS_20201222_0_L2A_119.tif,0.004727821918707729,0.27057714805257627,0.0043980208905992305,145,30457
challenge,S2A,S2A_46RDS_20201222_0_L2A_125.tif,0.015153277394699675,0.048977666179399845,0.0145985401459854,912,60185
challenge,S2A,S2A_46RDS_20201222_0_L2A_16.tif,0.013031775210084034,0.27572481006317,0.020164002827047695,479,30382
challenge,S2A,S2A_46RDS_20201222_0_L2A_19.tif,0.0019668390928938104,0.11325342382543706,0.023519153856360293,149,50794
challenge,S2A,S2A_46RDS_20201222_0_L2A_20.tif,0.00735956743766897,0.2506204034060808,0.02246416079609833,264,33271
challenge,S2A,S2A_46RDS_20201222_0_L2A_22.tif,0.038370959883059934,0.14708039871097345,0.05839447598133661,1962,49184
challenge,S2A,S2A_46RDS_20201222_0_L2A_25.tif,0.004723781479095733,0.2542278477307687,0.0015221320721381878,154,32601
challenge,S2A,S2A_46RDS_20201222_0_L2A_30.tif,0.009709404840962697,0.1727730584838798,0.03240708642741156,446,43647
challenge,S2A,S2A_46RDS_20201222_0_L2A_33.tif,0.0033390234294396817,0.09520817568852565,0.017011712682953567,189,53298
challenge,S2A,S2A_46RDS_20201222_0_L2A_39.tif,0.0068776460283216274,0.033287391634384426,0.0,424,61649
challenge,S2A,S2A_46RDS_20201222_0_L2A_43.tif,0.022301851377868782,0.0651063041005553,0.007146503318019398,1307,58605
challenge,S2A,S2A_46RDS_20201222_0_L2A_48.tif,0.018638573743922204,0.30447536868035724,0.13855431750221345,560,27094
challenge,S2A,S2A_46RDS_20201222_0_L2A_59.tif,0.013069908814589666,0.08064960605454427,0.0,731,55930
challenge,S2A,S2A_46RDS_20201222_0_L2A_78.tif,0.06494340063017855,0.1459980761853081,0.07482232629414479,3771,50982
challenge,S2A,S2A_46RDS_20201222_0_L2A_82.tif,0.0332073743272644,0.11957252533530441,0.006521739130434782,1759,52379
challenge,S2A,S2A_46RDS_20201222_0_L2A_88.tif,0.005331954277154626,0.07516317964635665,0.0,299,56077
challenge,S2A,S2A_46RDS_20201222_0_L2A_94.tif,0.014577208455830883,0.07213876573510986,0.0,833,57144
challenge,S2A,S2A_46RDS_20201222_0_L2A_97.tif,0.014844543300614091,0.03445159920582821,0.03938907072889714,928,62036
challenge,S2A,S2A_46RDS_20201222_1_L2A_102.tif,0.04399095741430928,0.15165812702828568,0.020989638295286394,2171,49090
challenge,S2A,S2A_46RDS_20201222_1_L2A_103.tif,0.01607216750806919,0.047693793039251045,0.01140392558207537,971,60415
challenge,S2A,S2A_46RDS_20201222_1_L2A_104.tif,0.0116704406897753,0.06847204086719517,0.0,670,57410
challenge,S2A,S2A_46RDS_20201222_1_L2A_106.tif,0.003530025271771832,0.1217007531499618,0.007033395958015062,179,49855
challenge,S2A,S2A_46RDS_20201222_1_L2A_109.tif,0.011619612256867936,0.024736399033083445,0.0160538088137314,733,63083
challenge,S2A,S2A_46RDS_20201222_1_L2A_110.tif,0.012466645319671257,0.15011649792772574,0.010162524744360808,589,46840
challenge,S2A,S2A_46RDS_20201222_1_L2A_111.tif,0.004784363520928756,0.1664488216379998,0.008805723720418272,212,44101
challenge,S2A,S2A_46RDS_20201222_1_L2A_113.tif,0.010971182574613679,0.030788969696940935,0.0010790396547073105,683,62254
challenge,S2A,S2A_46RDS_20201222_1_L2A_116.tif,0.00928158367021373,0.08440364862644545,0.005866777826667593,512,55163
challenge,S2A,S2A_46RDS_20201222_1_L2A_118.tif,0.009280311818477101,0.1768490726373152,0.03998010602583956,765,42737
challenge,S2A,S2A_46RDS_20201222_1_L2A_120.tif,0.0036575859932444586,0.1204384972183106,0.056166574445345605,192,50024
challenge,S2A,S2A_46RDS_20201222_1_L2A_122.tif,0.002149267831837506,0.1782921448029231,0.0,91,42340
challenge,S2A,S2A_46RDS_20201222_1_L2A_124.tif,0.0023068299413590895,0.1475105349022084,0.003950487226757967,107,46384
challenge,S2A,S2A_46RDS_20201222_1_L2A_125.tif,0.015100837831572672,0.047334400099247595,0.013745704467353952,912,60394
challenge,S2A,S2A_46RDS_20201222_1_L2A_13.tif,0.004005083375052952,0.10610797886607166,0.023094194376136,223,51919
challenge,S2A,S2A_46RDS_20201222_1_L2A_15.tif,0.0040858988977575065,0.10090855162888213,0.01640302219664246,222,52613
challenge,S2A,S2A_46RDS_20201222_1_L2A_16.tif,0.012994458245748138,0.2685811254501066,0.02370439228445271,479,31327
challenge,S2A,S2A_46RDS_20201222_1_L2A_19.tif,0.0020335933986429674,0.11101649103848275,0.025763233033164943,149,51096
challenge,S2A,S2A_46RDS_20201222_1_L2A_20.tif,0.007568249391837103,0.25069761038919713,0.02579293600506171,264,33285
challenge,S2A,S2A_46RDS_20201222_1_L2A_21.tif,0.005592140775126849,0.15002250542593837,0.022871859924273003,307,46267
challenge,S2A,S2A_46RDS_20201222_1_L2A_22.tif,0.04065361195076007,0.1764354743170886,0.0662358578089795,1962,45548
challenge,S2A,S2A_46RDS_20201222_1_L2A_23.tif,0.05999795751633987,0.2386527944768418,0.06087367064905134,2428,39090
challenge,S2A,S2A_46RDS_20201222_1_L2A_30.tif,0.009794765495091229,0.17104950390381385,0.03389207293190411,446,43885
challenge,S2A,S2A_46RDS_20201222_1_L2A_32.tif,0.001826127993105854,0.1292535532473971,0.008349362046892492,92,48734
challenge,S2A,S2A_46RDS_20201222_1_L2A_4.tif,0.06848259608411893,0.37373368382886146,0.017522652367521104,1522,22053
challenge,S2A,S2A_46RDS_20201222_1_L2A_5.tif,0.0037644129590657144,0.24496037615037325,0.01314655172413793,145,33719
challenge,S2A,S2A_46RDS_20201222_1_L2A_51.tif,0.003247650635710337,0.1707499052933885,0.011065399347425167,183,43374
challenge,S2A,S2A_46RDS_20201222_1_L2A_52.tif,0.04778156996587031,0.4032458628183688,0.14979149647332704,915,16277
challenge,S2A,S2A_46RDS_20201222_1_L2A_54.tif,0.0050820867490112024,0.15780242823960225,0.0,230,45257
challenge,S2A,S2A_46RDS_20201222_1_L2A_60.tif,0.007321685722712841,0.0643160015061947,0.02082675923004102,422,57637
challenge,S2A,S2A_46RDS_20201222_1_L2A_62.tif,0.009652577537098249,0.07145499912600523,0.007423324868138308,549,56876
challenge,S2A,S2A_46RDS_20201222_1_L2A_70.tif,0.007134661520809429,0.13855674696434986,0.0,342,47935
challenge,S2A,S2A_46RDS_20201222_1_L2A_71.tif,0.002878461390023478,0.02706770201407473,0.0,179,62186
challenge,S2A,S2A_46RDS_20201222_1_L2A_73.tif,0.015845513232540593,0.23690119248568492,0.0430114640271013,631,35719
challenge,S2A,S2A_46RDS_20201222_1_L2A_74.tif,0.0028489480066988776,0.10531968413364858,0.002585697399527187,148,51949
challenge,S2A,S2A_46RDS_20201222_1_L2A_75.tif,0.02017598056969981,0.1540676152983971,0.00971628449280995,950,46934
challenge,S2A,S2A_46RDS_20201222_1_L2A_76.tif,0.013791382465479953,0.048823148849381146,0.008310989304548289,834,60105
challenge,S2A,S2A_46RDS_20201222_1_L2A_82.tif,0.03117464359434381,0.12274470602745977,0.02469251274376841,1759,51694
challenge,S2A,S2A_46RDS_20201222_1_L2A_94.tif,0.01417413942724906,0.05937985366490963,0.0,833,58769
challenge,S2A,S2A_46RDS_20201222_1_L2A_97.tif,0.014913354377375508,0.034108898207105956,0.034703683929524824,928,62090
challenge,S2A,S2A_46RDS_20201222_1_L2A_98.tif,0.040759696614663624,0.15322172831299638,0.07678149926909147,2438,48196
challenge,S2A,S2A_46RES_20201222_0_L2A_14.tif,0.014073507638742008,0.03852691169538962,0.0,865,61463
challenge,S2A,S2A_46RES_20201222_0_L2A_15.tif,0.006262956901254774,0.15417593890212855,0.008608528954316925,296,45816
challenge,S2A,S2A_46RES_20201222_0_L2A_16.tif,0.012103163761543086,0.2283028224135477,0.010103051121438673,443,36602
challenge,S2A,S2A_46RES_20201222_0_L2A_17.tif,0.016243183663998143,0.114944270204696,0.014425992779783393,850,51704
challenge,S2A,S2A_46RES_20201222_0_L2A_24.tif,0.0281855249745158,0.3673851620379096,0.06018787296209229,606,19567
challenge,S2A,S2A_46RES_20201222_0_L2A_26.tif,0.01711918286518318,0.2178568987277102,0.036640422237246735,679,38356
challenge,S2A,S2A_46RES_20201222_0_L2A_27.tif,0.00320194738320382,0.09439528257250147,0.0034296913277804997,172,53404
challenge,S2A,S2A_46RES_20201222_0_L2A_29.tif,0.0019638931930380885,0.07766282757837668,0.004361098996947231,109,55502
challenge,S2A,S2A_46RES_20201222_0_L2A_32.tif,0.012417349211638635,0.07191330840602911,0.02226746495658589,720,57005
challenge,S2A,S2A_46RES_20201222_0_L2A_34.tif,0.01486235119047619,0.09838379928802583,0.032994222557146444,1174,53385
challenge,S2A,S2A_46RES_20201222_0_L2A_36.tif,0.0021073539385718437,0.18632770713017457,0.007084612499479072,89,41282
challenge,S2A,S2A_46RES_20201222_0_L2A_38.tif,0.0020427982987843677,0.04546142727792736,0.0,122,59722
challenge,S2A,S2A_46RES_20201222_0_L2A_39.tif,0.0033786450685991255,0.01850601522588892,0.03353552524823243,219,63334
challenge,S2A,S2A_46RES_20201222_0_L2A_4.tif,0.008967114729933667,0.07022750200164503,0.007403490216816498,512,56985
challenge,S2A,S2A_46RES_20201222_0_L2A_41.tif,0.024533199363643975,0.05769276752686889,0.01026769343601027,1465,59715
challenge,S2A,S2A_46RES_20201222_0_L2A_42.tif,0.001353714253482994,0.09499587215790366,0.0,72,53187
challenge,S2A,S2A_46RES_20201222_0_L2A_43.tif,0.021950179364322805,0.2094950630818923,0.018610336228055475,878,39860
challenge,S2A,S2A_46RES_20201222_0_L2A_44.tif,0.003604862886465211,0.08724014188094305,0.0025601170339215507,196,54371
challenge,S2A,S2A_46RES_20201222_0_L2A_45.tif,0.004611436362178202,0.12220281798815123,0.01720002340139238,240,49866
challenge,S2A,S2A_46RES_20201222_0_L2A_46.tif,0.01538195644659523,0.28888192628063275,0.015430475188497283,470,28905
challenge,S2A,S2A_46RES_20201222_0_L2A_47.tif,0.008388256440982624,0.14852054354653824,0.0,392,46732
challenge,S2A,S2A_46RES_20201222_0_L2A_48.tif,0.007535129997963478,0.05455721656906715,0.0,444,58924
challenge,S2A,S2A_46RES_20201222_0_L2A_49.tif,0.0033690733818611054,0.19184034947094247,0.0,137,40664
challenge,S2A,S2A_46RES_20201222_0_L2A_50.tif,0.011293851909366838,0.07397163009669525,0.020007020007020006,683,56625
challenge,S2A,S2A_46RES_20201222_0_L2A_53.tif,0.05572553019011009,0.2431060424391131,0.09414278603139657,2931,37441
challenge,S2A,S2A_46RES_20201222_0_L2A_54.tif,0.02770987538248517,0.0689046130413169,0.0,1621,58499
challenge,S2A,S2A_46RES_20201222_0_L2A_55.tif,0.003970579893739719,0.09878442046151946,0.0,210,52889
challenge,S2A,S2A_46RES_20201222_0_L2A_58.tif,0.020669018271174348,0.12719990538014087,0.03147835862844294,1086,50419
challenge,S2A,S2A_46RES_20201222_0_L2A_6.tif,0.0059248726152387726,0.18172204786292986,0.037839746631501116,765,41680
challenge,S2A,S2A_46RES_20201222_0_L2A_63.tif,0.01151395932215625,0.08376400607175333,0.018899927307971895,689,55360
challenge,S2A,S2A_46RES_20201222_0_L2A_66.tif,0.09950766900208294,0.39981846860893316,0.06332137532671658,2109,21117
challenge,S2A,S2A_46RES_20201222_0_L2A_7.tif,0.005263157894736842,0.2945327289351345,0.00463448275862069,145,27359
challenge,S2A,S2A_46RES_20201222_0_L2A_73.tif,0.01724106706267997,0.08850874113693889,0.0030361578802097712,952,55217
challenge,S2A,S2A_46RES_20201222_0_L2A_75.tif,0.005790948458860491,0.0539039871522004,0.005767524401064774,341,58885
challenge,S2A,S2A_46RES_20201222_0_L2A_8.tif,0.003810391600571559,0.13385984141174373,0.05800683288507669,192,48281
challenge,S2A,S2A_46RES_20201222_1_L2A_1.tif,0.011083883740932474,0.03572558796239722,0.0014584346135148273,683,61621
challenge,S2A,S2A_46RES_20201222_1_L2A_13.tif,0.002235033629945273,0.13608824844773487,0.004210821812056987,107,47874
challenge,S2A,S2A_46RES_20201222_1_L2A_14.tif,0.014079921868641654,0.038746599149285806,0.0,865,61435
challenge,S2A,S2A_46RES_20201222_1_L2A_15.tif,0.006362324544142726,0.15490160061983746,0.007069260268909115,296,45733
challenge,S2A,S2A_46RES_20201222_1_L2A_17.tif,0.01654264565145212,0.11907068593228204,0.014611137518739258,850,51198
challenge,S2A,S2A_46RES_20201222_1_L2A_18.tif,0.06127560106856634,0.2643195512526967,0.05650801359883439,2236,35902
challenge,S2A,S2A_46RES_20201222_1_L2A_19.tif,0.01331779590477776,0.370502012385126,0.009483429087533557,241,18020
challenge,S2A,S2A_46RES_20201222_1_L2A_2.tif,0.0013022154574665991,0.049582499897877344,0.0,77,59130
challenge,S2A,S2A_46RES_20201222_1_L2A_20.tif,0.004570935748167314,0.23746756555369575,0.014334507705134067,159,34785
challenge,S2A,S2A_46RES_20201222_1_L2A_23.tif,0.012542243800276073,0.18715376891824323,0.013874066168623266,535,42010
challenge,S2A,S2A_46RES_20201222_1_L2A_26.tif,0.01756501677852349,0.2199254800539243,0.03823971685181544,679,38135
challenge,S2A,S2A_46RES_20201222_1_L2A_28.tif,0.018603878576471077,0.14369240958526522,0.017551601211754614,896,48162
challenge,S2A,S2A_46RES_20201222_1_L2A_29.tif,0.001959057495641546,0.07661344135270866,0.003567560680384787,109,55639
challenge,S2A,S2A_46RES_20201222_1_L2A_38.tif,0.0020410211797771607,0.04506307028658959,0.0,122,59774
challenge,S2A,S2A_46RES_20201222_1_L2A_39.tif,0.003429962381057756,0.019091242309039573,0.03360309959625586,219,63264
challenge,S2A,S2A_46RES_20201222_1_L2A_4.tif,0.009044977564215807,0.07318944252226538,0.006505568252826926,512,56606
challenge,S2A,S2A_46RES_20201222_1_L2A_41.tif,0.0243987742322297,0.05505809074178013,0.010343553749538235,1465,60044
challenge,S2A,S2A_46RES_20201222_1_L2A_43.tif,0.021368354368695483,0.2000932308350383,0.01844148579597164,878,41041
challenge,S2A,S2A_46RES_20201222_1_L2A_45.tif,0.004606356772345837,0.12177918365368279,0.01873429836104797,240,49921
challenge,S2A,S2A_46RES_20201222_1_L2A_46.tif,0.014951742188778015,0.2761570124764017,0.011114494068821184,470,30552
challenge,S2A,S2A_46RES_20201222_1_L2A_48.tif,0.00749430331673559,0.05207106243081295,0.0,444,59245
challenge,S2A,S2A_46RES_20201222_1_L2A_49.tif,0.003320165765940431,0.18723631493544807,0.0,137,41263
challenge,S2A,S2A_46RES_20201222_1_L2A_5.tif,0.09981073456415385,0.1293935733341905,0.11238638471526619,7392,54204
challenge,S2A,S2A_46RES_20201222_1_L2A_53.tif,0.05553827006845053,0.24047065252799438,0.08415492617734818,2931,37779
challenge,S2A,S2A_46RES_20201222_1_L2A_54.tif,0.027731681864061726,0.0692753692117774,0.0,1621,58453
challenge,S2A,S2A_46RES_20201222_1_L2A_55.tif,0.0038227691411512,0.08305824799402109,0.0,210,54934
challenge,S2A,S2A_46RES_20201222_1_L2A_61.tif,0.06110668099712235,0.09384856231404552,0.16146995517466084,5193,56018
challenge,S2A,S2A_46RES_20201222_1_L2A_73.tif,0.01702432045779685,0.08295784337023374,0.005597823261295298,952,55920
challenge,S2A,S2A_46RES_20201222_1_L2A_75.tif,0.00583784153940971,0.05755501249453038,0.005181347150259068,341,58412
challenge,S2A,S2A_46RES_20201222_1_L2A_8.tif,0.0037899073120494335,0.1318527208245888,0.05238674283128783,192,48542
challenge,S2A,S2A_46RES_20201222_1_L2A_9.tif,0.0015385263867813185,0.13892364047521397,0.002610316967060286,73,47448
challenge,S2A,S2A_46UCA_20200922_0_L2A_37.tif,0.11000782331347415,0.4389352860524174,0.06596965128415569,1995,16450
challenge,S2A,S2A_46UCA_20200922_1_L2A_35.tif,0.0022563094783194133,0.08199252213352161,0.006036759553710991,124,54957
challenge,S2A,S2A_46UCV_20200922_2_L2A_27.tif,0.002354728446638815,0.09959967205674447,0.005448795913403065,124,52660
challenge,S2A,S2A_5VMF_20200820_0_L2A_1.tif,0.0031332120477056804,0.3509266573419333,0.0007981907675934548,62,19788
challenge,S2A,S2A_5VMF_20200820_0_L2A_104.tif,0.004166971269829666,0.2938660664181376,0.07069263538987111,260,27212
challenge,S2A,S2A_5VMF_20200820_0_L2A_105.tif,0.0008064516129032258,0.3585784673320694,0.0036708473539308656,183,18432
challenge,S2A,S2A_5VMF_20200820_0_L2A_11.tif,0.04466555920941113,0.07433513250847498,0.0,2635,58994
challenge,S2A,S2A_5VMF_20200820_0_L2A_13.tif,0.01946221174886383,0.14908818129502593,0.05879615070130197,985,47468
challenge,S2A,S2A_5VMF_20200820_0_L2A_14.tif,0.05079002324756689,0.3379154405932295,0.08288283100223871,1454,25214
challenge,S2A,S2A_5VMF_20200820_0_L2A_16.tif,0.00493429419245443,0.05274686201691079,0.0,291,58975
challenge,S2A,S2A_5VMF_20200820_0_L2A_2.tif,0.018832449759585746,0.26426412630451374,0.012965783186397108,615,32440
challenge,S2A,S2A_5VMF_20200820_0_L2A_24.tif,0.02700108299694792,0.2067685934545875,0.04641896626018259,1185,40540
challenge,S2A,S2A_5VMF_20200820_0_L2A_28.tif,0.006875589560842679,0.14016181637286398,0.04064422948551455,395,47638
challenge,S2A,S2A_5VMF_20200820_0_L2A_33.tif,0.11975333200716133,0.34550097967840787,0.08427910918508258,3766,30008
challenge,S2A,S2A_5VMF_20200820_0_L2A_4.tif,0.0028410558396611395,0.05847181977707614,0.0,165,58077
challenge,S2A,S2A_5VMF_20200820_0_L2A_44.tif,0.034657893977433414,0.25734604499135916,0.014329754037313925,1230,34624
challenge,S2A,S2A_5VMF_20200820_0_L2A_65.tif,0.005815894435366261,0.06903017710802896,0.006805293005671078,331,56913
challenge,S2A,S2A_5VMF_20200820_0_L2A_69.tif,0.005106348759599534,0.1235206692482168,0.0,254,49742
challenge,S2A,S2A_5VMF_20200820_0_L2A_70.tif,0.03543907977515542,0.31712032026661896,0.02308918656429239,968,26847
challenge,S2A,S2A_5VMF_20200820_0_L2A_77.tif,0.039758525736072865,0.16381806178099453,0.04975052945188269,1916,47171
challenge,S2A,S2A_5VMF_20200820_0_L2A_95.tif,0.8594859006330328,0.8989746888808041,0.34344442329751507,19341,19433
challenge,S2A,S2A_5VMF_20200820_1_L2A_13.tif,0.01949603790197476,0.14776925536865756,0.05643244055088623,985,47647
challenge,S2A,S2A_5VMF_20200820_1_L2A_16.tif,0.004955468896343852,0.05468863183494486,0.0,291,58723
challenge,S2A,S2A_5VMF_20200820_1_L2A_69.tif,0.005060769077505479,0.12006661198276486,0.0,254,50190
challenge,S2A,S2A_5VMF_20200909_0_L2A_3.tif,0.009155019329623178,0.14633313519280483,0.04596520071242636,779,46730
challenge,S2A,S2A_5VMF_20200909_0_L2A_38.tif,0.023839054463210885,0.09529308123369172,0.010581388513314912,1313,54820
challenge,S2A,S2A_5VMF_20200909_0_L2A_4.tif,0.0006409376001465,0.3337428307548365,0.005554647933344225,165,21692
challenge,S2A,S2A_5VMF_20200909_0_L2A_6.tif,0.04895323947583662,0.08883100329737816,0.045898144755687306,2859,57417
challenge,S2A,S2A_5VMF_20200909_0_L2A_69.tif,0.004073842403246243,0.026446406205146298,0.0,254,62349
challenge,S2A,S2A_5VMF_20200909_0_L2A_7.tif,0.13053407719160875,0.10206267248185436,0.30920258842772974,8278,61026
challenge,S2A,S2A_5VMF_20200909_0_L2A_70.tif,0.01786373366797077,0.09680821425066238,0.0,968,54188
challenge,S2A,S2A_5VMF_20200909_0_L2A_8.tif,0.18713892922240416,0.10103843748703742,0.17616313421303798,12115,64738
challenge,S2A,S2A_5VMF_20200909_0_L2A_84.tif,0.10578236806150569,0.2362086620520099,0.017548810837160377,4580,43171
challenge,S2A,S2A_5VMF_20200909_0_L2A_89.tif,0.15985103487789157,0.4872694451528343,0.19830143996515773,2613,13582
challenge,S2A,S2A_5VMF_20200909_0_L2A_9.tif,0.01450876999100109,0.024239079425758838,0.0,919,63341
challenge,S2A,S2A_5VMF_20200912_1_L2A_27.tif,0.015178013741411618,0.38684865185561995,0.046467520151730675,291,15962
challenge,S2A,S2A_5VMF_20200912_1_L2A_5.tif,0.022433290478314487,0.22320316369125293,0.037875059157595835,918,38050
challenge,S2A,S2A_5VMF_20200912_1_L2A_77.tif,0.09025685177213373,0.39571523793338886,0.061877656149388276,1916,20878
challenge,S2A,S2A_5VMG_20200820_0_L2A_148.tif,0.004189080920224333,0.16927125767278794,0.0,183,43685
challenge,S2A,S2A_5VMG_20200820_0_L2A_149.tif,0.0033194314409736997,0.053625556463664945,0.0,195,58745
challenge,S2A,S2A_5VMG_20200820_0_L2A_153.tif,0.004179414335664336,0.22330929023988452,0.011986047202018702,161,36600
challenge,S2A,S2A_5VMG_20200820_0_L2A_25.tif,0.002318571759795966,0.1394300039430533,0.004851172944315465,112,47441
challenge,S2A,S2A_5VMG_20200820_0_L2A_35.tif,0.005546075085324232,0.1635964534320156,0.01772015955814667,313,44470
challenge,S2A,S2A_5VMG_20200820_0_L2A_38.tif,0.01656428258007898,0.43972666220462236,0.020753158936166898,419,8848
challenge,S2A,S2A_5VMG_20200820_0_L2A_74.tif,0.01464451617982836,0.12100913301274416,0.00435097897026831,745,50803
challenge,S2A,S2A_5VMG_20200820_1_L2A_74.tif,0.014270937092943069,0.11002012845294003,0.007681768154354125,745,52204
challenge,S2A,S2A_5VMJ_20200905_0_L2A_12.tif,0.00201315259696685,0.21702069157322715,0.006811265649572126,83,37247
challenge,S2A,S2A_5VMJ_20200905_0_L2A_22.tif,0.003507787287778869,0.39330323243385984,0.011924478304074197,126,14178
challenge,S2A,S2A_5VMJ_20200905_0_L2A_27.tif,0.004559210002389106,0.11947990512216167,0.017497452576757205,367,50090
challenge,S2A,S2A_5VMJ_20200905_0_L2A_29.tif,0.01186633123316339,0.16453353790709135,0.013262075988537778,543,44907
challenge,S2A,S2A_5VMJ_20200905_0_L2A_32.tif,0.0028948080888018825,0.13539085710799714,0.002080794268898071,141,48015
challenge,S2A,S2A_5VMJ_20200905_0_L2A_53.tif,0.005096040768326146,0.15275781487744047,0.019552547471329198,279,45873
challenge,S2A,S2A_5VMJ_20200905_0_L2A_58.tif,0.0052117899668163185,0.11219850403211429,0.00028918449971081553,267,51230
challenge,S2A,S2A_5VMJ_20200905_0_L2A_60.tif,0.0034542314335060447,0.06902126937454305,0.00993280747881975,196,56742
challenge,S2A,S2A_5VMJ_20200905_0_L2A_63.tif,0.08533140166606303,0.23718361960984516,0.048541860903086,3627,41322
challenge,S2A,S2A_5VMJ_20200905_0_L2A_75.tif,0.009611106167126458,0.16292179786114985,0.0382511724012195,507,44873
challenge,S2A,S2A_5VMJ_20200905_0_L2A_76.tif,0.015764450746517642,0.23544460127561226,0.03490567767246595,627,35907
challenge,S2A,S2A_5VMJ_20200905_0_L2A_77.tif,0.026090420235012946,0.4004467728333777,0.051348793185044955,592,14864
challenge,S2A,S2A_5VMJ_20200905_0_L2A_79.tif,0.001999831946895219,0.04709649637303793,0.0,119,59505
challenge,S2A,S2A_5VMJ_20200905_0_L2A_80.tif,0.01631452259962557,0.023452072072072817,0.040353089533417395,1037,63563
challenge,S2A,S2A_5VMJ_20200905_0_L2A_82.tif,0.008120990996292592,0.1158276402418581,0.009665337682735291,427,50966
challenge,S2A,S2A_5VMJ_20200905_0_L2A_83.tif,0.03281728278785025,0.2613598219095955,0.03946551066819164,1204,33887
challenge,S2A,S2A_5VMJ_20200905_0_L2A_89.tif,0.0034028511768193653,0.20616139745557377,0.018903751213131356,364,38559
challenge,S2A,S2A_5VMJ_20200905_0_L2A_94.tif,0.008151045272047625,0.0636467206687603,0.01003167898627244,471,57784
challenge,S2A,S2A_5VMJ_20200905_0_L2A_95.tif,0.007048458149779736,0.3052058914570664,0.013723451656022576,204,26085
challenge,S2A,S2A_5VMJ_20200905_1_L2A_16.tif,0.0011114198388441233,0.143712816999014,0.0019954105557218396,56,46783
challenge,S2B,S2B_45UVQ_20200913_0_L2A_100.tif,0.01166596573351131,0.08940258439530815,0.03113218682089272,662,54665
challenge,S2B,S2B_45UVQ_20200913_0_L2A_128.tif,0.002771167334669339,0.014115276594093035,0.008656135035706558,181,63868
challenge,S2B,S2B_45UVQ_20200913_0_L2A_132.tif,0.018736406745819518,0.08257902759559721,0.03624443315084264,1291,55854
challenge,S2B,S2B_45UVQ_20200920_0_L2A_48.tif,0.009186003292093665,0.07409021006845942,0.020794581255233844,559,56459
challenge,S2B,S2B_45UVQ_20200920_0_L2A_50.tif,0.00020263424518743666,0.4248121542453086,0.003416092234490331,623,9249
challenge,S2B,S2B_45UVQ_20200920_1_L2A_21.tif,0.012349654323326072,0.10435773820290588,0.028160778037670812,662,52785
challenge,S2B,S2B_45UVQ_20200920_1_L2A_22.tif,0.018811998577243805,0.12499190291800379,0.10062024056878587,1128,50430
challenge,S2B,S2B_45UVQ_20200920_1_L2A_31.tif,0.01858023138832998,0.26895598681588334,0.05113370205701795,720,31679
challenge,S2B,S2B_45UVQ_20200920_1_L2A_57.tif,0.0073805488210431465,0.148853791406472,0.03101792876334366,400,46553
challenge,S2B,S2B_45UVR_20200903_1_L2A_118.tif,0.005631362356508555,0.29215492865454673,0.009448868333211255,197,27661
challenge,S2B,S2B_45UVR_20200903_1_L2A_158.tif,0.017151286346475985,0.2054838929804855,0.018515126082640686,1652,39031
challenge,S2B,S2B_45UVR_20200903_1_L2A_167.tif,0.017658220783569593,0.16900364124358802,0.05523482144168759,833,44753
challenge,S2B,S2B_45UVR_20200903_1_L2A_168.tif,0.10894909232221174,0.29396100150187293,0.06988590664005481,4227,35724
challenge,S2B,S2B_45UVR_20200903_1_L2A_174.tif,0.018215859030837004,0.1646967965972773,0.0,827,45400
challenge,S2B,S2B_45UVR_20200913_0_L2A_112.tif,0.006172946241765082,0.06217759142585807,0.007820986313273952,357,57833
challenge,S2B,S2B_45UVR_20200913_0_L2A_116.tif,0.01543663060278207,0.11411805578982888,0.03850247345611212,977,51582
challenge,S2B,S2B_45UWQ_20200920_0_L2A_16.tif,0.013439890316062924,0.08469373781441893,0.06595586412100174,830,55347
challenge,S2B,S2B_45UWQ_20200920_0_L2A_24.tif,0.01121318562550662,0.11123356533218984,0.031480732900500755,756,51639
challenge,S2B,S2B_45UWQ_20200920_1_L2A_14.tif,0.503693754197448,0.7461434843904229,0.635725037631711,1396,843
challenge,S2B,S2B_45UWQ_20200920_1_L2A_24.tif,0.01271428290263536,0.11983379424835883,0.020899551530456743,756,50699
challenge,S2B,S2B_46RDS_20201227_1_L2A_1.tif,0.004271203474390726,0.29009591786297306,0.003519964800351997,119,27861
challenge,S2B,S2B_46RDS_20201227_1_L2A_100.tif,0.009965255240349738,0.1061454540883202,0.005756776205325018,522,52382
challenge,S2B,S2B_46RDS_20201227_1_L2A_101.tif,0.019825624619821118,0.17346298553435996,0.030955882087282,921,44346
challenge,S2B,S2B_46RDS_20201227_1_L2A_102.tif,0.04514596775888522,0.1642165126230534,0.030265237390746734,2171,47556
challenge,S2B,S2B_46RDS_20201227_1_L2A_103.tif,0.016282864303857086,0.0552777845246209,0.015424134778936166,971,59446
challenge,S2B,S2B_46RDS_20201227_1_L2A_105.tif,0.005896081562461614,0.2552435843659516,0.008813388657429014,196,32560
challenge,S2B,S2B_46RDS_20201227_1_L2A_106.tif,0.0037987977922281065,0.16088878175570465,0.012093402709202762,179,44742
challenge,S2B,S2B_46RDS_20201227_1_L2A_108.tif,0.20401833063176641,0.242637271060268,0.11425462459194777,10292,49874
challenge,S2B,S2B_46RDS_20201227_1_L2A_109.tif,0.01172150599704958,0.030334173259307137,0.024183047063930055,733,62362
challenge,S2B,S2B_46RDS_20201227_1_L2A_11.tif,0.005767269946469538,0.2641643327010291,0.01217086015213575,181,31384
challenge,S2B,S2B_46RDS_20201227_1_L2A_110.tif,0.01263621353880022,0.16110859967294372,0.020288964033200123,589,45410
challenge,S2B,S2B_46RDS_20201227_1_L2A_112.tif,0.0015393809877392833,0.07959965489471914,0.0006455777921239509,85,55217
challenge,S2B,S2B_46RDS_20201227_1_L2A_113.tif,0.011453389901564569,0.051237311267683584,0.0029417944946417314,683,59633
challenge,S2B,S2B_46RDS_20201227_1_L2A_115.tif,0.001449329920192742,0.09550154819998699,0.0,77,53128
challenge,S2B,S2B_46RDS_20201227_1_L2A_120.tif,0.0036564191604534775,0.12867766717466955,0.05776248026707383,192,48942
challenge,S2B,S2B_46RDS_20201227_1_L2A_121.tif,0.0018030478919159236,0.19222333932258293,0.002936515335135639,73,40487
challenge,S2B,S2B_46RDS_20201227_1_L2A_122.tif,0.0020024205083067443,0.15449651165227393,0.0010649627263045792,91,45445
challenge,S2B,S2B_46RDS_20201227_1_L2A_124.tif,0.004872717336855048,0.3354461861149726,0.002348796241926013,107,21959
challenge,S2B,S2B_46RDS_20201227_1_L2A_125.tif,0.021990683991174306,0.20241228842111975,0.03519268934818533,912,40775
challenge,S2B,S2B_46RDS_20201227_1_L2A_15.tif,0.004153726708074534,0.10936077995181444,0.018918221687161403,222,51512
challenge,S2B,S2B_46RDS_20201227_1_L2A_18.tif,0.0029955947136563878,0.32864999384977134,0.006589471171063627,90,22678
challenge,S2B,S2B_46RDS_20201227_1_L2A_19.tif,0.002033563672260612,0.11476672452559893,0.023277327732773277,149,50604
challenge,S2B,S2B_46RDS_20201227_1_L2A_2.tif,0.6851282051282052,0.8353157867547467,0.6013526087647232,2292,2637
challenge,S2B,S2B_46RDS_20201227_1_L2A_35.tif,0.019201185117657112,0.10943011599935548,0.02727682273508541,1023,52641
challenge,S2B,S2B_46RDS_20201227_1_L2A_39.tif,0.08356873822975518,0.511921372229282,0.19234789880827932,424,4179
challenge,S2B,S2B_46RDS_20201227_1_L2A_48.tif,0.018376722817764167,0.3071635781852181,0.11978229216477453,560,26705
challenge,S2B,S2B_46RDS_20201227_1_L2A_50.tif,0.0016236316974807521,0.06389724897374993,0.0038305003591094086,93,57279
challenge,S2B,S2B_46RDS_20201227_1_L2A_51.tif,0.00374723612242523,0.17450076911283785,0.01246458923512748,183,42943
challenge,S2B,S2B_46RDS_20201227_1_L2A_52.tif,0.047285679194301156,0.4038732073827171,0.14565500295028166,915,16139
challenge,S2B,S2B_46RDS_20201227_1_L2A_53.tif,0.010245279936521273,0.1793779819963111,0.0048115477145148355,439,42849
challenge,S2B,S2B_46RDS_20201227_1_L2A_55.tif,0.0036544312228843005,0.0782587280171177,0.010244470314318976,203,55549
challenge,S2B,S2B_46RDS_20201227_1_L2A_59.tif,0.012237586634077745,0.05088385774108023,0.0,731,59734
challenge,S2B,S2B_46RDS_20201227_1_L2A_60.tif,0.0071191187138350456,0.05162142009347187,0.01761879337960491,422,59277
challenge,S2B,S2B_46RDS_20201227_1_L2A_61.tif,0.019331264799542745,0.13776794084238542,0.026444708143473168,957,48978
challenge,S2B,S2B_46RDS_20201227_1_L2A_62.tif,0.020906119688943986,0.37713762978232207,0.08078973547942761,549,17568
challenge,S2B,S2B_46RDS_20201227_1_L2A_63.tif,0.005409537249367907,0.3734721422571025,0.026309001805519733,151,16948
challenge,S2B,S2B_46RDS_20201227_1_L2A_68.tif,0.0034166358464979485,0.06870198202903087,0.0,194,56781
challenge,S2B,S2B_46RDS_20201227_1_L2A_72.tif,0.04786555098567579,0.4204268165961203,0.16814462789672235,821,13956
challenge,S2B,S2B_46RDS_20201227_1_L2A_73.tif,0.016132756132756134,0.24573509161117082,0.04293335858825015,631,34578
challenge,S2B,S2B_46RDS_20201227_1_L2A_74.tif,0.002843802240455008,0.1045983249288774,0.0027314941272876263,148,52043
challenge,S2B,S2B_46RDS_20201227_1_L2A_83.tif,0.012392479842977274,0.11074687790459904,0.003703703703703704,644,51967
challenge,S2B,S2B_46RDS_20201227_1_L2A_88.tif,0.0050929159072714576,0.0548710590235807,0.0,299,58709
challenge,S2B,S2B_46RDS_20201227_1_L2A_89.tif,0.013337429280905205,0.21026019352993963,0.03812260252669619,563,39021
challenge,S2B,S2B_46RDS_20201227_1_L2A_91.tif,0.0022148939311906284,0.03616042780686686,0.0,135,60951
challenge,S2B,S2B_46RDS_20201227_1_L2A_92.tif,0.002510824222534153,0.11557454250616686,0.0008425782895660722,127,50581
challenge,S2B,S2B_46RDS_20201227_1_L2A_96.tif,0.011383987942193457,0.07612223405492574,0.03561835375501343,656,56381
challenge,S2B,S2B_46RDS_20201227_1_L2A_97.tif,0.015167234820414011,0.04482729147969552,0.041322842704535276,928,60716
challenge,S2B,S2B_46RES_20201227_0_L2A_1.tif,0.011421977691188521,0.04995720721637125,0.0027198549410698096,683,59797
challenge,S2B,S2B_46RES_20201227_0_L2A_14.tif,0.020244294126234852,0.19896673163285036,0.033780792707638396,865,41065
challenge,S2B,S2B_46RES_20201227_0_L2A_15.tif,0.005951632507649105,0.13950802982582236,0.010075737657645432,296,47706
challenge,S2B,S2B_46RES_20201227_0_L2A_16.tif,0.012480587321756317,0.23760570368330727,0.011363636363636364,443,35414
challenge,S2B,S2B_46RES_20201227_0_L2A_17.tif,0.01990193250648976,0.22143806815669825,0.043290206202378896,850,38046
challenge,S2B,S2B_46RES_20201227_0_L2A_18.tif,0.06445951573561783,0.28407214136762743,0.056089390281280405,2236,33549
challenge,S2B,S2B_46RES_20201227_0_L2A_2.tif,0.001506554490315007,0.11094438923892459,0.0,77,51110
challenge,S2B,S2B_46RES_20201227_0_L2A_23.tif,0.013278050517640475,0.20831097283934136,0.014480408858603066,535,39300
challenge,S2B,S2B_46RES_20201227_0_L2A_24.tif,0.031586931787397736,0.3782016687480705,0.04667321323948078,606,18434
challenge,S2B,S2B_46RES_20201227_0_L2A_27.tif,0.003233397746187843,0.10311286666418117,0.008032670694252253,172,52264
challenge,S2B,S2B_46RES_20201227_0_L2A_28.tif,0.02216011179876223,0.20802350349250076,0.017526035052070107,896,40064
challenge,S2B,S2B_46RES_20201227_0_L2A_30.tif,0.013968605214023926,0.2880596572713858,0.006937084497543116,404,28922
challenge,S2B,S2B_46RES_20201227_0_L2A_32.tif,0.012804878048780487,0.09443044513144884,0.027650692937051257,720,54093
