set,region,file,iou,miou_2class,boundary_f1,lake_pixels_true,lake_pixels_pred
test,ACS,ACS_S2A_17XPA_20200811_0_L2A_100.tif,0.9143730886850153,0.956971942199552,0.9405940594059405,322,304
test,ACS,ACS_S2A_17XPA_20200811_0_L2A_170.tif,0.0,0.4971771240234375,0.0,164,206
test,ACS,ACS_S2A_18WWD_20200825_0_L2A_144.tif,0.9265734265734266,0.9623015070189249,0.9841229838709677,1673,1633
test,ACS,ACS_S2A_18WWD_20200825_0_L2A_171.tif,0.8911782733745108,0.9208437737624136,0.6577092787691212,19481,20629
test,ACS,ACS_S2A_18WWE_20200723_1_L2A_106.tif,0.8653284568058746,0.8648361547202299,0.7281323877068557,35252,30540
test,ACS,ACS_S2A_18WWE_20200723_1_L2A_115.tif,0.9102209944751382,0.953576489465263,0.9405937529022071,2136,2013
test,ACS,ACS_S2A_18XVF_20200811_0_L2A_103.tif,0.6136363636363636,0.803409476509239,0.629638612660684,1087,759
test,ACS,ACS_S2A_19WFP_20200821_0_L2A_69.tif,0.3090717299578059,0.6495161693793751,0.5386677809115916,526,715
test,ACS,ACS_S2A_19WFQ_20200821_0_L2A_132.tif,0.93364299933643,0.9652271627529381,0.9354838709677419,2861,2967
test,ACS,ACS_S2A_20WMA_20200725_1_L2A_5.tif,0.0,0.4976806640625,0.0,304,0
test,ACS,ACS_S2A_20WMU_20200821_1_L2A_170.tif,0.9144050104384134,0.95624488944891,0.9781959844171411,1382,1369
test,ACS,ACS_S2A_20WMV_20200827_1_L2A_1.tif,0.9310525625901167,0.9610253999437671,0.8610953972743637,7367,7365
test,ACS,ACS_S2A_20WNU_20200716_1_L2A_9.tif,0.0,0.49768829345703125,0.0,303,0
test,ACS,ACS_S2A_20WNU_20200824_1_L2A_37.tif,0.0,0.49866485595703125,0.0,145,30
test,ACS,ACS_S2A_20WNU_20200824_1_L2A_79.tif,0.6739446870451238,0.8335053879429303,0.5657399627370038,928,1372
test,ACS,ACS_S2B_17XMA_20200723_1_L2A_3.tif,0.8457997698504027,0.9218659502636992,0.9691358024691358,814,790
test,ACS,ACS_S2B_18WWC_20200725_0_L2A_90.tif,0.8225426721600941,0.901212282932214,0.6974651665068263,5915,6471
test,ACS,ACS_S2B_18WWD_20200807_1_L2A_40.tif,0.9444290080577938,0.9706051569410105,0.9772298098458565,3559,3439
test,ACS,ACS_S2B_18WWD_20200811_0_L2A_265.tif,0.0,0.4987335205078125,0.0,166,0
test,ACS,ACS_S2B_18WWE_20200724_1_L2A_28.tif,0.8434873949579832,0.9194130233041129,0.8188074743632477,1828,1682
test,ACS,ACS_S2B_18XVF_20200724_1_L2A_162.tif,0.870539419087137,0.9340601634334997,0.8718022009432614,1123,1131
test,ACS,ACS_S2B_19WEQ_20200802_1_L2A_121.tif,0.3220035778175313,0.6493071456108146,0.5295051353874883,2221,735
test,ACS,ACS_S2B_19WFP_20200822_1_L2A_114.tif,0.9448903459190595,0.962459306800862,0.9351014074656876,17365,17044
test,ACS,ACS_S2B_20WMU_20200823_0_L2A_122.tif,0.3092131917996921,0.5855447034824772,0.4516321817491046,3820,12337
test,ACS,ACS_S2B_20WMU_20200823_0_L2A_259.tif,0.6946564885496184,0.8470226441525691,0.9714285714285714,130,92
test,ACS,ACS_S2B_20WMU_20200823_1_L2A_290.tif,0.6945812807881774,0.8363671051408612,0.7409595036756895,3621,3947
test,AC,AC_S2A_15XVJ_20200810_4_L2A_36.tif,0.0,0.4925537109375,0.0,527,449
test,AC,AC_S2A_15XWH_20200828_1_L2A_60.tif,0.0,0.49930572509765625,0.0,91,0
test,AC,AC_S2A_15XWJ_20200808_5_L2A_20.tif,0.20248790601243952,0.592400092362166,0.2436430436043701,1171,569
test,AC,AC_S2A_15XWJ_20200827_0_L2A_80.tif,0.25131995776135163,0.6147623459264797,0.1627906976744186,1627,743
test,AC,AC_S2A_16XEL_20200808_3_L2A_55.tif,0.0,0.4854888916015625,0.0,1902,0
test,AC,AC_S2A_16XEM_20200827_3_L2A_9.tif,0.9759257839454113,0.9849898012839712,0.9784323959929574,12867,12905
test,AC,AC_S2A_16XER_20200806_0_L2A_89.tif,0.0,0.49559783935546875,0.0,577,0
test,AC,AC_S2A_16XER_20200809_6_L2A_29.tif,0.8635014836795252,0.9313982244054764,0.9705882352941176,329,299
test,AC,AC_S2A_16XES_20200825_2_L2A_36.tif,0.0,0.49434661865234375,0.0,741,0
test,AC,AC_S2A_17XMG_20200827_0_L2A_16.tif,0.0,0.49037933349609375,0.0,762,499
test,AC,AC_S2A_17XML_20200806_7_L2A_58.tif,0.03370508054522924,0.4870436717710856,0.0,4035,136
test,AC,AC_S2A_17XNG_20200808_3_L2A_17.tif,0.0,0.499298095703125,0.0,92,0
test,AC,AC_S2A_17XNJ_20200812_3_L2A_169.tif,0.4696485623003195,0.7322799078936686,0.6150522146200936,383,537
test,AC,AC_S2A_17XNL_20200808_3_L2A_28.tif,0.0,0.49477386474609375,0.0,685,0
test,AC,AC_S2A_17XNM_20200806_0_L2A_34.tif,0.4547498594716133,0.7198819206360492,0.3253711351713361,942,1646
test,AC,AC_S2A_17XNM_20200807_4_L2A_1.tif,0.0,0.48058319091796875,0.0,2545,0
test,AC,AC_S2A_17XNM_20200807_4_L2A_94.tif,0.0,0.492584228515625,0.0,972,0
test,AC,AC_S2A_17XNM_20200816_1_L2A_61.tif,0.0087459965508746,0.4429126759658062,0.0,8118,71
test,AC,AC_S2A_18XVN_20200811_1_L2A_53.tif,0.0,0.49588775634765625,0.0,539,0
test,AC,AC_S2A_18XVP_20200812_2_L2A_27.tif,0.48497854077253216,0.740651879481351,0.4213075060532687,324,368
test,AC,AC_S2A_18XVP_20200816_7_L2A_39.tif,0.0,0.493682861328125,0.0,828,0
test,AC,AC_S2A_18XVR_20200810_3_L2A_35.tif,0.15321100917431194,0.5695455832176994,0.4624624624624624,1078,179
test,AC,AC_S2A_19XDL_20200815_2_L2A_24.tif,0.4264705882352941,0.7066249209166239,0.16774193548387095,1208,926
test,AC,AC_S2B_15XWH_20200827_1_L2A_16.tif,0.082256539552474,0.4963379169291579,0.02971768202080238,6016,852
test,AC,AC_S2B_15XWJ_20200805_2_L2A_1.tif,0.0,0.49196624755859375,0.0,1053,0
test,AC,AC_S2B_16XDP_20200810_2_L2A_55.tif,0.0,0.49344635009765625,0.0,859,0
test,AC,AC_S2B_16XEJ_20200808_1_L2A_97.tif,0.2542175284597449,0.539164595635847,0.2909880564603691,4474,13815
test,AC,AC_S2B_17XMG_20200827_1_L2A_28.tif,0.0004504842705908852,0.3986458128662584,0.0193029490616622,12846,479
test,AC,AC_S2B_17XML_20200808_1_L2A_90.tif,0.0,0.49681854248046875,0.0,417,0
test,AC,AC_S2B_17XNJ_20200807_0_L2A_81.tif,0.2282551396942541,0.3859401153079701,0.35836732517529124,34067,7873
test,AC,AC_S2B_17XNJ_20200807_0_L2A_88.tif,0.4317817014446228,0.7131789136024805,0.45183175033921297,623,269
test,AC,AC_S2B_17XNM_20200807_1_L2A_8.tif,0.0,0.49178314208984375,0.0,1040,37
test,AC,AC_S2B_18XWT_20200806_0_L2A_2.tif,0.31981199550424033,0.6065697800807424,0.3099501027296742,3385,9532
test,AC,AC_S2B_19XDJ_20200807_3_L2A_13.tif,0.0,0.4825286865234375,0.0,2290,0
test,AC,AC_S2B_19XDL_20200826_2_L2A_161.tif,0.980445941174873,0.9779926325544825,0.9423500984539317,36210,36712
test,AC,AC_S2B_19XDL_20200826_2_L2A_74.tif,0.331207275390625,0.1656036376953125,0.10598390303670606,65536,21706
test,AK,AK_S2A_5VMG_20200912_1_L2A_82.tif,0.0,0.4997406005859375,0.0,34,0
test,AK,AK_S2A_5VMJ_20200912_1_L2A_9.tif,0.5808325266214908,0.787082211321094,0.6231340427160682,995,638
test,AK,AK_S2A_5VPH_20200909_0_L2A_74.tif,0.9698687206316912,0.9781014480891072,0.9771263069653185,20051,20613
test,AK,AK_S2A_6VUN_20200909_0_L2A_214.tif,0.0,0.49793243408203125,0.0,271,0
test,AK,AK_S2A_6VUQ_20200906_1_L2A_29.tif,0.0,0.49700164794921875,0.0,393,0
test,AK,AK_S2A_6VVP_20200817_1_L2A_99.tif,0.5108440797186401,0.7423406672949321,0.4172117792962576,3267,1888
test,AK,AK_S2A_6VVP_20200906_0_L2A_59.tif,0.0,0.49947357177734375,0.0,57,12
test,AK,AK_S2A_6VVR_20200817_0_L2A_39.tif,0.7274247491638796,0.8624604736894803,0.9091906563104554,494,539
test,AK,AK_S2A_6VWN_20200821_0_L2A_100.tif,0.7838541666666666,0.8912909217636238,0.8461108002238388,327,358
test,AK,AK_S2A_6VWR_20200913_0_L2A_48.tif,0.11211573236889692,0.5523082861984998,0.28531271960646526,469,146
test,AK,AK_S2A_6VXN_20200828_0_L2A_53.tif,0.0,0.4994354248046875,0.0,74,0
test,AK,AK_S2A_6VXN_20200913_0_L2A_148.tif,0.5429447852760736,0.770332534317071,0.6431838975297347,317,186
test,AK,AK_S2A_6VXN_20200913_0_L2A_44.tif,0.8870523415977961,0.9432118211193814,1.0,353,332
test,AK,AK_S2A_6VXN_20200913_0_L2A_75.tif,0.5825521331547733,0.7738175525513669,0.5176876617773943,3047,5225
test,AK,AK_S2A_6VXN_20200913_1_L2A_30.tif,0.0,0.49407958984375,0.0,35,741
test,AK,AK_S2A_7VCH_20200913_0_L2A_78.tif,0.433469387755102,0.7113966429583909,0.49721115537848604,1206,550
test,AK,AK_S2A_7VCH_20200913_1_L2A_2.tif,0.0,0.49935150146484375,0.0,85,0
test,AK,AK_S2A_7VCJ_20200913_0_L2A_81.tif,0.10606060606060606,0.551679467343819,0.23913043478260868,145,74
test,AK,AK_S2A_7VEH_20200914_1_L2A_40.tif,0.46011168727562823,0.7086495269160566,0.5296854821627457,4760,2561
test,AK,AK_S2A_7VFF_20200911_1_L2A_81.tif,0.1309740367124194,0.5249041071984191,0.27718040621266427,904,5935
test,AK,AK_S2A_7VFF_20200914_0_L2A_173.tif,0.20147420147420148,0.598254441159382,0.4367716875269746,90,399
test,AK,AK_S2A_7VFF_20200914_1_L2A_140.tif,0.6993067590987868,0.8442248885760196,0.557798615945293,1648,2274
test,AK,AK_S2A_8VLL_20200911_1_L2A_159.tif,0.0,0.49941253662109375,0.0,77,0
test,AK,AK_S2A_8VLL_20200914_1_L2A_72.tif,0.9960578850721878,0.9797790595225235,0.9652669777086573,59143,59341
test,AK,AK_S2A_8VNK_20200915_1_L2A_220.tif,1.0,1.0,1.0,0,0
test,AK,AK_S2A_8VNK_20200915_1_L2A_37.tif,0.05375782881002088,0.5130250486186335,0.09304174950298212,1916,103
test,AK,AK_S2A_8VNL_20200905_0_L2A_32.tif,0.7526283240568955,0.8699752187302956,0.7375348577802565,2542,3126
test,AK,AK_S2A_8VNL_20200915_0_L2A_207.tif,0.5318371607515657,0.7589669242231409,0.35443037974683544,1083,1852
test,AK,AK_S2A_8VNL_20200915_0_L2A_221.tif,0.8767123287671232,0.9378025226512782,0.9319615001659476,560,536
test,AK,AK_S2A_8VNL_20200915_0_L2A_241.tif,0.8649885583524027,0.932041533542511,1.0,420,395
test,AK,AK_S2A_8VPJ_20200912_1_L2A_198.tif,0.9705484089370345,0.9845800813773558,0.9950738916256158,2920,2901
test,AK,AK_S2A_8VPJ_20200915_0_L2A_242.tif,0.41497659906396256,0.7046156168293614,0.5144667370644139,418,489
test,AK,AK_S2A_8VPK_20200905_0_L2A_182.tif,0.0,0.4998779296875,0.0,16,0
test,AK,AK_S2A_8VPK_20200912_0_L2A_99.tif,0.9093406593406593,0.9544172815911947,1.0,353,342
test,AK,AK_S2A_8VPK_20200912_1_L2A_2.tif,0.6911627906976744,0.8430193901939593,0.792245678973619,958,860
test,AK,AK_S2A_8VPK_20200915_0_L2A_177.tif,0.6566037735849056,0.8254949774772153,0.8150940049663,1021,735
test,AK,AK_S2A_8VPK_20200915_0_L2A_242.tif,0.9480101608806096,0.9714441007613032,0.8353469105971695,5640,5863
test,AK,AK_S2A_8VPK_20200915_0_L2A_40.tif,0.2613390928725702,0.628055467096684,0.4247299471385888,462,122
test,AK,AK_S2A_9UUB_20200909_1_L2A_16.tif,0.9383815887156645,0.968545101054372,1.0,1275,1336
test,AK,AK_S2A_9UVB_20200909_0_L2A_55.tif,0.15160349854227406,0.5713543840675669,0.21686746987951808,284,506
test,AK,AK_S2A_9UVB_20200909_1_L2A_226.tif,0.8578323826239579,0.9263682603263071,0.8827586206896552,2255,1979
test,AK,AK_S2A_9VUC_20200909_0_L2A_249.tif,0.8817934782608695,0.9402263429031473,0.9436253252385083,706,679
test,AK,AK_S2A_9VUD_20200912_1_L2A_132.tif,0.7379310344827587,0.8686751261304041,0.891566265060241,118,134
test,AK,AK_S2A_9VUE_20200912_0_L2A_74.tif,0.9258572752548656,0.9610098349602971,0.9780218694745992,3001,3233
test,AK,AK_S2A_9VVC_20200912_0_L2A_73.tif,0.30933333333333335,0.6526871496993785,0.46428571428571425,368,123
test,AK,AK_S2A_9VWD_20200909_0_L2A_73.tif,0.0,0.499176025390625,0.0,108,0
test,AK,AK_S2B_5VMF_20200815_0_L2A_48.tif,0.7245424683247301,0.8576847233485133,0.726173867234762,2044,1631
test,AK,AK_S2B_5VMH_20200815_0_L2A_133.tif,0.6666666666666666,0.8331577340051917,1.0,51,64
test,AK,AK_S2B_5VMH_20200910_0_L2A_87.tif,1.0,1.0,1.0,0,0
test,AK,AK_S2B_5VNH_20200828_0_L2A_5.tif,0.5686695278969958,0.782795029610124,0.6898215147129764,376,355
test,AK,AK_S2B_5VNH_20200828_0_L2A_91.tif,0.8907953899426327,0.9235239889671756,0.6007612973020797,18007,18578
test,AK,AK_S2B_5VNJ_20200805_1_L2A_87.tif,0.5176470588235295,0.7585105140816482,0.769964243146603,46,83
test,AK,AK_S2B_5VPG_20200911_0_L2A_316.tif,0.03979892047165659,0.19515565754693176,0.13537203726268623,43167,1718
test,AK,AK_S2B_5VPJ_20200805_1_L2A_23.tif,0.035318924617817604,0.5036833820266378,0.1288888888888889,1891,73
test,AK,AK_S2B_5VPJ_20200815_1_L2A_19.tif,0.8024691358024691,0.9004977613436562,0.9540608645086256,457,419
test,AK,AK_S2B_6VUQ_20200805_0_L2A_50.tif,0.042735042735042736,0.5205129639824669,0.19498607242339833,62,60
test,AK,AK_S2B_6VUQ_20200805_1_L2A_113.tif,0.0,0.4933929443359375,0.0,866,0
test,AK,AK_S2B_6VVN_20200911_1_L2A_145.tif,0.8776223776223776,0.9385431333620045,0.9777777777777777,279,258
test,AK,AK_S2B_6VXM_20200912_1_L2A_55.tif,0.6297850026219193,0.7977933780648712,0.6626554726368159,5197,4127
test,AK,AK_S2B_6VXP_20200816_1_L2A_59.tif,0.3391003460207612,0.6680907763295529,0.4824561403508772,255,132
test,AK,AK_S2B_6VXP_20200816_1_L2A_81.tif,0.5625,0.7800715127490894,0.5315179021684316,352,198
test,AK,AK_S2B_6VXP_20200912_0_L2A_64.tif,0.0,0.47528076171875,0.0,3240,0
test,AK,AK_S2B_7VDH_20200905_0_L2A_142.tif,0.6498316498316499,0.8241200242944883,0.7175672719317436,230,260
test,AK,AK_S2B_7VDH_20200912_0_L2A_75.tif,0.38913439043410447,0.6762190011478132,0.44834002546273627,3841,1503
test,AK,AK_S2B_7VEG_20200912_0_L2A_148.tif,0.22889842632331903,0.6103269052810918,0.2784392745924162,636,223
test,AK,AK_S2B_7VEH_20200830_0_L2A_121.tif,0.5073260073260073,0.7516019852594118,0.5486433818018288,519,304
test,AK,AK_S2B_7VEH_20200830_0_L2A_34.tif,0.0,0.49861907958984375,0.0,181,0
test,AK,AK_S2B_8VLK_20200906_1_L2A_58.tif,0.9078751857355126,0.952973572592233,0.8833333333333333,1311,1257
test,AK,AK_S2B_8VLM_20200906_1_L2A_93.tif,0.7603569152326323,0.8772566168566376,0.7322956674078567,1559,1203
test,AK,AK_S2B_8VMJ_20200913_0_L2A_2.tif,0.8809523809523809,0.9400925548379742,1.0,383,407
test,AK,AK_S2B_8VMJ_20200913_0_L2A_30.tif,0.9275535733710432,0.9579356037144118,0.7903799383133667,8870,8850
test,AK,AK_S2B_8VML_20200906_1_L2A_157.tif,0.07754935884388357,0.5039960745566207,0.22324510932105873,384,4910
test,AK,AK_S2B_8VMM_20200906_0_L2A_146.tif,0.7717460317460317,0.8801761614240815,0.7530057117453967,3083,2498
test,AK,AK_S2B_8VMM_20200906_0_L2A_207.tif,0.6839622641509434,0.8404373769872242,0.687468030690537,455,616
test,AK,AK_S2B_8VMM_20200906_0_L2A_257.tif,0.8,0.8971438381820452,0.7549668874172186,1509,1785
test,AK,AK_S2B_8VNK_20200913_0_L2A_92.tif,1.0,1.0,1.0,0,0
test,AK,AK_S2B_8VNK_20200913_1_L2A_132.tif,0.0,0.47512054443359375,0.0,3193,68
test,AK,AK_S2B_9UVB_20200911_1_L2A_24.tif,0.32793522267206476,0.662699564586357,0.5423728813559322,242,86
test,AK,AK_S2B_9VUC_20200914_0_L2A_72.tif,0.6737777777777778,0.8340561370286894,0.6558441558441558,783,1100
test,AK,AK_S2B_9VVC_20200914_1_L2A_172.tif,0.0,0.49967193603515625,0.0,43,0
test,AK,AK_S2B_9VVC_20200914_1_L2A_261.tif,0.0,0.49921417236328125,0.0,103,0
test,AK,AK_S2B_9VVE_20200914_1_L2A_24.tif,0.7530120481927711,0.8761926211519266,0.9873417721518987,159,132
test,CA,CA_S2A_43SGV_20200901_1_L2A_12.tif,0.0,0.49806976318359375,0.0,112,141
test,CA,CA_S2A_44RPV_20200905_1_L2A_3.tif,0.0,0.49383544921875,0.0,808,0
test,CA,CA_S2A_44SKD_20200822_1_L2A_4.tif,0.0,0.499053955078125,0.0,124,0
test,CA,CA_S2A_44SKE_20200901_1_L2A_41.tif,0.0,0.4847564697265625,0.0,1998,0
test,CA,CA_S2A_44SKF_20200825_0_L2A_1.tif,0.7048611111111112,0.8517800420325274,0.7476635514018692,215,276
test,CA,CA_S2A_44SMD_20200908_1_L2A_89.tif,0.8926389465567353,0.9283940667380701,0.712997019740643,15204,16704
test,CA,CA_S2A_44SMD_20200918_1_L2A_36.tif,0.6032448377581121,0.7974659245498122,0.5494807312677022,1279,895
test,CA,CA_S2A_45RTP_20200912_0_L2A_11.tif,0.5895081967213115,0.7899116706489736,0.6498194945848377,1002,1422
test,CA,CA_S2A_45RTP_20200912_0_L2A_200.tif,0.9182522903453136,0.9552802463595808,0.8378879110699399,5401,5487
test,CA,CA_S2A_45RTP_20200912_1_L2A_100.tif,0.90515595162317,0.9514159831110828,0.9943015756388277,1552,1441
test,CA,CA_S2A_45RUN_20200929_1_L2A_13.tif,0.4448669201520912,0.72131757631139,0.6485393258426967,139,241
test,CA,CA_S2A_45RUP_20200912_1_L2A_50.tif,0.12982126058325494,0.5507365573526143,0.28680555555555554,303,2099
test,CA,CA_S2A_45RVQ_20200919_0_L2A_11.tif,0.026102735901730876,0.45966876071892615,0.03743315508021391,187,7164
test,CA,CA_S2A_45SWR_20200919_0_L2A_14.tif,0.813986013986014,0.9059692055335126,0.8931019022609364,630,667
test,CA,CA_S2A_45SWV_20200823_0_L2A_3.tif,0.8733714285714286,0.9321973403085613,0.9452211375315192,4127,4069
test,CA,CA_S2A_45SXV_20200929_1_L2A_26.tif,0.8473053892215568,0.9232619079802786,0.9850746268656716,305,312
test,CA,CA_S2A_45SYV_20200830_0_L2A_43.tif,1.0,1.0,1.0,0,0
test,CA,CA_S2A_46REU_20200831_0_L2A_129.tif,0.0,0.49950408935546875,0.0,65,0
test,CA,CA_S2A_46REU_20200831_0_L2A_179.tif,0.6813725490196079,0.8401893098172339,0.7642448633764033,198,145
test,CA,CA_S2A_46REU_20200831_1_L2A_154.tif,0.6227272727272727,0.8055551981881235,0.6122448979591837,1280,1933
test,CA,CA_S2A_46RGU_20200831_0_L2A_39.tif,0.8861454046639232,0.9417807528892121,0.845510213621278,1344,1406
test,CA,CA_S2A_46SBE_20200830_1_L2A_66.tif,0.7117903930131004,0.8548830818002169,0.8174241773348225,329,455
test,CA,CA_S2A_46SCB_20200824_0_L2A_20.tif,1.0,1.0,1.0,0,0
test,CA,CA_S2A_46SDB_20200824_1_L2A_109.tif,0.859375,0.9295499400085593,1.0,115,123
test,CA,CA_S2A_46SDB_20200903_0_L2A_33.tif,0.5555555555555556,0.7752595822798201,0.7325718786923986,719,429
test,CA,CA_S2A_46SEB_20200824_1_L2A_44.tif,0.5487804878048781,0.7735416330249295,0.6724137931034482,144,237
test,CA,CA_S2A_46SGH_20200923_1_L2A_38.tif,0.6464705882352941,0.818571824372004,0.6432467532467532,1612,1187
test,CA,CA_S2B_44RNV_20200920_1_L2A_47.tif,0.96982421875,0.9821335822641286,0.965197215777262,10179,9992
test,CA,CA_S2B_44RPU_20200831_1_L2A_43.tif,0.7067307692307693,0.8528989453060207,0.9109045567898435,166,189
test,CA,CA_S2B_44RPV_20200920_0_L2A_68.tif,0.34285714285714286,0.671077490710535,0.6885245901639345,67,27
test,CA,CA_S2B_44SKC_20200926_1_L2A_53.tif,0.2761904761904762,0.6375151474179059,0.42718446601941745,105,29
test,CA,CA_S2B_44SME_20200903_0_L2A_29.tif,0.0022371364653243847,0.4977158063496989,0.023255813953488372,447,1
test,CA,CA_S2B_44SNC_20200903_0_L2A_33.tif,0.5182795698924731,0.7574244928105447,0.5427525306913633,244,462
test,CA,CA_S2B_44SNE_20200923_1_L2A_8.tif,0.7215288611544461,0.8580017431091449,0.6948102246320681,1138,1069
test,CA,CA_S2B_44SPE_20200903_1_L2A_4.tif,0.8414225941422594,0.9177282195425976,0.752530153888812,2022,2379
test,CA,CA_S2B_45RUN_20200914_0_L2A_10.tif,0.5138888888888888,0.7534474034791074,0.4867256637168142,600,817
test,CA,CA_S2B_45RUN_20200914_1_L2A_7.tif,0.5714285714285714,0.7833882401452874,0.46153846153846156,405,706
test,CA,CA_S2B_45RVP_20200904_0_L2A_38.tif,0.0,0.49651336669921875,0.0,457,0
test,CA,CA_S2B_45STA_20200831_1_L2A_9.tif,0.8235294117647058,0.9114202794671431,0.9574137395088591,229,236
test,CA,CA_S2B_45SXT_20200825_1_L2A_31.tif,0.536,0.7675570422642778,0.7701421800947869,119,73
test,CA,CA_S2B_46RCS_20200928_0_L2A_2.tif,0.0,0.4936981201171875,0.0,681,145
test,CA,CA_S2B_46RDT_20200928_0_L2A_110.tif,0.725,0.8614026842032567,0.811617917774596,474,423
test,CA,CA_S2B_46RDT_20200928_1_L2A_208.tif,0.8067542213883677,0.902586092969243,0.9101684033779446,439,524
test,CA,CA_S2B_46RDU_20200928_0_L2A_200.tif,0.819,0.908101603906238,0.961761515074401,913,906
test,CA,CA_S2B_46RDU_20200928_0_L2A_244.tif,0.5670103092783505,0.7818962304731343,0.711782604133879,431,329
test,CA,CA_S2B_46SBD_20200825_0_L2A_15.tif,0.052673583399840386,0.5081880546196192,0.166351606805293,164,2474
test,CA,CA_S2B_46SCC_20200901_1_L2A_14.tif,0.6512261580381471,0.8246329421061985,0.7494521548575602,254,352
test,CA,CA_S2B_46SCF_20200921_1_L2A_44.tif,0.06289308176100629,0.5303095876100457,0.3142857142857143,158,11
test,CA,CA_S2B_46SFA_20200826_0_L2A_22.tif,0.7672413793103449,0.8834144158763896,1.0,95,110
test,CA,CA_S2B_46SFA_20200826_1_L2A_32.tif,0.7980295566502463,0.8983860596843822,1.0,342,388
test,CA,CA_S2B_46SGC_20200826_0_L2A_3.tif,0.20602526724975703,0.5967591892552747,0.3784320211710222,976,265
test,CA,CA_S2B_47SLD_20200925_1_L2A_8.tif,0.8307086614173228,0.9146939504524954,0.8983802370826169,432,498
test,CA,CA_S2B_47SMR_20200902_0_L2A_24.tif,0.0,0.49771881103515625,0.0,299,0
test,CE,CE_S2A_32TLR_20200819_0_L2A_15.tif,0.4011204481792717,0.6923143123340049,0.3024949034074362,1783,718
test,CE,CE_S2A_32TLR_20200901_0_L2A_103.tif,0.0,0.49234771728515625,0.0,1003,0
test,CE,CE_S2A_32TNS_20200809_0_L2A_112.tif,0.4609571788413098,0.7288413271679657,0.5335911068148864,280,300
test,CE,CE_S2A_32TNS_20200809_0_L2A_88.tif,0.952433628318584,0.9751922402708355,0.9979633401221996,2586,2709
test,CE,CE_S2B_31TGL_20200807_0_L2A_70.tif,0.8295454545454546,0.9145433343991992,0.988235294117647,156,166
test,CE,CE_S2B_32TPS_20200821_0_L2A_63.tif,0.6498316498316499,0.8217041641166155,0.5985683884697234,1103,857
test,CE,CE_S2B_32TPS_20200903_0_L2A_2.tif,0.0,0.49977874755859375,0.0,29,0
test,CE,CE_S2B_32TQT_20200808_1_L2A_18.tif,0.7324561403508771,0.8657614881564387,0.8659320477502296,227,168
test,CE,CE_S2B_33TUN_20200821_0_L2A_10.tif,0.1506849315068493,0.5701295940879045,0.29213130202607196,799,125
test,CE,CE_S2B_33TUN_20200821_1_L2A_39.tif,0.4859154929577465,0.7418415043919593,0.6206896551724137,246,176
test,GL,GL_S2A_19XEG_20200725_2_L2A_90.tif,0.9340687753167284,0.9600414445891478,0.8100439086574024,11028,11413
test,GL,GL_S2A_20XML_20200728_2_L2A_97.tif,0.8906336853807671,0.9386616766917704,0.8959379670235441,6718,6887
test,GL,GL_S2A_20XML_20200810_2_L2A_86.tif,0.4241486068111455,0.7063501697193537,0.43093010456796915,1267,573
test,GL,GL_S2A_20XMM_20200725_2_L2A_6.tif,0.0,0.49790191650390625,0.0,275,0
test,GL,GL_S2A_20XNK_20200812_0_L2A_20.tif,0.28722157092614303,0.6389547072899695,0.44999999999999996,402,696
test,GL,GL_S2A_21WWT_20200805_1_L2A_16.tif,0.47506561679790027,0.7360027035867704,0.7213114754098361,218,344
test,GL,GL_S2A_21WXP_20200723_0_L2A_151.tif,0.0,0.49916839599609375,0.0,109,0
test,GL,GL_S2A_21WXP_20200723_1_L2A_126.tif,0.0,0.49520111083984375,0.0,619,10
test,GL,GL_S2A_21WXQ_20200717_1_L2A_18.tif,0.6653645833333334,0.8307061286524413,0.7463841438009642,742,537
test,GL,GL_S2A_21WXU_20200815_0_L2A_24.tif,0.7060518731988472,0.8522448182216993,0.8030303030303031,272,320
test,GL,GL_S2A_21WXV_20200801_1_L2A_94.tif,0.7318435754189944,0.8648165269754198,0.7722954336500153,530,400
test,GL,GL_S2A_22VEQ_20200810_0_L2A_246.tif,0.0,0.4990997314453125,0.0,118,0
test,GL,GL_S2A_22VEQ_20200813_1_L2A_75.tif,0.7844311377245509,0.8888386693563033,0.8891969959560947,1880,1696
test,GL,GL_S2A_22VER_20200711_0_L2A_129.tif,0.8135514018691589,0.9003458172848551,0.7021883920076119,3590,4172
test,GL,GL_S2A_22VER_20200714_0_L2A_569.tif,0.47837226827430296,0.6807114433214456,0.5863466913800972,6673,12945
test,GL,GL_S2A_22VFN_20200810_1_L2A_67.tif,0.0,0.46192169189453125,0.0,4991,0
test,GL,GL_S2A_22VFP_20200718_0_L2A_193.tif,0.8646647470176881,0.9269681264599952,0.7896659052351754,4757,4309
test,GL,GL_S2A_22VFP_20200718_0_L2A_274.tif,0.9438749889226952,0.9436493724948765,0.8723765255187516,33457,32349
test,GL,GL_S2A_22WDC_20200720_0_L2A_42.tif,0.0,0.49959564208984375,0.0,53,0
test,GL,GL_S2A_22WDT_20200717_1_L2A_198.tif,0.003069315372154489,0.4122751157013444,0.02389486260454002,548,11217
test,GL,GL_S2A_22WDU_20200717_1_L2A_297.tif,0.6714975845410628,0.8347067744336378,0.8443708609271524,379,313
test,GL,GL_S2A_22WEA_20200717_1_L2A_67.tif,0.8118862002632379,0.889791353691436,0.800266290912777,9752,8144
test,GL,GL_S2A_22WES_20200711_1_L2A_67.tif,0.5029021558872305,0.7421309280749835,0.5079400210258397,1364,2261
test,GL,GL_S2A_22WES_20200714_0_L2A_179.tif,0.8393034004621988,0.9020690246301096,0.7577690946057773,11874,10411
test,GL,GL_S2A_22WES_20200714_0_L2A_245.tif,0.8693318526744401,0.9288637270900266,0.9446751167992559,5244,4856
test,GL,GL_S2A_22WES_20200813_1_L2A_90.tif,0.005474917239623122,0.4431051315008828,0.07050528789659223,187,7710
test,GL,GL_S2A_22WET_20200803_0_L2A_126.tif,0.7975451802122537,0.8277129433217216,0.5678062322819087,27401,25614
test,GL,GL_S2A_22WEU_20200717_0_L2A_329.tif,0.0,0.494873046875,0.0,672,0
test,GL,GL_S2A_22WEU_20200717_0_L2A_41.tif,0.9411607381652848,0.9620300387289696,0.7767130473037377,14698,14334
test,GL,GL_S2A_22WEV_20200813_0_L2A_88.tif,0.2551928783382789,0.6160153871851345,0.21987315010570826,1751,787
test,GL,GL_S2A_22XDF_20200801_0_L2A_39.tif,0.5128205128205128,0.7548103421472887,0.5462256149279051,247,402
test,GL,GL_S2A_23VLH_20200718_1_L2A_149.tif,0.0,0.34548187255859375,0.0,123,20130
test,GL,GL_S2A_23VLJ_20200718_0_L2A_86.tif,0.0,0.4775848388671875,0.0,109,2829
test,GL,GL_S2A_23VMJ_20200715_0_L2A_68.tif,0.0,0.44017791748046875,0.0,7841,0
test,GL,GL_S2B_19XDG_20200726_0_L2A_16.tif,0.0,0.49939727783203125,0.0,79,0
test,GL,GL_S2B_19XEE_20200806_1_L2A_29.tif,0.06005719733079123,0.5224987772122776,0.11891891891891891,763,349
test,GL,GL_S2B_19XEG_20200727_0_L2A_124.tif,0.05764411027568922,0.5230807205829507,0.23487544483985764,657,187
test,GL,GL_S2B_20XMM_20200729_1_L2A_33.tif,0.8220551378446115,0.9104831571936836,0.939138802020688,350,377
test,GL,GL_S2B_20XNK_20200808_0_L2A_39.tif,0.0,0.49958038330078125,0.0,55,0
test,GL,GL_S2B_21XWA_20200720_0_L2A_47.tif,0.655217965653897,0.8235652297282872,0.7403819230553845,1056,1450
test,GL,GL_S2B_21XWA_20200720_1_L2A_120.tif,0.9500203169443315,0.9740370264110245,0.9769041550259898,2436,2363
test,GL,GL_S2B_21XWB_20200717_1_L2A_69.tif,0.01977900552486188,0.44202378065156295,0.14775396359365825,209,9020
test,GL,GL_S2B_21XWB_20200718_3_L2A_46.tif,0.7679315639394604,0.8658908169921103,0.6236888916150402,8788,7332
test,GL,GL_S2B_22VEQ_20200716_0_L2A_87.tif,0.12588347659980897,0.45494759112955885,0.447723299194492,2290,15392
test,GL,GL_S2B_22VEQ_20200805_0_L2A_42.tif,0.7676392572944297,0.8730834573913933,0.6161256564984793,4523,5473
test,GL,GL_S2B_22VFP_20200716_0_L2A_51.tif,0.42090859332238645,0.7022865569171878,0.6016408386508659,1787,809
test,GL,GL_S2B_22VFP_20200815_0_L2A_148.tif,0.4506947254822609,0.6926116122788747,0.5317839599942342,7081,3673
test,GL,GL_S2B_22WDD_20200814_0_L2A_38.tif,0.30498533724340177,0.6506816281522059,0.1929824561403509,341,104
test,GL,GL_S2B_22WDT_20200722_1_L2A_115.tif,0.0,0.49871063232421875,0.0,169,0
test,GL,GL_S2B_22WDU_20200722_0_L2A_150.tif,0.3974358974358974,0.6983591974775853,0.7763401109057301,60,49
test,GL,GL_S2B_22WDU_20200722_1_L2A_138.tif,0.15134255492270138,0.567691170345819,0.24242424242424243,695,720
test,GL,GL_S2B_22WDU_20200722_1_L2A_259.tif,0.8435607589826403,0.9082262153022964,0.9090187718967214,9541,8725
test,GL,GL_S2B_22WEA_20200722_1_L2A_74.tif,0.0,0.4987335205078125,0.0,166,0
test,GL,GL_S2B_22WEC_20200718_0_L2A_188.tif,0.6698212407991588,0.8300243734729353,0.6567223946340975,1700,1476
test,GL,GL_S2B_22WEC_20200718_1_L2A_51.tif,0.3096892886345053,0.6284704858380037,0.5681897018218145,1876,4531
test,GL,GL_S2B_22WEU_20200719_1_L2A_53.tif,0.5611907386990077,0.7775351020759098,0.6317576767207548,689,727
test,GL,GL_S2B_22WEU_20200729_0_L2A_93.tif,0.9420719385693116,0.9358719249288938,0.7217362270450751,35710,36370
test,GL,GL_S2B_22WEV_20200722_0_L2A_76.tif,0.900737379466818,0.9475624036525879,0.9503834512469129,3372,3330
test,GL,GL_S2B_23VNG_20200720_0_L2A_185.tif,0.30097087378640774,0.6466274476404597,0.3313253012048193,719,219
test,GL,GL_S2B_23VNG_20200720_1_L2A_109.tif,0.6942148760330579,0.8459724686913755,0.6253638253638253,459,361
test,IS,IS_S2B_28WDS_20200816_0_L2A_145.tif,0.4311594202898551,0.714379716259546,0.5913978494623655,152,243
test,LL,LL_S2A_17LRK_20200816_1_L2A_61.tif,0.0,0.499908447265625,0.0,12,0
test,LL,LL_S2A_17LRL_20200826_0_L2A_64.tif,0.4444444444444444,0.7218405195228208,0.6551724137931034,80,50
test,LL,LL_S2A_18LTP_20200813_0_L2A_19.tif,0.5520504731861199,0.7738468547319242,0.6104686797695419,634,350
test,LL,LL_S2A_18LTQ_20200826_1_L2A_171.tif,0.13523131672597866,0.5527149961113337,0.3838449111470113,2248,304
test,LL,LL_S2A_18LTR_20200826_0_L2A_32.tif,0.8978494623655914,0.9484865056119492,1.0,557,502
test,LL,LL_S2A_18LTR_20200826_0_L2A_47.tif,0.0,0.498870849609375,0.0,148,0
test,LL,LL_S2A_18LUP_20200813_1_L2A_52.tif,0.5584092792046396,0.7709009068173756,0.5287812624057167,1961,1801
test,LL,LL_S2B_18LVN_20200828_0_L2A_11.tif,0.8568596352101506,0.9255816913723337,0.8487644151565074,2381,2302
test,LL,LL_S2B_18LVN_20200828_1_L2A_121.tif,0.7200819672131148,0.8546865566008032,0.8413793103448275,2322,1875
test,ME,ME_S2B_37TFJ_20200904_0_L2A_48.tif,0.9019354838709678,0.9503816568297572,0.9230406321872973,704,770
test,NA,NA_S2A_44UQA_20200921_0_L2A_52.tif,0.847360167276529,0.9213957998238234,0.8015428571428571,1804,1730
test,NA,NA_S2A_45UWQ_20200905_1_L2A_500.tif,0.0,0.49761199951171875,0.0,313,0
test,NA,NA_S2A_45UXP_20200905_1_L2A_228.tif,0.31868131868131866,0.6588674274723094,0.5370051635111877,88,32
test,NA,NA_S2A_45UYP_20200905_0_L2A_108.tif,0.8389715832205683,0.918569222505595,0.8631403261009115,671,688
test,NA,NA_S2B_45UVR_20200903_0_L2A_114.tif,0.6985573272589218,0.846206669077028,0.5689827278502072,1001,1236
test,NA,NA_S2B_45UVR_20200903_0_L2A_118.tif,0.5374149659863946,0.7676673777590206,0.6279540850776503,197,255
test,NA,NA_S2B_45UWR_20200920_0_L2A_171.tif,0.6520017597888254,0.8133594428299109,0.5546654099905749,3124,4386
test,NA,NA_S2B_45UWR_20200920_1_L2A_143.tif,0.8307493540051679,0.9143653231431539,0.9587149252421219,702,715
test,NA,NA_S2B_45UXS_20200903_1_L2A_4.tif,0.1680327868852459,0.5824666568215068,0.4387464387464388,46,239
test,NZ,NZ_S2B_58GGR_20200814_0_L2A_40.tif,0.0,0.422027587890625,0.0,10220,0
test,NZ,NZ_S2B_59GLM_20200814_1_L2A_1.tif,0.5614867536575722,0.7720949895307638,0.4324113751460849,2523,1426
test,NZ,NZ_S2B_59GMM_20200804_0_L2A_54.tif,0.7187065368567455,0.8529800783670829,0.37476099426386233,2094,2849
test,RA,RA_S2A_40XDF_20200829_0_L2A_4.tif,0.0,0.49897003173828125,0.0,135,0
test,RA,RA_S2A_40XDJ_20200811_0_L2A_34.tif,0.6686953214149867,0.8275192872871917,0.5577956989247311,2382,2005
test,RA,RA_S2A_40XEJ_20200811_0_L2A_10.tif,0.7137931034482758,0.8562613055088277,0.7727065959059893,244,253
test,RA,RA_S2A_40XEJ_20200811_0_L2A_52.tif,0.0,0.49013519287109375,0.0,607,686
test,RA,RA_S2A_40XEJ_20200829_0_L2A_62.tif,0.0,0.49713134765625,0.0,376,0
test,RA,RA_S2A_40XEK_20200819_0_L2A_51.tif,0.03912578327984105,0.4228755146714166,0.18658240776203244,590,13008
test,RA,RA_S2A_42XVK_20200830_0_L2A_33.tif,0.4180064308681672,0.7062303739609541,0.5076551168412571,412,470
test,RA,RA_S2A_42XVL_20200823_0_L2A_65.tif,0.7528089887640449,0.8758994052261335,0.954696132596685,251,217
test,RA,RA_S2B_41XME_20200814_0_L2A_51.tif,0.715372907153729,0.856249451148561,0.546899841017488,479,648
test,RA,RA_S2B_41XME_20200814_0_L2A_59.tif,0.0,0.4626007080078125,0.0,4770,132
test,RA,RA_S2B_41XME_20200830_0_L2A_71.tif,0.8304794520547946,0.9144787846122,0.9070631970260223,489,580
test,RA,RA_S2B_41XNE_20200805_5_L2A_10.tif,0.0,0.48462677001953125,0.0,158,1857
test,SAW,SAW_S2A_42SWE_20200910_1_L2A_66.tif,0.6951871657754011,0.8467203676171571,0.7352395098403267,288,346
test,SAW,SAW_S2A_42SWE_20200913_0_L2A_29.tif,0.7334152334152334,0.865036817958021,0.7993359618178046,644,767
test,SAW,SAW_S2A_42SWE_20200913_1_L2A_165.tif,0.0,0.49929046630859375,0.0,93,0
test,SAW,SAW_S2A_42SWE_20200923_0_L2A_9.tif,0.6349614395886889,0.8163932471726164,0.6742364917776038,349,287
test,SAW,SAW_S2A_42SXE_20200910_0_L2A_118.tif,0.0,0.49961090087890625,0.0,51,0
test,SAW,SAW_S2A_42SXE_20200910_0_L2A_182.tif,0.674347158218126,0.8355452398614787,0.4552455930172856,539,551
test,SAW,SAW_S2A_42SXE_20200910_0_L2A_228.tif,0.5205479452054794,0.7597392949369897,0.7804878048780487,79,143
test,SAW,SAW_S2A_42SXE_20200910_0_L2A_279.tif,0.6344202898550725,0.8093007618437391,0.5087338002092892,2274,2237
test,SAW,SAW_S2A_42SXE_20200910_1_L2A_218.tif,0.43333333333333335,0.7138007662835248,0.38113852919618857,527,419
test,SAW,SAW_S2A_42SXE_20200910_1_L2A_372.tif,0.0,0.49932098388671875,0.0,89,0
test,SAW,SAW_S2A_42SXE_20200920_1_L2A_164.tif,0.6114864864864865,0.80486343297624,0.5867052023121387,283,194
test,SAW,SAW_S2A_42SXE_20200920_1_L2A_185.tif,0.40454545454545454,0.7012719174571513,0.4884667571234736,191,118
test,SAW,SAW_S2A_42SXE_20200920_1_L2A_353.tif,0.9240818338673897,0.9595484832502339,0.8761832019422242,3813,3993
test,SAW,SAW_S2A_42SXE_20200920_1_L2A_363.tif,0.4875,0.74312364416878,0.5915492957746479,101,137
test,SAW,SAW_S2A_42SXE_20200923_0_L2A_35.tif,0.7374233128834355,0.8670638547939161,0.6069767441860464,628,788
test,SAW,SAW_S2A_42SXF_20200910_0_L2A_103.tif,0.46987951807228917,0.7332562831175023,0.5507482993197279,361,249
test,SAW,SAW_S2A_42SYE_20200910_0_L2A_150.tif,0.31778741865509763,0.6540732688205213,0.17647058823529413,425,790
test,SAW,SAW_S2A_42SYE_20200910_1_L2A_71.tif,0.6170763260025873,0.8062633047956649,0.5293997131735301,511,739
test,SAW,SAW_S2A_42SYF_20200920_1_L2A_77.tif,0.4632768361581921,0.7309127175871475,0.5569620253164557,108,151
test,SAW,SAW_S2A_42SYF_20200920_1_L2A_82.tif,0.43779904306220097,0.7171015933564184,0.5043478260869566,399,202
test,SAW,SAW_S2A_43SBA_20200920_1_L2A_35.tif,0.0,0.49942779541015625,0.0,75,0
test,SAW,SAW_S2A_43SBV_20200920_1_L2A_119.tif,0.9697162894485177,0.9840980717572541,0.986813122264971,3078,3101
test,SAW,SAW_S2A_43SBV_20200920_1_L2A_26.tif,0.905974025974026,0.9500699165455484,0.936267240418656,3559,3779
test,SAW,SAW_S2A_43SBV_20200920_1_L2A_75.tif,0.17159763313609466,0.5836606938398028,0.3387334315169367,293,103
test,SAW,SAW_S2A_43SCA_20200920_1_L2A_56.tif,0.3381294964028777,0.6683623401634478,0.45951859956236324,84,102
test,SAW,SAW_S2A_43SCA_20200920_1_L2A_57.tif,0.8879781420765027,0.9436747068972322,0.9850746268656716,337,354
test,SAW,SAW_S2A_43SDB_20200907_1_L2A_14.tif,0.0,0.2430419921875,0.0,59,33621
test,SAW,SAW_S2A_43SDB_20200907_1_L2A_56.tif,0.7717791411042945,0.8844567512876611,0.7947952458739368,687,757
test,SAW,SAW_S2A_43SEB_20200904_0_L2A_4.tif,0.8171701112877583,0.9077007395662439,0.8147350280051702,554,589
test,SAW,SAW_S2A_43SET_20200917_0_L2A_2.tif,0.0,0.49364471435546875,0.0,833,0
test,SAW,SAW_S2A_43SET_20200924_0_L2A_51.tif,0.5488958990536278,0.7700370920314407,0.43820224719101125,808,1156
test,SAW,SAW_S2A_43SET_20200924_0_L2A_84.tif,0.5112781954887218,0.7536471879625517,0.5685279187817258,392,412
test,SAW,SAW_S2A_43SET_20200924_1_L2A_43.tif,0.9229910714285714,0.9609623795845356,0.9908673877362064,830,893
test,SAW,SAW_S2A_43SET_20200924_1_L2A_68.tif,0.0,0.49608612060546875,0.0,513,0
test,SAW,SAW_S2A_43SET_20200924_1_L2A_78.tif,0.5369774919614148,0.7673873064604455,0.5683185333715268,188,290
test,SAW,SAW_S2A_43SET_20200924_1_L2A_87.tif,0.634020618556701,0.815922853312659,0.5945179584120983,332,302
test,SAW,SAW_S2A_43SEU_20200924_1_L2A_104.tif,0.6619718309859155,0.8306191785350407,0.8481532147742817,96,140
test,SAW,SAW_S2A_43SEU_20200924_1_L2A_291.tif,0.0,0.49843597412109375,0.0,205,0
test,SAW,SAW_S2A_43SEU_20200924_1_L2A_71.tif,0.9669902912621359,0.9817825868667966,0.9905152987130053,6164,5992
test,SAW,SAW_S2A_43SFR_20200921_0_L2A_21.tif,0.28998505231689087,0.6377014351042305,0.3601246998960834,1033,693
test,SAW,SAW_S2A_43SFS_20200901_1_L2A_24.tif,0.5471698113207547,0.7704485189623469,0.6688493919550982,537,857
test,SAW,SAW_S2A_43SFS_20200924_0_L2A_15.tif,0.35,0.6739077132250721,0.4895620139173148,103,194
test,SAW,SAW_S2A_43SFT_20200914_1_L2A_33.tif,0.75,0.8747784534523064,1.0,94,109
test,SAW,SAW_S2A_43SFT_20200924_1_L2A_23.tif,0.34206128133704733,0.6619351106478835,0.39479380020627236,1433,976
test,SAW,SAW_S2A_43SFT_20200924_1_L2A_8.tif,0.2980392156862745,0.6476523606692907,0.3076923076923077,93,238
test,SAW,SAW_S2A_43SFU_20200914_1_L2A_69.tif,0.5131578947368421,0.7551632971641082,0.6936569640656111,304,271
test,SAW,SAW_S2A_43SFU_20200921_1_L2A_47.tif,0.0,0.49901580810546875,0.0,97,32
test,SAW,SAW_S2A_43SFU_20200924_0_L2A_117.tif,0.7190635451505016,0.8588887940537953,0.8565545641729582,215,299
test,SAW,SAW_S2A_43SGR_20200901_1_L2A_52.tif,0.7351351351351352,0.8664390207060026,0.6902078637615827,453,510
test,SAW,SAW_S2A_43SGR_20200911_1_L2A_27.tif,0.0,0.4982757568359375,0.0,226,0
test,SAW,SAW_S2A_43SGR_20200911_1_L2A_43.tif,0.1865079365079365,0.5916888199084446,0.3174447174447174,48,251
test,SAW,SAW_S2A_43SGR_20200911_1_L2A_60.tif,0.4811320754716981,0.7397254961213979,0.6367924528301887,132,182
test,SAW,SAW_S2A_43SGS_20200901_0_L2A_38.tif,0.0,0.4983673095703125,0.0,214,0
test,SAW,SAW_S2A_43SGS_20200911_3_L2A_31.tif,0.597972972972973,0.7971608290964095,0.7555522208883554,411,535
test,SAW,SAW_S2A_43SGS_20200921_1_L2A_50.tif,0.3462532299741602,0.6692502896821834,0.30136986301369867,774,268
test,SAW,SAW_S2A_43SGS_20200921_1_L2A_54.tif,0.0,0.49709320068359375,0.0,48,333
test,SAW,SAW_S2A_43SGT_20200901_0_L2A_6.tif,0.7363636363636363,0.867960291942417,0.9743589743589743,88,103
test,SAW,SAW_S2A_43SGT_20200911_1_L2A_33.tif,0.47058823529411764,0.7348130547270832,0.6495726495726496,81,94
test,SAW,SAW_S2A_43SGT_20200914_1_L2A_2.tif,0.0,0.49790191650390625,0.0,101,174
test,SAW,SAW_S2A_43SGU_20200911_1_L2A_15.tif,0.06493506493506493,0.5275202878079609,0.13245033112582782,692,46
test,SAW,SAW_S2A_43SGU_20200914_1_L2A_37.tif,0.7554585152838428,0.8773008807314369,0.8907330567081604,173,229
test,SAW,SAW_S2A_43SGU_20200921_1_L2A_12.tif,0.0,0.49881744384765625,0.0,155,0
test,SAW,SAW_S2A_43SGV_20200901_1_L2A_22.tif,0.0,0.49826812744140625,0.0,156,71
test,SAW,SAW_S2A_43SGV_20200901_1_L2A_26.tif,0.2946859903381642,0.6462280658067301,0.30434782608695654,61,207
test,SAW,SAW_S2A_43SGV_20200901_1_L2A_8.tif,0.0,0.49806976318359375,0.0,253,0
test,SAW,SAW_S2A_43SGV_20200921_1_L2A_55.tif,0.3185840707964602,0.6587042491386881,0.48567870485678705,113,36
test,SAW,SAW_S2A_44RKV_20200901_0_L2A_3.tif,0.5534591194968553,0.7761871443957813,0.7272727272727272,88,159
test,SAW,SAW_S2A_44RMV_20200908_0_L2A_2.tif,0.8011363636363636,0.9000318162313978,1.0,315,319
test,SAW,SAW_S2A_44RMV_20200918_0_L2A_43.tif,0.0667172100075815,0.4955886000946106,0.2039903372998121,384,5244
test,SAW,SAW_S2A_44RNU_20200905_1_L2A_46.tif,0.9010143406785589,0.9482597116353404,0.8539090832419668,2694,2741
test,SAW,SAW_S2A_44RNU_20200905_1_L2A_56.tif,0.0,0.49892425537109375,0.0,123,18
test,SAW,SAW_S2A_44RNU_20200905_2_L2A_68.tif,0.6169188445667125,0.8041508779061227,0.7309851965288414,1290,1061
test,SAW,SAW_S2A_44RNV_20200908_0_L2A_111.tif,0.0,0.49781036376953125,0.0,287,0
test,SAW,SAW_S2A_44RNV_20200908_1_L2A_106.tif,0.7433489827856025,0.8704141357265802,0.8620372577733881,584,530
test,SAW,SAW_S2A_44RNV_20200915_1_L2A_93.tif,0.5576036866359447,0.7736077608619134,0.27470997679814385,847,1519
test,SAW,SAW_S2A_44SKA_20200901_1_L2A_12.tif,0.5235849056603774,0.7610205766360734,0.6716473664549869,135,188
test,SAW,SAW_S2A_44SKA_20200921_1_L2A_13.tif,0.5252324037184595,0.7570945399548356,0.45186316180415137,1418,879
test,SAW,SAW_S2A_44SKB_20200901_0_L2A_41.tif,0.0,0.3367462158203125,0.0,17,21381
test,SAW,SAW_S2A_44SKB_20200901_1_L2A_58.tif,0.4,0.6897215777262181,0.5602158233771954,1976,1125
test,SAW,SAW_S2A_44SKB_20200901_1_L2A_89.tif,0.5106382978723404,0.7549679395542988,0.6923076923076923,69,73
test,SAW,SAW_S2A_44SKB_20200911_2_L2A_47.tif,0.9378381245359075,0.9566734819611873,0.6282534239066083,18108,18428
test,SAW,SAW_S2A_44SKB_20200921_1_L2A_85.tif,0.7517241379310344,0.8750339624158079,0.7390594867230381,334,428
test,SAW,SAW_S2A_44SKB_20200921_1_L2A_86.tif,0.4823529411764706,0.7405042427641145,0.547945205479452,108,144
test,SAW,SAW_S2A_44SKC_20200901_1_L2A_44.tif,0.9666919000757003,0.9796822008011312,0.9462303391952627,11830,11552
test,SAW,SAW_S2A_44SKC_20200921_1_L2A_34.tif,0.0794979079497908,0.5363900727876836,0.0,369,147
test,SAW,SAW_S2A_44SKD_20200901_1_L2A_22.tif,0.889050036258158,0.9433354675148666,0.9743622916531902,1259,1346
test,SAW,SAW_S2A_44SKD_20200921_1_L2A_37.tif,0.5333333333333333,0.7661319563268965,0.7301905717151453,114,116
test,SAW,SAW_S2A_44SLA_20200911_1_L2A_10.tif,0.880942706216985,0.938159460670669,0.8420296104642806,2280,2349
test,SAW,SAW_S2A_44SLB_20200911_2_L2A_32.tif,0.6802884615384616,0.839125120536751,0.7137254901960786,331,368
test,SAW,SAW_S2A_44SLB_20200918_1_L2A_12.tif,0.5274725274725275,0.763079173271716,0.6967741935483871,138,140
test,SAW,SAW_S2A_44SMA_20200918_1_L2A_26.tif,0.0,0.4988250732421875,0.0,154,0
test,SAW,SAW_S2B_42SWE_20200918_1_L2A_37.tif,0.5598705501618123,0.7778490655395655,0.42861889467272124,458,506
test,SAW,SAW_S2B_42SXE_20200905_1_L2A_191.tif,0.48710166919575115,0.7409594062455027,0.5311203319502075,434,546
test,SAW,SAW_S2B_42SXE_20200905_1_L2A_230.tif,0.6073059360730594,0.7996676734645627,0.5807101056115747,958,1154
test,SAW,SAW_S2B_42SXE_20200905_1_L2A_239.tif,0.7945425361155698,0.8942736567792724,0.7036326925360978,1561,1793
test,SAW,SAW_S2B_42SXE_20200905_1_L2A_6.tif,0.7795874049945711,0.8882277794512181,0.5748152959324511,824,815
test,SAW,SAW_S2B_42SXE_20200918_1_L2A_64.tif,0.5355029585798816,0.7665503470123798,0.4705528846153846,303,216
test,SAW,SAW_S2B_42SXF_20200905_0_L2A_2.tif,0.5864864864864865,0.7920720679343745,0.6709677419354838,259,328
test,SAW,SAW_S2B_42SXF_20200905_1_L2A_10.tif,0.8958509737510584,0.9469716731716302,1.0,1095,1144
test,SAW,SAW_S2B_42SXF_20200905_1_L2A_60.tif,0.5902439024390244,0.7944798966448734,0.6666666666666666,137,189
test,SAW,SAW_S2B_42SXF_20200915_1_L2A_45.tif,0.936050030260238,0.9654222169167717,0.8665129653135766,4673,4924
test,SAW,SAW_S2B_42SYE_20200922_1_L2A_29.tif,0.5853350189633375,0.7901472629892679,0.4830508474576271,590,664
test,SAW,SAW_S2B_42SYE_20200922_1_L2A_41.tif,0.3380281690140845,0.6682963957701744,0.4406779661016949,70,120
test,SAW,SAW_S2B_43SBA_20200922_1_L2A_15.tif,0.0,0.49898529052734375,0.0,133,0
test,SAW,SAW_S2B_43SBA_20200922_1_L2A_7.tif,0.1457286432160804,0.5715667503561129,0.379746835443038,184,44
test,SAW,SAW_S2B_43SBV_20200922_0_L2A_146.tif,0.0,0.49863433837890625,0.0,179,0
test,SAW,SAW_S2B_43SBV_20200922_0_L2A_65.tif,0.547911547911548,0.7711289188320991,0.43311138014527845,628,632
test,SAW,SAW_S2B_43SBV_20200922_1_L2A_68.tif,0.9373563218390805,0.9678253325023585,0.9924773465549667,1645,1726
test,SAW,SAW_S2B_43SBV_20200925_1_L2A_65.tif,0.3347732181425486,0.6602866720793732,0.5907473309608541,1381,473
test,SAW,SAW_S2B_43SCA_20200922_0_L2A_125.tif,0.5161290322580645,0.7578355224797895,0.9411764705882353,55,39
test,SAW,SAW_S2B_43SCA_20200922_0_L2A_130.tif,0.0,0.49829864501953125,0.0,223,0
test,SAW,SAW_S2B_43SCA_20200922_0_L2A_91.tif,0.8937093275488069,0.9464784583816144,0.9494994938702059,412,461
test,SAW,SAW_S2B_43SCA_20200922_1_L2A_152.tif,0.5891089108910891,0.7932833598530302,0.604888341832249,271,371
test,SAW,SAW_S2B_43SCA_20200922_1_L2A_169.tif,0.8217821782178217,0.9104775305137847,0.870967741935484,260,292
test,SAW,SAW_S2B_43SCA_20200922_1_L2A_76.tif,0.8852626211116777,0.9408679876718263,0.8975764570109637,1824,1873
test,SAW,SAW_S2B_43SCA_20200925_0_L2A_54.tif,0.6901140684410646,0.8425419902458371,0.39823008849557523,931,847
test,SAW,SAW_S2B_43SCA_20200925_1_L2A_40.tif,0.0,0.4995574951171875,0.0,58,0
test,SAW,SAW_S2B_43SCU_20200922_0_L2A_53.tif,0.6330798479087453,0.8150599307025284,0.3805620608899297,421,438
test,SAW,SAW_S2B_43SCV_20200922_0_L2A_252.tif,0.5344387755102041,0.7615777914151842,0.20481927710843376,1368,1038
test,SAW,SAW_S2B_43SCV_20200922_0_L2A_258.tif,0.44129554655870445,0.7195931627974411,0.3494539781591264,206,150
test,SAW,SAW_S2B_43SCV_20200922_0_L2A_312.tif,0.6593686354378818,0.8244773626590882,0.4257330523214176,1692,1567
test,SAW,SAW_S2B_43SCV_20200922_0_L2A_398.tif,0.3087431693989071,0.6524380139368777,0.3240023823704586,336,143
test,SAW,SAW_S2B_43SCV_20200922_0_L2A_410.tif,0.4946236559139785,0.7465936566960638,0.5370121130551817,156,122
test,SAW,SAW_S2B_43SCV_20200922_0_L2A_80.tif,0.7843907916900618,0.8892018973495757,0.7275047862156987,1469,1709
test,SAW,SAW_S2B_43SCV_20200922_1_L2A_107.tif,0.4530386740331492,0.7257630807144387,0.5263157894736842,117,146
test,SAW,SAW_S2B_43SCV_20200922_1_L2A_225.tif,0.7278911564625851,0.8630255444967223,0.6397295012679628,429,333
test,SAW,SAW_S2B_43SDA_20200922_1_L2A_52.tif,0.24722662440570523,0.6199807028421919,0.35759278999903094,381,406
test,SAW,SAW_S2B_43SDB_20200922_1_L2A_22.tif,0.712,0.8554491875516386,0.8731808731808731,197,231
test,SAW,SAW_S2B_43SDU_20200909_0_L2A_41.tif,0.547683923705722,0.7725715860971405,0.54,201,367
test,SAW,SAW_S2B_43SDU_20200912_1_L2A_82.tif,0.012698412698412698,0.5016031435974055,0.1050328227571116,470,168
test,SAW,SAW_S2B_43SDU_20200922_0_L2A_48.tif,0.5995893223819302,0.7983002709022029,0.7724772148780688,413,366
test,SAW,SAW_S2B_43SDU_20200922_0_L2A_50.tif,0.8213114754098361,0.9063324682026097,0.75453209211171,2616,2939
test,SAW,SAW_S2B_43SDV_20200922_1_L2A_76.tif,0.0,0.49723052978515625,0.0,363,0
test,SAW,SAW_S2B_43SET_20200909_0_L2A_55.tif,0.11320754716981132,0.554092093125627,0.29065743944636674,371,42
test,SAW,SAW_S2B_43SET_20200909_1_L2A_18.tif,0.4708333333333333,0.7344460599992867,0.6671064204045735,124,229
test,SAW,SAW_S2B_43SEU_20200919_0_L2A_207.tif,0.8428571428571429,0.9207523142049148,0.977459932315944,501,531
test,SAW,SAW_S2B_43SEU_20200919_0_L2A_243.tif,0.8205128205128205,0.9084651571546732,0.9073903161374751,1127,1216
test,SAW,SAW_S2B_43SEU_20200919_1_L2A_171.tif,0.6652152878567973,0.8272149598991597,0.6706267272322989,1403,2039
test,SAW,SAW_S2B_43SEU_20200922_1_L2A_104.tif,0.0,0.4929656982421875,0.0,922,0
test,SAW,SAW_S2B_43SEV_20200922_0_L2A_4.tif,0.672209026128266,0.8350470904168984,0.6789989118607181,294,410
test,SAW,SAW_S2B_43SEV_20200922_0_L2A_74.tif,0.6359649122807017,0.8173478122291092,0.7818033233451376,154,219
test,SAW,SAW_S2B_43SEV_20200922_0_L2A_76.tif,0.041928721174004195,0.5174766629253622,0.15980629539951577,310,187
test,SAW,SAW_S2B_43SFA_20200919_1_L2A_20.tif,0.04145077720207254,0.5150768785863806,0.13313609467455623,768,36
test,SAW,SAW_S2B_43SFR_20200909_0_L2A_1.tif,0.7395315826827538,0.8639818917007036,0.4915077888011255,2438,2464
test,SAW,SAW_S2B_43SFU_20200909_0_L2A_114.tif,0.9256756756756757,0.9624993138026313,0.993939393939394,552,588
test,SAW,SAW_S2B_43SFU_20200909_1_L2A_49.tif,0.7376573088092934,0.8667367656838636,0.53716348795228,764,1031
test,SAW,SAW_S2B_43SFU_20200909_1_L2A_91.tif,0.9409436834094368,0.968918474741791,0.9782902441221513,3092,3284
test,SAW,SAW_S2B_43SFV_20200919_1_L2A_21.tif,0.6012461059190031,0.7996436060409333,0.5385450597176982,193,321
test,SAW,SAW_S2B_43SFV_20200919_1_L2A_41.tif,0.4228571428571429,0.7106571315092289,0.3976744186046512,78,171
test,SAW,SAW_S2B_43SFV_20200919_1_L2A_48.tif,0.45110410094637227,0.7215432649355328,0.549828178694158,462,918
test,SAW,SAW_S2B_43SFV_20200919_1_L2A_67.tif,0.2153846153846154,0.5947608757840186,0.3496642626212385,2145,462
test,SAW,SAW_S2B_43SGT_20200909_1_L2A_3.tif,0.6852589641434262,0.8420251738898393,0.7668539325842696,188,235
test,SAW,SAW_S2B_43SGU_20200916_1_L2A_55.tif,0.8579881656804734,0.9286262441987874,0.9515859766277128,301,327
test,SAW,SAW_S2B_43SGV_20200916_1_L2A_47.tif,0.5337837837837838,0.7663648283234423,0.684931506849315,119,108
test,SAW,SAW_S2B_43SGV_20200919_1_L2A_4.tif,0.0,0.490509033203125,0.0,1244,0
test,SAW,SAW_S2B_43SGV_20200919_1_L2A_48.tif,0.6627906976744186,0.8300608702042063,0.7387969317723052,455,403
test,SAW,SAW_S2B_44RMV_20200913_0_L2A_42.tif,0.7816455696202531,0.8902943650150615,0.9369150131037065,312,251
test,SAW,SAW_S2B_44RNV_20200920_1_L2A_50.tif,0.7958333333333333,0.8975417336189966,0.917087778401647,193,238
test,SAW,SAW_S2B_44RNV_20200920_1_L2A_94.tif,0.7630922693266833,0.8808179421139012,0.7788710512687727,324,383
test,SAW,SAW_S2B_44SKA_20200913_1_L2A_42.tif,0.5928677563150074,0.792201433534562,0.6479872543813064,1126,1018
test,SAW,SAW_S2B_44SKD_20200916_1_L2A_30.tif,0.0,0.49983978271484375,0.0,21,0
test,SAW,SAW_S2B_44SKE_20200916_1_L2A_23.tif,0.0,0.499298095703125,0.0,92,0
test,SAW,SAW_S2B_44SLA_20200913_1_L2A_106.tif,0.8188679245283019,0.908696657726656,0.9806451612903226,450,514
test,SAW,SAW_S2B_44SLA_20200913_1_L2A_123.tif,0.708029197080292,0.8518560034771613,0.7424782264449723,749,889
test,SAW,SAW_S2B_44SLA_20200923_0_L2A_127.tif,0.5176470588235295,0.7581970778777225,0.7018653177363263,115,143
test,SAW,SAW_S2B_44SLB_20200923_1_L2A_10.tif,0.391304347826087,0.6944754696020268,0.42290175666883534,169,183
test,SA,SA_S2A_18FWH_20200706_1_L2A_1.tif,0.008598334925617578,0.4488259189481539,0.09382566585956417,7327,63
test,SA,SA_S2A_18FWJ_20200706_0_L2A_3.tif,0.0,0.42922210693359375,0.0,9240,37
test,SA,SA_S2A_18FWK_20200706_0_L2A_216.tif,0.0,0.4950714111328125,0.0,642,4
test,SA,SA_S2A_18FWK_20200706_1_L2A_79.tif,0.4587501068650081,0.613854288524833,0.3075768942235559,23394,10732
test,SA,SA_S2A_18FWL_20200706_0_L2A_68.tif,0.0,0.48271942138671875,0.0,2265,0
test,SA,SA_S2A_18FXF_20200716_2_L2A_132.tif,0.0,0.49973297119140625,0.0,35,0
test,SA,SA_S2A_18FXF_20200716_2_L2A_167.tif,0.0,0.421600341796875,0.0,10276,0
test,SA,SA_S2A_18FXF_20200716_2_L2A_253.tif,0.0,0.4500579833984375,0.0,6546,0
test,SA,SA_S2A_18FXF_20200716_2_L2A_320.tif,0.0,0.2585601806640625,0.0,289,31357
test,SA,SA_S2A_18FXF_20200716_2_L2A_347.tif,0.0,0.45554351806640625,0.0,5827,0
test,SA,SA_S2A_18FXF_20200716_2_L2A_78.tif,0.0,0.49729156494140625,0.0,355,0
test,SA,SA_S2A_18FXH_20200825_0_L2A_122.tif,0.0,0.48972320556640625,0.0,1347,0
test,SA,SA_S2A_18FXH_20200825_0_L2A_250.tif,0.0,0.479522705078125,0.0,2684,0
test,SA,SA_S2A_18FXH_20200825_0_L2A_251.tif,0.0,0.49906158447265625,0.0,123,0
test,SA,SA_S2A_18FXH_20200825_0_L2A_254.tif,0.0,0.49909210205078125,0.0,119,0
test,SA,SA_S2A_18FXH_20200825_0_L2A_37.tif,0.0,0.4783782958984375,0.0,1721,1113
test,SA,SA_S2A_18FXH_20200825_0_L2A_63.tif,0.5046153846153846,0.7138986761839674,0.4763957502813436,9342,4839
test,SA,SA_S2A_18FXH_20200825_0_L2A_78.tif,0.0,0.4741973876953125,0.0,3382,0
test,SA,SA_S2A_18FXH_20200825_0_L2A_98.tif,0.0,0.49738311767578125,0.0,343,0
test,SA,SA_S2A_18FXJ_20200825_0_L2A_133.tif,0.0,0.49304962158203125,0.0,911,0
test,SA,SA_S2A_18FXJ_20200825_0_L2A_228.tif,0.8725228658536586,0.924395102088559,0.80567502274816,10230,9424
test,SA,SA_S2A_18FXJ_20200825_0_L2A_237.tif,0.9667616334283001,0.9825405747244571,0.9858655453670399,3129,3084
test,SA,SA_S2A_18FXJ_20200825_0_L2A_344.tif,0.8166249169265375,0.6028452164966513,0.6796315250767656,58641,47964
test,SA,SA_S2A_18FXJ_20200825_0_L2A_349.tif,0.009616304659841163,0.3463861732987734,0.0,20902,201
test,SA,SA_S2A_18FXJ_20200825_0_L2A_50.tif,0.0,0.497406005859375,0.0,340,0
test,SA,SA_S2A_18FXJ_20200825_0_L2A_8.tif,0.9204351400923407,0.9478801242308986,0.8426716193454591,15537,14827
test,SA,SA_S2A_18FXM_20200706_1_L2A_193.tif,0.0,0.4983062744140625,0.0,220,2
test,SA,SA_S2A_18FXM_20200706_1_L2A_383.tif,0.0,0.4933013916015625,0.0,878,0
test,SA,SA_S2A_18FXM_20200825_0_L2A_152.tif,0.0,0.495025634765625,0.0,652,0
test,SA,SA_S2A_18FXM_20200825_1_L2A_223.tif,0.0,0.4972686767578125,0.0,358,0
test,SA,SA_S2A_18FXM_20200825_1_L2A_25.tif,0.0,0.49939727783203125,0.0,79,0
test,SA,SA_S2A_18FXM_20200825_1_L2A_316.tif,0.0,0.497222900390625,0.0,364,0
test,SA,SA_S2A_18FXM_20200825_1_L2A_463.tif,0.0,0.485992431640625,0.0,1836,0
test,SA,SA_S2A_18FXM_20200825_1_L2A_531.tif,0.38683498647430115,0.6881953205061078,0.454828660436137,1018,520
test,SA,SA_S2A_18GWP_20200722_0_L2A_74.tif,0.0019068090417417834,0.2811262790951749,0.0,28844,55
test,SA,SA_S2A_18GXN_20200726_0_L2A_140.tif,0.0,0.49828338623046875,0.0,225,0
test,SA,SA_S2A_18GXN_20200726_0_L2A_177.tif,0.2305319969159599,0.5921066055218268,0.3705103969754253,3827,961
test,SA,SA_S2A_18GXN_20200726_0_L2A_261.tif,0.0,0.33531951904296875,0.0,21585,0
test,SA,SA_S2A_18GXN_20200726_0_L2A_76.tif,0.0,0.4961090087890625,0.0,510,0
test,SA,SA_S2A_18GXP_20200726_1_L2A_36.tif,0.0,0.49973297119140625,0.0,35,0
test,SA,SA_S2A_18GXP_20200726_1_L2A_54.tif,0.0,0.4940948486328125,0.0,774,0
test,SA,SA_S2A_18GXP_20200818_0_L2A_109.tif,0.039829605963791266,0.48542307395773304,0.03532008830022075,4566,316
test,SA,SA_S2A_18GXP_20200818_0_L2A_120.tif,0.0,0.49664306640625,0.0,440,0
test,SA,SA_S2A_18GXP_20200818_0_L2A_129.tif,0.0,0.4968414306640625,0.0,414,0
test,SA,SA_S2A_18GXP_20200818_0_L2A_156.tif,0.0,0.44195556640625,0.0,7608,0
test,SA,SA_S2A_18GXP_20200818_0_L2A_166.tif,0.8926553672316384,0.9457422035221423,0.9084249084249084,693,647
test,SA,SA_S2A_18GXP_20200818_0_L2A_176.tif,0.0,0.44756317138671875,0.0,6836,37
test,SA,SA_S2A_18GXP_20200818_0_L2A_200.tif,0.0,0.49877166748046875,0.0,161,0
test,SA,SA_S2A_18GXP_20200818_0_L2A_250.tif,0.0,0.490142822265625,0.0,1292,0
test,SA,SA_S2A_18GXP_20200818_0_L2A_307.tif,0.0,0.49866485595703125,0.0,175,0
test,SA,SA_S2A_18GXP_20200818_0_L2A_330.tif,0.9544137022397892,0.9742390339237099,0.9201405838133359,7357,7477
test,SA,SA_S2A_18GXP_20200818_0_L2A_349.tif,0.0,0.471527099609375,0.0,61,3671
test,SA,SA_S2A_18GXP_20200818_0_L2A_391.tif,0.0,0.4966278076171875,0.0,442,0
test,SA,SA_S2A_18GYQ_20200818_0_L2A_3.tif,0.04052936311000827,0.5114079619007216,0.16748768472906403,1209,49
test,SA,SA_S2A_18GYQ_20200818_0_L2A_31.tif,0.0,0.49912261962890625,0.0,115,0
test,SA,SA_S2A_18GYQ_20200818_0_L2A_81.tif,0.0,0.4995880126953125,0.0,54,0
test,SA,SA_S2A_18GYT_20200821_0_L2A_31.tif,0.0,0.49643707275390625,0.0,239,228
test,SA,SA_S2A_18GYT_20200821_1_L2A_3.tif,0.0,0.4943084716796875,0.0,746,0
test,SA,SA_S2A_18GYU_20200729_0_L2A_205.tif,0.0,0.49687957763671875,0.0,409,0
test,SA,SA_S2A_18GYU_20200821_0_L2A_134.tif,0.0,0.474639892578125,0.0,3324,0
test,SA,SA_S2A_18GYU_20200821_0_L2A_9.tif,0.0,0.48197174072265625,0.0,2363,0
test,SA,SA_S2A_18GYV_20200729_1_L2A_35.tif,0.1898422090729783,0.5823119350686375,0.3028391167192429,1994,419
test,SA,SA_S2A_19FCV_20200720_1_L2A_161.tif,0.0,0.49102783203125,0.0,1176,0
test,SA,SA_S2A_19FCV_20200720_1_L2A_230.tif,0.0,0.49492645263671875,0.0,665,0
test,SA,SA_S2A_19FCV_20200720_1_L2A_34.tif,0.0,0.4903106689453125,0.0,1270,0
test,SA,SA_S2A_19FCV_20200720_1_L2A_8.tif,0.0,0.49610137939453125,0.0,511,0
test,SA,SA_S2A_19FCV_20200720_1_L2A_93.tif,0.0,0.48409271240234375,0.0,2085,0
test,SA,SA_S2A_19FDU_20200720_0_L2A_48.tif,0.0,0.4979095458984375,0.0,274,0
test,SA,SA_S2A_19FDU_20200720_0_L2A_53.tif,0.0,0.4977264404296875,0.0,298,0
test,SA,SA_S2A_19FDU_20200720_1_L2A_64.tif,0.0,0.489837646484375,0.0,1332,0
test,SA,SA_S2A_19FDV_20200720_1_L2A_117.tif,0.0,0.4925689697265625,0.0,974,0
test,SA,SA_S2A_19FDV_20200720_1_L2A_131.tif,0.0,0.49829864501953125,0.0,223,0
test,SA,SA_S2A_19FDV_20200720_1_L2A_161.tif,0.0,0.48772430419921875,0.0,1609,0
test,SA,SA_S2A_19FDV_20200720_1_L2A_213.tif,0.0,0.4886016845703125,0.0,1494,0
test,SA,SA_S2A_19FDV_20200720_1_L2A_225.tif,0.0,0.4965667724609375,0.0,450,0
test,SA,SA_S2A_19FDV_20200720_1_L2A_274.tif,0.0,0.4655609130859375,0.0,4514,0
test,SA,SA_S2A_19FDV_20200720_1_L2A_352.tif,0.0,0.39290618896484375,0.0,133,13904
test,SA,SA_S2A_19FDV_20200720_1_L2A_359.tif,0.0,0.499725341796875,0.0,36,0
test,SA,SA_S2A_19FDV_20200720_1_L2A_380.tif,0.0,0.4990234375,0.0,128,0
test,SA,SA_S2A_19FDV_20200720_1_L2A_410.tif,0.0,0.4707489013671875,0.0,3834,0
test,SA,SA_S2A_19FDV_20200720_1_L2A_413.tif,0.0,0.4945831298828125,0.0,710,0
test,SA,SA_S2A_19FDV_20200720_1_L2A_458.tif,0.0,0.48987579345703125,0.0,1327,0
test,SA,SA_S2A_19FDV_20200720_1_L2A_86.tif,0.0,0.49811553955078125,0.0,247,0
test,SA,SA_S2A_19FEV_20200717_1_L2A_7.tif,0.0,0.49472808837890625,0.0,691,0
test,SA,SA_S2A_19FEV_20200720_1_L2A_112.tif,0.0,0.4990081787109375,0.0,130,0
test,SA,SA_S2A_19FEV_20200720_1_L2A_147.tif,0.0,0.4943389892578125,0.0,742,0
test,SA,SA_S2A_19FEV_20200720_1_L2A_153.tif,0.0,0.498870849609375,0.0,148,0
test,SA,SA_S2A_19FEV_20200720_1_L2A_180.tif,0.0,0.49567413330078125,0.0,567,0
test,SA,SA_S2A_19FEV_20200720_1_L2A_211.tif,0.0,0.48686981201171875,0.0,1721,0
test,SA,SA_S2A_19FEV_20200720_1_L2A_91.tif,0.0,0.4942779541015625,0.0,750,0
test,SA,SA_S2A_19GBP_20200729_1_L2A_157.tif,0.0,0.492828369140625,0.0,940,0
test,SA,SA_S2A_19GBP_20200729_1_L2A_184.tif,0.0,0.4996337890625,0.0,48,0
test,SA,SA_S2A_19GBP_20200729_1_L2A_236.tif,0.0,0.49898529052734375,0.0,133,0
test,SA,SA_S2A_19GBP_20200729_1_L2A_256.tif,0.0,0.49810791015625,0.0,248,0
test,SA,SA_S2A_19GBP_20200729_1_L2A_271.tif,0.9774768143677315,0.9874395074283645,0.9688195991091313,6774,6659
test,SA,SA_S2A_19GBP_20200729_1_L2A_44.tif,0.0,0.49250030517578125,0.0,983,0
test,SA,SA_S2A_19GBP_20200729_1_L2A_79.tif,0.0,0.4943084716796875,0.0,746,0
test,SA,SA_S2A_19GBP_20200821_0_L2A_126.tif,0.0,0.49088287353515625,0.0,1195,0
test,SA,SA_S2A_19GBP_20200821_1_L2A_155.tif,0.0,0.4981689453125,0.0,240,0
test,SA,SA_S2A_19GBP_20200821_1_L2A_91.tif,0.18125430737422468,0.5815269131588694,0.342685370741483,1431,283
test,SA,SA_S2A_19HBS_20200729_1_L2A_15.tif,0.0,0.494873046875,0.0,672,0
test,SA,SA_S2A_19HBS_20200729_1_L2A_4.tif,0.0,0.49436187744140625,0.0,739,0
test,SA,SA_S2A_19HCB_20200722_1_L2A_104.tif,0.0,0.4977264404296875,0.0,298,0
test,SA,SA_S2A_19HCB_20200722_1_L2A_95.tif,0.0,0.49930572509765625,0.0,91,0
test,SA,SA_S2A_19HCB_20200722_1_L2A_97.tif,0.0,0.49770355224609375,0.0,301,0
test,SA,SA_S2A_19HCB_20200729_1_L2A_45.tif,0.0,0.4996185302734375,0.0,50,0
test,SA,SA_S2A_19HCB_20200821_1_L2A_82.tif,0.0,0.48787689208984375,0.0,1589,0
test,SA,SA_S2A_19HCD_20200821_1_L2A_21.tif,0.599457058242843,0.786869416820092,0.45478036175710596,2433,4048
test,SA,SA_S2A_19HDD_20200808_1_L2A_18.tif,0.0,0.499114990234375,0.0,116,0
test,SA,SA_S2A_19HDE_20200811_1_L2A_7.tif,0.0,0.49677276611328125,0.0,423,0
test,SA,SA_S2B_18FWJ_20200701_1_L2A_26.tif,0.0,0.47100067138671875,0.0,3801,0
test,SA,SA_S2B_18FWJ_20200701_1_L2A_62.tif,0.0,0.49863433837890625,0.0,179,0
test,SA,SA_S2B_18FWL_20200714_0_L2A_17.tif,0.0,0.49762725830078125,0.0,311,0
test,SA,SA_S2B_18FWL_20200714_0_L2A_22.tif,0.0,0.45185089111328125,0.0,6311,0
test,SA,SA_S2B_18FWL_20200714_0_L2A_237.tif,0.0,0.48110198974609375,0.0,2477,0
test,SA,SA_S2B_18FWL_20200714_0_L2A_307.tif,0.6042410519898981,0.7141494076999763,0.3889503432182201,22951,13892
test,SA,SA_S2B_18FWL_20200714_1_L2A_140.tif,0.0,0.47814178466796875,0.0,879,1986
test,SA,SA_S2B_18FWL_20200714_1_L2A_53.tif,0.0,0.48908233642578125,0.0,1431,0
test,SA,SA_S2B_18FWL_20200714_1_L2A_87.tif,0.02684039870301429,0.3889214361196246,0.14980847105176756,16654,447
test,SA,SA_S2B_18FWL_20200714_3_L2A_139.tif,0.0,0.4816131591796875,0.0,2410,0
test,SA,SA_S2B_18FWL_20200714_3_L2A_235.tif,0.0,0.4076690673828125,0.0,12102,0
test,SA,SA_S2B_18FWM_20200714_1_L2A_148.tif,0.01625620558746228,0.4308284653509066,0.0,10273,167
test,SA,SA_S2B_18FWM_20200714_1_L2A_152.tif,0.0,0.48560333251953125,0.0,1887,0
test,SA,SA_S2B_18FWM_20200714_1_L2A_18.tif,0.0,0.48218536376953125,0.0,2335,0
test,SA,SA_S2B_18FWM_20200714_1_L2A_62.tif,0.0,0.49875640869140625,0.0,163,0
test,SA,SA_S2B_18FXG_20200704_1_L2A_30.tif,0.0,0.49897003173828125,0.0,135,0
test,SA,SA_S2B_18FXJ_20200714_0_L2A_128.tif,0.004703485347667765,0.15085370994216318,0.06217291842938172,46136,217
test,SA,SA_S2B_18FXK_20200714_0_L2A_122.tif,0.0,0.490203857421875,0.0,1284,0
test,SA,SA_S2B_18FXK_20200714_0_L2A_49.tif,0.0,0.49517822265625,0.0,632,0
test,SA,SA_S2B_18FXK_20200714_1_L2A_41.tif,0.0,0.49634552001953125,0.0,479,0
test,SA,SA_S2B_18FXK_20200820_0_L2A_110.tif,0.0,0.4936065673828125,0.0,614,224
test,SA,SA_S2B_18FXK_20200820_0_L2A_99.tif,0.42051010557129953,0.5314454511866645,0.29072352034881954,32086,13528
test,SA,SA_S2B_18FXL_20200714_1_L2A_102.tif,0.0,0.493316650390625,0.0,371,505
test,SA,SA_S2B_18FXL_20200714_1_L2A_128.tif,0.0,0.49637603759765625,0.0,80,395
test,SA,SA_S2B_18FXL_20200714_1_L2A_18.tif,0.0,0.49944305419921875,0.0,73,0
test,SA,SA_S2B_18FXL_20200714_2_L2A_31.tif,0.0,0.4990386962890625,0.0,126,0
test,SA,SA_S2B_18FXL_20200714_2_L2A_66.tif,0.0063482466747279325,0.4278682720704295,0.0584144645340751,3298,6689
test,SA,SA_S2B_18FXL_20200714_3_L2A_3.tif,0.0,0.49790191650390625,0.0,275,0
test,SA,SA_S2B_18FXL_20200714_3_L2A_76.tif,0.0,0.4971923828125,0.0,173,195
test,SA,SA_S2B_18FXM_20200714_0_L2A_258.tif,0.0,0.49114227294921875,0.0,1161,0
test,SA,SA_S2B_18FXM_20200714_0_L2A_328.tif,0.0,0.4809417724609375,0.0,2498,0
test,SA,SA_S2B_18FXM_20200714_0_L2A_33.tif,0.0,0.48905181884765625,0.0,1435,0
test,SA,SA_S2B_18FXM_20200714_0_L2A_36.tif,0.0,0.47681427001953125,0.0,3039,0
test,SA,SA_S2B_18FXM_20200714_0_L2A_509.tif,0.0,0.4955902099609375,0.0,578,0
test,SA,SA_S2B_18FXM_20200714_1_L2A_180.tif,0.0,0.49634552001953125,0.0,479,0
test,SA,SA_S2B_18FXM_20200714_1_L2A_263.tif,0.0,0.49755096435546875,0.0,321,0
test,SA,SA_S2B_18FXM_20200714_1_L2A_3.tif,0.0,0.49854278564453125,0.0,191,0
test,SA,SA_S2B_18FXM_20200714_1_L2A_397.tif,0.0,0.47383880615234375,0.0,3429,0
test,SA,SA_S2B_18FXM_20200714_1_L2A_435.tif,0.0,0.49965667724609375,0.0,45,0
test,SA,SA_S2B_18FXM_20200714_1_L2A_80.tif,0.8844748858447489,0.9381344297213754,0.8694166758602527,4373,3881
test,SA,SA_S2B_18GWN_20200704_0_L2A_150.tif,0.0,0.499359130859375,0.0,84,0
test,SA,SA_S2B_18GWN_20200704_0_L2A_24.tif,0.0,0.49192047119140625,0.0,1059,0
test,SA,SA_S2B_18GWN_20200704_0_L2A_254.tif,0.0,0.499298095703125,0.0,92,0
test,SA,SA_S2B_18GWN_20200704_1_L2A_158.tif,0.0,0.49999237060546875,0.0,1,0
test,SA,SA_S2B_18GWN_20200704_1_L2A_181.tif,0.0121580547112462,0.5035993227838108,0.02222222222222222,329,4
test,SA,SA_S2B_18GWN_20200704_1_L2A_247.tif,0.07185273159144893,0.5239795646033374,0.1621160409556314,1683,122
test,SA,SA_S2B_18GWN_20200704_1_L2A_70.tif,0.0,0.4057159423828125,0.0,12358,0
test,SA,SA_S2B_18GWN_20200727_0_L2A_2.tif,0.0,0.49652862548828125,0.0,455,0
test,SA,SA_S2B_18GWN_20200727_0_L2A_81.tif,0.0,0.45735931396484375,0.0,5589,0
test,SA,SA_S2B_18GWP_20200704_0_L2A_137.tif,0.0,0.47898101806640625,0.0,2685,70
test,SA,SA_S2B_18GWP_20200704_0_L2A_145.tif,0.0,0.499969482421875,0.0,4,0
test,SA,SA_S2B_18GWP_20200704_0_L2A_2.tif,0.6195652173913043,0.8037933737620782,0.4040581451780638,1711,1567
test,SA,SA_S2B_18GWP_20200704_0_L2A_92.tif,0.16517381104713158,0.5214104165492428,0.41349463437594997,8408,2519
test,SA,SA_S2B_18GYN_20200714_0_L2A_116.tif,0.0,0.49660491943359375,0.0,445,0
test,SA,SA_S2B_18GYN_20200714_1_L2A_11.tif,0.20500432650706663,0.41829163693774385,0.2272126816380449,27736,5686
test,SA,SA_S2B_18GYP_20200810_0_L2A_49.tif,0.0,0.4834442138671875,0.0,2170,0
test,SA,SA_S2B_18GYP_20200810_0_L2A_90.tif,0.0,0.49505615234375,0.0,648,0
test,SA,SA_S2B_18GYP_20200820_0_L2A_24.tif,0.0,0.49993896484375,0.0,8,0
test,SA,SA_S2B_18GYP_20200820_0_L2A_32.tif,0.0,0.49974822998046875,0.0,33,0
test,SA,SA_S2B_18GYP_20200820_1_L2A_43.tif,0.0,0.4930419921875,0.0,912,0
test,SA,SA_S2B_18GYQ_20200820_0_L2A_36.tif,0.0032178087250092314,0.35730955346521553,0.0,18957,61
test,SA,SA_S2B_18GYS_20200727_0_L2A_8.tif,0.0,0.49530792236328125,0.0,561,54
test,SA,SA_S2B_19FDU_20200718_0_L2A_3.tif,0.0,0.4878387451171875,0.0,1594,0
test,SA,SA_S2B_19HCA_20200714_1_L2A_30.tif,0.0,0.49022674560546875,0.0,1281,0
test,SA,SA_S2B_19HCB_20200714_1_L2A_69.tif,0.0,0.49852752685546875,0.0,193,0
test,SA,SA_S2B_19HCB_20200803_1_L2A_9.tif,0.0,0.49884033203125,0.0,152,0
test,SA,SA_S2B_19HCC_20200724_1_L2A_38.tif,0.0,0.49969482421875,0.0,40,0
test,SA,SA_S2B_19HCC_20200823_1_L2A_27.tif,0.3792261731273681,0.5350699407367753,0.20748848379857476,27448,10409
test,SA,SA_S2B_19HCD_20200803_1_L2A_8.tif,0.0,0.49640655517578125,0.0,471,0
test,SA,SA_S2B_19HCD_20200813_1_L2A_15.tif,0.0,0.498046875,0.0,256,0
test,SA,SA_S2B_19HCV_20200714_1_L2A_24.tif,0.0,0.4662322998046875,0.0,4426,0
test,SA,SA_S2B_19HCV_20200806_1_L2A_5.tif,0.0,0.48540496826171875,0.0,1913,0
test,SA,SA_S2B_19HDD_20200724_1_L2A_14.tif,0.0,0.49892425537109375,0.0,141,0
test,SA,SA_S2B_19HDD_20200803_1_L2A_1.tif,0.0,0.4990386962890625,0.0,126,0
test,SA,SA_S2B_19HDD_20200803_1_L2A_10.tif,0.0,0.49950408935546875,0.0,65,0
test,SC,SC_S2A_32VLP_20200725_0_L2A_371.tif,0.0,0.49959564208984375,0.0,53,0
test,SC,SC_S2A_32VLP_20200725_0_L2A_477.tif,0.8990748528174937,0.9486067176740454,0.8611085118991921,1189,1069
test,SC,SC_S2A_32VLP_20200725_1_L2A_95.tif,0.9344947735191638,0.9657518574376612,0.902791589714448,2723,2829
test,SC,SC_S2A_32VMP_20200725_0_L2A_300.tif,0.9512555391432792,0.9753735009406835,1.0,658,663
test,SC,SC_S2A_32VMQ_20200801_1_L2A_453.tif,0.8648648648648649,0.9317008528365724,0.9495054659031754,625,686
test,SC,SC_S2B_32VLM_20200724_0_L2A_237.tif,0.007009345794392523,0.4190994053974254,0.08107482047718323,260,10946
test,SC,SC_S2B_32VLM_20200724_1_L2A_147.tif,0.0,0.4987030029296875,0.0,170,0
test,SC,SC_S2B_32VLM_20200816_1_L2A_170.tif,0.6895770392749244,0.8349711716749799,0.7122211591721638,3698,3013
test,SC,SC_S2B_32VLN_20200809_1_L2A_44.tif,0.7622478386167147,0.8759205134426998,0.8223147241266731,2303,2589
test,SC,SC_S2B_32VLN_20200816_0_L2A_6.tif,0.0,0.49816131591796875,0.0,44,197
test,SC,SC_S2B_32VLP_20200809_0_L2A_88.tif,0.8843205574912892,0.9395252744597943,0.8945120024344285,2683,2725
test,SC,SC_S2B_32VLP_20200809_1_L2A_36.tif,0.1937512281391236,0.5323264982178217,0.23370904916922267,1980,10170
test,SC,SC_S2B_32VLP_20200809_2_L2A_378.tif,0.0,0.4999847412109375,0.0,2,0
test,SC,SC_S2B_32VLP_20200809_3_L2A_142.tif,0.8119070984625449,0.8964607142580174,0.7891180918850569,5835,5243
test,SC,SC_S2B_32VLP_20200812_0_L2A_48.tif,0.7959899749373434,0.8879492427177995,0.5345630877308561,5198,5551
test,SC,SC_S2B_32VMP_20200724_1_L2A_570.tif,0.6752645502645502,0.8338269585392347,0.8002864243292196,1210,1323
test,SC,SC_S2B_32VMP_20200809_0_L2A_149.tif,0.6896551724137931,0.8406308689723778,0.7506483666987206,1410,1530
test,SEE,SEE_S2A_44RLV_20200918_0_L2A_29.tif,0.0,0.49752044677734375,0.0,325,0
test,SEE,SEE_S2A_44RMU_20200928_1_L2A_5.tif,0.0,0.4990081787109375,0.0,130,0
test,SEE,SEE_S2A_45RUM_20200929_1_L2A_158.tif,0.9079704190632704,0.9531160626923808,0.9609375000000001,1135,1187
test,SEE,SEE_S2A_45RUM_20200929_1_L2A_166.tif,0.6387832699619772,0.8172004060475404,0.8706240487062404,575,718
test,SEE,SEE_S2A_45RUM_20200929_1_L2A_88.tif,0.9373134328358209,0.9676669596152963,0.9915966386554621,1918,1976
test,SEE,SEE_S2A_45RVM_20200830_0_L2A_128.tif,0.0,0.49736785888671875,0.0,219,126
test,SEE,SEE_S2A_45RVM_20200830_0_L2A_142.tif,0.7468354430379747,0.873111995266274,0.8447871270533021,129,147
test,SEE,SEE_S2A_45RVM_20200830_0_L2A_194.tif,0.5145739910313901,0.7539601672968159,0.4177777777777778,874,477
test,SEE,SEE_S2A_45RVM_20200929_0_L2A_15.tif,0.6819221967963387,0.8398957683757897,0.7600124185035703,381,354
test,SEE,SEE_S2A_45RVM_20200929_0_L2A_84.tif,0.7424242424242424,0.8697735932800628,0.9029850746268657,555,710
test,SEE,SEE_S2A_45RWM_20200830_1_L2A_193.tif,0.26844014510278114,0.6295885999727704,0.5248218002901659,251,798
test,SEE,SEE_S2B_44RNU_20200831_1_L2A_143.tif,0.9089118660758247,0.9530035857306428,0.9366391184573003,1892,1985
test,SEE,SEE_S2B_44RPT_20200831_0_L2A_125.tif,0.7266666666666667,0.8627056349959685,0.7781045012440624,221,297
test,SEE,SEE_S2B_44RPT_20200831_0_L2A_2.tif,0.7588357588357588,0.8776279216979153,0.7889085791723133,758,934
test,SEE,SEE_S2B_44RPT_20200831_0_L2A_96.tif,0.9038112522686026,0.9510844299768795,0.988095238095238,1065,1033
test,SEE,SEE_S2B_44RPU_20200831_1_L2A_32.tif,0.862730627306273,0.9252529245634225,0.7314072778781063,4815,5281
test,SEE,SEE_S2B_44RQT_20200818_1_L2A_29.tif,0.7811320754716982,0.8901221307420178,0.8649468892261002,235,237
test,SEE,SEE_S2B_45RTN_20200818_1_L2A_10.tif,0.7009345794392523,0.8487445043448434,0.686382769365331,713,561
test,SV,SV_S2A_33XVG_20200825_0_L2A_60.tif,0.01827326068734283,0.41948293610931026,0.029156896727495163,218,11930
test,SV,SV_S2A_33XWF_20200801_3_L2A_17.tif,0.0,0.462860107421875,0.0,63,4805
test,SV,SV_S2A_33XWG_20200801_0_L2A_54.tif,0.0,0.49387359619140625,0.0,332,471
test,SV,SV_S2A_33XXH_20200826_0_L2A_27.tif,0.0,0.49062347412109375,0.0,1219,10
test,SV,SV_S2A_33XXK_20200801_0_L2A_133.tif,0.834301557961447,0.9065541597666464,0.9133116861379841,6605,7288
test,SV,SV_S2A_33XXK_20200801_1_L2A_145.tif,0.014823907090926259,0.42761568868977556,0.12342215988779805,261,10487
test,SV,SV_S2A_35XMK_20200801_1_L2A_1.tif,0.8431931575196009,0.919887256739071,0.9589534119797766,1290,1296
test,SV,SV_S2B_33XVG_20200825_1_L2A_11.tif,0.7186075424782429,0.8539826214319053,0.6837716112160396,1807,2340
test,SV,SV_S2B_33XWF_20200801_1_L2A_67.tif,0.4452861952861953,0.7175744127322419,0.6418094129386329,692,1025
test,SV,SV_S2B_33XWJ_20200802_3_L2A_4.tif,0.18263473053892215,0.5892326000919124,0.4091754494730316,246,149
test,WC,WC_S2A_10UCC_20200801_1_L2A_50.tif,0.3874425727411945,0.6875702791431637,0.22482775293122204,948,864
test,WC,WC_S2A_10UDA_20200729_0_L2A_166.tif,0.9050279329608939,0.9514554359698617,0.899699439159669,1363,1365
test,WC,WC_S2A_10UDA_20200729_0_L2A_352.tif,0.8961937716262975,0.9474020017043763,0.9699427480916031,843,801
test,WC,WC_S2A_10UDA_20200729_0_L2A_56.tif,0.9380134428678119,0.9683611084905333,1.0,1260,1335
test,WC,WC_S2A_10UDA_20200729_1_L2A_433.tif,0.29545454545454547,0.6472540625303562,0.5333333333333333,85,29
test,WC,WC_S2A_10UDB_20200729_1_L2A_35.tif,0.6357615894039735,0.8170390953875891,0.6770293609671848,246,248
test,WC,WC_S2A_10UDB_20200729_1_L2A_88.tif,0.746268656716418,0.8720903588175556,0.7949893459030155,469,467
test,WC,WC_S2A_10UEA_20200729_0_L2A_371.tif,0.7947019867549668,0.8956739190606786,0.849815911637586,1028,869
test,WC,WC_S2A_10UEA_20200729_1_L2A_253.tif,0.2824267782426778,0.6359579728249518,0.48759541984732824,338,888
test,WC,WC_S2A_10UEA_20200729_1_L2A_376.tif,0.0,0.4977264404296875,0.0,291,7
test,WC,WC_S2A_10UEA_20200729_1_L2A_379.tif,0.5886194029850746,0.7909124285551673,0.6543110394842868,1009,694
test,WC,WC_S2A_10UEA_20200828_0_L2A_121.tif,0.6857142857142857,0.8426050959305877,0.8647156267255659,103,74
test,WC,WC_S2A_10UEV_20200828_0_L2A_87.tif,0.9360535931790499,0.9672064712719419,0.9713998465486678,1618,1561
test,WC,WC_S2A_9UWB_20200731_1_L2A_28.tif,0.4697674418604651,0.7340126274787158,0.6271186440677966,211,105
test,WC,WC_S2A_9UWB_20200731_1_L2A_64.tif,0.21115537848605578,0.6040658464746758,0.15945330296127563,251,53
test,WC,WC_S2A_9UXU_20200725_1_L2A_176.tif,0.0,0.499176025390625,0.0,108,0
test,WC,WC_S2A_9UXU_20200725_1_L2A_202.tif,0.0,0.4998931884765625,0.0,14,0
test,WC,WC_S2A_9UXV_20200725_1_L2A_130.tif,0.8303571428571429,0.9150334069342787,1.0,102,103
test,WC,WC_S2A_9UYS_20200725_0_L2A_241.tif,0.29100301334481277,0.6328049294291131,0.26384996766544516,1082,1917
test,WC,WC_S2A_9UYS_20200725_1_L2A_106.tif,0.0,0.49847412109375,0.0,200,0
test,WC,WC_S2A_9UYS_20200804_0_L2A_109.tif,0.8072289156626506,0.9034922625938847,1.0,82,68
test,WC,WC_S2A_9UYS_20200804_1_L2A_240.tif,0.0,0.497650146484375,0.0,230,78
test,WC,WC_S2B_10UCB_20200720_1_L2A_128.tif,0.8632958801498127,0.9281590122431396,0.7744569879559413,3084,2886
test,WC,WC_S2B_10UCB_20200727_0_L2A_295.tif,0.6079632465543645,0.8020165946461011,0.6284489316091557,653,397
test,WC,WC_S2B_10UCC_20200720_1_L2A_3.tif,0.4323529411764706,0.7102332544768847,0.11255411255411256,588,1360
test,WC,WC_S2B_10UCC_20200727_0_L2A_59.tif,0.8606365159128978,0.9195278240910872,0.718820773135494,8569,8093
test,WC,WC_S2B_10UDA_20200727_1_L2A_206.tif,0.9273255813953488,0.9634711228810009,0.9936305732484078,325,338
test,WC,WC_S2B_10UDA_20200727_1_L2A_372.tif,0.1593625498007968,0.5780704895089241,0.49019607843137253,52,239
test,WC,WC_S2B_10UDB_20200727_1_L2A_190.tif,0.1761006289308176,0.5840456678525451,0.32906295754026355,636,112
test,WC,WC_S2B_10UEB_20200813_0_L2A_66.tif,0.12746498999714204,0.5402803518122137,0.1674917491749175,3478,467
test,WC,WC_S2B_9UWU_20200730_1_L2A_11.tif,0.0,0.499053955078125,0.0,124,0
test,WC,WC_S2B_9UWV_20200730_0_L2A_144.tif,0.9814059500959693,0.9893517415025221,0.980745999313955,8329,8188
test,WC,WC_S2B_9UWV_20200730_1_L2A_34.tif,0.621160409556314,0.8097309836134234,0.6964285714285715,254,221
test,WC,WC_S2B_9UXU_20200730_0_L2A_48.tif,0.0,0.498138427734375,0.0,244,0
test,WC,WC_S2B_9UXU_20200730_1_L2A_101.tif,0.0,0.498748779296875,0.0,164,0
test,WC,WC_S2B_9UXV_20200730_0_L2A_75.tif,0.4891304347826087,0.7434872522225761,0.5840071877807727,268,143
test,WC,WC_S2B_9UYR_20200816_0_L2A_70.tif,0.0,0.49996185302734375,0.0,5,0
test,WC,WC_S2B_9UYS_20200730_1_L2A_52.tif,0.9286219081272085,0.9627054348927515,0.9209871312821056,2692,2766
test,WC,WC_S2B_9UYT_20200720_1_L2A_297.tif,0.29705215419501135,0.6461562276976127,0.5783606557377049,431,141
test,WC,WC_S2B_9UYT_20200720_1_L2A_34.tif,0.0,0.499359130859375,0.0,84,0
test,WC,WC_S2B_9UYT_20200816_0_L2A_19.tif,0.1760797342192691,0.5861462458644259,0.3815789473684211,93,261
test,WC,WC_S2B_9UYT_20200829_0_L2A_223.tif,0.0,0.409210205078125,0.0,11900,0
himalaya,SAW,SAW_S2A_42SWE_20200910_1_L2A_66.tif,0.6951871657754011,0.8467203676171571,0.7352395098403267,288,346
himalaya,SAW,SAW_S2A_42SWE_20200913_0_L2A_29.tif,0.7334152334152334,0.865036817958021,0.7993359618178046,644,767
himalaya,SAW,SAW_S2A_42SWE_20200913_1_L2A_165.tif,0.0,0.49929046630859375,0.0,93,0
himalaya,SAW,SAW_S2A_42SWE_20200923_0_L2A_9.tif,0.6349614395886889,0.8163932471726164,0.6742364917776038,349,287
himalaya,SAW,SAW_S2A_42SXE_20200910_0_L2A_118.tif,0.0,0.49961090087890625,0.0,51,0
himalaya,SAW,SAW_S2A_42SXE_20200910_0_L2A_182.tif,0.674347158218126,0.8355452398614787,0.4552455930172856,539,551
himalaya,SAW,SAW_S2A_42SXE_20200910_0_L2A_228.tif,0.5205479452054794,0.7597392949369897,0.7804878048780487,79,143
himalaya,SAW,SAW_S2A_42SXE_20200910_0_L2A_279.tif,0.6344202898550725,0.8093007618437391,0.5087338002092892,2274,2237
himalaya,SAW,SAW_S2A_42SXE_20200910_1_L2A_218.tif,0.43333333333333335,0.7138007662835248,0.38113852919618857,527,419
himalaya,SAW,SAW_S2A_42SXE_20200910_1_L2A_372.tif,0.0,0.49932098388671875,0.0,89,0
himalaya,SAW,SAW_S2A_42SXE_20200920_1_L2A_164.tif,0.6114864864864865,0.80486343297624,0.5867052023121387,283,194
himalaya,SAW,SAW_S2A_42SXE_20200920_1_L2A_185.tif,0.40454545454545454,0.7012719174571513,0.4884667571234736,191,118
himalaya,SAW,SAW_S2A_42SXE_20200920_1_L2A_353.tif,0.9240818338673897,0.9595484832502339,0.8761832019422242,3813,3993
himalaya,SAW,SAW_S2A_42SXE_20200920_1_L2A_363.tif,0.4875,0.74312364416878,0.5915492957746479,101,137
himalaya,SAW,SAW_S2A_42SXE_20200923_0_L2A_35.tif,0.7374233128834355,0.8670638547939161,0.6069767441860464,628,788
himalaya,SAW,SAW_S2A_42SXF_20200910_0_L2A_103.tif,0.46987951807228917,0.7332562831175023,0.5507482993197279,361,249
himalaya,SAW,SAW_S2A_42SYE_20200910_0_L2A_150.tif,0.31778741865509763,0.6540732688205213,0.17647058823529413,425,790
himalaya,SAW,SAW_S2A_42SYE_20200910_1_L2A_71.tif,0.6170763260025873,0.8062633047956649,0.5293997131735301,511,739
himalaya,SAW,SAW_S2A_42SYF_20200920_1_L2A_77.tif,0.4632768361581921,0.7309127175871475,0.5569620253164557,108,151
himalaya,SAW,SAW_S2A_42SYF_20200920_1_L2A_82.tif,0.43779904306220097,0.7171015933564184,0.5043478260869566,399,202
himalaya,SAW,SAW_S2A_43SBA_20200920_1_L2A_35.tif,0.0,0.49942779541015625,0.0,75,0
himalaya,SAW,SAW_S2A_43SBV_20200920_1_L2A_119.tif,0.9697162894485177,0.9840980717572541,0.986813122264971,3078,3101
himalaya,SAW,SAW_S2A_43SBV_20200920_1_L2A_26.tif,0.905974025974026,0.9500699165455484,0.936267240418656,3559,3779
himalaya,SAW,SAW_S2A_43SBV_20200920_1_L2A_75.tif,0.17159763313609466,0.5836606938398028,0.3387334315169367,293,103
himalaya,SAW,SAW_S2A_43SCA_20200920_1_L2A_56.tif,0.3381294964028777,0.6683623401634478,0.45951859956236324,84,102
himalaya,SAW,SAW_S2A_43SCA_20200920_1_L2A_57.tif,0.8879781420765027,0.9436747068972322,0.9850746268656716,337,354
himalaya,SAW,SAW_S2A_43SDB_20200907_1_L2A_14.tif,0.0,0.2430419921875,0.0,59,33621
himalaya,SAW,SAW_S2A_43SDB_20200907_1_L2A_56.tif,0.7717791411042945,0.8844567512876611,0.7947952458739368,687,757
himalaya,SAW,SAW_S2A_43SEB_20200904_0_L2A_4.tif,0.8171701112877583,0.9077007395662439,0.8147350280051702,554,589
himalaya,SAW,SAW_S2A_43SET_20200917_0_L2A_2.tif,0.0,0.49364471435546875,0.0,833,0
himalaya,SAW,SAW_S2A_43SET_20200924_0_L2A_51.tif,0.5488958990536278,0.7700370920314407,0.43820224719101125,808,1156
himalaya,SAW,SAW_S2A_43SET_20200924_0_L2A_84.tif,0.5112781954887218,0.7536471879625517,0.5685279187817258,392,412
himalaya,SAW,SAW_S2A_43SET_20200924_1_L2A_43.tif,0.9229910714285714,0.9609623795845356,0.9908673877362064,830,893
himalaya,SAW,SAW_S2A_43SET_20200924_1_L2A_68.tif,0.0,0.49608612060546875,0.0,513,0
himalaya,SAW,SAW_S2A_43SET_20200924_1_L2A_78.tif,0.5369774919614148,0.7673873064604455,0.5683185333715268,188,290
himalaya,SAW,SAW_S2A_43SET_20200924_1_L2A_87.tif,0.634020618556701,0.815922853312659,0.5945179584120983,332,302
himalaya,SAW,SAW_S2A_43SEU_20200924_1_L2A_104.tif,0.6619718309859155,0.8306191785350407,0.8481532147742817,96,140
himalaya,SAW,SAW_S2A_43SEU_20200924_1_L2A_291.tif,0.0,0.49843597412109375,0.0,205,0
himalaya,SAW,SAW_S2A_43SEU_20200924_1_L2A_71.tif,0.9669902912621359,0.9817825868667966,0.9905152987130053,6164,5992
himalaya,SAW,SAW_S2A_43SFR_20200921_0_L2A_21.tif,0.28998505231689087,0.6377014351042305,0.3601246998960834,1033,693
himalaya,SAW,SAW_S2A_43SFS_20200901_1_L2A_24.tif,0.5471698113207547,0.7704485189623469,0.6688493919550982,537,857
himalaya,SAW,SAW_S2A_43SFS_20200924_0_L2A_15.tif,0.35,0.6739077132250721,0.4895620139173148,103,194
himalaya,SAW,SAW_S2A_43SFT_20200914_1_L2A_33.tif,0.75,0.8747784534523064,1.0,94,109
himalaya,SAW,SAW_S2A_43SFT_20200924_1_L2A_23.tif,0.34206128133704733,0.6619351106478835,0.39479380020627236,1433,976
himalaya,SAW,SAW_S2A_43SFT_20200924_1_L2A_8.tif,0.2980392156862745,0.6476523606692907,0.3076923076923077,93,238
himalaya,SAW,SAW_S2A_43SFU_20200914_1_L2A_69.tif,0.5131578947368421,0.7551632971641082,0.6936569640656111,304,271
himalaya,SAW,SAW_S2A_43SFU_20200921_1_L2A_47.tif,0.0,0.49901580810546875,0.0,97,32
himalaya,SAW,SAW_S2A_43SFU_20200924_0_L2A_117.tif,0.7190635451505016,0.8588887940537953,0.8565545641729582,215,299
himalaya,SAW,SAW_S2A_43SGR_20200901_1_L2A_52.tif,0.7351351351351352,0.8664390207060026,0.6902078637615827,453,510
himalaya,SAW,SAW_S2A_43SGR_20200911_1_L2A_27.tif,0.0,0.4982757568359375,0.0,226,0
himalaya,SAW,SAW_S2A_43SGR_20200911_1_L2A_43.tif,0.1865079365079365,0.5916888199084446,0.3174447174447174,48,251
himalaya,SAW,SAW_S2A_43SGR_20200911_1_L2A_60.tif,0.4811320754716981,0.7397254961213979,0.6367924528301887,132,182
himalaya,SAW,SAW_S2A_43SGS_20200901_0_L2A_38.tif,0.0,0.4983673095703125,0.0,214,0
himalaya,SAW,SAW_S2A_43SGS_20200911_3_L2A_31.tif,0.597972972972973,0.7971608290964095,0.7555522208883554,411,535
himalaya,SAW,SAW_S2A_43SGS_20200921_1_L2A_50.tif,0.3462532299741602,0.6692502896821834,0.30136986301369867,774,268
himalaya,SAW,SAW_S2A_43SGS_20200921_1_L2A_54.tif,0.0,0.49709320068359375,0.0,48,333
himalaya,SAW,SAW_S2A_43SGT_20200901_0_L2A_6.tif,0.7363636363636363,0.867960291942417,0.9743589743589743,88,103
himalaya,SAW,SAW_S2A_43SGT_20200911_1_L2A_33.tif,0.47058823529411764,0.7348130547270832,0.6495726495726496,81,94
himalaya,SAW,SAW_S2A_43SGT_20200914_1_L2A_2.tif,0.0,0.49790191650390625,0.0,101,174
himalaya,SAW,SAW_S2A_43SGU_20200911_1_L2A_15.tif,0.06493506493506493,0.5275202878079609,0.13245033112582782,692,46
himalaya,SAW,SAW_S2A_43SGU_20200914_1_L2A_37.tif,0.7554585152838428,0.8773008807314369,0.8907330567081604,173,229
himalaya,SAW,SAW_S2A_43SGU_20200921_1_L2A_12.tif,0.0,0.49881744384765625,0.0,155,0
himalaya,SAW,SAW_S2A_43SGV_20200901_1_L2A_22.tif,0.0,0.49826812744140625,0.0,156,71
himalaya,SAW,SAW_S2A_43SGV_20200901_1_L2A_26.tif,0.2946859903381642,0.6462280658067301,0.30434782608695654,61,207
himalaya,SAW,SAW_S2A_43SGV_20200901_1_L2A_8.tif,0.0,0.49806976318359375,0.0,253,0
himalaya,SAW,SAW_S2A_43SGV_20200921_1_L2A_55.tif,0.3185840707964602,0.6587042491386881,0.48567870485678705,113,36
himalaya,SAW,SAW_S2A_44RKV_20200901_0_L2A_3.tif,0.5534591194968553,0.7761871443957813,0.7272727272727272,88,159
himalaya,SAW,SAW_S2A_44RMV_20200908_0_L2A_2.tif,0.8011363636363636,0.9000318162313978,1.0,315,319
himalaya,SAW,SAW_S2A_44RMV_20200918_0_L2A_43.tif,0.0667172100075815,0.4955886000946106,0.2039903372998121,384,5244
himalaya,SAW,SAW_S2A_44RNU_20200905_1_L2A_46.tif,0.9010143406785589,0.9482597116353404,0.8539090832419668,2694,2741
himalaya,SAW,SAW_S2A_44RNU_20200905_1_L2A_56.tif,0.0,0.49892425537109375,0.0,123,18
himalaya,SAW,SAW_S2A_44RNU_20200905_2_L2A_68.tif,0.6169188445667125,0.8041508779061227,0.7309851965288414,1290,1061
himalaya,SAW,SAW_S2A_44RNV_20200908_0_L2A_111.tif,0.0,0.49781036376953125,0.0,287,0
himalaya,SAW,SAW_S2A_44RNV_20200908_1_L2A_106.tif,0.7433489827856025,0.8704141357265802,0.8620372577733881,584,530
himalaya,SAW,SAW_S2A_44RNV_20200915_1_L2A_93.tif,0.5576036866359447,0.7736077608619134,0.27470997679814385,847,1519
himalaya,SAW,SAW_S2A_44SKA_20200901_1_L2A_12.tif,0.5235849056603774,0.7610205766360734,0.6716473664549869,135,188
himalaya,SAW,SAW_S2A_44SKA_20200921_1_L2A_13.tif,0.5252324037184595,0.7570945399548356,0.45186316180415137,1418,879
himalaya,SAW,SAW_S2A_44SKB_20200901_0_L2A_41.tif,0.0,0.3367462158203125,0.0,17,21381
himalaya,SAW,SAW_S2A_44SKB_20200901_1_L2A_58.tif,0.4,0.6897215777262181,0.5602158233771954,1976,1125
himalaya,SAW,SAW_S2A_44SKB_20200901_1_L2A_89.tif,0.5106382978723404,0.7549679395542988,0.6923076923076923,69,73
himalaya,SAW,SAW_S2A_44SKB_20200911_2_L2A_47.tif,0.9378381245359075,0.9566734819611873,0.6282534239066083,18108,18428
himalaya,SAW,SAW_S2A_44SKB_20200921_1_L2A_85.tif,0.7517241379310344,0.8750339624158079,0.7390594867230381,334,428
himalaya,SAW,SAW_S2A_44SKB_20200921_1_L2A_86.tif,0.4823529411764706,0.7405042427641145,0.547945205479452,108,144
himalaya,SAW,SAW_S2A_44SKC_20200901_1_L2A_44.tif,0.9666919000757003,0.9796822008011312,0.9462303391952627,11830,11552
himalaya,SAW,SAW_S2A_44SKC_20200921_1_L2A_34.tif,0.0794979079497908,0.5363900727876836,0.0,369,147
himalaya,SAW,SAW_S2A_44SKD_20200901_1_L2A_22.tif,0.889050036258158,0.9433354675148666,0.9743622916531902,1259,1346
himalaya,SAW,SAW_S2A_44SKD_20200921_1_L2A_37.tif,0.5333333333333333,0.7661319563268965,0.7301905717151453,114,116
himalaya,SAW,SAW_S2A_44SLA_20200911_1_L2A_10.tif,0.880942706216985,0.938159460670669,0.8420296104642806,2280,2349
himalaya,SAW,SAW_S2A_44SLB_20200911_2_L2A_32.tif,0.6802884615384616,0.839125120536751,0.7137254901960786,331,368
himalaya,SAW,SAW_S2A_44SLB_20200918_1_L2A_12.tif,0.5274725274725275,0.763079173271716,0.6967741935483871,138,140
himalaya,SAW,SAW_S2A_44SMA_20200918_1_L2A_26.tif,0.0,0.4988250732421875,0.0,154,0
himalaya,SAW,SAW_S2B_42SWE_20200918_1_L2A_37.tif,0.5598705501618123,0.7778490655395655,0.42861889467272124,458,506
himalaya,SAW,SAW_S2B_42SXE_20200905_1_L2A_191.tif,0.48710166919575115,0.7409594062455027,0.5311203319502075,434,546
himalaya,SAW,SAW_S2B_42SXE_20200905_1_L2A_230.tif,0.6073059360730594,0.7996676734645627,0.5807101056115747,958,1154
himalaya,SAW,SAW_S2B_42SXE_20200905_1_L2A_239.tif,0.7945425361155698,0.8942736567792724,0.7036326925360978,1561,1793
himalaya,SAW,SAW_S2B_42SXE_20200905_1_L2A_6.tif,0.7795874049945711,0.8882277794512181,0.5748152959324511,824,815
himalaya,SAW,SAW_S2B_42SXE_20200918_1_L2A_64.tif,0.5355029585798816,0.7665503470123798,0.4705528846153846,303,216
himalaya,SAW,SAW_S2B_42SXF_20200905_0_L2A_2.tif,0.5864864864864865,0.7920720679343745,0.6709677419354838,259,328
himalaya,SAW,SAW_S2B_42SXF_20200905_1_L2A_10.tif,0.8958509737510584,0.9469716731716302,1.0,1095,1144
himalaya,SAW,SAW_S2B_42SXF_20200905_1_L2A_60.tif,0.5902439024390244,0.7944798966448734,0.6666666666666666,137,189
himalaya,SAW,SAW_S2B_42SXF_20200915_1_L2A_45.tif,0.936050030260238,0.9654222169167717,0.8665129653135766,4673,4924
himalaya,SAW,SAW_S2B_42SYE_20200922_1_L2A_29.tif,0.5853350189633375,0.7901472629892679,0.4830508474576271,590,664
himalaya,SAW,SAW_S2B_42SYE_20200922_1_L2A_41.tif,0.3380281690140845,0.6682963957701744,0.4406779661016949,70,120
himalaya,SAW,SAW_S2B_43SBA_20200922_1_L2A_15.tif,0.0,0.49898529052734375,0.0,133,0
himalaya,SAW,SAW_S2B_43SBA_20200922_1_L2A_7.tif,0.1457286432160804,0.5715667503561129,0.379746835443038,184,44
himalaya,SAW,SAW_S2B_43SBV_20200922_0_L2A_146.tif,0.0,0.49863433837890625,0.0,179,0
himalaya,SAW,SAW_S2B_43SBV_20200922_0_L2A_65.tif,0.547911547911548,0.7711289188320991,0.43311138014527845,628,632
himalaya,SAW,SAW_S2B_43SBV_20200922_1_L2A_68.tif,0.9373563218390805,0.9678253325023585,0.9924773465549667,1645,1726
himalaya,SAW,SAW_S2B_43SBV_20200925_1_L2A_65.tif,0.3347732181425486,0.6602866720793732,0.5907473309608541,1381,473
himalaya,SAW,SAW_S2B_43SCA_20200922_0_L2A_125.tif,0.5161290322580645,0.7578355224797895,0.9411764705882353,55,39
himalaya,SAW,SAW_S2B_43SCA_20200922_0_L2A_130.tif,0.0,0.49829864501953125,0.0,223,0
himalaya,SAW,SAW_S2B_43SCA_20200922_0_L2A_91.tif,0.8937093275488069,0.9464784583816144,0.9494994938702059,412,461
himalaya,SAW,SAW_S2B_43SCA_20200922_1_L2A_152.tif,0.5891089108910891,0.7932833598530302,0.604888341832249,271,371
himalaya,SAW,SAW_S2B_43SCA_20200922_1_L2A_169.tif,0.8217821782178217,0.9104775305137847,0.870967741935484,260,292
himalaya,SAW,SAW_S2B_43SCA_20200922_1_L2A_76.tif,0.8852626211116777,0.9408679876718263,0.8975764570109637,1824,1873
himalaya,SAW,SAW_S2B_43SCA_20200925_0_L2A_54.tif,0.6901140684410646,0.8425419902458371,0.39823008849557523,931,847
himalaya,SAW,SAW_S2B_43SCA_20200925_1_L2A_40.tif,0.0,0.4995574951171875,0.0,58,0
himalaya,SAW,SAW_S2B_43SCU_20200922_0_L2A_53.tif,0.6330798479087453,0.8150599307025284,0.3805620608899297,421,438
himalaya,SAW,SAW_S2B_43SCV_20200922_0_L2A_252.tif,0.5344387755102041,0.7615777914151842,0.20481927710843376,1368,1038
himalaya,SAW,SAW_S2B_43SCV_20200922_0_L2A_258.tif,0.44129554655870445,0.7195931627974411,0.3494539781591264,206,150
himalaya,SAW,SAW_S2B_43SCV_20200922_0_L2A_312.tif,0.6593686354378818,0.8244773626590882,0.4257330523214176,1692,1567
himalaya,SAW,SAW_S2B_43SCV_20200922_0_L2A_398.tif,0.3087431693989071,0.6524380139368777,0.3240023823704586,336,143
himalaya,SAW,SAW_S2B_43SCV_20200922_0_L2A_410.tif,0.4946236559139785,0.7465936566960638,0.5370121130551817,156,122
himalaya,SAW,SAW_S2B_43SCV_20200922_0_L2A_80.tif,0.7843907916900618,0.8892018973495757,0.7275047862156987,1469,1709
himalaya,SAW,SAW_S2B_43SCV_20200922_1_L2A_107.tif,0.4530386740331492,0.7257630807144387,0.5263157894736842,117,146
himalaya,SAW,SAW_S2B_43SCV_20200922_1_L2A_225.tif,0.7278911564625851,0.8630255444967223,0.6397295012679628,429,333
himalaya,SAW,SAW_S2B_43SDA_20200922_1_L2A_52.tif,0.24722662440570523,0.6199807028421919,0.35759278999903094,381,406
himalaya,SAW,SAW_S2B_43SDB_20200922_1_L2A_22.tif,0.712,0.8554491875516386,0.8731808731808731,197,231
himalaya,SAW,SAW_S2B_43SDU_20200909_0_L2A_41.tif,0.547683923705722,0.7725715860971405,0.54,201,367
himalaya,SAW,SAW_S2B_43SDU_20200912_1_L2A_82.tif,0.012698412698412698,0.5016031435974055,0.1050328227571116,470,168
himalaya,SAW,SAW_S2B_43SDU_20200922_0_L2A_48.tif,0.5995893223819302,0.7983002709022029,0.7724772148780688,413,366
himalaya,SAW,SAW_S2B_43SDU_20200922_0_L2A_50.tif,0.8213114754098361,0.9063324682026097,0.75453209211171,2616,2939
himalaya,SAW,SAW_S2B_43SDV_20200922_1_L2A_76.tif,0.0,0.49723052978515625,0.0,363,0
himalaya,SAW,SAW_S2B_43SET_20200909_0_L2A_55.tif,0.11320754716981132,0.554092093125627,0.29065743944636674,371,42
himalaya,SAW,SAW_S2B_43SET_20200909_1_L2A_18.tif,0.4708333333333333,0.7344460599992867,0.6671064204045735,124,229
himalaya,SAW,SAW_S2B_43SEU_20200919_0_L2A_207.tif,0.8428571428571429,0.9207523142049148,0.977459932315944,501,531
himalaya,SAW,SAW_S2B_43SEU_20200919_0_L2A_243.tif,0.8205128205128205,0.9084651571546732,0.9073903161374751,1127,1216
himalaya,SAW,SAW_S2B_43SEU_20200919_1_L2A_171.tif,0.6652152878567973,0.8272149598991597,0.6706267272322989,1403,2039
himalaya,SAW,SAW_S2B_43SEU_20200922_1_L2A_104.tif,0.0,0.4929656982421875,0.0,922,0
himalaya,SAW,SAW_S2B_43SEV_20200922_0_L2A_4.tif,0.672209026128266,0.8350470904168984,0.6789989118607181,294,410
himalaya,SAW,SAW_S2B_43SEV_20200922_0_L2A_74.tif,0.6359649122807017,0.8173478122291092,0.7818033233451376,154,219
himalaya,SAW,SAW_S2B_43SEV_20200922_0_L2A_76.tif,0.041928721174004195,0.5174766629253622,0.15980629539951577,310,187
himalaya,SAW,SAW_S2B_43SFA_20200919_1_L2A_20.tif,0.04145077720207254,0.5150768785863806,0.13313609467455623,768,36
himalaya,SAW,SAW_S2B_43SFR_20200909_0_L2A_1.tif,0.7395315826827538,0.8639818917007036,0.4915077888011255,2438,2464
himalaya,SAW,SAW_S2B_43SFU_20200909_0_L2A_114.tif,0.9256756756756757,0.9624993138026313,0.993939393939394,552,588
himalaya,SAW,SAW_S2B_43SFU_20200909_1_L2A_49.tif,0.7376573088092934,0.8667367656838636,0.53716348795228,764,1031
himalaya,SAW,SAW_S2B_43SFU_20200909_1_L2A_91.tif,0.9409436834094368,0.968918474741791,0.9782902441221513,3092,3284
himalaya,SAW,SAW_S2B_43SFV_20200919_1_L2A_21.tif,0.6012461059190031,0.7996436060409333,0.5385450597176982,193,321
himalaya,SAW,SAW_S2B_43SFV_20200919_1_L2A_41.tif,0.4228571428571429,0.7106571315092289,0.3976744186046512,78,171
himalaya,SAW,SAW_S2B_43SFV_20200919_1_L2A_48.tif,0.45110410094637227,0.7215432649355328,0.549828178694158,462,918
himalaya,SAW,SAW_S2B_43SFV_20200919_1_L2A_67.tif,0.2153846153846154,0.5947608757840186,0.3496642626212385,2145,462
himalaya,SAW,SAW_S2B_43SGT_20200909_1_L2A_3.tif,0.6852589641434262,0.8420251738898393,0.7668539325842696,188,235
himalaya,SAW,SAW_S2B_43SGU_20200916_1_L2A_55.tif,0.8579881656804734,0.9286262441987874,0.9515859766277128,301,327
himalaya,SAW,SAW_S2B_43SGV_20200916_1_L2A_47.tif,0.5337837837837838,0.7663648283234423,0.684931506849315,119,108
himalaya,SAW,SAW_S2B_43SGV_20200919_1_L2A_4.tif,0.0,0.490509033203125,0.0,1244,0
himalaya,SAW,SAW_S2B_43SGV_20200919_1_L2A_48.tif,0.6627906976744186,0.8300608702042063,0.7387969317723052,455,403
himalaya,SAW,SAW_S2B_44RMV_20200913_0_L2A_42.tif,0.7816455696202531,0.8902943650150615,0.9369150131037065,312,251
himalaya,SAW,SAW_S2B_44RNV_20200920_1_L2A_50.tif,0.7958333333333333,0.8975417336189966,0.917087778401647,193,238
himalaya,SAW,SAW_S2B_44RNV_20200920_1_L2A_94.tif,0.7630922693266833,0.8808179421139012,0.7788710512687727,324,383
himalaya,SAW,SAW_S2B_44SKA_20200913_1_L2A_42.tif,0.5928677563150074,0.792201433534562,0.6479872543813064,1126,1018
himalaya,SAW,SAW_S2B_44SKD_20200916_1_L2A_30.tif,0.0,0.49983978271484375,0.0,21,0
himalaya,SAW,SAW_S2B_44SKE_20200916_1_L2A_23.tif,0.0,0.499298095703125,0.0,92,0
himalaya,SAW,SAW_S2B_44SLA_20200913_1_L2A_106.tif,0.8188679245283019,0.908696657726656,0.9806451612903226,450,514
himalaya,SAW,SAW_S2B_44SLA_20200913_1_L2A_123.tif,0.708029197080292,0.8518560034771613,0.7424782264449723,749,889
himalaya,SAW,SAW_S2B_44SLA_20200923_0_L2A_127.tif,0.5176470588235295,0.7581970778777225,0.7018653177363263,115,143
himalaya,SAW,SAW_S2B_44SLB_20200923_1_L2A_10.tif,0.391304347826087,0.6944754696020268,0.42290175666883534,169,183
himalaya,SA,SA_S2A_18FWH_20200706_1_L2A_1.tif,0.008598334925617578,0.4488259189481539,0.09382566585956417,7327,63
himalaya,SA,SA_S2A_18FWJ_20200706_0_L2A_3.tif,0.0,0.42922210693359375,0.0,9240,37
himalaya,SA,SA_S2A_18FWK_20200706_0_L2A_216.tif,0.0,0.4950714111328125,0.0,642,4
himalaya,SA,SA_S2A_18FWK_20200706_1_L2A_79.tif,0.4587501068650081,0.613854288524833,0.3075768942235559,23394,10732
himalaya,SA,SA_S2A_18FWL_20200706_0_L2A_68.tif,0.0,0.48271942138671875,0.0,2265,0
himalaya,SA,SA_S2A_18FXF_20200716_2_L2A_132.tif,0.0,0.49973297119140625,0.0,35,0
himalaya,SA,SA_S2A_18FXF_20200716_2_L2A_167.tif,0.0,0.421600341796875,0.0,10276,0
himalaya,SA,SA_S2A_18FXF_20200716_2_L2A_253.tif,0.0,0.4500579833984375,0.0,6546,0
himalaya,SA,SA_S2A_18FXF_20200716_2_L2A_320.tif,0.0,0.2585601806640625,0.0,289,31357
himalaya,SA,SA_S2A_18FXF_20200716_2_L2A_347.tif,0.0,0.45554351806640625,0.0,5827,0
himalaya,SA,SA_S2A_18FXF_20200716_2_L2A_78.tif,0.0,0.49729156494140625,0.0,355,0
himalaya,SA,SA_S2A_18FXH_20200825_0_L2A_122.tif,0.0,0.48972320556640625,0.0,1347,0
himalaya,SA,SA_S2A_18FXH_20200825_0_L2A_250.tif,0.0,0.479522705078125,0.0,2684,0
himalaya,SA,SA_S2A_18FXH_20200825_0_L2A_251.tif,0.0,0.49906158447265625,0.0,123,0
himalaya,SA,SA_S2A_18FXH_20200825_0_L2A_254.tif,0.0,0.49909210205078125,0.0,119,0
himalaya,SA,SA_S2A_18FXH_20200825_0_L2A_37.tif,0.0,0.4783782958984375,0.0,1721,1113
himalaya,SA,SA_S2A_18FXH_20200825_0_L2A_63.tif,0.5046153846153846,0.7138986761839674,0.4763957502813436,9342,4839
himalaya,SA,SA_S2A_18FXH_20200825_0_L2A_78.tif,0.0,0.4741973876953125,0.0,3382,0
himalaya,SA,SA_S2A_18FXH_20200825_0_L2A_98.tif,0.0,0.49738311767578125,0.0,343,0
himalaya,SA,SA_S2A_18FXJ_20200825_0_L2A_133.tif,0.0,0.49304962158203125,0.0,911,0
himalaya,SA,SA_S2A_18FXJ_20200825_0_L2A_228.tif,0.8725228658536586,0.924395102088559,0.80567502274816,10230,9424
himalaya,SA,SA_S2A_18FXJ_20200825_0_L2A_237.tif,0.9667616334283001,0.9825405747244571,0.9858655453670399,3129,3084
himalaya,SA,SA_S2A_18FXJ_20200825_0_L2A_344.tif,0.8166249169265375,0.6028452164966513,0.6796315250767656,58641,47964
himalaya,SA,SA_S2A_18FXJ_20200825_0_L2A_349.tif,0.009616304659841163,0.3463861732987734,0.0,20902,201
himalaya,SA,SA_S2A_18FXJ_20200825_0_L2A_50.tif,0.0,0.497406005859375,0.0,340,0
himalaya,SA,SA_S2A_18FXJ_20200825_0_L2A_8.tif,0.9204351400923407,0.9478801242308986,0.8426716193454591,15537,14827
himalaya,SA,SA_S2A_18FXM_20200706_1_L2A_193.tif,0.0,0.4983062744140625,0.0,220,2
himalaya,SA,SA_S2A_18FXM_20200706_1_L2A_383.tif,0.0,0.4933013916015625,0.0,878,0
himalaya,SA,SA_S2A_18FXM_20200825_0_L2A_152.tif,0.0,0.495025634765625,0.0,652,0
himalaya,SA,SA_S2A_18FXM_20200825_1_L2A_223.tif,0.0,0.4972686767578125,0.0,358,0
himalaya,SA,SA_S2A_18FXM_20200825_1_L2A_25.tif,0.0,0.49939727783203125,0.0,79,0
himalaya,SA,SA_S2A_18FXM_20200825_1_L2A_316.tif,0.0,0.497222900390625,0.0,364,0
himalaya,SA,SA_S2A_18FXM_20200825_1_L2A_463.tif,0.0,0.485992431640625,0.0,1836,0
himalaya,SA,SA_S2A_18FXM_20200825_1_L2A_531.tif,0.38683498647430115,0.6881953205061078,0.454828660436137,1018,520
himalaya,SA,SA_S2A_18GWP_20200722_0_L2A_74.tif,0.0019068090417417834,0.2811262790951749,0.0,28844,55
himalaya,SA,SA_S2A_18GXN_20200726_0_L2A_140.tif,0.0,0.49828338623046875,0.0,225,0
himalaya,SA,SA_S2A_18GXN_20200726_0_L2A_177.tif,0.2305319969159599,0.5921066055218268,0.3705103969754253,3827,961
himalaya,SA,SA_S2A_18GXN_20200726_0_L2A_261.tif,0.0,0.33531951904296875,0.0,21585,0
himalaya,SA,SA_S2A_18GXN_20200726_0_L2A_76.tif,0.0,0.4961090087890625,0.0,510,0
himalaya,SA,SA_S2A_18GXP_20200726_1_L2A_36.tif,0.0,0.49973297119140625,0.0,35,0
himalaya,SA,SA_S2A_18GXP_20200726_1_L2A_54.tif,0.0,0.4940948486328125,0.0,774,0
himalaya,SA,SA_S2A_18GXP_20200818_0_L2A_109.tif,0.039829605963791266,0.48542307395773304,0.03532008830022075,4566,316
himalaya,SA,SA_S2A_18GXP_20200818_0_L2A_120.tif,0.0,0.49664306640625,0.0,440,0
himalaya,SA,SA_S2A_18GXP_20200818_0_L2A_129.tif,0.0,0.4968414306640625,0.0,414,0
himalaya,SA,SA_S2A_18GXP_20200818_0_L2A_156.tif,0.0,0.44195556640625,0.0,7608,0
himalaya,SA,SA_S2A_18GXP_20200818_0_L2A_166.tif,0.8926553672316384,0.9457422035221423,0.9084249084249084,693,647
himalaya,SA,SA_S2A_18GXP_20200818_0_L2A_176.tif,0.0,0.44756317138671875,0.0,6836,37
himalaya,SA,SA_S2A_18GXP_20200818_0_L2A_200.tif,0.0,0.49877166748046875,0.0,161,0
himalaya,SA,SA_S2A_18GXP_20200818_0_L2A_250.tif,0.0,0.490142822265625,0.0,1292,0
himalaya,SA,SA_S2A_18GXP_20200818_0_L2A_307.tif,0.0,0.49866485595703125,0.0,175,0
himalaya,SA,SA_S2A_18GXP_20200818_0_L2A_330.tif,0.9544137022397892,0.9742390339237099,0.9201405838133359,7357,7477
himalaya,SA,SA_S2A_18GXP_20200818_0_L2A_349.tif,0.0,0.471527099609375,0.0,61,3671
himalaya,SA,SA_S2A_18GXP_20200818_0_L2A_391.tif,0.0,0.4966278076171875,0.0,442,0
himalaya,SA,SA_S2A_18GYQ_20200818_0_L2A_3.tif,0.04052936311000827,0.5114079619007216,0.16748768472906403,1209,49
himalaya,SA,SA_S2A_18GYQ_20200818_0_L2A_31.tif,0.0,0.49912261962890625,0.0,115,0
himalaya,SA,SA_S2A_18GYQ_20200818_0_L2A_81.tif,0.0,0.4995880126953125,0.0,54,0
himalaya,SA,SA_S2A_18GYT_20200821_0_L2A_31.tif,0.0,0.49643707275390625,0.0,239,228
himalaya,SA,SA_S2A_18GYT_20200821_1_L2A_3.tif,0.0,0.4943084716796875,0.0,746,0
himalaya,SA,SA_S2A_18GYU_20200729_0_L2A_205.tif,0.0,0.49687957763671875,0.0,409,0
himalaya,SA,SA_S2A_18GYU_20200821_0_L2A_134.tif,0.0,0.474639892578125,0.0,3324,0
himalaya,SA,SA_S2A_18GYU_20200821_0_L2A_9.tif,0.0,0.48197174072265625,0.0,2363,0
himalaya,SA,SA_S2A_18GYV_20200729_1_L2A_35.tif,0.1898422090729783,0.5823119350686375,0.3028391167192429,1994,419
himalaya,SA,SA_S2A_19FCV_20200720_1_L2A_161.tif,0.0,0.49102783203125,0.0,1176,0
himalaya,SA,SA_S2A_19FCV_20200720_1_L2A_230.tif,0.0,0.49492645263671875,0.0,665,0
himalaya,SA,SA_S2A_19FCV_20200720_1_L2A_34.tif,0.0,0.4903106689453125,0.0,1270,0
himalaya,SA,SA_S2A_19FCV_20200720_1_L2A_8.tif,0.0,0.49610137939453125,0.0,511,0
himalaya,SA,SA_S2A_19FCV_20200720_1_L2A_93.tif,0.0,0.48409271240234375,0.0,2085,0
himalaya,SA,SA_S2A_19FDU_20200720_0_L2A_48.tif,0.0,0.4979095458984375,0.0,274,0
himalaya,SA,SA_S2A_19FDU_20200720_0_L2A_53.tif,0.0,0.4977264404296875,0.0,298,0
himalaya,SA,SA_S2A_19FDU_20200720_1_L2A_64.tif,0.0,0.489837646484375,0.0,1332,0
himalaya,SA,SA_S2A_19FDV_20200720_1_L2A_117.tif,0.0,0.4925689697265625,0.0,974,0
himalaya,SA,SA_S2A_19FDV_20200720_1_L2A_131.tif,0.0,0.49829864501953125,0.0,223,0
himalaya,SA,SA_S2A_19FDV_20200720_1_L2A_161.tif,0.0,0.48772430419921875,0.0,1609,0
himalaya,SA,SA_S2A_19FDV_20200720_1_L2A_213.tif,0.0,0.4886016845703125,0.0,1494,0
himalaya,SA,SA_S2A_19FDV_20200720_1_L2A_225.tif,0.0,0.4965667724609375,0.0,450,0
himalaya,SA,SA_S2A_19FDV_20200720_1_L2A_274.tif,0.0,0.4655609130859375,0.0,4514,0
himalaya,SA,SA_S2A_19FDV_20200720_1_L2A_352.tif,0.0,0.39290618896484375,0.0,133,13904
himalaya,SA,SA_S2A_19FDV_20200720_1_L2A_359.tif,0.0,0.499725341796875,0.0,36,0
himalaya,SA,SA_S2A_19FDV_20200720_1_L2A_380.tif,0.0,0.4990234375,0.0,128,0
himalaya,SA,SA_S2A_19FDV_20200720_1_L2A_410.tif,0.0,0.4707489013671875,0.0,3834,0
himalaya,SA,SA_S2A_19FDV_20200720_1_L2A_413.tif,0.0,0.4945831298828125,0.0,710,0
himalaya,SA,SA_S2A_19FDV_20200720_1_L2A_458.tif,0.0,0.48987579345703125,0.0,1327,0
himalaya,SA,SA_S2A_19FDV_20200720_1_L2A_86.tif,0.0,0.49811553955078125,0.0,247,0
himalaya,SA,SA_S2A_19FEV_20200717_1_L2A_7.tif,0.0,0.49472808837890625,0.0,691,0
himalaya,SA,SA_S2A_19FEV_20200720_1_L2A_112.tif,0.0,0.4990081787109375,0.0,130,0
himalaya,SA,SA_S2A_19FEV_20200720_1_L2A_147.tif,0.0,0.4943389892578125,0.0,742,0
himalaya,SA,SA_S2A_19FEV_20200720_1_L2A_153.tif,0.0,0.498870849609375,0.0,148,0
himalaya,SA,SA_S2A_19FEV_20200720_1_L2A_180.tif,0.0,0.49567413330078125,0.0,567,0
himalaya,SA,SA_S2A_19FEV_20200720_1_L2A_211.tif,0.0,0.48686981201171875,0.0,1721,0
himalaya,SA,SA_S2A_19FEV_20200720_1_L2A_91.tif,0.0,0.4942779541015625,0.0,750,0
himalaya,SA,SA_S2A_19GBP_20200729_1_L2A_157.tif,0.0,0.492828369140625,0.0,940,0
himalaya,SA,SA_S2A_19GBP_20200729_1_L2A_184.tif,0.0,0.4996337890625,0.0,48,0
himalaya,SA,SA_S2A_19GBP_20200729_1_L2A_236.tif,0.0,0.49898529052734375,0.0,133,0
himalaya,SA,SA_S2A_19GBP_20200729_1_L2A_256.tif,0.0,0.49810791015625,0.0,248,0
himalaya,SA,SA_S2A_19GBP_20200729_1_L2A_271.tif,0.9774768143677315,0.9874395074283645,0.9688195991091313,6774,6659
himalaya,SA,SA_S2A_19GBP_20200729_1_L2A_44.tif,0.0,0.49250030517578125,0.0,983,0
himalaya,SA,SA_S2A_19GBP_20200729_1_L2A_79.tif,0.0,0.4943084716796875,0.0,746,0
himalaya,SA,SA_S2A_19GBP_20200821_0_L2A_126.tif,0.0,0.49088287353515625,0.0,1195,0
himalaya,SA,SA_S2A_19GBP_20200821_1_L2A_155.tif,0.0,0.4981689453125,0.0,240,0
himalaya,SA,SA_S2A_19GBP_20200821_1_L2A_91.tif,0.18125430737422468,0.5815269131588694,0.342685370741483,1431,283
himalaya,SA,SA_S2A_19HBS_20200729_1_L2A_15.tif,0.0,0.494873046875,0.0,672,0
himalaya,SA,SA_S2A_19HBS_20200729_1_L2A_4.tif,0.0,0.49436187744140625,0.0,739,0
himalaya,SA,SA_S2A_19HCB_20200722_1_L2A_104.tif,0.0,0.4977264404296875,0.0,298,0
himalaya,SA,SA_S2A_19HCB_20200722_1_L2A_95.tif,0.0,0.49930572509765625,0.0,91,0
himalaya,SA,SA_S2A_19HCB_20200722_1_L2A_97.tif,0.0,0.49770355224609375,0.0,301,0
himalaya,SA,SA_S2A_19HCB_20200729_1_L2A_45.tif,0.0,0.4996185302734375,0.0,50,0
himalaya,SA,SA_S2A_19HCB_20200821_1_L2A_82.tif,0.0,0.48787689208984375,0.0,1589,0
himalaya,SA,SA_S2A_19HCD_20200821_1_L2A_21.tif,0.599457058242843,0.786869416820092,0.45478036175710596,2433,4048
himalaya,SA,SA_S2A_19HDD_20200808_1_L2A_18.tif,0.0,0.499114990234375,0.0,116,0
himalaya,SA,SA_S2A_19HDE_20200811_1_L2A_7.tif,0.0,0.49677276611328125,0.0,423,0
himalaya,SA,SA_S2B_18FWJ_20200701_1_L2A_26.tif,0.0,0.47100067138671875,0.0,3801,0
himalaya,SA,SA_S2B_18FWJ_20200701_1_L2A_62.tif,0.0,0.49863433837890625,0.0,179,0
himalaya,SA,SA_S2B_18FWL_20200714_0_L2A_17.tif,0.0,0.49762725830078125,0.0,311,0
himalaya,SA,SA_S2B_18FWL_20200714_0_L2A_22.tif,0.0,0.45185089111328125,0.0,6311,0
himalaya,SA,SA_S2B_18FWL_20200714_0_L2A_237.tif,0.0,0.48110198974609375,0.0,2477,0
himalaya,SA,SA_S2B_18FWL_20200714_0_L2A_307.tif,0.6042410519898981,0.7141494076999763,0.3889503432182201,22951,13892
himalaya,SA,SA_S2B_18FWL_20200714_1_L2A_140.tif,0.0,0.47814178466796875,0.0,879,1986
himalaya,SA,SA_S2B_18FWL_20200714_1_L2A_53.tif,0.0,0.48908233642578125,0.0,1431,0
himalaya,SA,SA_S2B_18FWL_20200714_1_L2A_87.tif,0.02684039870301429,0.3889214361196246,0.14980847105176756,16654,447
himalaya,SA,SA_S2B_18FWL_20200714_3_L2A_139.tif,0.0,0.4816131591796875,0.0,2410,0
himalaya,SA,SA_S2B_18FWL_20200714_3_L2A_235.tif,0.0,0.4076690673828125,0.0,12102,0
himalaya,SA,SA_S2B_18FWM_20200714_1_L2A_148.tif,0.01625620558746228,0.4308284653509066,0.0,10273,167
himalaya,SA,SA_S2B_18FWM_20200714_1_L2A_152.tif,0.0,0.48560333251953125,0.0,1887,0
himalaya,SA,SA_S2B_18FWM_20200714_1_L2A_18.tif,0.0,0.48218536376953125,0.0,2335,0
himalaya,SA,SA_S2B_18FWM_20200714_1_L2A_62.tif,0.0,0.49875640869140625,0.0,163,0
himalaya,SA,SA_S2B_18FXG_20200704_1_L2A_30.tif,0.0,0.49897003173828125,0.0,135,0
himalaya,SA,SA_S2B_18FXJ_20200714_0_L2A_128.tif,0.004703485347667765,0.15085370994216318,0.06217291842938172,46136,217
himalaya,SA,SA_S2B_18FXK_20200714_0_L2A_122.tif,0.0,0.490203857421875,0.0,1284,0
himalaya,SA,SA_S2B_18FXK_20200714_0_L2A_49.tif,0.0,0.49517822265625,0.0,632,0
himalaya,SA,SA_S2B_18FXK_20200714_1_L2A_41.tif,0.0,0.49634552001953125,0.0,479,0
himalaya,SA,SA_S2B_18FXK_20200820_0_L2A_110.tif,0.0,0.4936065673828125,0.0,614,224
himalaya,SA,SA_S2B_18FXK_20200820_0_L2A_99.tif,0.42051010557129953,0.5314454511866645,0.29072352034881954,32086,13528
himalaya,SA,SA_S2B_18FXL_20200714_1_L2A_102.tif,0.0,0.493316650390625,0.0,371,505
himalaya,SA,SA_S2B_18FXL_20200714_1_L2A_128.tif,0.0,0.49637603759765625,0.0,80,395
himalaya,SA,SA_S2B_18FXL_20200714_1_L2A_18.tif,0.0,0.49944305419921875,0.0,73,0
himalaya,SA,SA_S2B_18FXL_20200714_2_L2A_31.tif,0.0,0.4990386962890625,0.0,126,0
himalaya,SA,SA_S2B_18FXL_20200714_2_L2A_66.tif,0.0063482466747279325,0.4278682720704295,0.0584144645340751,3298,6689
himalaya,SA,SA_S2B_18FXL_20200714_3_L2A_3.tif,0.0,0.49790191650390625,0.0,275,0
himalaya,SA,SA_S2B_18FXL_20200714_3_L2A_76.tif,0.0,0.4971923828125,0.0,173,195
himalaya,SA,SA_S2B_18FXM_20200714_0_L2A_258.tif,0.0,0.49114227294921875,0.0,1161,0
himalaya,SA,SA_S2B_18FXM_20200714_0_L2A_328.tif,0.0,0.4809417724609375,0.0,2498,0
himalaya,SA,SA_S2B_18FXM_20200714_0_L2A_33.tif,0.0,0.48905181884765625,0.0,1435,0
himalaya,SA,SA_S2B_18FXM_20200714_0_L2A_36.tif,0.0,0.47681427001953125,0.0,3039,0
himalaya,SA,SA_S2B_18FXM_20200714_0_L2A_509.tif,0.0,0.4955902099609375,0.0,578,0
himalaya,SA,SA_S2B_18FXM_20200714_1_L2A_180.tif,0.0,0.49634552001953125,0.0,479,0
himalaya,SA,SA_S2B_18FXM_20200714_1_L2A_263.tif,0.0,0.49755096435546875,0.0,321,0
himalaya,SA,SA_S2B_18FXM_20200714_1_L2A_3.tif,0.0,0.49854278564453125,0.0,191,0
himalaya,SA,SA_S2B_18FXM_20200714_1_L2A_397.tif,0.0,0.47383880615234375,0.0,3429,0
himalaya,SA,SA_S2B_18FXM_20200714_1_L2A_435.tif,0.0,0.49965667724609375,0.0,45,0
himalaya,SA,SA_S2B_18FXM_20200714_1_L2A_80.tif,0.8844748858447489,0.9381344297213754,0.8694166758602527,4373,3881
himalaya,SA,SA_S2B_18GWN_20200704_0_L2A_150.tif,0.0,0.499359130859375,0.0,84,0
himalaya,SA,SA_S2B_18GWN_20200704_0_L2A_24.tif,0.0,0.49192047119140625,0.0,1059,0
himalaya,SA,SA_S2B_18GWN_20200704_0_L2A_254.tif,0.0,0.499298095703125,0.0,92,0
himalaya,SA,SA_S2B_18GWN_20200704_1_L2A_158.tif,0.0,0.49999237060546875,0.0,1,0
himalaya,SA,SA_S2B_18GWN_20200704_1_L2A_181.tif,0.0121580547112462,0.5035993227838108,0.02222222222222222,329,4
himalaya,SA,SA_S2B_18GWN_20200704_1_L2A_247.tif,0.07185273159144893,0.5239795646033374,0.1621160409556314,1683,122
himalaya,SA,SA_S2B_18GWN_20200704_1_L2A_70.tif,0.0,0.4057159423828125,0.0,12358,0
himalaya,SA,SA_S2B_18GWN_20200727_0_L2A_2.tif,0.0,0.49652862548828125,0.0,455,0
himalaya,SA,SA_S2B_18GWN_20200727_0_L2A_81.tif,0.0,0.45735931396484375,0.0,5589,0
himalaya,SA,SA_S2B_18GWP_20200704_0_L2A_137.tif,0.0,0.47898101806640625,0.0,2685,70
himalaya,SA,SA_S2B_18GWP_20200704_0_L2A_145.tif,0.0,0.499969482421875,0.0,4,0
himalaya,SA,SA_S2B_18GWP_20200704_0_L2A_2.tif,0.6195652173913043,0.8037933737620782,0.4040581451780638,1711,1567
himalaya,SA,SA_S2B_18GWP_20200704_0_L2A_92.tif,0.16517381104713158,0.5214104165492428,0.41349463437594997,8408,2519
himalaya,SA,SA_S2B_18GYN_20200714_0_L2A_116.tif,0.0,0.49660491943359375,0.0,445,0
himalaya,SA,SA_S2B_18GYN_20200714_1_L2A_11.tif,0.20500432650706663,0.41829163693774385,0.2272126816380449,27736,5686
himalaya,SA,SA_S2B_18GYP_20200810_0_L2A_49.tif,0.0,0.4834442138671875,0.0,2170,0
himalaya,SA,SA_S2B_18GYP_20200810_0_L2A_90.tif,0.0,0.49505615234375,0.0,648,0
himalaya,SA,SA_S2B_18GYP_20200820_0_L2A_24.tif,0.0,0.49993896484375,0.0,8,0
himalaya,SA,SA_S2B_18GYP_20200820_0_L2A_32.tif,0.0,0.49974822998046875,0.0,33,0
himalaya,SA,SA_S2B_18GYP_20200820_1_L2A_43.tif,0.0,0.4930419921875,0.0,912,0
himalaya,SA,SA_S2B_18GYQ_20200820_0_L2A_36.tif,0.0032178087250092314,0.35730955346521553,0.0,18957,61
himalaya,SA,SA_S2B_18GYS_20200727_0_L2A_8.tif,0.0,0.49530792236328125,0.0,561,54
himalaya,SA,SA_S2B_19FDU_20200718_0_L2A_3.tif,0.0,0.4878387451171875,0.0,1594,0
himalaya,SA,SA_S2B_19HCA_20200714_1_L2A_30.tif,0.0,0.49022674560546875,0.0,1281,0
himalaya,SA,SA_S2B_19HCB_20200714_1_L2A_69.tif,0.0,0.49852752685546875,0.0,193,0
himalaya,SA,SA_S2B_19HCB_20200803_1_L2A_9.tif,0.0,0.49884033203125,0.0,152,0
himalaya,SA,SA_S2B_19HCC_20200724_1_L2A_38.tif,0.0,0.49969482421875,0.0,40,0
himalaya,SA,SA_S2B_19HCC_20200823_1_L2A_27.tif,0.3792261731273681,0.5350699407367753,0.20748848379857476,27448,10409
himalaya,SA,SA_S2B_19HCD_20200803_1_L2A_8.tif,0.0,0.49640655517578125,0.0,471,0
himalaya,SA,SA_S2B_19HCD_20200813_1_L2A_15.tif,0.0,0.498046875,0.0,256,0
himalaya,SA,SA_S2B_19HCV_20200714_1_L2A_24.tif,0.0,0.4662322998046875,0.0,4426,0
himalaya,SA,SA_S2B_19HCV_20200806_1_L2A_5.tif,0.0,0.48540496826171875,0.0,1913,0
himalaya,SA,SA_S2B_19HDD_20200724_1_L2A_14.tif,0.0,0.49892425537109375,0.0,141,0
himalaya,SA,SA_S2B_19HDD_20200803_1_L2A_1.tif,0.0,0.4990386962890625,0.0,126,0
himalaya,SA,SA_S2B_19HDD_20200803_1_L2A_10.tif,0.0,0.49950408935546875,0.0,65,0
challenge,S2A,S2A_10UCA_20200715_0_L2A_19.tif,0.0,0.498382568359375,0.0,212,0
challenge,S2A,S2A_10UCA_20200715_0_L2A_25.tif,0.6217391304347826,0.8075141711321412,0.6353662273980999,1150,715
challenge,S2A,S2A_10UCA_20200715_0_L2A_33.tif,0.0,0.48116302490234375,0.0,2469,0
challenge,S2A,S2A_10UCA_20200715_0_L2A_43.tif,0.0,0.49700164794921875,0.0,393,0
challenge,S2A,S2A_10UCA_20200715_0_L2A_44.tif,0.5452196382428941,0.7558489785398967,0.4878318706492989,4590,2586
challenge,S2A,S2A_10UCA_20200715_0_L2A_45.tif,0.01969057665260197,0.5045264641145858,0.03333333333333333,711,14
challenge,S2A,S2A_18FWG_20200706_0_L2A_10.tif,0.0,0.37076568603515625,0.0,16939,0
challenge,S2A,S2A_18FWG_20200706_0_L2A_11.tif,0.0,0.48033905029296875,0.0,2577,0
challenge,S2A,S2A_18FWG_20200706_0_L2A_12.tif,0.5856903009169573,0.7665504995511165,0.4063073823828285,4886,7392
challenge,S2A,S2A_18FWG_20200706_0_L2A_14.tif,0.0,0.4953460693359375,0.0,610,0
challenge,S2A,S2A_18FWG_20200706_0_L2A_15.tif,0.0,0.46349334716796875,0.0,4785,0
challenge,S2A,S2A_18FWG_20200706_0_L2A_16.tif,0.0,0.47528839111328125,0.0,3239,0
challenge,S2A,S2A_18FWG_20200706_0_L2A_18.tif,0.2720797720797721,0.6281969293526527,0.28528242736382464,1404,382
challenge,S2A,S2A_18FWG_20200706_0_L2A_19.tif,0.0,0.4815521240234375,0.0,2418,0
challenge,S2A,S2A_18FWG_20200706_0_L2A_2.tif,0.0,0.48339080810546875,0.0,1371,806
challenge,S2A,S2A_18FWG_20200706_0_L2A_20.tif,0.0,0.49417877197265625,0.0,763,0
challenge,S2A,S2A_18FWG_20200706_0_L2A_21.tif,0.0,0.39312744140625,0.0,14008,0
challenge,S2A,S2A_18FWG_20200706_0_L2A_24.tif,0.0,0.405548095703125,0.0,12380,0
challenge,S2A,S2A_18FWG_20200706_0_L2A_25.tif,0.0,0.40450286865234375,0.0,12517,0
challenge,S2A,S2A_18FWG_20200706_0_L2A_3.tif,0.0,0.4865264892578125,0.0,1541,225
challenge,S2A,S2A_18FWG_20200706_0_L2A_5.tif,0.16792452830188678,0.5805931257641571,0.2696629213483146,215,404
challenge,S2A,S2A_18FWG_20200706_0_L2A_6.tif,0.0,0.47008514404296875,0.0,3921,0
challenge,S2A,S2A_18FWG_20200706_0_L2A_8.tif,0.0,0.41751861572265625,0.0,3498,7313
challenge,S2A,S2A_18FWG_20200706_1_L2A_10.tif,0.0,0.37076568603515625,0.0,16939,0
challenge,S2A,S2A_18FWG_20200706_1_L2A_12.tif,0.3437221065159179,0.5994404671954128,0.24520692310810263,4886,13179
challenge,S2A,S2A_18FWG_20200706_1_L2A_15.tif,0.0,0.46349334716796875,0.0,4785,0
challenge,S2A,S2A_18FWG_20200706_1_L2A_16.tif,0.0,0.47528839111328125,0.0,3239,0
challenge,S2A,S2A_18FWG_20200706_1_L2A_19.tif,0.04318541996830428,0.5031370265507072,0.1351986832823889,2418,215
challenge,S2A,S2A_18FWG_20200706_1_L2A_2.tif,0.0,0.48954010009765625,0.0,1371,0
challenge,S2A,S2A_18FWG_20200706_1_L2A_20.tif,0.0,0.49417877197265625,0.0,763,0
challenge,S2A,S2A_18FWG_20200706_1_L2A_21.tif,0.0,0.39312744140625,0.0,14008,0
challenge,S2A,S2A_18FWG_20200706_1_L2A_23.tif,0.0,0.4763336181640625,0.0,3102,0
challenge,S2A,S2A_18FWG_20200706_1_L2A_24.tif,0.0,0.405548095703125,0.0,12380,0
challenge,S2A,S2A_18FWG_20200706_1_L2A_25.tif,0.0,0.40450286865234375,0.0,12517,0
challenge,S2A,S2A_18FWG_20200706_1_L2A_7.tif,0.0,0.49030303955078125,0.0,1271,0
challenge,S2A,S2A_18FWG_20200706_1_L2A_9.tif,0.0,0.489471435546875,0.0,1380,0
challenge,S2A,S2A_18FWG_20200716_1_L2A_1.tif,0.0,0.48564910888671875,0.0,1881,0
challenge,S2A,S2A_18FWG_20200716_1_L2A_10.tif,0.0,0.37076568603515625,0.0,16939,0
challenge,S2A,S2A_18FWG_20200716_1_L2A_11.tif,0.0,0.48033905029296875,0.0,2577,0
challenge,S2A,S2A_18FWG_20200716_1_L2A_2.tif,0.0,0.48954010009765625,0.0,1371,0
challenge,S2A,S2A_18FWG_20200716_1_L2A_21.tif,0.0,0.39312744140625,0.0,14008,0
challenge,S2A,S2A_18FWG_20200716_1_L2A_23.tif,0.0,0.4763336181640625,0.0,3102,0
challenge,S2A,S2A_18FWG_20200716_1_L2A_24.tif,0.0,0.405548095703125,0.0,12380,0
challenge,S2A,S2A_18FWG_20200716_1_L2A_25.tif,0.01462011664136774,0.41294560680353853,0.0,12517,183
challenge,S2A,S2A_18FWG_20200716_1_L2A_26.tif,0.0,0.4936981201171875,0.0,826,0
challenge,S2A,S2A_18FWG_20200716_1_L2A_6.tif,0.0,0.47008514404296875,0.0,3921,0
challenge,S2A,S2A_18FWG_20200716_1_L2A_7.tif,0.0,0.49030303955078125,0.0,1271,0
challenge,S2A,S2A_18FWG_20200716_1_L2A_8.tif,0.0,0.44327545166015625,0.0,3498,3937
challenge,S2A,S2A_18FWH_20200706_1_L2A_10.tif,0.0,0.42090606689453125,0.0,10367,0
challenge,S2A,S2A_18FWH_20200706_1_L2A_11.tif,0.0,0.4646148681640625,0.0,4638,0
challenge,S2A,S2A_18FWH_20200706_1_L2A_15.tif,0.13763288833301612,0.30657978047632717,0.29256065497840805,36779,5062
challenge,S2A,S2A_18FWH_20200706_1_L2A_19.tif,0.34424745379102223,0.6008462762206223,0.21592222706513298,4886,12932
challenge,S2A,S2A_18FWH_20200706_1_L2A_2.tif,0.0,0.419647216796875,0.0,10532,0
challenge,S2A,S2A_18FWH_20200706_1_L2A_20.tif,0.0,0.4918975830078125,0.0,1062,0
challenge,S2A,S2A_18FWH_20200706_1_L2A_22.tif,0.0,0.488525390625,0.0,1504,0
challenge,S2A,S2A_18FWH_20200706_1_L2A_24.tif,0.0,0.4817657470703125,0.0,2390,0
challenge,S2A,S2A_18FWH_20200706_1_L2A_32.tif,0.0,0.3437042236328125,0.0,20486,0
challenge,S2A,S2A_18FWH_20200706_1_L2A_35.tif,0.0,0.4937744140625,0.0,816,0
challenge,S2A,S2A_18FWH_20200706_1_L2A_38.tif,0.0,0.420989990234375,0.0,10314,42
challenge,S2A,S2A_18FWH_20200706_1_L2A_40.tif,0.0,0.49323272705078125,0.0,887,0
challenge,S2A,S2A_18FWH_20200706_1_L2A_42.tif,0.0,0.48686981201171875,0.0,1721,0
challenge,S2A,S2A_18FWH_20200706_1_L2A_43.tif,0.0,0.48734283447265625,0.0,1659,0
challenge,S2A,S2A_18FWH_20200706_1_L2A_44.tif,0.0,0.48006439208984375,0.0,2613,0
challenge,S2A,S2A_18FWH_20200706_1_L2A_45.tif,0.3386178236108973,0.6353866559004342,0.04245810055865922,6494,2203
challenge,S2A,S2A_18FWH_20200706_1_L2A_46.tif,0.018838433695294504,0.3261468360123419,0.0,24312,458
challenge,S2A,S2A_18FWH_20200706_1_L2A_48.tif,0.0,0.47153472900390625,0.0,3731,0
challenge,S2A,S2A_18FWH_20200706_1_L2A_49.tif,0.6216808769792935,0.7985119106095502,0.18536585365853656,4089,2568
challenge,S2A,S2A_18FWH_20200706_1_L2A_5.tif,0.02328646748681898,0.44358249037190745,0.09874438071616803,9104,212
challenge,S2A,S2A_18FWH_20200706_1_L2A_50.tif,0.0,0.45545196533203125,0.0,5489,350
challenge,S2A,S2A_18FWH_20200706_1_L2A_51.tif,0.0,0.4877166748046875,0.0,1610,0
challenge,S2A,S2A_18FWH_20200706_1_L2A_52.tif,0.0,0.461578369140625,0.0,5036,0
challenge,S2A,S2A_18FWH_20200706_1_L2A_54.tif,0.0,0.49897003173828125,0.0,129,6
challenge,S2A,S2A_18FWH_20200706_1_L2A_55.tif,0.0,0.4867706298828125,0.0,1734,0
challenge,S2A,S2A_18FWH_20200706_1_L2A_59.tif,0.0,0.49365997314453125,0.0,831,0
challenge,S2A,S2A_18FWH_20200706_1_L2A_6.tif,0.05524616626311542,0.3452006541571628,0.019623875715453803,24780,1369
challenge,S2A,S2A_18FWH_20200706_1_L2A_62.tif,0.0,0.4777069091796875,0.0,2922,0
challenge,S2A,S2A_18FWH_20200706_1_L2A_63.tif,0.0,0.492218017578125,0.0,1020,0
challenge,S2A,S2A_18FWH_20200706_1_L2A_66.tif,0.0,0.43590545654296875,0.0,8401,0
challenge,S2A,S2A_18FWH_20200706_1_L2A_68.tif,0.0,0.49855804443359375,0.0,189,0
challenge,S2A,S2A_18FWH_20200706_1_L2A_7.tif,0.0,0.4819183349609375,0.0,2370,0
challenge,S2A,S2A_18FWH_20200706_1_L2A_70.tif,0.0,0.44271087646484375,0.0,7509,0
challenge,S2A,S2A_18FWH_20200706_1_L2A_74.tif,0.0,0.44617462158203125,0.0,7055,0
challenge,S2A,S2A_18FWH_20200706_1_L2A_75.tif,0.0,0.4992218017578125,0.0,102,0
challenge,S2A,S2A_18FWH_20200706_1_L2A_9.tif,0.0,0.36559295654296875,0.0,17617,0
challenge,S2A,S2A_18FWH_20200716_1_L2A_1.tif,0.052954824621263816,0.4732217482841077,0.24778761061946902,7327,388
challenge,S2A,S2A_18FWH_20200716_1_L2A_10.tif,0.0,0.42090606689453125,0.0,10367,0
challenge,S2A,S2A_18FWH_20200716_1_L2A_11.tif,0.0,0.4646148681640625,0.0,4638,0
challenge,S2A,S2A_18FWH_20200716_1_L2A_13.tif,0.0,0.45867156982421875,0.0,2319,3098
challenge,S2A,S2A_18FWH_20200716_1_L2A_16.tif,0.04132661920472304,0.4358031804907722,0.22615738096144813,11518,476
challenge,S2A,S2A_18FWH_20200716_1_L2A_17.tif,0.0,0.3894805908203125,0.0,14486,0
challenge,S2A,S2A_18FWH_20200716_1_L2A_18.tif,0.0,0.48656463623046875,0.0,836,925
challenge,S2A,S2A_18FWH_20200716_1_L2A_2.tif,0.022977592100265856,0.43269135677546755,0.06432748538011697,10532,242
challenge,S2A,S2A_18FWH_20200716_1_L2A_20.tif,0.0,0.4918975830078125,0.0,1062,0
challenge,S2A,S2A_18FWH_20200716_1_L2A_22.tif,0.0013166556945358788,0.489084183128496,0.035842293906810034,1504,17
challenge,S2A,S2A_18FWH_20200716_1_L2A_23.tif,0.0,0.48336029052734375,0.0,2181,0
challenge,S2A,S2A_18FWH_20200716_1_L2A_24.tif,0.0,0.4817657470703125,0.0,2390,0
challenge,S2A,S2A_18FWH_20200716_1_L2A_28.tif,0.0,0.49261474609375,0.0,968,0
challenge,S2A,S2A_18FWH_20200716_1_L2A_29.tif,0.0,0.4983062744140625,0.0,222,0
challenge,S2A,S2A_18FWH_20200716_1_L2A_30.tif,0.0,0.4629974365234375,0.0,4850,0
challenge,S2A,S2A_18FWH_20200716_1_L2A_33.tif,0.0,0.47641754150390625,0.0,3091,0
challenge,S2A,S2A_18FWH_20200716_1_L2A_35.tif,0.0,0.4937744140625,0.0,816,0
challenge,S2A,S2A_18FWH_20200716_1_L2A_36.tif,0.0,0.487701416015625,0.0,1612,0
challenge,S2A,S2A_18FWH_20200716_1_L2A_38.tif,0.007464133385032958,0.42552280593387365,0.12390821613619542,10314,79
challenge,S2A,S2A_18FWH_20200716_1_L2A_39.tif,0.0,0.48296356201171875,0.0,2233,0
challenge,S2A,S2A_18FWH_20200716_1_L2A_40.tif,0.0,0.4827423095703125,0.0,887,1375
challenge,S2A,S2A_18FWH_20200716_1_L2A_42.tif,0.0,0.48686981201171875,0.0,1721,0
challenge,S2A,S2A_18FWH_20200716_1_L2A_43.tif,0.0,0.48734283447265625,0.0,1659,0
challenge,S2A,S2A_18FWH_20200716_1_L2A_44.tif,0.0,0.48006439208984375,0.0,2613,0
challenge,S2A,S2A_18FWH_20200716_1_L2A_45.tif,0.002771789344009855,0.4519643616581767,0.017191977077363897,6494,18
challenge,S2A,S2A_18FWH_20200716_1_L2A_46.tif,0.4350937808489635,0.5925969286354792,0.08548882069267864,24312,10578
challenge,S2A,S2A_18FWH_20200716_1_L2A_48.tif,0.0,0.47153472900390625,0.0,3731,0
challenge,S2A,S2A_18FWH_20200716_1_L2A_5.tif,0.05645869947275923,0.462174783589537,0.255077091961479,9104,514
challenge,S2A,S2A_18FWH_20200716_1_L2A_51.tif,0.0,0.4877166748046875,0.0,1610,0
challenge,S2A,S2A_18FWH_20200716_1_L2A_52.tif,0.0,0.461578369140625,0.0,5036,0
challenge,S2A,S2A_18FWH_20200716_1_L2A_54.tif,0.006073446327683616,0.34165491387737396,0.0,129,21240
challenge,S2A,S2A_18FWH_20200716_1_L2A_55.tif,0.0,0.4867706298828125,0.0,1734,0
challenge,S2A,S2A_18FWH_20200716_1_L2A_56.tif,0.0,0.49444580078125,0.0,728,0
challenge,S2A,S2A_18FWH_20200716_1_L2A_59.tif,0.0,0.49289703369140625,0.0,831,100
challenge,S2A,S2A_18FWH_20200716_1_L2A_60.tif,0.0,0.4987335205078125,0.0,166,0
challenge,S2A,S2A_18FWH_20200716_1_L2A_62.tif,0.0,0.4777069091796875,0.0,2922,0
challenge,S2A,S2A_18FWH_20200716_1_L2A_66.tif,0.0,0.43590545654296875,0.0,8401,0
challenge,S2A,S2A_18FWH_20200716_1_L2A_7.tif,0.0,0.4819183349609375,0.0,2370,0
challenge,S2A,S2A_18FWH_20200716_1_L2A_70.tif,0.0,0.44271087646484375,0.0,7509,0
challenge,S2A,S2A_18FWH_20200716_1_L2A_71.tif,0.0,0.4554290771484375,0.0,5842,0
challenge,S2A,S2A_18FWH_20200716_1_L2A_72.tif,0.0,0.497528076171875,0.0,324,0
challenge,S2A,S2A_18FWH_20200716_1_L2A_73.tif,0.0,0.4950408935546875,0.0,650,0
challenge,S2A,S2A_18FWH_20200716_1_L2A_74.tif,0.0,0.44617462158203125,0.0,7055,0
challenge,S2A,S2A_18FWH_20200716_1_L2A_75.tif,0.0,0.4992218017578125,0.0,102,0
challenge,S2A,S2A_18FWH_20200716_1_L2A_8.tif,0.0,0.485595703125,0.0,1883,5
challenge,S2A,S2A_18FWH_20200716_1_L2A_9.tif,0.0,0.36559295654296875,0.0,17617,0
challenge,S2A,S2A_18FWJ_20200706_0_L2A_1.tif,0.011484748254318266,0.42350085511659513,0.07070707070707072,4038,6971
challenge,S2A,S2A_18FWJ_20200706_0_L2A_100.tif,0.0,0.489471435546875,0.0,372,1008
challenge,S2A,S2A_18FWJ_20200706_0_L2A_101.tif,0.0,0.4975738525390625,0.0,318,0
challenge,S2A,S2A_18FWJ_20200706_0_L2A_102.tif,0.0,0.4988861083984375,0.0,146,0
challenge,S2A,S2A_18FWJ_20200706_0_L2A_103.tif,0.0,0.49889373779296875,0.0,145,0
challenge,S2A,S2A_18FWJ_20200706_0_L2A_105.tif,0.0,0.46038818359375,0.0,5192,0
challenge,S2A,S2A_18FWJ_20200706_0_L2A_106.tif,0.0,0.49347686767578125,0.0,855,0
challenge,S2A,S2A_18FWJ_20200706_0_L2A_108.tif,0.3479148439778361,0.6198231030257662,0.11056788266265513,10253,3613
challenge,S2A,S2A_18FWJ_20200706_0_L2A_109.tif,0.0,0.47592926025390625,0.0,3155,0
challenge,S2A,S2A_18FWJ_20200706_0_L2A_11.tif,0.0,0.42290496826171875,0.0,10105,0
challenge,S2A,S2A_18FWJ_20200706_0_L2A_110.tif,0.23704381649696832,0.5659803098619973,0.4045643153526971,8706,2107
challenge,S2A,S2A_18FWJ_20200706_0_L2A_112.tif,0.0,0.4810333251953125,0.0,2486,0
challenge,S2A,S2A_18FWJ_20200706_0_L2A_114.tif,0.0,0.45114898681640625,0.0,6403,0
challenge,S2A,S2A_18FWJ_20200706_0_L2A_117.tif,0.0,0.4987335205078125,0.0,166,0
challenge,S2A,S2A_18FWJ_20200706_0_L2A_118.tif,0.0,0.48479461669921875,0.0,1871,122
challenge,S2A,S2A_18FWJ_20200706_0_L2A_119.tif,0.003168854685377999,0.467977394590331,0.05371988914943508,3956,476
challenge,S2A,S2A_18FWJ_20200706_0_L2A_12.tif,0.0,0.48424530029296875,0.0,2065,0
challenge,S2A,S2A_18FWJ_20200706_0_L2A_120.tif,0.0,0.4990234375,0.0,128,0
challenge,S2A,S2A_18FWJ_20200706_0_L2A_121.tif,0.0,0.49723052978515625,0.0,363,0
challenge,S2A,S2A_18FWJ_20200706_0_L2A_122.tif,0.0,0.4984130859375,0.0,208,0
challenge,S2A,S2A_18FWJ_20200706_0_L2A_123.tif,0.0,0.482757568359375,0.0,301,1959
challenge,S2A,S2A_18FWJ_20200706_0_L2A_124.tif,0.0,0.42139434814453125,0.0,9784,519
challenge,S2A,S2A_18FWJ_20200706_0_L2A_125.tif,0.0,0.498260498046875,0.0,228,0
challenge,S2A,S2A_18FWJ_20200706_0_L2A_127.tif,0.3068547132635072,0.6000211530745361,0.431336177012117,9633,2969
challenge,S2A,S2A_18FWJ_20200706_0_L2A_129.tif,0.0,0.4959259033203125,0.0,524,10
challenge,S2A,S2A_18FWJ_20200706_0_L2A_132.tif,0.0,0.49684906005859375,0.0,413,0
challenge,S2A,S2A_18FWJ_20200706_0_L2A_133.tif,0.0,0.49237060546875,0.0,1000,0
challenge,S2A,S2A_18FWJ_20200706_0_L2A_134.tif,0.0,0.49207305908203125,0.0,202,837
challenge,S2A,S2A_18FWJ_20200706_0_L2A_135.tif,0.0,0.49219512939453125,0.0,474,549
challenge,S2A,S2A_18FWJ_20200706_0_L2A_137.tif,0.0,0.482421875,0.0,1233,1071
challenge,S2A,S2A_18FWJ_20200706_0_L2A_138.tif,0.0,0.4994354248046875,0.0,74,0
challenge,S2A,S2A_18FWJ_20200706_0_L2A_140.tif,0.07644467478621404,0.45553220112297976,0.14954425816061406,11577,885
challenge,S2A,S2A_18FWJ_20200706_0_L2A_141.tif,0.0,0.4132537841796875,0.0,11370,0
challenge,S2A,S2A_18FWJ_20200706_0_L2A_142.tif,0.0,0.49428558349609375,0.0,749,0
challenge,S2A,S2A_18FWJ_20200706_0_L2A_143.tif,0.0,0.48516845703125,0.0,1944,0
challenge,S2A,S2A_18FWJ_20200706_0_L2A_144.tif,0.0,0.4659576416015625,0.0,4462,0
challenge,S2A,S2A_18FWJ_20200706_0_L2A_145.tif,0.0,0.4657135009765625,0.0,4494,0
challenge,S2A,S2A_18FWJ_20200706_0_L2A_146.tif,0.06898307241949854,0.42099622186729285,0.09523398749191288,15714,1084
challenge,S2A,S2A_18FWJ_20200706_0_L2A_147.tif,0.061787277473551984,0.14779913338318235,0.15572250951312322,50949,3148
challenge,S2A,S2A_18FWJ_20200706_0_L2A_148.tif,0.020012971370332623,0.26550056779588016,0.2078028299571962,32192,835
challenge,S2A,S2A_18FWJ_20200706_0_L2A_15.tif,0.0,0.444305419921875,0.0,7300,0
challenge,S2A,S2A_18FWJ_20200706_0_L2A_152.tif,0.0,0.499176025390625,0.0,108,0
challenge,S2A,S2A_18FWJ_20200706_0_L2A_154.tif,0.0,0.4937744140625,0.0,816,0
challenge,S2A,S2A_18FWJ_20200706_0_L2A_155.tif,0.0,0.48571014404296875,0.0,1873,0
challenge,S2A,S2A_18FWJ_20200706_0_L2A_156.tif,0.0,0.4966888427734375,0.0,434,0
challenge,S2A,S2A_18FWJ_20200706_0_L2A_157.tif,0.0,0.48374176025390625,0.0,2131,0
challenge,S2A,S2A_18FWJ_20200706_0_L2A_158.tif,0.0,0.49633026123046875,0.0,481,0
challenge,S2A,S2A_18FWJ_20200706_0_L2A_159.tif,0.06442577030812324,0.5220056851051649,0.17521058965102287,1161,359
challenge,S2A,S2A_18FWJ_20200706_0_L2A_16.tif,0.0,0.46196746826171875,0.0,4985,0
challenge,S2A,S2A_18FWJ_20200706_0_L2A_160.tif,0.0,0.4906463623046875,0.0,1226,0
challenge,S2A,S2A_18FWJ_20200706_0_L2A_161.tif,0.0,0.4882965087890625,0.0,1534,0
challenge,S2A,S2A_18FWJ_20200706_0_L2A_162.tif,0.0,0.4981842041015625,0.0,238,0
challenge,S2A,S2A_18FWJ_20200706_0_L2A_164.tif,0.0,0.49935150146484375,0.0,85,0
challenge,S2A,S2A_18FWJ_20200706_0_L2A_165.tif,0.0,0.4941558837890625,0.0,766,0
challenge,S2A,S2A_18FWJ_20200706_0_L2A_166.tif,0.0,0.43299102783203125,0.0,8781,2
challenge,S2A,S2A_18FWJ_20200706_0_L2A_167.tif,0.0,0.4951629638671875,0.0,634,0
challenge,S2A,S2A_18FWJ_20200706_0_L2A_168.tif,0.0,0.44548797607421875,0.0,7145,0
challenge,S2A,S2A_18FWJ_20200706_0_L2A_169.tif,0.0,0.4638214111328125,0.0,4742,0
challenge,S2A,S2A_18FWJ_20200706_0_L2A_17.tif,0.0,0.44194793701171875,0.0,7428,181
challenge,S2A,S2A_18FWJ_20200706_0_L2A_171.tif,0.0,0.4796905517578125,0.0,2662,0
challenge,S2A,S2A_18FWJ_20200706_0_L2A_18.tif,0.0,0.4852447509765625,0.0,1934,0
challenge,S2A,S2A_18FWJ_20200706_0_L2A_19.tif,0.0,0.442047119140625,0.0,7596,0
challenge,S2A,S2A_18FWJ_20200706_0_L2A_2.tif,0.0,0.45124053955078125,0.0,6391,0
challenge,S2A,S2A_18FWJ_20200706_0_L2A_20.tif,0.0,0.48142242431640625,0.0,2435,0
challenge,S2A,S2A_18FWJ_20200706_0_L2A_22.tif,0.0,0.49521636962890625,0.0,350,277
challenge,S2A,S2A_18FWJ_20200706_0_L2A_25.tif,0.0,0.46134185791015625,0.0,5067,0
challenge,S2A,S2A_18FWJ_20200706_0_L2A_26.tif,0.0,0.4693450927734375,0.0,3801,217
challenge,S2A,S2A_18FWJ_20200706_0_L2A_28.tif,0.0,0.48797607421875,0.0,1576,0
challenge,S2A,S2A_18FWJ_20200706_0_L2A_29.tif,0.0,0.4963226318359375,0.0,112,370
challenge,S2A,S2A_18FWJ_20200706_0_L2A_30.tif,0.0,0.456451416015625,0.0,5708,0
challenge,S2A,S2A_18FWJ_20200706_0_L2A_31.tif,0.0,0.4776458740234375,0.0,2777,153
challenge,S2A,S2A_18FWJ_20200706_0_L2A_32.tif,0.05514592933947773,0.48038607358852925,0.1953848745157487,6501,368
challenge,S2A,S2A_18FWJ_20200706_0_L2A_33.tif,0.0,0.484954833984375,0.0,1972,0
challenge,S2A,S2A_18FWJ_20200706_0_L2A_35.tif,0.0,0.4725494384765625,0.0,3598,0
challenge,S2A,S2A_18FWJ_20200706_0_L2A_37.tif,0.0,0.47412872314453125,0.0,3391,0
challenge,S2A,S2A_18FWJ_20200706_0_L2A_38.tif,0.0,0.4921875,0.0,1024,0
challenge,S2A,S2A_18FWJ_20200706_0_L2A_39.tif,0.0,0.46355438232421875,0.0,4724,53
challenge,S2A,S2A_18FWJ_20200706_0_L2A_40.tif,0.0,0.4798583984375,0.0,2640,0
challenge,S2A,S2A_18FWJ_20200706_0_L2A_41.tif,0.0,0.45880889892578125,0.0,5399,0
challenge,S2A,S2A_18FWJ_20200706_0_L2A_42.tif,0.0,0.49098968505859375,0.0,1181,0
challenge,S2A,S2A_18FWJ_20200706_0_L2A_43.tif,0.0,0.4552764892578125,0.0,5862,0
challenge,S2A,S2A_18FWJ_20200706_0_L2A_46.tif,0.0,0.4405059814453125,0.0,7798,0
challenge,S2A,S2A_18FWJ_20200706_0_L2A_47.tif,0.0,0.4974212646484375,0.0,338,0
challenge,S2A,S2A_18FWJ_20200706_0_L2A_5.tif,0.0,0.43487548828125,0.0,8536,0
challenge,S2A,S2A_18FWJ_20200706_0_L2A_50.tif,0.0,0.47290802001953125,0.0,3551,0
challenge,S2A,S2A_18FWJ_20200706_0_L2A_51.tif,0.0,0.4854736328125,0.0,1904,0
challenge,S2A,S2A_18FWJ_20200706_0_L2A_52.tif,0.3460559796437659,0.6651193241399529,0.24505672609400325,774,1342
challenge,S2A,S2A_18FWJ_20200706_0_L2A_53.tif,0.0,0.49262237548828125,0.0,706,261
challenge,S2A,S2A_18FWJ_20200706_0_L2A_55.tif,0.0,0.48349761962890625,0.0,2163,0
challenge,S2A,S2A_18FWJ_20200706_0_L2A_57.tif,0.0,0.3767242431640625,0.0,16158,0
challenge,S2A,S2A_18FWJ_20200706_0_L2A_58.tif,0.0,0.465911865234375,0.0,4468,0
challenge,S2A,S2A_18FWJ_20200706_0_L2A_59.tif,0.6903542466922749,0.8335320454180143,0.484401906211205,4643,3278
challenge,S2A,S2A_18FWJ_20200706_0_L2A_6.tif,0.0,0.497772216796875,0.0,292,0
challenge,S2A,S2A_18FWJ_20200706_0_L2A_60.tif,0.0,0.45404815673828125,0.0,6023,0
challenge,S2A,S2A_18FWJ_20200706_0_L2A_61.tif,0.0,0.49749755859375,0.0,328,0
challenge,S2A,S2A_18FWJ_20200706_0_L2A_62.tif,0.10614525139664804,0.5518515685681136,0.0,179,19
challenge,S2A,S2A_18FWJ_20200706_0_L2A_63.tif,0.0,0.491424560546875,0.0,1124,0
challenge,S2A,S2A_18FWJ_20200706_0_L2A_67.tif,0.0,0.4700927734375,0.0,3920,0
challenge,S2A,S2A_18FWJ_20200706_0_L2A_69.tif,0.0,0.44512939453125,0.0,7192,0
challenge,S2A,S2A_18FWJ_20200706_0_L2A_7.tif,0.0,0.45025634765625,0.0,6520,0
challenge,S2A,S2A_18FWJ_20200706_0_L2A_70.tif,0.017852601597070344,0.3608094027391657,0.02745424292845258,1282,18730
challenge,S2A,S2A_18FWJ_20200706_0_L2A_71.tif,0.0,0.4969329833984375,0.0,402,0
challenge,S2A,S2A_18FWJ_20200706_0_L2A_72.tif,0.0,0.469207763671875,0.0,4036,0
challenge,S2A,S2A_18FWJ_20200706_0_L2A_76.tif,0.0,0.49201202392578125,0.0,1047,0
challenge,S2A,S2A_18FWJ_20200706_0_L2A_77.tif,0.0,0.4952545166015625,0.0,622,0
challenge,S2A,S2A_18FWJ_20200706_0_L2A_79.tif,0.0,0.49469757080078125,0.0,695,0
challenge,S2A,S2A_18FWJ_20200706_0_L2A_84.tif,0.0,0.48889923095703125,0.0,1455,0
challenge,S2A,S2A_18FWJ_20200706_0_L2A_86.tif,0.0,0.4893646240234375,0.0,1394,0
challenge,S2A,S2A_18FWJ_20200706_0_L2A_87.tif,0.0,0.490692138671875,0.0,1220,0
challenge,S2A,S2A_18FWJ_20200706_0_L2A_91.tif,0.0,0.48248291015625,0.0,2296,0
challenge,S2A,S2A_18FWJ_20200706_0_L2A_94.tif,0.0,0.47280120849609375,0.0,3565,0
challenge,S2A,S2A_18FWJ_20200706_0_L2A_97.tif,0.0,0.437103271484375,0.0,8244,0
challenge,S2A,S2A_18FWJ_20200706_0_L2A_98.tif,0.3032722306843847,0.5406542204926224,0.3456298700427826,18965,5848
challenge,S2A,S2A_18FWJ_20200706_1_L2A_102.tif,0.0,0.4988861083984375,0.0,146,0
challenge,S2A,S2A_18FWJ_20200706_1_L2A_103.tif,0.0,0.49889373779296875,0.0,145,0
challenge,S2A,S2A_18FWJ_20200706_1_L2A_105.tif,0.0,0.46038818359375,0.0,5192,0
challenge,S2A,S2A_18FWJ_20200706_1_L2A_109.tif,0.0,0.47592926025390625,0.0,3155,0
challenge,S2A,S2A_18FWJ_20200706_1_L2A_110.tif,0.19546027742749053,0.5427568498729,0.4173292682926829,8706,1722
challenge,S2A,S2A_18FWJ_20200706_1_L2A_112.tif,0.0,0.4810333251953125,0.0,2486,0
challenge,S2A,S2A_18FWJ_20200706_1_L2A_114.tif,0.0,0.4509429931640625,0.0,6403,27
challenge,S2A,S2A_18FWJ_20200706_1_L2A_117.tif,0.0,0.4987335205078125,0.0,166,0
challenge,S2A,S2A_18FWJ_20200706_1_L2A_118.tif,0.0,0.48572540283203125,0.0,1871,0
challenge,S2A,S2A_18FWJ_20200706_1_L2A_119.tif,0.006825075834175936,0.4734242920272102,0.10544217687074829,3956,27
challenge,S2A,S2A_18FWJ_20200706_1_L2A_12.tif,0.0,0.48424530029296875,0.0,2065,0
challenge,S2A,S2A_18FWJ_20200706_1_L2A_122.tif,0.0,0.4984130859375,0.0,208,0
challenge,S2A,S2A_18FWJ_20200706_1_L2A_124.tif,0.0,0.42535400390625,0.0,9784,0
challenge,S2A,S2A_18FWJ_20200706_1_L2A_125.tif,0.0,0.498260498046875,0.0,228,0
challenge,S2A,S2A_18FWJ_20200706_1_L2A_129.tif,0.0,0.4958953857421875,0.0,524,14
challenge,S2A,S2A_18FWJ_20200706_1_L2A_131.tif,0.7226738934056007,0.846172958293949,0.6430829792251166,6642,4800
challenge,S2A,S2A_18FWJ_20200706_1_L2A_132.tif,0.0,0.49684906005859375,0.0,413,0
challenge,S2A,S2A_18FWJ_20200706_1_L2A_133.tif,0.0,0.49237060546875,0.0,1000,0
challenge,S2A,S2A_18FWJ_20200706_1_L2A_134.tif,0.0,0.4984588623046875,0.0,202,0
challenge,S2A,S2A_18FWJ_20200706_1_L2A_138.tif,0.0,0.4994354248046875,0.0,74,0
challenge,S2A,S2A_18FWJ_20200706_1_L2A_140.tif,0.0,0.41167449951171875,0.0,11577,0
challenge,S2A,S2A_18FWJ_20200706_1_L2A_142.tif,0.0,0.49298095703125,0.0,749,171
challenge,S2A,S2A_18FWJ_20200706_1_L2A_156.tif,0.0,0.4966888427734375,0.0,434,0
challenge,S2A,S2A_18FWJ_20200706_1_L2A_157.tif,0.11966431202076919,0.44511868400232846,0.0798882681564246,2131,16414
challenge,S2A,S2A_18FWJ_20200706_1_L2A_158.tif,0.0,0.49633026123046875,0.0,481,0
challenge,S2A,S2A_18FWJ_20200706_1_L2A_159.tif,0.17255075022065314,0.5718844011292075,0.2318181818181818,1161,1496
challenge,S2A,S2A_18FWJ_20200706_1_L2A_160.tif,0.0,0.4906463623046875,0.0,1226,0
challenge,S2A,S2A_18FWJ_20200706_1_L2A_161.tif,0.0,0.4882965087890625,0.0,1534,0
challenge,S2A,S2A_18FWJ_20200706_1_L2A_162.tif,0.0,0.4981842041015625,0.0,238,0
challenge,S2A,S2A_18FWJ_20200706_1_L2A_163.tif,0.0,0.49181365966796875,0.0,1073,0
challenge,S2A,S2A_18FWJ_20200706_1_L2A_164.tif,0.0,0.49935150146484375,0.0,85,0
challenge,S2A,S2A_18FWJ_20200706_1_L2A_165.tif,0.0,0.4941558837890625,0.0,766,0
challenge,S2A,S2A_18FWJ_20200706_1_L2A_166.tif,0.0,0.43300628662109375,0.0,8781,0
challenge,S2A,S2A_18FWJ_20200706_1_L2A_168.tif,0.0,0.44548797607421875,0.0,7145,0
challenge,S2A,S2A_18FWJ_20200706_1_L2A_171.tif,0.0,0.4796905517578125,0.0,2662,0
challenge,S2A,S2A_18FWJ_20200706_1_L2A_18.tif,0.0,0.4852447509765625,0.0,1934,0
challenge,S2A,S2A_18FWJ_20200706_1_L2A_19.tif,0.0,0.442047119140625,0.0,7596,0
challenge,S2A,S2A_18FWJ_20200706_1_L2A_20.tif,0.0,0.48142242431640625,0.0,2435,0
challenge,S2A,S2A_18FWJ_20200706_1_L2A_21.tif,0.0,0.48577117919921875,0.0,1865,0
challenge,S2A,S2A_18FWJ_20200706_1_L2A_25.tif,0.0,0.46134185791015625,0.0,5067,0
challenge,S2A,S2A_18FWJ_20200706_1_L2A_26.tif,0.0,0.47100067138671875,0.0,3801,0
challenge,S2A,S2A_18FWJ_20200706_1_L2A_27.tif,0.0,0.495452880859375,0.0,596,0
challenge,S2A,S2A_18FWJ_20200706_1_L2A_28.tif,0.0,0.48797607421875,0.0,1576,0
challenge,S2A,S2A_18FWJ_20200706_1_L2A_33.tif,0.0,0.484954833984375,0.0,1972,0
challenge,S2A,S2A_18FWJ_20200706_1_L2A_37.tif,0.0,0.47412872314453125,0.0,3391,0
challenge,S2A,S2A_18FWJ_20200706_1_L2A_39.tif,0.011854360711261643,0.4702827087612509,0.0,4724,56
challenge,S2A,S2A_18FWJ_20200706_1_L2A_40.tif,0.0,0.4798583984375,0.0,2640,0
challenge,S2A,S2A_18FWJ_20200706_1_L2A_42.tif,0.0,0.49098968505859375,0.0,1181,0
challenge,S2A,S2A_18FWJ_20200706_1_L2A_43.tif,0.0,0.4552764892578125,0.0,5862,0
challenge,S2A,S2A_18FWJ_20200706_1_L2A_47.tif,0.0,0.4974212646484375,0.0,338,0
challenge,S2A,S2A_18FWJ_20200706_1_L2A_49.tif,0.0,0.49822998046875,0.0,232,0
challenge,S2A,S2A_18FWJ_20200706_1_L2A_51.tif,0.0,0.4854736328125,0.0,1904,0
challenge,S2A,S2A_18FWJ_20200706_1_L2A_52.tif,0.0,0.4940948486328125,0.0,774,0
challenge,S2A,S2A_18FWJ_20200706_1_L2A_53.tif,0.0,0.4946136474609375,0.0,706,0
challenge,S2A,S2A_18FWJ_20200706_1_L2A_6.tif,0.0,0.497772216796875,0.0,292,0
challenge,S2A,S2A_18FWJ_20200706_1_L2A_60.tif,0.0,0.45404815673828125,0.0,6023,0
challenge,S2A,S2A_18FWJ_20200706_1_L2A_72.tif,0.0,0.469207763671875,0.0,4036,0
challenge,S2A,S2A_18FWJ_20200706_1_L2A_76.tif,0.0,0.49201202392578125,0.0,1047,0
challenge,S2A,S2A_18FWJ_20200706_1_L2A_84.tif,0.0,0.48889923095703125,0.0,1455,0
challenge,S2A,S2A_18FWJ_20200716_0_L2A_100.tif,0.0,0.49361419677734375,0.0,372,465
challenge,S2A,S2A_18FWJ_20200716_0_L2A_103.tif,0.0,0.49889373779296875,0.0,145,0
challenge,S2A,S2A_18FWJ_20200716_0_L2A_106.tif,0.0,0.493438720703125,0.0,855,5
challenge,S2A,S2A_18FWJ_20200716_0_L2A_111.tif,0.006419400855920114,0.4287438900939292,0.07567022196598443,9716,161
challenge,S2A,S2A_18FWJ_20200716_0_L2A_112.tif,0.0,0.4810333251953125,0.0,2486,0
challenge,S2A,S2A_18FWJ_20200716_0_L2A_117.tif,0.0,0.4987335205078125,0.0,166,0
challenge,S2A,S2A_18FWJ_20200716_0_L2A_118.tif,0.0,0.48572540283203125,0.0,1871,0
challenge,S2A,S2A_18FWJ_20200716_0_L2A_119.tif,0.0,0.469818115234375,0.0,3956,0
challenge,S2A,S2A_18FWJ_20200716_0_L2A_121.tif,0.0,0.4781036376953125,0.0,363,2507
challenge,S2A,S2A_18FWJ_20200716_0_L2A_125.tif,0.0,0.498260498046875,0.0,228,0
challenge,S2A,S2A_18FWJ_20200716_0_L2A_129.tif,0.0,0.496002197265625,0.0,524,0
challenge,S2A,S2A_18FWJ_20200716_0_L2A_132.tif,0.0,0.49684906005859375,0.0,413,0
challenge,S2A,S2A_18FWJ_20200716_0_L2A_133.tif,0.0,0.49237060546875,0.0,1000,0
challenge,S2A,S2A_18FWJ_20200716_0_L2A_134.tif,0.0,0.4984588623046875,0.0,202,0
challenge,S2A,S2A_18FWJ_20200716_0_L2A_138.tif,0.0,0.4854278564453125,0.0,74,1836
challenge,S2A,S2A_18FWJ_20200716_0_L2A_141.tif,0.0,0.4132537841796875,0.0,11370,0
challenge,S2A,S2A_18FWJ_20200716_0_L2A_142.tif,0.0,0.48702239990234375,0.0,749,952
challenge,S2A,S2A_18FWJ_20200716_0_L2A_144.tif,0.0,0.4659576416015625,0.0,4462,0
challenge,S2A,S2A_18FWJ_20200716_0_L2A_152.tif,0.0,0.49874114990234375,0.0,108,57
challenge,S2A,S2A_18FWJ_20200716_0_L2A_154.tif,0.0,0.4937744140625,0.0,816,0
challenge,S2A,S2A_18FWJ_20200716_0_L2A_156.tif,0.0,0.4966888427734375,0.0,434,0
challenge,S2A,S2A_18FWJ_20200716_0_L2A_157.tif,0.02956358517128109,0.4989890230470521,0.018575851393188854,2131,63
challenge,S2A,S2A_18FWJ_20200716_0_L2A_158.tif,0.0,0.49633026123046875,0.0,481,0
challenge,S2A,S2A_18FWJ_20200716_0_L2A_16.tif,0.0,0.46196746826171875,0.0,4985,0
challenge,S2A,S2A_18FWJ_20200716_0_L2A_160.tif,0.0,0.48229217529296875,0.0,1226,1095
challenge,S2A,S2A_18FWJ_20200716_0_L2A_161.tif,0.0,0.4882965087890625,0.0,1534,0
challenge,S2A,S2A_18FWJ_20200716_0_L2A_162.tif,0.0,0.4981842041015625,0.0,238,0
challenge,S2A,S2A_18FWJ_20200716_0_L2A_165.tif,0.0,0.4941558837890625,0.0,766,0
challenge,S2A,S2A_18FWJ_20200716_0_L2A_166.tif,0.0,0.43300628662109375,0.0,8781,0
challenge,S2A,S2A_18FWJ_20200716_0_L2A_168.tif,0.0,0.44548797607421875,0.0,7145,0
challenge,S2A,S2A_18FWJ_20200716_0_L2A_17.tif,0.0,0.443328857421875,0.0,7428,0
challenge,S2A,S2A_18FWJ_20200716_0_L2A_171.tif,0.0,0.4796905517578125,0.0,2662,0
challenge,S2A,S2A_18FWJ_20200716_0_L2A_18.tif,0.0,0.4852447509765625,0.0,1934,0
challenge,S2A,S2A_18FWJ_20200716_0_L2A_2.tif,0.0,0.45124053955078125,0.0,6391,0
challenge,S2A,S2A_18FWJ_20200716_0_L2A_20.tif,0.0,0.48142242431640625,0.0,2435,0
challenge,S2A,S2A_18FWJ_20200716_0_L2A_21.tif,0.0,0.48577117919921875,0.0,1865,0
challenge,S2A,S2A_18FWJ_20200716_0_L2A_22.tif,0.0,0.4973297119140625,0.0,350,0
challenge,S2A,S2A_18FWJ_20200716_0_L2A_29.tif,0.0,0.4990386962890625,0.0,112,14
challenge,S2A,S2A_18FWJ_20200716_0_L2A_3.tif,0.0,0.4285736083984375,0.008592910848549948,9240,122
challenge,S2A,S2A_18FWJ_20200716_0_L2A_31.tif,0.0,0.47881317138671875,0.0,2777,0
challenge,S2A,S2A_18FWJ_20200716_0_L2A_39.tif,0.0,0.463958740234375,0.0,4724,0
challenge,S2A,S2A_18FWJ_20200716_0_L2A_40.tif,0.0,0.4798583984375,0.0,2640,0
challenge,S2A,S2A_18FWJ_20200716_0_L2A_42.tif,0.0,0.49098968505859375,0.0,1181,0
challenge,S2A,S2A_18FWJ_20200716_0_L2A_46.tif,0.0,0.4405059814453125,0.0,7798,0
challenge,S2A,S2A_18FWJ_20200716_0_L2A_47.tif,0.0,0.4974212646484375,0.0,338,0
challenge,S2A,S2A_18FWJ_20200716_0_L2A_60.tif,0.0,0.45404815673828125,0.0,6023,0
challenge,S2A,S2A_31TGK_20200822_0_L2A_12.tif,0.0,0.49896240234375,0.0,136,0
challenge,S2A,S2A_31TGK_20200822_0_L2A_15.tif,0.0,0.48685455322265625,0.0,1723,0
challenge,S2A,S2A_31TGK_20200822_0_L2A_26.tif,0.0,0.48801422119140625,0.0,1571,0
challenge,S2A,S2A_31TGK_20200822_0_L2A_36.tif,0.0,0.4973297119140625,0.0,350,0
challenge,S2A,S2A_32TLQ_20200822_0_L2A_16.tif,0.0,0.49309539794921875,0.0,905,0
challenge,S2A,S2A_32TLQ_20200822_0_L2A_17.tif,0.0,0.495452880859375,0.0,596,0
challenge,S2A,S2A_32TLQ_20200822_0_L2A_18.tif,0.0,0.48983001708984375,0.0,1333,0
challenge,S2A,S2A_32TLQ_20200822_0_L2A_19.tif,0.0,0.49652862548828125,0.0,455,0
challenge,S2A,S2A_32TLQ_20200822_0_L2A_20.tif,0.6757990867579908,0.8373566303062603,0.8039825762289982,171,196
challenge,S2A,S2A_32TLQ_20200822_0_L2A_24.tif,0.0,0.49451446533203125,0.0,719,0
challenge,S2A,S2A_32TLQ_20200822_0_L2A_26.tif,0.0,0.46387481689453125,0.0,4735,0
challenge,S2A,S2A_32TLQ_20200822_0_L2A_28.tif,0.0,0.49718475341796875,0.0,369,0
challenge,S2A,S2A_32TLQ_20200822_0_L2A_30.tif,0.0,0.49155426025390625,0.0,1107,0
challenge,S2A,S2A_32TLQ_20200822_0_L2A_38.tif,0.38451668092386654,0.6811269451310856,0.35944351215287174,2196,1041
challenge,S2A,S2A_32TLQ_20200822_0_L2A_4.tif,0.7099311701081613,0.8526898421590271,0.7392458842272969,802,937
challenge,S2A,S2A_32TLQ_20200901_1_L2A_30.tif,0.0,0.49155426025390625,0.0,1107,0
challenge,S2A,S2A_32TLQ_20200901_1_L2A_31.tif,0.5121951219512195,0.7539517040123039,0.6273718947657897,528,340
challenge,S2A,S2A_32TLR_20200809_0_L2A_1.tif,0.0,0.49678802490234375,0.0,421,0
challenge,S2A,S2A_32TLR_20200809_0_L2A_10.tif,0.0,0.48343658447265625,0.0,2171,0
challenge,S2A,S2A_32TLR_20200809_0_L2A_11.tif,0.0,0.47612762451171875,0.0,2938,191
challenge,S2A,S2A_32TLR_20200809_0_L2A_15.tif,0.7781512605042017,0.8859889699250396,0.5155420773313116,1783,1391
challenge,S2A,S2A_32TLR_20200809_0_L2A_18.tif,0.7572427572427572,0.8767457418311103,0.7473156764495348,901,858
challenge,S2A,S2A_32TLR_20200809_0_L2A_2.tif,0.45274725274725275,0.7244679168986532,0.5571428571428572,235,426
challenge,S2A,S2A_32TLR_20200809_0_L2A_3.tif,0.0,0.49234771728515625,0.0,1003,0
challenge,S2A,S2A_32TLR_20200809_0_L2A_31.tif,0.7322970639032815,0.8649582751633376,0.7058823529411764,530,473
challenge,S2A,S2A_32TLR_20200809_0_L2A_32.tif,0.4908350305498982,0.7435031267306502,0.5512367491166077,264,468
challenge,S2A,S2A_32TLR_20200809_0_L2A_40.tif,0.0,0.4947509765625,0.0,688,0
challenge,S2A,S2A_32TLR_20200809_0_L2A_45.tif,0.0,0.4980926513671875,0.0,250,0
challenge,S2A,S2A_32TLR_20200809_0_L2A_51.tif,0.7601809954751131,0.8796851006013431,1.0,179,210
challenge,S2A,S2A_32TLR_20200809_0_L2A_6.tif,0.5703125,0.7843151427970638,0.6945096198967621,174,228
challenge,S2A,S2A_32TLR_20200809_1_L2A_1.tif,0.0,0.49678802490234375,0.0,421,0
challenge,S2A,S2A_32TLR_20200809_1_L2A_10.tif,0.0,0.48343658447265625,0.0,2171,0
challenge,S2A,S2A_32TLR_20200809_1_L2A_11.tif,0.0,0.476104736328125,0.0,2938,194
challenge,S2A,S2A_32TLR_20200809_1_L2A_18.tif,0.5972222222222222,0.7957100845940358,0.6271186440677966,901,594
challenge,S2A,S2A_32TLR_20200809_1_L2A_32.tif,0.5237020316027088,0.7602354945469136,0.6023369770071617,264,411
challenge,S2A,S2A_32TLR_20200809_1_L2A_40.tif,0.0,0.4947509765625,0.0,688,0
challenge,S2A,S2A_32TLR_20200809_1_L2A_45.tif,0.0,0.4980926513671875,0.0,250,0
challenge,S2A,S2A_32TLR_20200819_0_L2A_18.tif,0.0,0.49312591552734375,0.0,901,0
challenge,S2A,S2A_32TLR_20200819_0_L2A_31.tif,0.7039370078740157,0.8505243275016654,0.6644165863066538,530,552
challenge,S2A,S2A_32TLR_20200819_1_L2A_7.tif,0.8748384317104696,0.932693717685247,0.7869855529925943,4507,4196
challenge,S2A,S2A_32TLR_20200901_0_L2A_121.tif,0.0,0.48639678955078125,0.0,1783,0
challenge,S2A,S2A_32TLR_20200901_0_L2A_122.tif,0.0,0.492523193359375,0.0,980,0
challenge,S2A,S2A_32TLR_20200901_0_L2A_123.tif,0.0,0.48484039306640625,0.0,1937,50
challenge,S2A,S2A_32TLR_20200901_0_L2A_124.tif,0.0,0.49737548828125,0.0,344,0
challenge,S2A,S2A_32TLR_20200901_0_L2A_126.tif,0.0,0.49312591552734375,0.0,901,0
challenge,S2A,S2A_32TLR_20200901_0_L2A_127.tif,0.8260869565217391,0.912645248850096,0.9032258064516129,248,298
challenge,S2A,S2A_32TLR_20200901_0_L2A_129.tif,0.0,0.489654541015625,0.0,1235,121
challenge,S2A,S2A_32TLR_20200901_0_L2A_137.tif,0.0,0.4900360107421875,0.0,1306,0
challenge,S2A,S2A_32TLR_20200901_0_L2A_143.tif,0.14292134831460673,0.542077006977026,0.37785467128027683,4427,659
challenge,S2A,S2A_32TLR_20200901_0_L2A_146.tif,0.6666666666666666,0.8325450278075412,0.6818632309217045,211,304
challenge,S2A,S2A_32TLR_20200901_0_L2A_147.tif,0.8674242424242424,0.9331743050530505,0.9483802064791742,498,488
challenge,S2A,S2A_32TLR_20200901_0_L2A_148.tif,0.0,0.4947509765625,0.0,688,0
challenge,S2A,S2A_32TLR_20200901_0_L2A_15.tif,0.0,0.49585723876953125,0.0,543,0
challenge,S2A,S2A_32TLR_20200901_0_L2A_150.tif,0.6185784658691063,0.8050978847433287,0.783676703645008,1278,1022
challenge,S2A,S2A_32TLR_20200901_0_L2A_38.tif,0.6878048780487804,0.8434131049774447,0.8199853049228509,141,205
challenge,S2A,S2A_32TLR_20200901_0_L2A_53.tif,0.0,0.49628448486328125,0.0,487,0
challenge,S2A,S2A_32TLR_20200901_0_L2A_65.tif,0.0,0.496002197265625,0.0,462,62
challenge,S2A,S2A_32TLR_20200901_0_L2A_73.tif,0.49130434782608695,0.7438607177807514,0.5038167938931297,325,361
challenge,S2A,S2A_32TLR_20200908_0_L2A_1.tif,0.0,0.49678802490234375,0.0,421,0
challenge,S2A,S2A_32TLR_20200908_0_L2A_18.tif,0.0,0.49312591552734375,0.0,901,0
challenge,S2A,S2A_32TLR_20200908_0_L2A_3.tif,0.0,0.49234771728515625,0.0,1003,0
challenge,S2A,S2A_39XWA_20200829_0_L2A_1.tif,0.0,0.46663665771484375,0.0,4373,0
challenge,S2A,S2A_39XWA_20200829_0_L2A_10.tif,0.0,0.47440338134765625,0.0,3355,0
challenge,S2A,S2A_39XWA_20200829_0_L2A_12.tif,0.0,0.49535369873046875,0.0,389,220
challenge,S2A,S2A_39XWA_20200829_0_L2A_5.tif,0.0,0.4950408935546875,0.0,650,0
challenge,S2A,S2A_39XWA_20200829_0_L2A_8.tif,0.0,0.28855133056640625,0.0,27715,0
challenge,S2A,S2A_39XWA_20200829_0_L2A_9.tif,0.0,0.43746185302734375,0.0,8197,0
challenge,S2A,S2A_39XWB_20200829_0_L2A_10.tif,0.0,0.4964447021484375,0.0,466,0
challenge,S2A,S2A_39XWB_20200829_0_L2A_11.tif,0.0,0.47760772705078125,0.0,2935,0
challenge,S2A,S2A_39XWB_20200829_0_L2A_21.tif,0.0,0.45359039306640625,0.0,6083,0
challenge,S2A,S2A_39XWB_20200829_0_L2A_24.tif,0.0,0.27051544189453125,0.0,30079,0
challenge,S2A,S2A_39XWB_20200829_0_L2A_25.tif,0.0,0.45549774169921875,0.0,5833,0
challenge,S2A,S2A_39XWB_20200829_0_L2A_26.tif,0.0,0.47440338134765625,0.0,3355,0
challenge,S2A,S2A_39XWB_20200829_0_L2A_28.tif,0.09656584751102709,0.5041152173956719,0.21093778810340377,6148,813
challenge,S2A,S2A_39XWB_20200829_0_L2A_30.tif,0.0,0.495330810546875,0.0,389,223
challenge,S2A,S2A_39XWB_20200829_0_L2A_35.tif,0.0,0.48493194580078125,0.0,1959,16
challenge,S2A,S2A_39XWB_20200829_0_L2A_37.tif,0.0,0.49652099609375,0.0,456,0
challenge,S2A,S2A_39XWB_20200829_0_L2A_8.tif,0.0,0.49903106689453125,0.0,127,0
challenge,S2A,S2A_39XXA_20200829_0_L2A_2.tif,0.0,0.45322418212890625,0.0,6131,0
challenge,S2A,S2A_39XXA_20200829_0_L2A_3.tif,0.0,0.28382110595703125,0.0,28335,0
challenge,S2A,S2A_39XXA_20200829_0_L2A_6.tif,0.0,0.49485015869140625,0.0,389,286
challenge,S2A,S2A_40XDF_20200829_0_L2A_10.tif,0.008064516129032258,0.47774539233819263,0.08398950131233596,3143,357
challenge,S2A,S2A_40XDF_20200829_0_L2A_15.tif,0.8937093275488069,0.9460974626370564,0.9592642776832819,865,881
challenge,S2A,S2A_40XDF_20200829_0_L2A_16.tif,0.0,0.45601654052734375,0.0,5765,0
challenge,S2A,S2A_40XDF_20200829_0_L2A_6.tif,0.0,0.27492523193359375,0.0,29501,0
challenge,S2A,S2A_40XDF_20200829_0_L2A_7.tif,0.0,0.46883392333984375,0.0,4085,0
challenge,S2A,S2A_40XDH_20200811_0_L2A_27.tif,0.1833983286908078,0.5343427705435569,0.2734910671173346,5500,5121
challenge,S2A,S2A_40XDH_20200811_0_L2A_29.tif,0.0,0.46598052978515625,0.0,131,4328
challenge,S2A,S2A_40XDH_20200811_0_L2A_30.tif,0.12819661242112254,0.4820568010224128,0.07738482125788569,12044,1544
challenge,S2A,S2A_40XDH_20200811_0_L2A_33.tif,0.01881295674501284,0.35691626273287785,0.019573575672841664,19990,643
challenge,S2A,S2A_40XDH_20200811_0_L2A_37.tif,0.0,0.49282073974609375,0.0,941,0
challenge,S2A,S2A_40XDH_20200811_0_L2A_45.tif,0.0,0.40643310546875,0.0,12264,0
challenge,S2A,S2A_40XDH_20200811_0_L2A_54.tif,0.0,0.4792633056640625,0.0,2222,496
challenge,S2A,S2A_40XDH_20200811_0_L2A_55.tif,0.7764815935728828,0.8487463874524599,0.532111876746899,17468,14816
challenge,S2A,S2A_40XDH_20200811_0_L2A_61.tif,0.23252858958068615,0.6116432368435005,0.46341463414634143,779,191
challenge,S2A,S2A_40XDH_20200811_0_L2A_68.tif,0.1353162115521267,0.3600269245355089,0.19156214367160776,29551,4001
challenge,S2A,S2A_40XDH_20200811_0_L2A_75.tif,0.0,0.490692138671875,0.0,1220,0
challenge,S2A,S2A_40XDH_20200811_0_L2A_9.tif,0.1617535903250189,0.3803277059272888,0.2565277141548328,29098,4716
challenge,S2A,S2A_40XDH_20200811_2_L2A_16.tif,0.034002040122407345,0.49529278606157046,0.2114285714285714,2934,107
challenge,S2A,S2A_40XDH_20200811_2_L2A_30.tif,0.12819661242112254,0.4820568010224128,0.09341694726761607,12044,1544
challenge,S2A,S2A_40XDH_20200811_2_L2A_33.tif,0.02517648220368268,0.360748976807559,0.03221476510067114,19990,777
challenge,S2A,S2A_40XDH_20200811_2_L2A_37.tif,0.0,0.4922332763671875,0.0,941,77
challenge,S2A,S2A_40XDH_20200811_2_L2A_45.tif,0.0,0.40643310546875,0.0,12264,0
challenge,S2A,S2A_40XDH_20200811_2_L2A_64.tif,0.25678119349005424,0.6252481066083173,0.3838383838383838,508,187
challenge,S2A,S2A_40XDH_20200811_2_L2A_66.tif,0.0,0.48038482666015625,0.0,2571,0
challenge,S2A,S2A_40XDH_20200811_2_L2A_68.tif,0.1603613968597726,0.37611635314969155,0.19577209694589998,29551,4740
challenge,S2A,S2A_40XDH_20200811_2_L2A_70.tif,0.0,0.49271392822265625,0.0,955,0
challenge,S2A,S2A_40XDJ_20200811_0_L2A_16.tif,0.0430698580573337,0.4156073599789572,0.1778536464374558,14287,704
challenge,S2A,S2A_40XDJ_20200811_0_L2A_19.tif,0.0,0.4816436767578125,0.0,2406,0
challenge,S2A,S2A_40XDJ_20200811_0_L2A_20.tif,0.0,0.47533416748046875,0.0,3233,0
challenge,S2A,S2A_40XDJ_20200811_0_L2A_23.tif,0.004179437169127891,0.47481602007568896,0.07351555136663525,3589,15
challenge,S2A,S2A_40XDJ_20200811_0_L2A_28.tif,0.0,0.47635650634765625,0.0,3099,0
challenge,S2A,S2A_40XDJ_20200811_0_L2A_29.tif,0.0,0.4971923828125,0.0,368,0
challenge,S2A,S2A_40XDJ_20200811_0_L2A_48.tif,0.0,0.4824371337890625,0.0,2302,0
challenge,S2A,S2A_40XDJ_20200811_0_L2A_5.tif,0.006096922206624903,0.13951102528447576,0.0471976401179941,1001,47019
challenge,S2A,S2A_40XDJ_20200811_0_L2A_51.tif,0.9908790270962236,0.9894145681601898,0.9746646031243855,37230,37420
challenge,S2A,S2A_40XDJ_20200811_0_L2A_57.tif,0.20113725052960196,0.5443566752240052,0.39539240304515927,1954,8819
challenge,S2A,S2A_40XDJ_20200811_0_L2A_63.tif,0.5901234567901235,0.793790613336177,0.7816312303938655,240,404
challenge,S2A,S2A_40XDJ_20200811_0_L2A_7.tif,0.08057542646018395,0.44963650645915365,0.29091349926943033,1035,12711
challenge,S2A,S2A_40XDJ_20200811_0_L2A_8.tif,0.0,0.46810150146484375,0.0,4181,0
challenge,S2A,S2A_40XDJ_20200811_1_L2A_17.tif,0.06458399074366257,0.46380211520794234,0.2811101163831692,9471,650
challenge,S2A,S2A_40XDJ_20200811_1_L2A_19.tif,0.0,0.4816436767578125,0.0,2406,0
challenge,S2A,S2A_40XDJ_20200811_1_L2A_20.tif,0.0,0.47533416748046875,0.0,3233,0
challenge,S2A,S2A_40XDJ_20200811_1_L2A_29.tif,0.0,0.4971923828125,0.0,368,0
challenge,S2A,S2A_40XDJ_20200811_1_L2A_30.tif,0.4044451927933996,0.6742107485809429,0.31076371350641485,5924,2417
challenge,S2A,S2A_40XDJ_20200811_1_L2A_35.tif,0.2701252236135957,0.6319426301596311,0.37535211267605634,508,202
challenge,S2A,S2A_40XDJ_20200811_1_L2A_48.tif,0.0,0.4824371337890625,0.0,2302,0
challenge,S2A,S2A_40XDJ_20200811_1_L2A_49.tif,0.0,0.4987640380859375,0.0,162,0
challenge,S2A,S2A_40XDJ_20200811_1_L2A_54.tif,0.05542271562766866,0.3555235562010817,0.27155956491071764,1352,23366
challenge,S2A,S2A_40XDJ_20200811_1_L2A_56.tif,0.0,0.49271392822265625,0.0,955,0
challenge,S2A,S2A_40XDJ_20200811_1_L2A_8.tif,0.0,0.46810150146484375,0.0,4181,0
challenge,S2A,S2A_40XDJ_20200812_1_L2A_63.tif,0.5513784461152882,0.7743189615596957,0.7100591715976332,240,379
challenge,S2A,S2A_40XDJ_20200818_0_L2A_35.tif,0.2958257713248639,0.6449452996559767,0.5290763968072977,508,206
challenge,S2A,S2A_40XDJ_20200818_0_L2A_40.tif,0.23273179838207841,0.6069048636181593,0.6023011505752877,395,1586
challenge,S2A,S2A_40XDJ_20200818_0_L2A_44.tif,0.0,0.49474334716796875,0.0,601,88
challenge,S2A,S2A_40XDJ_20200818_0_L2A_48.tif,0.0,0.4824371337890625,0.0,2302,0
challenge,S2A,S2A_40XDJ_20200818_0_L2A_54.tif,0.054937055750620876,0.3557177925010867,0.2549796876537483,1352,23285
challenge,S2A,S2A_40XDJ_20200818_0_L2A_7.tif,0.046079043625657956,0.3572720381298995,0.2484064653737563,1035,22416
challenge,S2A,S2A_40XDJ_20200818_1_L2A_24.tif,0.0026648190587859086,0.21535832798406623,0.06530768129087697,225,37401
challenge,S2A,S2A_40XDJ_20200829_0_L2A_14.tif,0.0,0.495208740234375,0.0,628,0
challenge,S2A,S2A_40XDJ_20200829_0_L2A_15.tif,0.0,0.35257720947265625,0.0,19323,0
challenge,S2A,S2A_40XDJ_20200829_0_L2A_16.tif,0.017040296110063552,0.4007351207928863,0.12237273595217997,14287,276
challenge,S2A,S2A_40XDJ_20200829_0_L2A_17.tif,0.04313407084136811,0.4491675944660067,0.18580381166883012,9471,807
challenge,S2A,S2A_40XDJ_20200829_0_L2A_18.tif,0.0,0.4946441650390625,0.0,702,0
challenge,S2A,S2A_40XDJ_20200829_0_L2A_19.tif,0.0,0.4816436767578125,0.0,2406,0
challenge,S2A,S2A_40XDJ_20200829_0_L2A_20.tif,0.0,0.47533416748046875,0.0,3233,0
challenge,S2A,S2A_40XDJ_20200829_0_L2A_24.tif,0.0,0.49828338623046875,0.0,225,0
challenge,S2A,S2A_40XDJ_20200829_0_L2A_25.tif,0.021714285714285714,0.37948013997176006,0.08770263230472221,3266,14614
challenge,S2A,S2A_40XDJ_20200829_0_L2A_26.tif,0.010929779907171732,0.4550089071846935,0.11563169164882228,6665,87
challenge,S2A,S2A_40XDJ_20200829_0_L2A_27.tif,0.0,0.40433502197265625,0.0,11967,572
challenge,S2A,S2A_40XDJ_20200829_0_L2A_28.tif,0.0,0.47635650634765625,0.0,3099,0
challenge,S2A,S2A_40XDJ_20200829_0_L2A_29.tif,0.0,0.4971923828125,0.0,368,0
challenge,S2A,S2A_40XDJ_20200829_0_L2A_30.tif,0.0,0.454803466796875,0.0,5924,0
challenge,S2A,S2A_40XDJ_20200829_0_L2A_35.tif,0.0,0.496124267578125,0.0,508,0
challenge,S2A,S2A_40XDJ_20200829_0_L2A_36.tif,0.0,0.314849853515625,0.0,24082,186
challenge,S2A,S2A_40XDJ_20200829_0_L2A_37.tif,0.0,0.2889251708984375,0.0,27666,0
challenge,S2A,S2A_40XDJ_20200829_0_L2A_44.tif,0.0,0.49350738525390625,0.0,601,250
challenge,S2A,S2A_40XDJ_20200829_0_L2A_45.tif,0.0,0.47074127197265625,0.0,3835,0
challenge,S2A,S2A_40XDJ_20200829_0_L2A_48.tif,0.0,0.4824371337890625,0.0,2302,0
challenge,S2A,S2A_40XDJ_20200829_0_L2A_49.tif,0.0,0.4987640380859375,0.0,162,0
challenge,S2A,S2A_40XDJ_20200829_0_L2A_53.tif,0.0,0.44898223876953125,0.0,6557,130
challenge,S2A,S2A_40XDJ_20200829_0_L2A_54.tif,0.11619718309859155,0.5484995338631659,0.19469639271619468,1352,233
challenge,S2A,S2A_40XDJ_20200829_0_L2A_56.tif,0.0,0.49271392822265625,0.0,955,0
challenge,S2A,S2A_40XDJ_20200829_0_L2A_59.tif,0.26964526268522676,0.6095409028899826,0.37434352589906966,3931,1724
challenge,S2A,S2A_40XDJ_20200829_0_L2A_63.tif,0.0,0.4981689453125,0.0,240,0
challenge,S2A,S2A_40XDJ_20200829_0_L2A_64.tif,0.0,0.47168731689453125,0.0,751,2960
challenge,S2A,S2A_40XEH_20200829_0_L2A_3.tif,0.0,0.31900787353515625,0.0,23723,0
challenge,S2A,S2A_40XEH_20200829_0_L2A_9.tif,0.0,0.49079132080078125,0.0,1121,86
challenge,S2A,S2A_40XEH_20200829_1_L2A_10.tif,0.0,0.49271392822265625,0.0,955,0
challenge,S2A,S2A_40XEH_20200829_1_L2A_13.tif,0.0,0.49526214599609375,0.0,621,0
challenge,S2A,S2A_40XEH_20200829_1_L2A_18.tif,0.0,0.36896514892578125,0.0,17175,0
challenge,S2A,S2A_40XEH_20200829_1_L2A_2.tif,0.1535262206148282,0.5034368782826013,0.2777777777777778,11060,1698
challenge,S2A,S2A_40XEH_20200829_1_L2A_25.tif,0.0,0.47179412841796875,0.0,3697,0
challenge,S2A,S2A_40XEH_20200829_1_L2A_26.tif,0.23506366307541626,0.6115513733166839,0.4544579578265815,1006,255
challenge,S2A,S2A_40XEH_20200829_1_L2A_27.tif,0.0,0.49683380126953125,0.0,415,0
challenge,S2A,S2A_40XEH_20200829_1_L2A_30.tif,0.0,0.49835968017578125,0.0,88,127
challenge,S2A,S2A_40XEH_20200829_1_L2A_35.tif,0.0,0.4947052001953125,0.0,694,0
challenge,S2A,S2A_40XEH_20200829_1_L2A_6.tif,0.0,0.32513427734375,0.0,22920,0
challenge,S2A,S2A_40XEH_20200829_1_L2A_8.tif,0.0,0.25283050537109375,0.0,32397,0
challenge,S2A,S2A_40XEJ_20200811_0_L2A_1.tif,0.06979166666666667,0.5280758116436787,0.09973554967888175,955,72
challenge,S2A,S2A_40XEJ_20200811_0_L2A_16.tif,0.0,0.47249603271484375,0.0,3605,0
challenge,S2A,S2A_40XEJ_20200811_0_L2A_47.tif,0.0,0.49935150146484375,0.0,85,0
challenge,S2A,S2A_40XEJ_20200811_0_L2A_48.tif,0.0,0.4936065673828125,0.0,838,0
challenge,S2A,S2A_40XEJ_20200811_0_L2A_51.tif,0.0,0.49668121337890625,0.0,435,0
challenge,S2A,S2A_40XEJ_20200811_0_L2A_53.tif,0.0,0.496337890625,0.0,480,0
challenge,S2A,S2A_40XEJ_20200811_0_L2A_54.tif,0.5687885010266941,0.782785277038424,0.7385093167701863,456,308
challenge,S2A,S2A_40XEJ_20200811_0_L2A_55.tif,0.327313769751693,0.6613782838451236,0.3247863247863248,443,145
challenge,S2A,S2A_40XEJ_20200811_0_L2A_59.tif,0.0,0.47631072998046875,0.0,3105,0
challenge,S2A,S2A_40XEJ_20200811_0_L2A_60.tif,0.0,0.49199676513671875,0.0,1049,0
challenge,S2A,S2A_40XEJ_20200811_0_L2A_61.tif,0.0,0.47287750244140625,0.0,3555,0
challenge,S2A,S2A_40XEJ_20200811_0_L2A_9.tif,0.7818181818181819,0.889801739324963,0.8499506416584404,539,637
challenge,S2A,S2A_40XEJ_20200818_1_L2A_109.tif,0.28550880978065446,0.6274088795744581,0.4666703545942357,2727,848
challenge,S2A,S2A_40XEJ_20200818_1_L2A_125.tif,0.26283048211508553,0.6204816575794023,0.3794945387865742,1732,704
challenge,S2A,S2A_40XEJ_20200818_1_L2A_126.tif,0.3064784053156146,0.6468325858118577,0.28254288597376387,1167,406
challenge,S2A,S2A_40XEJ_20200818_1_L2A_135.tif,0.0,0.30449676513671875,0.0,25625,0
challenge,S2A,S2A_40XEJ_20200818_1_L2A_52.tif,0.0,0.49668121337890625,0.0,435,0
challenge,S2A,S2A_40XEJ_20200818_1_L2A_55.tif,0.0,0.47498321533203125,0.0,3279,0
challenge,S2A,S2A_40XEJ_20200818_1_L2A_63.tif,0.0,0.47383880615234375,0.0,3429,0
challenge,S2A,S2A_40XEJ_20200818_1_L2A_65.tif,0.0,0.4716949462890625,0.0,3710,0
challenge,S2A,S2A_40XEJ_20200818_1_L2A_72.tif,0.0,0.451995849609375,0.0,6292,0
challenge,S2A,S2A_40XEJ_20200829_0_L2A_12.tif,0.6998892580287929,0.8457281739484268,0.564454017361791,1634,1436
challenge,S2A,S2A_40XEJ_20200829_0_L2A_14.tif,0.0,0.48641204833984375,0.0,1781,0
challenge,S2A,S2A_40XEJ_20200829_0_L2A_17.tif,0.1103786023733283,0.5188305636962869,0.08780487804878048,3605,2290
challenge,S2A,S2A_40XEJ_20200829_0_L2A_2.tif,0.0,0.485931396484375,0.0,1844,0
challenge,S2A,S2A_40XEJ_20200829_0_L2A_25.tif,0.0,0.4860382080078125,0.0,957,873
challenge,S2A,S2A_40XEJ_20200829_0_L2A_30.tif,0.0,0.49906158447265625,0.0,123,0
challenge,S2A,S2A_40XEJ_20200829_0_L2A_33.tif,0.0,0.479705810546875,0.0,2660,0
challenge,S2A,S2A_40XEJ_20200829_0_L2A_34.tif,0.0,0.45958709716796875,0.0,5297,0
challenge,S2A,S2A_40XEJ_20200829_0_L2A_35.tif,0.0,0.48726654052734375,0.0,1669,0
challenge,S2A,S2A_40XEJ_20200829_0_L2A_39.tif,0.0,0.49451446533203125,0.0,206,513
challenge,S2A,S2A_40XEJ_20200829_0_L2A_4.tif,0.19027777777777777,0.568112279499885,0.3065364672041179,3931,1211
challenge,S2A,S2A_40XEJ_20200829_0_L2A_41.tif,0.0,0.49445343017578125,0.0,727,0
challenge,S2A,S2A_40XEJ_20200829_0_L2A_44.tif,0.0,0.49828338623046875,0.0,225,0
challenge,S2A,S2A_40XEJ_20200829_0_L2A_47.tif,0.0,0.4722137451171875,0.0,3642,0
challenge,S2A,S2A_40XEJ_20200829_0_L2A_50.tif,0.0,0.4988555908203125,0.0,137,13
challenge,S2A,S2A_40XEJ_20200829_0_L2A_51.tif,0.0,0.47525787353515625,0.0,297,2946
challenge,S2A,S2A_40XEJ_20200829_0_L2A_52.tif,0.0,0.49668121337890625,0.0,435,0
challenge,S2A,S2A_40XEJ_20200829_0_L2A_53.tif,0.0,0.49536895751953125,0.0,607,0
challenge,S2A,S2A_40XEJ_20200829_0_L2A_56.tif,0.0,0.495361328125,0.0,480,128
challenge,S2A,S2A_40XEJ_20200829_0_L2A_6.tif,0.0,0.4841461181640625,0.0,2078,0
challenge,S2A,S2A_40XEJ_20200829_0_L2A_60.tif,0.0,0.49530029296875,0.0,443,173
challenge,S2A,S2A_40XEJ_20200829_0_L2A_7.tif,0.0,0.4981689453125,0.0,240,0
challenge,S2A,S2A_40XEJ_20200829_0_L2A_75.tif,0.0,0.47290802001953125,0.0,3551,0
challenge,S2A,S2A_40XEJ_20200829_0_L2A_8.tif,0.0,0.49256134033203125,0.0,751,224
challenge,S2A,S2A_40XEJ_20200829_0_L2A_80.tif,0.0,0.47631072998046875,0.0,3105,0
challenge,S2A,S2A_40XEJ_20200829_0_L2A_81.tif,0.0,0.49199676513671875,0.0,1049,0
challenge,S2A,S2A_40XEJ_20200829_0_L2A_9.tif,0.0,0.49588775634765625,0.0,539,0
challenge,S2A,S2A_40XEK_20200802_0_L2A_60.tif,0.0,0.48278045654296875,0.0,2251,6
challenge,S2A,S2A_40XEK_20200802_0_L2A_61.tif,0.38809980806142036,0.681698102403434,0.5432009744214373,2554,1062
challenge,S2A,S2A_40XEK_20200802_0_L2A_62.tif,0.25702247191011235,0.6244639848724739,0.40609137055837563,390,505
challenge,S2A,S2A_41XMD_20200818_1_L2A_110.tif,0.0756102829984878,0.5049836767675531,0.23979957050823192,451,4528
challenge,S2A,S2A_41XMD_20200818_1_L2A_113.tif,0.0,0.48085784912109375,0.0,8,2501
challenge,S2A,S2A_42SVD_20200913_0_L2A_1.tif,0.2783018867924528,0.6379825942049073,0.382828993666432,83,188
challenge,S2A,S2A_42SVD_20200913_0_L2A_2.tif,0.4537987679671458,0.7248630982911592,0.5043153720550502,267,441
challenge,S2A,S2A_42SVD_20200913_1_L2A_1.tif,0.36363636363636365,0.6809628543499511,0.4597864768683274,83,157
challenge,S2A,S2A_42SVD_20200913_1_L2A_2.tif,0.46247464503042596,0.7292084745945907,0.49344457687723486,267,454
challenge,S2A,S2A_42SVD_20200913_1_L2A_3.tif,0.61198738170347,0.8050524891744064,0.6125347329422662,197,314
challenge,S2A,S2A_42SVD_20200923_0_L2A_3.tif,0.589041095890411,0.7936026114664099,0.6276923076923077,197,267
challenge,S2A,S2A_42SVE_20200903_0_L2A_12.tif,0.43953488372093025,0.7179234398404795,0.3990825688073395,221,398
challenge,S2A,S2A_42SVE_20200903_0_L2A_13.tif,0.0,0.49649810791015625,0.0,459,0
challenge,S2A,S2A_42SVE_20200903_0_L2A_14.tif,0.0,0.4716949462890625,0.0,3710,0
challenge,S2A,S2A_42SVE_20200903_0_L2A_15.tif,0.0,0.48708343505859375,0.0,1649,44
challenge,S2A,S2A_42SVE_20200903_0_L2A_16.tif,0.0,0.4990386962890625,0.0,126,0
challenge,S2A,S2A_42SVE_20200903_0_L2A_19.tif,0.0,0.4943389892578125,0.0,742,0
challenge,S2A,S2A_42SVE_20200903_0_L2A_2.tif,0.0,0.496826171875,0.0,416,0
challenge,S2A,S2A_42SVE_20200903_0_L2A_21.tif,0.0,0.4882965087890625,0.0,1534,0
challenge,S2A,S2A_42SVE_20200903_0_L2A_22.tif,0.0,0.49591064453125,0.0,536,0
challenge,S2A,S2A_42SVE_20200903_0_L2A_23.tif,0.0,0.4960174560546875,0.0,522,0
challenge,S2A,S2A_42SVE_20200903_0_L2A_24.tif,0.0,0.496063232421875,0.0,516,0
challenge,S2A,S2A_42SVE_20200903_0_L2A_3.tif,0.34163346613545814,0.665747170384619,0.4068998109640831,796,551
challenge,S2A,S2A_42SVE_20200903_0_L2A_5.tif,0.04123298638911129,0.5023153301728388,0.20957775489186406,2491,110
challenge,S2A,S2A_42SVE_20200903_0_L2A_6.tif,0.6462809917355372,0.8214980060373902,0.4579498571881942,477,519
challenge,S2A,S2A_42SVE_20200903_0_L2A_7.tif,0.0,0.49158477783203125,0.0,1103,0
challenge,S2A,S2A_42SWE_20200910_0_L2A_104.tif,0.0,0.4932403564453125,0.0,835,51
challenge,S2A,S2A_42SWE_20200910_0_L2A_159.tif,0.4084158415841584,0.702379893073366,0.302547770700637,165,404
challenge,S2A,S2A_42SWE_20200910_0_L2A_161.tif,0.5745526838966203,0.785636419806296,0.763157894736842,393,399
challenge,S2A,S2A_42SWE_20200910_1_L2A_116.tif,0.43790849673202614,0.7182974489647698,0.5432883240667197,98,122
challenge,S2A,S2A_42SWE_20200910_1_L2A_183.tif,0.1453287197231834,0.5670000883434752,0.2959349593495935,853,140
challenge,S2A,S2A_42SWE_20200910_1_L2A_5.tif,0.0,0.4990692138671875,0.0,122,0
challenge,S2A,S2A_42SWE_20200913_0_L2A_101.tif,0.0,0.49147796630859375,0.0,1117,0
challenge,S2A,S2A_42SWE_20200913_0_L2A_103.tif,0.0,0.49570465087890625,0.0,563,0
challenge,S2A,S2A_42SWE_20200913_0_L2A_104.tif,0.0,0.498504638671875,0.0,196,0
challenge,S2A,S2A_42SWE_20200913_0_L2A_105.tif,0.0,0.49895477294921875,0.0,137,0
challenge,S2A,S2A_42SWE_20200913_0_L2A_106.tif,0.0,0.49929046630859375,0.0,93,0
challenge,S2A,S2A_42SWE_20200913_0_L2A_119.tif,0.10522213561964147,0.5438344435991818,0.2348993288590604,1124,294
challenge,S2A,S2A_42SWE_20200913_0_L2A_120.tif,0.0,0.49607086181640625,0.0,515,0
challenge,S2A,S2A_42SWE_20200913_0_L2A_121.tif,0.38578680203045684,0.6901142621654703,0.35786106032906767,505,314
challenge,S2A,S2A_42SWE_20200913_0_L2A_123.tif,0.0,0.49468994140625,0.0,696,0
challenge,S2A,S2A_42SWE_20200913_0_L2A_124.tif,0.0,0.4974822998046875,0.0,330,0
challenge,S2A,S2A_42SWE_20200913_0_L2A_134.tif,0.46014877789585545,0.7261728790328701,0.3666169895678092,835,539
challenge,S2A,S2A_42SWE_20200913_0_L2A_135.tif,0.0,0.49884796142578125,0.0,151,0
challenge,S2A,S2A_42SWE_20200913_0_L2A_136.tif,0.0,0.48529052734375,0.0,1928,0
challenge,S2A,S2A_42SWE_20200913_0_L2A_147.tif,0.0,0.48961639404296875,0.0,1361,0
challenge,S2A,S2A_42SWE_20200913_0_L2A_148.tif,0.04103053435114504,0.51284269148046,0.18177469504903135,1047,44
challenge,S2A,S2A_42SWE_20200913_0_L2A_150.tif,0.1918918918918919,0.5913736610268402,0.21957040572792363,730,152
challenge,S2A,S2A_42SWE_20200913_0_L2A_156.tif,0.0,0.49242401123046875,0.0,993,0
challenge,S2A,S2A_42SWE_20200913_0_L2A_160.tif,0.0,0.4877471923828125,0.0,1606,0
challenge,S2A,S2A_42SWE_20200913_0_L2A_164.tif,0.0,0.49265289306640625,0.0,963,0
challenge,S2A,S2A_42SWE_20200913_0_L2A_166.tif,0.0,0.48244476318359375,0.0,2301,0
challenge,S2A,S2A_42SWE_20200913_0_L2A_173.tif,0.4682860998650472,0.7280667413670876,0.3693831819790069,1356,820
challenge,S2A,S2A_42SWE_20200913_0_L2A_174.tif,0.0,0.49521636962890625,0.0,627,0
challenge,S2A,S2A_42SWE_20200913_0_L2A_179.tif,0.0,0.4884033203125,0.0,1520,0
challenge,S2A,S2A_42SWE_20200913_0_L2A_182.tif,0.0,0.49603271484375,0.0,520,0
challenge,S2A,S2A_42SWE_20200913_0_L2A_183.tif,0.1328,0.5622596244633554,0.19889502762430938,556,152
challenge,S2A,S2A_42SWE_20200913_0_L2A_185.tif,0.0,0.49394989013671875,0.0,793,0
challenge,S2A,S2A_42SWE_20200913_0_L2A_186.tif,0.0,0.49478912353515625,0.0,683,0
challenge,S2A,S2A_42SWE_20200913_0_L2A_187.tif,0.0,0.494384765625,0.0,736,0
challenge,S2A,S2A_42SWE_20200913_0_L2A_188.tif,0.0,0.49939727783203125,0.0,79,0
challenge,S2A,S2A_42SWE_20200913_0_L2A_191.tif,0.0,0.49700164794921875,0.0,393,0
challenge,S2A,S2A_42SWE_20200913_0_L2A_193.tif,0.0,0.4830474853515625,0.0,2222,0
challenge,S2A,S2A_42SWE_20200913_0_L2A_196.tif,0.21935483870967742,0.5966586674335352,0.2045073771820786,1831,815
challenge,S2A,S2A_42SWE_20200913_0_L2A_197.tif,0.4892051030421982,0.7365376605249572,0.4540901502504174,1605,1430
challenge,S2A,S2A_42SWE_20200913_0_L2A_198.tif,0.0,0.48470306396484375,0.0,2005,0
challenge,S2A,S2A_42SWE_20200913_0_L2A_199.tif,0.0,0.49771881103515625,0.0,299,0
challenge,S2A,S2A_42SWE_20200913_0_L2A_200.tif,0.0,0.49921417236328125,0.0,103,0
challenge,S2A,S2A_42SWE_20200913_0_L2A_201.tif,0.0,0.487579345703125,0.0,1628,0
challenge,S2A,S2A_42SWE_20200913_0_L2A_203.tif,0.0,0.45294952392578125,0.0,6167,0
challenge,S2A,S2A_42SWE_20200913_0_L2A_208.tif,0.0,0.4952239990234375,0.0,626,0
challenge,S2A,S2A_42SWE_20200913_0_L2A_209.tif,0.0,0.498809814453125,0.0,156,0
challenge,S2A,S2A_42SWE_20200913_0_L2A_210.tif,0.0,0.49575042724609375,0.0,557,0
challenge,S2A,S2A_42SWE_20200913_0_L2A_213.tif,0.0,0.49349212646484375,0.0,853,0
challenge,S2A,S2A_42SWE_20200913_0_L2A_214.tif,0.0,0.49446868896484375,0.0,725,0
challenge,S2A,S2A_42SWE_20200913_0_L2A_96.tif,0.0,0.497802734375,0.0,288,0
challenge,S2A,S2A_42SWE_20200913_1_L2A_100.tif,0.6680851063829787,0.8334460313725567,0.8444444444444444,209,183
challenge,S2A,S2A_42SWE_20200913_1_L2A_101.tif,0.0,0.49147796630859375,0.0,1117,0
challenge,S2A,S2A_42SWE_20200913_1_L2A_102.tif,0.0,0.494873046875,0.0,672,0
challenge,S2A,S2A_42SWE_20200913_1_L2A_103.tif,0.0,0.49570465087890625,0.0,563,0
challenge,S2A,S2A_42SWE_20200913_1_L2A_104.tif,0.0,0.498504638671875,0.0,196,0
challenge,S2A,S2A_42SWE_20200913_1_L2A_105.tif,0.0,0.49895477294921875,0.0,137,0
challenge,S2A,S2A_42SWE_20200913_1_L2A_106.tif,0.0,0.49929046630859375,0.0,93,0
challenge,S2A,S2A_42SWE_20200913_1_L2A_117.tif,0.0,0.499298095703125,0.0,92,0
challenge,S2A,S2A_42SWE_20200913_1_L2A_120.tif,0.0,0.49607086181640625,0.0,515,0
challenge,S2A,S2A_42SWE_20200913_1_L2A_121.tif,0.3911620294599018,0.6927324918269079,0.39072039072039066,505,345
challenge,S2A,S2A_42SWE_20200913_1_L2A_123.tif,0.0,0.49468994140625,0.0,696,0
challenge,S2A,S2A_42SWE_20200913_1_L2A_135.tif,0.0,0.49884796142578125,0.0,151,0
challenge,S2A,S2A_42SWE_20200913_1_L2A_136.tif,0.0,0.48529052734375,0.0,1928,0
challenge,S2A,S2A_42SWE_20200913_1_L2A_147.tif,0.0,0.48961639404296875,0.0,1361,0
challenge,S2A,S2A_42SWE_20200913_1_L2A_148.tif,0.038204393505253106,0.5114147043866806,0.18167245524979964,1047,40
challenge,S2A,S2A_42SWE_20200913_1_L2A_149.tif,0.0,0.49796295166015625,0.0,267,0
challenge,S2A,S2A_42SWE_20200913_1_L2A_150.tif,0.27019867549668874,0.6308824149540017,0.24980784012298232,730,229
challenge,S2A,S2A_42SWE_20200913_1_L2A_151.tif,0.0,0.49725341796875,0.0,360,0
challenge,S2A,S2A_42SWE_20200913_1_L2A_155.tif,0.0,0.49401092529296875,0.0,785,0
challenge,S2A,S2A_42SWE_20200913_1_L2A_156.tif,0.0,0.49242401123046875,0.0,993,0
challenge,S2A,S2A_42SWE_20200913_1_L2A_159.tif,0.10223642172523961,0.548973303681379,0.2380522993688007,182,163
challenge,S2A,S2A_42SWE_20200913_1_L2A_160.tif,0.0,0.4877471923828125,0.0,1606,0
challenge,S2A,S2A_42SWE_20200913_1_L2A_164.tif,0.0,0.49265289306640625,0.0,963,0
challenge,S2A,S2A_42SWE_20200913_1_L2A_166.tif,0.0,0.48244476318359375,0.0,2301,0
challenge,S2A,S2A_42SWE_20200913_1_L2A_172.tif,0.0,0.49527740478515625,0.0,619,0
challenge,S2A,S2A_42SWE_20200913_1_L2A_173.tif,0.47117962466487934,0.7295049481429066,0.3833221250840619,1356,839
challenge,S2A,S2A_42SWE_20200913_1_L2A_174.tif,0.0,0.49521636962890625,0.0,627,0
challenge,S2A,S2A_42SWE_20200913_1_L2A_175.tif,0.0,0.48911285400390625,0.0,1427,0
challenge,S2A,S2A_42SWE_20200913_1_L2A_179.tif,0.0,0.4884033203125,0.0,1520,0
challenge,S2A,S2A_42SWE_20200913_1_L2A_180.tif,0.6222990492653414,0.8077784434181557,0.41651865008880995,976,901
challenge,S2A,S2A_42SWE_20200913_1_L2A_181.tif,0.0,0.497955322265625,0.0,268,0
challenge,S2A,S2A_42SWE_20200913_1_L2A_182.tif,0.0,0.49603271484375,0.0,520,0
challenge,S2A,S2A_42SWE_20200913_1_L2A_183.tif,0.1212624584717608,0.5565907789051593,0.16222479721900349,556,119
challenge,S2A,S2A_42SWE_20200913_1_L2A_185.tif,0.0,0.49394989013671875,0.0,793,0
challenge,S2A,S2A_42SWE_20200913_1_L2A_186.tif,0.0,0.49478912353515625,0.0,683,0
challenge,S2A,S2A_42SWE_20200913_1_L2A_187.tif,0.0,0.494384765625,0.0,736,0
challenge,S2A,S2A_42SWE_20200913_1_L2A_188.tif,0.0,0.49939727783203125,0.0,79,0
challenge,S2A,S2A_42SWE_20200913_1_L2A_189.tif,0.5806451612903226,0.78942772948109,0.6398576512455516,165,276
challenge,S2A,S2A_42SWE_20200913_1_L2A_191.tif,0.0,0.49700164794921875,0.0,393,0
challenge,S2A,S2A_42SWE_20200913_1_L2A_193.tif,0.0,0.4830474853515625,0.0,2222,0
challenge,S2A,S2A_42SWE_20200913_1_L2A_198.tif,0.0,0.48470306396484375,0.0,2005,0
challenge,S2A,S2A_42SWE_20200913_1_L2A_199.tif,0.0,0.49771881103515625,0.0,299,0
challenge,S2A,S2A_42SWE_20200913_1_L2A_200.tif,0.0,0.49921417236328125,0.0,103,0
challenge,S2A,S2A_42SWE_20200913_1_L2A_201.tif,0.0,0.487579345703125,0.0,1628,0
challenge,S2A,S2A_42SWE_20200913_1_L2A_203.tif,0.0,0.45294952392578125,0.0,6167,0
challenge,S2A,S2A_42SWE_20200913_1_L2A_204.tif,0.0,0.49036407470703125,0.0,1263,0
challenge,S2A,S2A_42SWE_20200913_1_L2A_208.tif,0.0,0.4952239990234375,0.0,626,0
challenge,S2A,S2A_42SWE_20200913_1_L2A_209.tif,0.0,0.498809814453125,0.0,156,0
challenge,S2A,S2A_42SWE_20200913_1_L2A_210.tif,0.0,0.49575042724609375,0.0,557,0
challenge,S2A,S2A_42SWE_20200913_1_L2A_213.tif,0.0,0.49349212646484375,0.0,853,0
challenge,S2A,S2A_42SWE_20200913_1_L2A_214.tif,0.0,0.49446868896484375,0.0,725,0
challenge,S2A,S2A_42SWE_20200913_1_L2A_79.tif,0.216796875,0.5991734018421315,0.23611321325866505,1451,418
challenge,S2A,S2A_43SGV_20200825_0_L2A_3.tif,0.5724907063197026,0.7827025312251624,0.357244601447211,625,1067
challenge,S2A,S2A_43SGV_20200825_1_L2A_2.tif,0.0,0.497314453125,0.0,289,63
challenge,S2A,S2A_43SGV_20200825_2_L2A_2.tif,0.0,0.4968414306640625,0.0,289,125
challenge,S2A,S2A_43SGV_20200825_3_L2A_4.tif,0.0,0.49512481689453125,0.0,639,0
challenge,S2A,S2A_43SGV_20200825_3_L2A_6.tif,0.6182795698924731,0.8085971457325285,0.8231046931407942,127,174
challenge,S2A,S2A_43SGV_20200901_1_L2A_10.tif,0.0,0.4986572265625,0.0,176,0
challenge,S2A,S2A_43SGV_20200901_1_L2A_9.tif,0.0,0.49425506591796875,0.0,753,0
challenge,S2A,S2A_43SGV_20200914_1_L2A_4.tif,0.5414908579465542,0.7682435487258519,0.5976693204107534,639,457
challenge,S2A,S2A_43SGV_20200921_1_L2A_2.tif,0.7585247042449548,0.8765701757267352,0.75609220636663,1425,1102
challenge,S2A,S2A_44RNV_20200915_0_L2A_39.tif,0.39650872817955113,0.6945437320556745,0.6047363969551734,778,342
challenge,S2A,S2A_44RPU_20200905_1_L2A_26.tif,0.28968763371844247,0.632046826464673,0.3910331081255986,2290,724
challenge,S2A,S2A_44RPU_20200905_1_L2A_51.tif,0.0,0.4958038330078125,0.0,136,414
challenge,S2A,S2A_44RPU_20200905_1_L2A_56.tif,0.7984042553191489,0.8931414246819942,0.7144484359940417,3058,3704
challenge,S2A,S2A_44RPU_20200905_1_L2A_83.tif,0.5266903914590747,0.7623281895510337,0.7413793103448275,154,275
challenge,S2A,S2A_44RPU_20200905_2_L2A_8.tif,0.0,0.49207305908203125,0.0,1039,0
challenge,S2A,S2A_44RPV_20200905_0_L2A_18.tif,0.5059665871121718,0.7513988835383283,0.6545551696500134,323,308
challenge,S2A,S2A_44RPV_20200905_0_L2A_24.tif,0.09419354838709677,0.5417349667603418,0.26496815286624203,775,73
challenge,S2A,S2A_44RPV_20200905_0_L2A_33.tif,0.0,0.49909210205078125,0.0,119,0
challenge,S2A,S2A_44RPV_20200905_0_L2A_93.tif,0.05312383090160868,0.5072099871393385,0.0,2673,142
challenge,S2A,S2A_44RPV_20200905_1_L2A_18.tif,0.5195822454308094,0.7583830384752346,0.684931506849315,323,259
challenge,S2A,S2A_44RPV_20200905_1_L2A_19.tif,0.0,0.49628448486328125,0.0,487,0
challenge,S2A,S2A_44RPV_20200905_1_L2A_9.tif,0.3314216197427876,0.6354808832656009,0.3576610847484215,5754,1907
challenge,S2A,S2A_44RPV_20200905_1_L2A_92.tif,0.0,0.4983978271484375,0.0,210,0
challenge,S2A,S2A_44RPV_20200905_1_L2A_93.tif,0.14894405335309374,0.5568391467674364,0.02035623409669211,2673,428
challenge,S2A,S2A_44RPV_20200915_0_L2A_26.tif,0.0,0.49732208251953125,0.0,351,0
challenge,S2A,S2A_44RPV_20200915_0_L2A_43.tif,0.0,0.49617767333984375,0.0,501,0
challenge,S2A,S2A_44RQT_20200912_0_L2A_97.tif,0.8120805369127517,0.9058262502648295,0.9885057471264368,126,144
challenge,S2A,S2A_44RQU_20200905_1_L2A_5.tif,0.14779116465863454,0.5657780036783197,0.332703213610586,1020,409
challenge,S2A,S2A_44RQU_20200915_0_L2A_9.tif,0.0,0.4966888427734375,0.0,434,0
challenge,S2A,S2A_44RQU_20200915_1_L2A_14.tif,0.007874015748031496,0.502014341777028,0.07999999999999999,254,2
challenge,S2A,S2A_44RQV_20200915_0_L2A_5.tif,0.6305446378439079,0.8101646543200879,0.4742268041237113,1511,1393
challenge,S2A,S2A_44RQV_20200915_1_L2A_6.tif,0.48790786948176584,0.7335750348731478,0.33939143604571115,1296,2580
challenge,S2A,S2A_44SKE_20200825_0_L2A_8.tif,0.0,0.4993896484375,0.0,80,0
challenge,S2A,S2A_44SKE_20200825_3_L2A_1.tif,0.06957708049113233,0.5295812408640285,0.0,733,51
challenge,S2A,S2A_44SKE_20200911_1_L2A_14.tif,0.0,0.49755096435546875,0.0,321,0
challenge,S2A,S2A_44SKE_20200911_1_L2A_4.tif,0.029034059184812954,0.5012389769383231,0.17333734577189286,1791,52
challenge,S2A,S2A_44SKE_20200911_1_L2A_58.tif,0.0,0.4736328125,0.0,3372,84
challenge,S2A,S2A_44SLC_20200829_1_L2A_11.tif,0.26961113348547905,0.49767125543894697,0.3350932340464492,22206,6166
challenge,S2A,S2A_44SLD_20200918_1_L2A_12.tif,0.0,0.49756622314453125,0.0,259,60
challenge,S2A,S2A_44SLE_20200901_0_L2A_14.tif,0.0,0.49819183349609375,0.0,237,0
challenge,S2A,S2A_44SLE_20200918_1_L2A_3.tif,0.0,0.4925689697265625,0.0,974,0
challenge,S2A,S2A_44SMC_20200829_1_L2A_1.tif,0.6332742792720245,0.6925526510145108,0.5607707129094412,30852,19853
challenge,S2A,S2A_44SMC_20200829_1_L2A_16.tif,0.0,0.42024993896484375,0.0,10453,0
challenge,S2A,S2A_44SMC_20200829_1_L2A_17.tif,0.0,0.49819183349609375,0.0,237,0
challenge,S2A,S2A_44SMC_20200829_1_L2A_18.tif,0.0,0.49822998046875,0.0,232,0
challenge,S2A,S2A_44SMC_20200829_1_L2A_27.tif,0.0,0.49565887451171875,0.0,569,0
challenge,S2A,S2A_44SMC_20200829_1_L2A_33.tif,0.19082125603864733,0.5902865801744829,0.3466666666666667,797,189
challenge,S2A,S2A_44SMC_20200829_1_L2A_7.tif,0.5340948945337943,0.6823200618889542,0.34360360732195555,19843,10776
challenge,S2A,S2A_44SMC_20200901_0_L2A_4.tif,0.0,0.4977569580078125,0.0,231,63
challenge,S2A,S2A_44SMC_20200908_1_L2A_18.tif,0.5646551724137931,0.7815554739830605,0.6031483015741508,232,131
challenge,S2A,S2A_44SMD_20200928_1_L2A_81.tif,0.0,0.49712371826171875,0.0,377,0
challenge,S2A,S2A_44SMD_20200928_1_L2A_85.tif,0.7380952380952381,0.8684582040228943,0.8561064087061668,242,269
challenge,S2A,S2A_44SME_20200901_1_L2A_17.tif,0.5385356454720617,0.7655819031029298,0.40361705181570257,1025,572
challenge,S2A,S2A_44SMF_20200829_0_L2A_2.tif,0.1,0.5463578333307881,0.2679425837320574,408,175
challenge,S2A,S2A_44SMF_20200829_0_L2A_3.tif,0.0,0.49855804443359375,0.0,189,0
challenge,S2A,S2A_44SMF_20200829_1_L2A_1.tif,0.5657142857142857,0.782276431638719,0.6873727087576375,175,99
challenge,S2A,S2A_44SMF_20200829_1_L2A_4.tif,0.0,0.49217987060546875,0.0,1025,0
challenge,S2A,S2A_44SMF_20200901_0_L2A_3.tif,0.7454545454545455,0.8722989547929889,0.8947213211442051,189,195
challenge,S2A,S2A_44SND_20200908_1_L2A_45.tif,0.3468277945619335,0.6650936485201527,0.2631269822624222,1628,601
challenge,S2A,S2A_44SND_20200928_1_L2A_2.tif,0.0,0.49712371826171875,0.0,377,0
challenge,S2A,S2A_44SND_20200928_1_L2A_24.tif,0.4681528662420382,0.7327994599298095,0.5050505050505051,268,193
challenge,S2A,S2A_44SNE_20200918_0_L2A_101.tif,0.0,0.49504852294921875,0.0,649,0
challenge,S2A,S2A_44SNE_20200918_0_L2A_106.tif,0.7983585679920758,0.8872832677005826,0.7535571769208979,6956,5753
challenge,S2A,S2A_44SNE_20200918_0_L2A_3.tif,0.0,0.49886322021484375,0.0,149,0
challenge,S2A,S2A_44SNE_20200918_0_L2A_33.tif,0.7490909090909091,0.8740173663776909,0.7541345093715545,222,259
challenge,S2A,S2A_44SNE_20200918_0_L2A_6.tif,0.0,0.4961090087890625,0.0,429,81
challenge,S2A,S2A_45UVQ_20200905_0_L2A_122.tif,0.0,0.4993743896484375,0.0,82,0
challenge,S2A,S2A_45UVQ_20200905_0_L2A_13.tif,0.0,0.479736328125,0.0,2656,0
challenge,S2A,S2A_45UVQ_20200905_0_L2A_14.tif,0.0,0.4886932373046875,0.0,1482,0
challenge,S2A,S2A_45UVQ_20200905_0_L2A_18.tif,0.6213178294573644,0.8030181032541698,0.5419354838709677,2179,2004
challenge,S2A,S2A_45UVQ_20200905_0_L2A_19.tif,0.137642330877428,0.5290307027876647,0.2565927548133954,5964,830
challenge,S2A,S2A_45UVQ_20200905_0_L2A_25.tif,0.0,0.49322509765625,0.0,738,150
challenge,S2A,S2A_45UVR_20200921_0_L2A_25.tif,0.873286248442044,0.9342390506957832,0.9205809078203804,2246,2263
challenge,S2A,S2A_45UVR_20200921_0_L2A_26.tif,0.773542600896861,0.8844224996546444,0.9548006133025838,1121,1252
challenge,S2A,S2A_45UVR_20200921_1_L2A_24.tif,0.7416267942583732,0.8704004331182353,0.9443690637720489,175,189
challenge,S2A,S2A_45UVR_20200921_1_L2A_29.tif,0.6910569105691057,0.8446553068952818,0.7862148190695002,281,343
challenge,S2A,S2A_45UVR_20200921_1_L2A_3.tif,0.7555555555555555,0.8774413863404689,0.9761904761904763,151,165
challenge,S2A,S2A_45UWQ_20200905_1_L2A_241.tif,0.7100130039011704,0.853290853389268,0.6233555960331917,597,718
challenge,S2A,S2A_45UWQ_20200905_1_L2A_59.tif,0.05993690851735016,0.5254186970141791,0.0,634,38
challenge,S2A,S2A_45UWQ_20200905_1_L2A_72.tif,0.0,0.4953765869140625,0.0,606,0
challenge,S2A,S2A_45UWQ_20200928_1_L2A_82.tif,0.005571030640668524,0.5000617383496015,0.018518518518518517,271,90
challenge,S2A,S2A_45UWQ_20200928_1_L2A_9.tif,0.2121697357886309,0.5985470639691419,0.30467601215567097,1249,265
challenge,S2A,S2A_45UWR_20200915_1_L2A_157.tif,0.0,0.49922943115234375,0.0,101,0
challenge,S2A,S2A_45UWR_20200915_1_L2A_161.tif,0.01607717041800643,0.5057038123534081,0.048192771084337345,311,5
challenge,S2A,S2A_45UXP_20200905_0_L2A_220.tif,0.0,0.4980316162109375,0.0,258,0
challenge,S2A,S2A_45UXP_20200905_0_L2A_227.tif,0.7702702702702703,0.8846145251026736,0.9282843894899536,248,276
challenge,S2A,S2A_45UXP_20200912_1_L2A_104.tif,0.8600953895071543,0.9293707196016423,0.9666666666666666,553,617
challenge,S2A,S2A_45UYP_20200905_0_L2A_55.tif,0.0,0.49379730224609375,0.0,813,0
challenge,S2A,S2A_45UYP_20200905_0_L2A_57.tif,0.3628230616302187,0.6764936992642662,0.6165557685801286,993,378
challenge,S2A,S2A_45UYP_20200905_0_L2A_6.tif,0.8391167192429022,0.9187737925178883,0.9005847953216374,564,602
challenge,S2A,S2A_45UYP_20200905_0_L2A_78.tif,0.0,0.495941162109375,0.0,532,0
challenge,S2A,S2A_45UYP_20200905_0_L2A_80.tif,0.4671385237613751,0.7254128822608027,0.5234383516842909,1840,1062
challenge,S2A,S2A_45UYP_20200905_0_L2A_81.tif,0.0,0.47615814208984375,0.0,3125,0
challenge,S2A,S2A_45UYP_20200905_0_L2A_92.tif,0.0,0.49872589111328125,0.0,167,0
challenge,S2A,S2A_45UYP_20200905_1_L2A_14.tif,0.05675751615622366,0.5026876937012177,0.2160026341784656,3510,251
challenge,S2A,S2A_45UYP_20200905_1_L2A_29.tif,0.0,0.488922119140625,0.0,1452,0
challenge,S2A,S2A_45UYP_20200905_1_L2A_31.tif,0.4494949494949495,0.7230797370566029,0.5890410958904109,192,382
challenge,S2A,S2A_45UYP_20200905_1_L2A_35.tif,0.0,0.494842529296875,0.0,676,0
challenge,S2A,S2A_45UYP_20200905_1_L2A_37.tif,0.7284894837476099,0.8631550327187132,0.7659574468085106,448,456
challenge,S2A,S2A_45UYP_20200905_1_L2A_5.tif,0.7945823927765236,0.896593172333279,0.958655462184874,383,412
challenge,S2A,S2A_45UYP_20200905_1_L2A_56.tif,0.0,0.4887847900390625,0.0,1470,0
challenge,S2A,S2A_45UYP_20200905_1_L2A_57.tif,0.02014098690835851,0.5026448264415411,0.11131725417439704,993,20
challenge,S2A,S2A_45UYP_20200905_1_L2A_6.tif,0.8476190476190476,0.9230710849922567,0.9181940098346,564,600
challenge,S2A,S2A_45UYP_20200905_1_L2A_73.tif,0.5662840746054519,0.7586003171903682,0.49847990560144373,6958,3959
challenge,S2A,S2A_45UYP_20200905_1_L2A_78.tif,0.0,0.495941162109375,0.0,532,0
challenge,S2A,S2A_45UYP_20200905_1_L2A_80.tif,0.4718343765045739,0.72742068908877,0.5198070023506124,1840,1217
challenge,S2A,S2A_45UYP_20200905_1_L2A_81.tif,0.0,0.47615814208984375,0.0,3125,0
challenge,S2A,S2A_45UYP_20200905_1_L2A_9.tif,0.0,0.49920654296875,0.0,104,0
challenge,S2A,S2A_45UYP_20200905_1_L2A_92.tif,0.0,0.49872589111328125,0.0,167,0
challenge,S2A,S2A_45UYP_20200905_1_L2A_96.tif,0.6335697399527187,0.8155974580746617,0.6240433298010125,299,392
challenge,S2A,S2A_45UYQ_20200912_0_L2A_11.tif,0.3547351524879615,0.6711918918491057,0.5157934477117329,1213,475
challenge,S2A,S2A_45UYQ_20200912_0_L2A_13.tif,0.5502444323737099,0.7687058995245795,0.7731755424063117,1774,1080
challenge,S2A,S2A_45UYQ_20200912_1_L2A_13.tif,0.529923830250272,0.7582706725985724,0.7707509881422925,1774,1038
challenge,S2A,S2A_45UYR_20200912_0_L2A_66.tif,0.27040816326530615,0.6286261430267468,0.5138574167683458,1153,341
challenge,S2A,S2A_45UYR_20200912_0_L2A_67.tif,0.18444266238973536,0.5844349103453286,0.33231538034425323,1236,241
challenge,S2A,S2A_45UYR_20200912_1_L2A_67.tif,0.08555286521388217,0.5341183247053669,0.15417457305502846,1236,109
challenge,S2A,S2A_46RDS_20201222_0_L2A_1.tif,0.3498233215547703,0.6735057283538327,0.5156950672645739,119,263
challenge,S2A,S2A_46RDS_20201222_0_L2A_100.tif,0.0,0.4960174560546875,0.0,522,0
challenge,S2A,S2A_46RDS_20201222_0_L2A_101.tif,0.0,0.49297332763671875,0.0,921,0
challenge,S2A,S2A_46RDS_20201222_0_L2A_102.tif,0.0,0.48343658447265625,0.0,2171,0
challenge,S2A,S2A_46RDS_20201222_0_L2A_103.tif,0.0,0.49259185791015625,0.0,971,0
challenge,S2A,S2A_46RDS_20201222_0_L2A_104.tif,0.0,0.4948883056640625,0.0,670,0
challenge,S2A,S2A_46RDS_20201222_0_L2A_106.tif,0.0,0.49863433837890625,0.0,179,0
challenge,S2A,S2A_46RDS_20201222_0_L2A_108.tif,0.16332405719220805,0.5133677026882806,0.272552783109405,10292,1831
challenge,S2A,S2A_46RDS_20201222_0_L2A_109.tif,0.0,0.49347686767578125,0.0,733,122
challenge,S2A,S2A_46RDS_20201222_0_L2A_110.tif,0.0,0.49500274658203125,0.0,589,66
challenge,S2A,S2A_46RDS_20201222_0_L2A_111.tif,0.0,0.498382568359375,0.0,212,0
challenge,S2A,S2A_46RDS_20201222_0_L2A_112.tif,0.0,0.4992523193359375,0.0,85,13
challenge,S2A,S2A_46RDS_20201222_0_L2A_113.tif,0.0,0.49478912353515625,0.0,683,0
challenge,S2A,S2A_46RDS_20201222_0_L2A_114.tif,0.5844748858447488,0.7915418093607306,0.5816649104320337,217,130
challenge,S2A,S2A_46RDS_20201222_0_L2A_116.tif,0.0,0.49609375,0.0,512,0
challenge,S2A,S2A_46RDS_20201222_0_L2A_119.tif,0.0,0.49889373779296875,0.0,145,0
challenge,S2A,S2A_46RDS_20201222_0_L2A_125.tif,0.0,0.4930419921875,0.0,912,0
challenge,S2A,S2A_46RDS_20201222_0_L2A_16.tif,0.5622489959839357,0.7794541535025723,0.4776839565741858,479,299
challenge,S2A,S2A_46RDS_20201222_0_L2A_19.tif,0.0,0.49886322021484375,0.0,149,0
challenge,S2A,S2A_46RDS_20201222_0_L2A_20.tif,0.6773049645390071,0.8379561780381163,0.8827345309381238,264,209
challenge,S2A,S2A_46RDS_20201222_0_L2A_22.tif,0.5760411792232101,0.7809760363109286,0.5212355212355213,1962,1406
challenge,S2A,S2A_46RDS_20201222_0_L2A_25.tif,0.6994535519125683,0.8493063380893566,0.988235294117647,154,157
challenge,S2A,S2A_46RDS_20201222_0_L2A_30.tif,0.0,0.4965972900390625,0.0,446,0
challenge,S2A,S2A_46RDS_20201222_0_L2A_33.tif,0.4204081632653061,0.7091190022384636,0.4094827586206896,189,159
challenge,S2A,S2A_46RDS_20201222_0_L2A_39.tif,0.32547169811320753,0.6605492378452518,0.3069736403069736,424,138
challenge,S2A,S2A_46RDS_20201222_0_L2A_43.tif,0.43993993993993996,0.7142270908321717,0.606840456030402,1307,611
challenge,S2A,S2A_46RDS_20201222_0_L2A_48.tif,0.5537190082644629,0.7747889837414399,0.7233222358507098,560,380
challenge,S2A,S2A_46RDS_20201222_0_L2A_59.tif,0.6819830713422007,0.8389675868931652,0.690909090909091,731,660
challenge,S2A,S2A_46RDS_20201222_0_L2A_78.tif,0.0,0.47122955322265625,0.0,3771,0
challenge,S2A,S2A_46RDS_20201222_0_L2A_82.tif,0.129619101762365,0.5530881691209081,0.26225165562913905,1759,228
challenge,S2A,S2A_46RDS_20201222_0_L2A_88.tif,0.16943521594684385,0.5828087738892805,0.33875106928999144,299,53
challenge,S2A,S2A_46RDS_20201222_0_L2A_94.tif,0.0,0.49364471435546875,0.0,833,0
challenge,S2A,S2A_46RDS_20201222_0_L2A_97.tif,0.0,0.49106597900390625,0.0,928,243
challenge,S2A,S2A_46RDS_20201222_1_L2A_102.tif,0.0,0.48343658447265625,0.0,2171,0
challenge,S2A,S2A_46RDS_20201222_1_L2A_103.tif,0.0,0.49259185791015625,0.0,971,0
challenge,S2A,S2A_46RDS_20201222_1_L2A_104.tif,0.0,0.4948883056640625,0.0,670,0
challenge,S2A,S2A_46RDS_20201222_1_L2A_106.tif,0.0,0.49863433837890625,0.0,179,0
challenge,S2A,S2A_46RDS_20201222_1_L2A_109.tif,0.0,0.49440765380859375,0.0,733,0
challenge,S2A,S2A_46RDS_20201222_1_L2A_110.tif,0.0,0.495361328125,0.0,589,19
challenge,S2A,S2A_46RDS_20201222_1_L2A_111.tif,0.0,0.498382568359375,0.0,212,0
challenge,S2A,S2A_46RDS_20201222_1_L2A_113.tif,0.0,0.49478912353515625,0.0,683,0
challenge,S2A,S2A_46RDS_20201222_1_L2A_116.tif,0.0,0.49609375,0.0,512,0
challenge,S2A,S2A_46RDS_20201222_1_L2A_118.tif,0.7490247074122237,0.8730268241494616,0.6357807652533609,765,580
challenge,S2A,S2A_46RDS_20201222_1_L2A_120.tif,0.0,0.49853515625,0.0,192,0
challenge,S2A,S2A_46RDS_20201222_1_L2A_122.tif,0.0,0.49930572509765625,0.0,91,0
challenge,S2A,S2A_46RDS_20201222_1_L2A_124.tif,0.0,0.49918365478515625,0.0,107,0
challenge,S2A,S2A_46RDS_20201222_1_L2A_125.tif,0.0,0.4927825927734375,0.0,912,34
challenge,S2A,S2A_46RDS_20201222_1_L2A_13.tif,0.596958174904943,0.7976684295959733,0.7739265390584583,223,197
challenge,S2A,S2A_46RDS_20201222_1_L2A_15.tif,0.0,0.4983062744140625,0.0,222,0
challenge,S2A,S2A_46RDS_20201222_1_L2A_16.tif,0.6139630390143738,0.8055406194044844,0.5390070921985816,479,307
challenge,S2A,S2A_46RDS_20201222_1_L2A_19.tif,0.0,0.49886322021484375,0.0,149,0
challenge,S2A,S2A_46RDS_20201222_1_L2A_20.tif,0.6851851851851852,0.8419422582442276,0.8822633849276833,264,191
challenge,S2A,S2A_46RDS_20201222_1_L2A_21.tif,0.03822937625754527,0.5154667799522689,0.07142857142857142,307,209
challenge,S2A,S2A_46RDS_20201222_1_L2A_22.tif,0.5860420650095602,0.7862880205315256,0.5627934356559319,1962,1356
challenge,S2A,S2A_46RDS_20201222_1_L2A_23.tif,0.7159180457052797,0.8523013697193516,0.7257427038345766,2428,1927
challenge,S2A,S2A_46RDS_20201222_1_L2A_30.tif,0.03139013452914798,0.5123984645967677,0.07142857142857142,446,14
challenge,S2A,S2A_46RDS_20201222_1_L2A_32.tif,0.6761904761904762,0.8378355573498016,0.967741935483871,92,84
challenge,S2A,S2A_46RDS_20201222_1_L2A_4.tif,0.3680864589955499,0.6763920140783437,0.4266666666666667,1522,630
challenge,S2A,S2A_46RDS_20201222_1_L2A_5.tif,0.7414965986394558,0.8704578993319553,0.9302325581395349,145,111
challenge,S2A,S2A_46RDS_20201222_1_L2A_51.tif,0.0,0.49860382080078125,0.0,183,0
challenge,S2A,S2A_46RDS_20201222_1_L2A_52.tif,0.6091269841269841,0.8015290815400947,0.5942749337880492,915,707
challenge,S2A,S2A_46RDS_20201222_1_L2A_54.tif,0.0,0.4982452392578125,0.0,230,0
challenge,S2A,S2A_46RDS_20201222_1_L2A_60.tif,0.38838475499092556,0.6916128483934757,0.5287237702098383,422,343
challenge,S2A,S2A_46RDS_20201222_1_L2A_62.tif,0.033647375504710635,0.5113436920264467,0.12411847672778561,549,219
challenge,S2A,S2A_46RDS_20201222_1_L2A_70.tif,0.25146198830409355,0.6237753027845907,0.16393442622950818,342,86
challenge,S2A,S2A_46RDS_20201222_1_L2A_71.tif,0.0,0.49863433837890625,0.0,179,0
challenge,S2A,S2A_46RDS_20201222_1_L2A_73.tif,0.0,0.4951324462890625,0.0,631,7
challenge,S2A,S2A_46RDS_20201222_1_L2A_74.tif,0.0,0.498870849609375,0.0,148,0
challenge,S2A,S2A_46RDS_20201222_1_L2A_75.tif,0.0,0.4927520751953125,0.0,950,0
challenge,S2A,S2A_46RDS_20201222_1_L2A_76.tif,0.0,0.4936370849609375,0.0,834,0
challenge,S2A,S2A_46RDS_20201222_1_L2A_82.tif,0.010801591813530414,0.4921217996157263,0.034188034188034185,1759,19
challenge,S2A,S2A_46RDS_20201222_1_L2A_94.tif,0.0,0.49364471435546875,0.0,833,0
challenge,S2A,S2A_46RDS_20201222_1_L2A_97.tif,0.0,0.492919921875,0.0,928,0
challenge,S2A,S2A_46RDS_20201222_1_L2A_98.tif,0.15299425758818705,0.5606522474964246,0.0,2438,373
challenge,S2A,S2A_46RES_20201222_0_L2A_14.tif,0.0,0.49340057373046875,0.0,865,0
challenge,S2A,S2A_46RES_20201222_0_L2A_15.tif,0.0,0.49774169921875,0.0,296,0
challenge,S2A,S2A_46RES_20201222_0_L2A_16.tif,0.0,0.49662017822265625,0.0,443,0
challenge,S2A,S2A_46RES_20201222_0_L2A_17.tif,0.0,0.4935150146484375,0.0,850,0
challenge,S2A,S2A_46RES_20201222_0_L2A_24.tif,0.6873015873015873,0.8421378065380646,0.7415791379934805,606,457
challenge,S2A,S2A_46RES_20201222_0_L2A_26.tif,0.0,0.4942626953125,0.0,679,73
challenge,S2A,S2A_46RES_20201222_0_L2A_27.tif,0.0,0.498687744140625,0.0,172,0
challenge,S2A,S2A_46RES_20201222_0_L2A_29.tif,0.0,0.49916839599609375,0.0,109,0
challenge,S2A,S2A_46RES_20201222_0_L2A_32.tif,0.0,0.4945068359375,0.0,720,0
challenge,S2A,S2A_46RES_20201222_0_L2A_34.tif,0.0,0.4910430908203125,0.0,1174,0
challenge,S2A,S2A_46RES_20201222_0_L2A_36.tif,0.0,0.49932098388671875,0.0,89,0
challenge,S2A,S2A_46RES_20201222_0_L2A_38.tif,0.0,0.4990692138671875,0.0,122,0
challenge,S2A,S2A_46RES_20201222_0_L2A_39.tif,0.0,0.49786376953125,0.0,219,61
challenge,S2A,S2A_46RES_20201222_0_L2A_4.tif,0.0,0.49609375,0.0,512,0
challenge,S2A,S2A_46RES_20201222_0_L2A_41.tif,0.0,0.48882293701171875,0.0,1465,0
challenge,S2A,S2A_46RES_20201222_0_L2A_42.tif,0.0,0.49945068359375,0.0,72,0
challenge,S2A,S2A_46RES_20201222_0_L2A_43.tif,0.0,0.4933013916015625,0.0,878,0
challenge,S2A,S2A_46RES_20201222_0_L2A_44.tif,0.0,0.498504638671875,0.0,196,0
challenge,S2A,S2A_46RES_20201222_0_L2A_45.tif,0.0,0.4981689453125,0.0,240,0
challenge,S2A,S2A_46RES_20201222_0_L2A_46.tif,0.0,0.49417877197265625,0.0,470,293
challenge,S2A,S2A_46RES_20201222_0_L2A_47.tif,0.0,0.49700927734375,0.0,392,0
challenge,S2A,S2A_46RES_20201222_0_L2A_48.tif,0.0,0.496612548828125,0.0,444,0
challenge,S2A,S2A_46RES_20201222_0_L2A_49.tif,0.0,0.49895477294921875,0.0,137,0
challenge,S2A,S2A_46RES_20201222_0_L2A_50.tif,0.0,0.49478912353515625,0.0,683,0
challenge,S2A,S2A_46RES_20201222_0_L2A_53.tif,0.0,0.47763824462890625,0.0,2931,0
challenge,S2A,S2A_46RES_20201222_0_L2A_54.tif,0.0,0.4871063232421875,0.0,1621,69
challenge,S2A,S2A_46RES_20201222_0_L2A_55.tif,0.0,0.4983978271484375,0.0,210,0
challenge,S2A,S2A_46RES_20201222_0_L2A_58.tif,0.0,0.4917144775390625,0.0,1086,0
challenge,S2A,S2A_46RES_20201222_0_L2A_6.tif,0.5411764705882353,0.767893293492576,0.3919540229885058,765,414
challenge,S2A,S2A_46RES_20201222_0_L2A_63.tif,0.4522111269614836,0.7231616360976172,0.4607861576076735,689,329
challenge,S2A,S2A_46RES_20201222_0_L2A_66.tif,0.8048672566371682,0.8989730134120442,0.8203687204441095,2109,1970
challenge,S2A,S2A_46RES_20201222_0_L2A_7.tif,0.0,0.49889373779296875,0.0,145,0
challenge,S2A,S2A_46RES_20201222_0_L2A_73.tif,0.0,0.49273681640625,0.0,952,0
challenge,S2A,S2A_46RES_20201222_0_L2A_75.tif,0.0,0.49739837646484375,0.0,341,0
challenge,S2A,S2A_46RES_20201222_0_L2A_8.tif,0.0,0.49853515625,0.0,192,0
challenge,S2A,S2A_46RES_20201222_1_L2A_1.tif,0.0,0.49478912353515625,0.0,683,0
challenge,S2A,S2A_46RES_20201222_1_L2A_13.tif,0.0,0.49918365478515625,0.0,107,0
challenge,S2A,S2A_46RES_20201222_1_L2A_14.tif,0.0,0.49243927001953125,0.0,865,126
challenge,S2A,S2A_46RES_20201222_1_L2A_15.tif,0.0,0.49774169921875,0.0,296,0
challenge,S2A,S2A_46RES_20201222_1_L2A_17.tif,0.0,0.4935150146484375,0.0,850,0
challenge,S2A,S2A_46RES_20201222_1_L2A_18.tif,0.0,0.482940673828125,0.0,2236,0
challenge,S2A,S2A_46RES_20201222_1_L2A_19.tif,0.0,0.49816131591796875,0.0,241,0
challenge,S2A,S2A_46RES_20201222_1_L2A_2.tif,0.0,0.49941253662109375,0.0,77,0
challenge,S2A,S2A_46RES_20201222_1_L2A_20.tif,0.025157232704402517,0.5113959880179524,0.0,159,4
challenge,S2A,S2A_46RES_20201222_1_L2A_23.tif,0.0,0.49591827392578125,0.0,535,0
challenge,S2A,S2A_46RES_20201222_1_L2A_26.tif,0.0,0.49481964111328125,0.0,679,0
challenge,S2A,S2A_46RES_20201222_1_L2A_28.tif,0.0,0.4931640625,0.0,896,0
challenge,S2A,S2A_46RES_20201222_1_L2A_29.tif,0.0,0.49916839599609375,0.0,109,0
challenge,S2A,S2A_46RES_20201222_1_L2A_38.tif,0.0,0.4990692138671875,0.0,122,0
challenge,S2A,S2A_46RES_20201222_1_L2A_39.tif,0.0,0.495849609375,0.0,219,325
challenge,S2A,S2A_46RES_20201222_1_L2A_4.tif,0.0,0.49609375,0.0,512,0
challenge,S2A,S2A_46RES_20201222_1_L2A_41.tif,0.0,0.48882293701171875,0.0,1465,0
challenge,S2A,S2A_46RES_20201222_1_L2A_43.tif,0.0,0.4933013916015625,0.0,878,0
challenge,S2A,S2A_46RES_20201222_1_L2A_45.tif,0.0,0.4981689453125,0.0,240,0
challenge,S2A,S2A_46RES_20201222_1_L2A_46.tif,0.0,0.4964141845703125,0.0,470,0
challenge,S2A,S2A_46RES_20201222_1_L2A_48.tif,0.0,0.496612548828125,0.0,444,0
challenge,S2A,S2A_46RES_20201222_1_L2A_49.tif,0.0,0.498779296875,0.0,137,23
challenge,S2A,S2A_46RES_20201222_1_L2A_5.tif,0.9349519605297325,0.9631818172409526,0.8670376214600116,7392,7511
challenge,S2A,S2A_46RES_20201222_1_L2A_53.tif,0.0,0.47763824462890625,0.0,2931,0
challenge,S2A,S2A_46RES_20201222_1_L2A_54.tif,0.0,0.48763275146484375,0.0,1621,0
challenge,S2A,S2A_46RES_20201222_1_L2A_55.tif,0.0,0.4983978271484375,0.0,210,0
challenge,S2A,S2A_46RES_20201222_1_L2A_61.tif,0.08798613785136696,0.507598840372694,0.1579778830963665,5193,458
challenge,S2A,S2A_46RES_20201222_1_L2A_73.tif,0.0,0.49273681640625,0.0,952,0
challenge,S2A,S2A_46RES_20201222_1_L2A_75.tif,0.0,0.49739837646484375,0.0,341,0
challenge,S2A,S2A_46RES_20201222_1_L2A_8.tif,0.0,0.49853515625,0.0,192,0
challenge,S2A,S2A_46RES_20201222_1_L2A_9.tif,0.0,0.49944305419921875,0.0,73,0
challenge,S2A,S2A_46UCA_20200922_0_L2A_37.tif,0.0,0.48477935791015625,0.0,1995,0
challenge,S2A,S2A_46UCA_20200922_1_L2A_35.tif,0.0,0.499053955078125,0.0,124,0
challenge,S2A,S2A_46UCV_20200922_2_L2A_27.tif,0.0,0.499053955078125,0.0,124,0
challenge,S2A,S2A_5VMF_20200820_0_L2A_1.tif,0.5728155339805825,0.7860717711444217,0.6833166833166833,62,100
challenge,S2A,S2A_5VMF_20200820_0_L2A_104.tif,0.02031063321385902,0.48510491030155894,0.05829487490891426,260,3156
challenge,S2A,S2A_5VMF_20200820_0_L2A_105.tif,0.0,0.479095458984375,0.0,183,2557
challenge,S2A,S2A_5VMF_20200820_0_L2A_11.tif,0.0,0.47989654541015625,0.0,2635,0
challenge,S2A,S2A_5VMF_20200820_0_L2A_13.tif,0.0,0.49248504638671875,0.0,985,0
challenge,S2A,S2A_5VMF_20200820_0_L2A_14.tif,0.7672796448953709,0.8807871656681562,0.811327496873325,1454,1333
challenge,S2A,S2A_5VMF_20200820_0_L2A_16.tif,0.5845410628019324,0.7909534119106608,0.347107438016529,291,365
challenge,S2A,S2A_5VMF_20200820_0_L2A_2.tif,0.0,0.49530792236328125,0.0,615,0
challenge,S2A,S2A_5VMF_20200820_0_L2A_24.tif,0.6989898989898989,0.8460297257670819,0.7195712488583295,1185,1338
challenge,S2A,S2A_5VMF_20200820_0_L2A_28.tif,0.7345537757437071,0.8663875219284356,0.8743169398907104,395,363
challenge,S2A,S2A_5VMF_20200820_0_L2A_33.tif,0.7362896877459985,0.8601343225913158,0.7356001615846439,3766,2851
challenge,S2A,S2A_5VMF_20200820_0_L2A_4.tif,0.0,0.49874114990234375,0.0,165,0
challenge,S2A,S2A_5VMF_20200820_0_L2A_44.tif,0.013022618231665525,0.49552179494393844,0.07482185273159145,1230,248
challenge,S2A,S2A_5VMF_20200820_0_L2A_65.tif,0.1495601173020528,0.5725658111134224,0.3262411347517731,331,61
challenge,S2A,S2A_5VMF_20200820_0_L2A_69.tif,0.0,0.4980621337890625,0.0,254,0
challenge,S2A,S2A_5VMF_20200820_0_L2A_70.tif,0.0,0.49065399169921875,0.0,968,257
challenge,S2A,S2A_5VMF_20200820_0_L2A_77.tif,0.0,0.485382080078125,0.0,1916,0
challenge,S2A,S2A_5VMF_20200820_0_L2A_95.tif,0.8909954858636255,0.9209813381012046,0.5578997288325207,19341,20455
challenge,S2A,S2A_5VMF_20200820_1_L2A_13.tif,0.0,0.49248504638671875,0.0,985,0
challenge,S2A,S2A_5VMF_20200820_1_L2A_16.tif,0.6180904522613065,0.8078811887589271,0.4495677233429395,291,353
challenge,S2A,S2A_5VMF_20200820_1_L2A_69.tif,0.0,0.4980621337890625,0.0,254,0
challenge,S2A,S2A_5VMF_20200909_0_L2A_3.tif,0.0,0.49405670166015625,0.0,779,0
challenge,S2A,S2A_5VMF_20200909_0_L2A_38.tif,0.0,0.48998260498046875,0.0,1313,0
challenge,S2A,S2A_5VMF_20200909_0_L2A_4.tif,0.0,0.49874114990234375,0.0,165,0
challenge,S2A,S2A_5VMF_20200909_0_L2A_6.tif,0.010143406785589367,0.4834709584342406,0.0,2859,29
challenge,S2A,S2A_5VMF_20200909_0_L2A_69.tif,0.0,0.4980621337890625,0.0,254,0
challenge,S2A,S2A_5VMF_20200909_0_L2A_7.tif,0.0,0.4368438720703125,0.0,8278,0
challenge,S2A,S2A_5VMF_20200909_0_L2A_70.tif,0.0,0.49261474609375,0.0,968,0
challenge,S2A,S2A_5VMF_20200909_0_L2A_8.tif,0.0,0.40756988525390625,0.0,12115,0
challenge,S2A,S2A_5VMF_20200909_0_L2A_84.tif,0.0,0.4627685546875,0.0,4580,300
challenge,S2A,S2A_5VMF_20200909_0_L2A_89.tif,0.04016362960208256,0.5003578434126449,0.132629992464205,2613,184
challenge,S2A,S2A_5VMF_20200909_0_L2A_9.tif,0.0,0.49298858642578125,0.0,919,0
challenge,S2A,S2A_5VMF_20200912_1_L2A_27.tif,0.7874659400544959,0.8931352413960465,0.9886229894076108,291,365
challenge,S2A,S2A_5VMF_20200912_1_L2A_5.tif,0.6462167689161554,0.8204429092947596,0.7318529181396729,918,692
challenge,S2A,S2A_5VMF_20200912_1_L2A_77.tif,0.7806171648987463,0.8867492789776833,0.6657018813314037,1916,1777
challenge,S2A,S2A_5VMG_20200820_0_L2A_148.tif,0.5263157894736842,0.7621945330633453,0.662887047535979,183,223
challenge,S2A,S2A_5VMG_20200820_0_L2A_149.tif,0.03398351095917957,0.4802453849868335,0.12271869100062935,195,4947
challenge,S2A,S2A_5VMG_20200820_0_L2A_153.tif,0.5223880597014925,0.760460432626189,0.7060350421804023,161,145
challenge,S2A,S2A_5VMG_20200820_0_L2A_25.tif,0.7232142857142857,0.861370338946059,1.0,112,81
challenge,S2A,S2A_5VMG_20200820_0_L2A_35.tif,0.3806646525679758,0.6887652876048869,0.5217391304347826,313,144
challenge,S2A,S2A_5VMG_20200820_0_L2A_38.tif,0.0,0.49680328369140625,0.0,419,0
challenge,S2A,S2A_5VMG_20200820_0_L2A_74.tif,0.6846965699208444,0.8405103041246408,0.5204428044280441,745,532
challenge,S2A,S2A_5VMG_20200820_1_L2A_74.tif,0.06577181208053691,0.5275718742476989,0.0,745,49
challenge,S2A,S2A_5VMJ_20200905_0_L2A_12.tif,0.0,0.49936676025390625,0.0,83,0
challenge,S2A,S2A_5VMJ_20200905_0_L2A_22.tif,0.0,0.4990386962890625,0.0,126,0
challenge,S2A,S2A_5VMJ_20200905_0_L2A_27.tif,0.574025974025974,0.7857575326763109,0.6105919003115264,367,239
challenge,S2A,S2A_5VMJ_20200905_0_L2A_29.tif,0.6787658802177858,0.8380247865838323,0.6277152229807608,543,382
challenge,S2A,S2A_5VMJ_20200905_0_L2A_32.tif,0.0,0.49892425537109375,0.0,141,0
challenge,S2A,S2A_5VMJ_20200905_0_L2A_53.tif,0.0,0.49787139892578125,0.0,279,0
challenge,S2A,S2A_5VMJ_20200905_0_L2A_58.tif,0.0,0.49796295166015625,0.0,267,0
challenge,S2A,S2A_5VMJ_20200905_0_L2A_60.tif,0.0,0.498504638671875,0.0,196,0
challenge,S2A,S2A_5VMJ_20200905_0_L2A_63.tif,0.004962779156327543,0.4749393400650529,0.0,3627,18
challenge,S2A,S2A_5VMJ_20200905_0_L2A_75.tif,0.6804733727810651,0.8389941835910664,0.5800977114939573,507,345
challenge,S2A,S2A_5VMJ_20200905_0_L2A_76.tif,0.0,0.49521636962890625,0.0,627,0
challenge,S2A,S2A_5VMJ_20200905_0_L2A_77.tif,0.6539074960127592,0.8252877467165722,0.7102803738317756,592,445
challenge,S2A,S2A_5VMJ_20200905_0_L2A_79.tif,0.0,0.49909210205078125,0.0,119,0
challenge,S2A,S2A_5VMJ_20200905_0_L2A_80.tif,0.0,0.49208831787109375,0.0,1037,0
challenge,S2A,S2A_5VMJ_20200905_0_L2A_82.tif,0.0,0.49674224853515625,0.0,427,0
challenge,S2A,S2A_5VMJ_20200905_0_L2A_83.tif,0.0,0.490814208984375,0.0,1204,0
challenge,S2A,S2A_5VMJ_20200905_0_L2A_89.tif,0.0,0.497222900390625,0.0,364,0
challenge,S2A,S2A_5VMJ_20200905_0_L2A_94.tif,0.11886792452830189,0.5558676066671874,0.3069053708439897,471,122
challenge,S2A,S2A_5VMJ_20200905_0_L2A_95.tif,0.0,0.498443603515625,0.0,204,0
challenge,S2A,S2A_5VMJ_20200905_1_L2A_16.tif,0.0,0.49957275390625,0.0,56,0
challenge,S2B,S2B_45UVQ_20200913_0_L2A_100.tif,0.7058047493403694,0.8511870164449267,0.7957028404952659,662,631
challenge,S2B,S2B_45UVQ_20200913_0_L2A_128.tif,0.46116504854368934,0.7297344320972141,0.6382978723404256,181,120
challenge,S2B,S2B_45UVQ_20200913_0_L2A_132.tif,0.06754333532576211,0.521849255055694,0.2310288786098262,1291,495
challenge,S2B,S2B_45UVQ_20200920_0_L2A_48.tif,0.2772808586762075,0.635550846737654,0.4321821338992861,559,155
challenge,S2B,S2B_45UVQ_20200920_0_L2A_50.tif,0.0,0.49524688720703125,0.0,623,0
challenge,S2B,S2B_45UVQ_20200920_1_L2A_21.tif,0.6652892561983471,0.8307769202302051,0.8090832632464255,662,547
challenge,S2B,S2B_45UVQ_20200920_1_L2A_22.tif,0.6836808051761323,0.8384340388813231,0.7835316822129302,1128,1214
challenge,S2B,S2B_45UVQ_20200920_1_L2A_31.tif,0.725752508361204,0.860980592625543,0.7582782336227728,720,828
challenge,S2B,S2B_45UVQ_20200920_1_L2A_57.tif,0.36997635933806144,0.6809021977301442,0.47029702970297027,400,759
challenge,S2B,S2B_45UVR_20200903_1_L2A_118.tif,0.5940959409594095,0.7962066702885002,0.6871165644171779,197,235
challenge,S2B,S2B_45UVR_20200903_1_L2A_158.tif,0.0,0.487396240234375,0.0,1652,0
challenge,S2B,S2B_45UVR_20200903_1_L2A_167.tif,0.8022088353413654,0.8995828766663112,0.9518892369571104,833,962
challenge,S2B,S2B_45UVR_20200903_1_L2A_168.tif,0.3985983355234341,0.677750420194387,0.5084375227724627,4227,2159
challenge,S2B,S2B_45UVR_20200903_1_L2A_174.tif,0.0,0.49369049072265625,0.0,827,0
challenge,S2B,S2B_45UVR_20200913_0_L2A_112.tif,0.49833333333333335,0.746859693629893,0.6143393813444169,357,542
challenge,S2B,S2B_45UVR_20200913_0_L2A_116.tif,0.6190476190476191,0.8056925102808001,0.5746618243065424,977,1131
challenge,S2B,S2B_45UWQ_20200920_0_L2A_16.tif,0.8625134264232008,0.9302680366478694,0.845771144278607,830,904
challenge,S2B,S2B_45UWQ_20200920_0_L2A_24.tif,0.5447513812154696,0.7692085550205079,0.41021087680355156,756,642
challenge,S2B,S2B_45UWQ_20200920_1_L2A_14.tif,0.7528223410576351,0.8731747735100371,0.8515126283652512,1396,1554
challenge,S2B,S2B_45UWQ_20200920_1_L2A_24.tif,0.7958435207823961,0.8966348681973165,0.8274556213017751,756,713
challenge,S2B,S2B_46RDS_20201227_1_L2A_1.tif,0.39568345323741005,0.6965578333652584,0.5592377796188898,119,269
challenge,S2B,S2B_46RDS_20201227_1_L2A_100.tif,0.0,0.4960174560546875,0.0,522,0
challenge,S2B,S2B_46RDS_20201227_1_L2A_101.tif,0.0,0.49297332763671875,0.0,921,0
challenge,S2B,S2B_46RDS_20201227_1_L2A_102.tif,0.0,0.48343658447265625,0.0,2171,0
challenge,S2B,S2B_46RDS_20201227_1_L2A_103.tif,0.0,0.49259185791015625,0.0,971,0
challenge,S2B,S2B_46RDS_20201227_1_L2A_105.tif,0.6732673267326733,0.8361290762103734,0.8298289879450519,196,142
challenge,S2B,S2B_46RDS_20201227_1_L2A_106.tif,0.0,0.49863433837890625,0.0,179,0
challenge,S2B,S2B_46RDS_20201227_1_L2A_108.tif,0.0,0.421478271484375,0.0,10292,0
challenge,S2B,S2B_46RDS_20201227_1_L2A_109.tif,0.0,0.49440765380859375,0.0,733,0
challenge,S2B,S2B_46RDS_20201227_1_L2A_11.tif,0.0,0.49861907958984375,0.0,181,0
challenge,S2B,S2B_46RDS_20201227_1_L2A_110.tif,0.0,0.49550628662109375,0.0,589,0
challenge,S2B,S2B_46RDS_20201227_1_L2A_112.tif,0.0,0.49935150146484375,0.0,85,0
challenge,S2B,S2B_46RDS_20201227_1_L2A_113.tif,0.0,0.49478912353515625,0.0,683,0
challenge,S2B,S2B_46RDS_20201227_1_L2A_115.tif,0.0,0.49857330322265625,0.0,77,110
challenge,S2B,S2B_46RDS_20201227_1_L2A_120.tif,0.0,0.49853515625,0.0,192,0
challenge,S2B,S2B_46RDS_20201227_1_L2A_121.tif,0.0,0.49944305419921875,0.0,73,0
challenge,S2B,S2B_46RDS_20201227_1_L2A_122.tif,0.0,0.49930572509765625,0.0,91,0
challenge,S2B,S2B_46RDS_20201227_1_L2A_124.tif,0.0,0.49918365478515625,0.0,107,0
challenge,S2B,S2B_46RDS_20201227_1_L2A_125.tif,0.0,0.4930419921875,0.0,912,0
challenge,S2B,S2B_46RDS_20201227_1_L2A_15.tif,0.009009009009009009,0.5028259864833247,0.08571428571428572,222,2
challenge,S2B,S2B_46RDS_20201227_1_L2A_18.tif,0.0,0.4993133544921875,0.0,90,0
challenge,S2B,S2B_46RDS_20201227_1_L2A_19.tif,0.0,0.49886322021484375,0.0,149,0
challenge,S2B,S2B_46RDS_20201227_1_L2A_2.tif,0.7527472527472527,0.8714221975327323,0.785619279945212,2292,2174
challenge,S2B,S2B_46RDS_20201227_1_L2A_35.tif,0.047898338220918865,0.5165125786421222,0.15764331210191085,1023,49
challenge,S2B,S2B_46RDS_20201227_1_L2A_39.tif,0.5630841121495327,0.7801100934436307,0.5923125393824826,424,245
challenge,S2B,S2B_46RDS_20201227_1_L2A_48.tif,0.5622775800711743,0.7792528654725697,0.7833333333333334,560,318
challenge,S2B,S2B_46RDS_20201227_1_L2A_50.tif,0.6293103448275862,0.8143267426137534,0.9473684210526316,93,96
challenge,S2B,S2B_46RDS_20201227_1_L2A_51.tif,0.0,0.49860382080078125,0.0,183,0
challenge,S2B,S2B_46RDS_20201227_1_L2A_52.tif,0.6286644951140065,0.8116997368191305,0.6114577916449991,915,585
challenge,S2B,S2B_46RDS_20201227_1_L2A_53.tif,0.5590909090909091,0.778059775268383,0.7432685907908272,439,247
challenge,S2B,S2B_46RDS_20201227_1_L2A_55.tif,0.0,0.498138427734375,0.0,203,41
challenge,S2B,S2B_46RDS_20201227_1_L2A_59.tif,0.7099337748344371,0.8532822720326032,0.8110599078341014,731,560
challenge,S2B,S2B_46RDS_20201227_1_L2A_60.tif,0.4174757281553398,0.7064415122153286,0.5714285714285715,422,308
challenge,S2B,S2B_46RDS_20201227_1_L2A_61.tif,0.02821316614420063,0.5070083217644937,0.0,957,27
challenge,S2B,S2B_46RDS_20201227_1_L2A_62.tif,0.04264099037138927,0.5160079236262717,0.14893617021276595,549,209
challenge,S2B,S2B_46RDS_20201227_1_L2A_63.tif,0.0,0.49884796142578125,0.0,151,0
challenge,S2B,S2B_46RDS_20201227_1_L2A_68.tif,0.0,0.4968414306640625,0.0,194,220
challenge,S2B,S2B_46RDS_20201227_1_L2A_72.tif,0.20155038759689922,0.5841341721028042,0.3570410828781762,821,2434
challenge,S2B,S2B_46RDS_20201227_1_L2A_73.tif,0.0,0.49518585205078125,0.0,631,0
challenge,S2B,S2B_46RDS_20201227_1_L2A_74.tif,0.0,0.49877166748046875,0.0,148,13
challenge,S2B,S2B_46RDS_20201227_1_L2A_83.tif,0.0,0.495086669921875,0.0,644,0
challenge,S2B,S2B_46RDS_20201227_1_L2A_88.tif,0.15,0.5730531676108167,0.26813880126182965,299,46
challenge,S2B,S2B_46RDS_20201227_1_L2A_89.tif,0.0,0.49570465087890625,0.0,563,0
challenge,S2B,S2B_46RDS_20201227_1_L2A_91.tif,0.6291390728476821,0.814141670101505,0.9146816803811173,135,111
challenge,S2B,S2B_46RDS_20201227_1_L2A_92.tif,0.28346456692913385,0.6410376269760173,0.37037037037037035,127,36
challenge,S2B,S2B_46RDS_20201227_1_L2A_96.tif,0.0,0.4949951171875,0.0,656,0
challenge,S2B,S2B_46RDS_20201227_1_L2A_97.tif,0.0,0.492919921875,0.0,928,0
challenge,S2B,S2B_46RES_20201227_0_L2A_1.tif,0.0,0.49478912353515625,0.0,683,0
challenge,S2B,S2B_46RES_20201227_0_L2A_14.tif,0.0,0.49340057373046875,0.0,865,0
challenge,S2B,S2B_46RES_20201227_0_L2A_15.tif,0.0,0.49773406982421875,0.0,296,1
challenge,S2B,S2B_46RES_20201227_0_L2A_16.tif,0.0,0.49662017822265625,0.0,443,0
challenge,S2B,S2B_46RES_20201227_0_L2A_17.tif,0.0,0.4935150146484375,0.0,850,0
challenge,S2B,S2B_46RES_20201227_0_L2A_18.tif,0.0,0.482940673828125,0.0,2236,0
challenge,S2B,S2B_46RES_20201227_0_L2A_2.tif,0.0,0.49941253662109375,0.0,77,0
challenge,S2B,S2B_46RES_20201227_0_L2A_23.tif,0.0,0.49591827392578125,0.0,535,0
challenge,S2B,S2B_46RES_20201227_0_L2A_24.tif,0.0,0.4953765869140625,0.0,606,0
challenge,S2B,S2B_46RES_20201227_0_L2A_27.tif,0.0,0.498687744140625,0.0,172,0
challenge,S2B,S2B_46RES_20201227_0_L2A_28.tif,0.0,0.4931640625,0.0,896,0
challenge,S2B,S2B_46RES_20201227_0_L2A_30.tif,0.0,0.49657440185546875,0.0,404,45
challenge,S2B,S2B_46RES_20201227_0_L2A_32.tif,0.0,0.4945068359375,0.0,720,0
