set,region,file,iou,miou_2class,boundary_f1,lake_pixels_true,lake_pixels_pred
test,ACS,ACS_S2A_17XPA_20200811_0_L2A_100.tif,0.8734567901234568,0.9364142332607384,0.9081632653061225,322,285
test,ACS,ACS_S2A_17XPA_20200811_0_L2A_170.tif,0.0,0.498748779296875,0.0,164,0
test,ACS,ACS_S2A_18WWD_20200825_0_L2A_144.tif,0.9148191365227538,0.956268372663578,0.947691296489018,1673,1609
test,ACS,ACS_S2A_18WWD_20200825_0_L2A_171.tif,0.9432477425213136,0.9596143917781853,0.7974108650505599,19481,19040
test,ACS,ACS_S2A_18WWE_20200723_1_L2A_106.tif,0.5992171545268891,0.6405227857750411,0.7009903346804736,35252,21130
test,ACS,ACS_S2A_18WWE_20200723_1_L2A_115.tif,0.9212175470008953,0.9592224664334323,0.9696196660482373,2136,2156
test,ACS,ACS_S2A_18XVF_20200811_0_L2A_103.tif,0.5520926090828139,0.772172067065284,0.48624065366530494,1087,656
test,ACS,ACS_S2A_19WFP_20200821_0_L2A_69.tif,0.28101802757158006,0.6353152830324693,0.47988436521320166,526,682
test,ACS,ACS_S2A_19WFQ_20200821_0_L2A_132.tif,0.9019867549668874,0.9486371398218504,0.8978653010920643,2861,2883
test,ACS,ACS_S2A_20WMA_20200725_1_L2A_5.tif,0.8201634877384196,0.9095758804523324,1.0,304,364
test,ACS,ACS_S2A_20WMU_20200821_1_L2A_170.tif,0.9103740296400847,0.9541986264378863,0.9803380476026217,1382,1325
test,ACS,ACS_S2A_20WMV_20200827_1_L2A_1.tif,0.9329587036069001,0.9620870028814164,0.8680566549023625,7367,7424
test,ACS,ACS_S2A_20WNU_20200716_1_L2A_9.tif,0.6222222222222222,0.8102004897459443,0.7663322730609249,303,208
test,ACS,ACS_S2A_20WNU_20200824_1_L2A_37.tif,0.0,0.49889373779296875,0.0,145,0
test,ACS,ACS_S2A_20WNU_20200824_1_L2A_79.tif,0.7904191616766467,0.8933136481942325,0.6913388182498131,928,1165
test,ACS,ACS_S2B_17XMA_20200723_1_L2A_3.tif,0.8526682134570766,0.9253541835792042,0.9785932721712538,814,783
test,ACS,ACS_S2B_18WWC_20200725_0_L2A_90.tif,0.740070467648943,0.8567133919136121,0.542264493929754,5915,4950
test,ACS,ACS_S2B_18WWD_20200807_1_L2A_40.tif,0.9504017733444168,0.973759802074907,0.981859410430839,3559,3480
test,ACS,ACS_S2B_18WWD_20200811_0_L2A_265.tif,0.46808510638297873,0.7332785879060719,0.5417558886509637,166,110
test,ACS,ACS_S2B_18WWE_20200724_1_L2A_28.tif,0.8475103734439834,0.9214547892383449,0.8282263342654845,1828,1734
test,ACS,ACS_S2B_18XVF_20200724_1_L2A_162.tif,0.9101899827288429,0.9542885647647502,0.9481481481481481,1123,1089
test,ACS,ACS_S2B_19WEQ_20200802_1_L2A_121.tif,0.5252570406794814,0.7543781824021698,0.5129200219915268,2221,1191
test,ACS,ACS_S2B_19WFP_20200822_1_L2A_114.tif,0.9434037013979286,0.9614699968916915,0.9182023873925456,17365,16973
test,ACS,ACS_S2B_20WMU_20200823_0_L2A_122.tif,0.3149768824306473,0.5902746890078092,0.650294695481336,3820,12107
test,ACS,ACS_S2B_20WMU_20200823_0_L2A_259.tif,0.6259541984732825,0.8126027905618467,0.8313539192399051,130,83
test,ACS,ACS_S2B_20WMU_20200823_1_L2A_290.tif,0.6978627671541058,0.8381760259193664,0.7295266316339256,3621,3926
test,AC,AC_S2A_15XVJ_20200810_4_L2A_36.tif,0.0,0.49250030517578125,0.0,527,456
test,AC,AC_S2A_15XWH_20200828_1_L2A_60.tif,0.0,0.49930572509765625,0.0,91,0
test,AC,AC_S2A_15XWJ_20200808_5_L2A_20.tif,0.4111045481393975,0.6978641186101059,0.3625100725221595,1171,1218
test,AC,AC_S2A_15XWJ_20200827_0_L2A_80.tif,0.3219895287958115,0.6510211041030859,0.494799985802009,1627,898
test,AC,AC_S2A_16XEL_20200808_3_L2A_55.tif,0.7341088491898629,0.8620363123460331,0.39626651880602526,1902,2272
test,AC,AC_S2A_16XEM_20200827_3_L2A_9.tif,0.970319108035371,0.9815123328978186,0.9835275112590561,12867,12757
test,AC,AC_S2A_16XER_20200806_0_L2A_89.tif,0.0,0.49559783935546875,0.0,577,0
test,AC,AC_S2A_16XER_20200809_6_L2A_29.tif,0.888235294117647,0.9438263878994895,0.9855072463768115,329,313
test,AC,AC_S2A_16XES_20200825_2_L2A_36.tif,0.6912751677852349,0.8438689245364095,0.6254848169520385,741,519
test,AC,AC_S2A_17XMG_20200827_0_L2A_16.tif,0.02804878048780488,0.5079416280440336,0.11612903225806451,762,81
test,AC,AC_S2A_17XML_20200806_7_L2A_58.tif,0.0,0.46921539306640625,0.0,4035,0
test,AC,AC_S2A_17XNG_20200808_3_L2A_17.tif,0.0,0.499298095703125,0.0,92,0
test,AC,AC_S2A_17XNJ_20200812_3_L2A_169.tif,0.8288508557457213,0.9138885933559351,0.963996399639964,383,365
test,AC,AC_S2A_17XNL_20200808_3_L2A_28.tif,0.0,0.49477386474609375,0.0,685,0
test,AC,AC_S2A_17XNM_20200806_0_L2A_34.tif,0.3600308047747401,0.6671518244241806,0.2776203966005666,942,2590
test,AC,AC_S2A_17XNM_20200807_4_L2A_1.tif,0.0,0.48058319091796875,0.0,2545,0
test,AC,AC_S2A_17XNM_20200807_4_L2A_94.tif,0.0,0.492584228515625,0.0,972,0
test,AC,AC_S2A_17XNM_20200816_1_L2A_61.tif,0.7685777415978602,0.867403572039448,0.710263903017423,8118,7090
test,AC,AC_S2A_18XVN_20200811_1_L2A_53.tif,0.0,0.49588775634765625,0.0,539,0
test,AC,AC_S2A_18XVP_20200812_2_L2A_27.tif,0.5476190476190477,0.7723548335819796,0.510948905109489,324,326
test,AC,AC_S2A_18XVP_20200816_7_L2A_39.tif,0.0,0.493682861328125,0.0,828,0
test,AC,AC_S2A_18XVR_20200810_3_L2A_35.tif,0.8435804701627486,0.9204512879736548,0.8267716535433071,1078,961
test,AC,AC_S2A_19XDL_20200815_2_L2A_24.tif,0.43872919818456885,0.713653040498775,0.3232490675507667,1208,694
test,AC,AC_S2B_15XWH_20200827_1_L2A_16.tif,0.6823332474890549,0.8206891763284875,0.609157666596556,6016,7049
test,AC,AC_S2B_15XWJ_20200805_2_L2A_1.tif,0.8780276816608996,0.9379211733268463,0.8970099667774086,1053,1118
test,AC,AC_S2B_16XDP_20200810_2_L2A_55.tif,0.0,0.49344635009765625,0.0,859,0
test,AC,AC_S2B_16XEJ_20200808_1_L2A_97.tif,0.24467394128345024,0.5282039913155259,0.27635619242579323,4474,14689
test,AC,AC_S2B_17XMG_20200827_1_L2A_28.tif,0.4181979845880261,0.6059099262347876,0.17380848756666642,12846,15864
test,AC,AC_S2B_17XML_20200808_1_L2A_90.tif,0.0,0.49681854248046875,0.0,417,0
test,AC,AC_S2B_17XNJ_20200807_0_L2A_81.tif,0.36765222482435594,0.4799546210102489,0.5471237488275277,34067,12652
test,AC,AC_S2B_17XNJ_20200807_0_L2A_88.tif,0.4462279293739968,0.720470610615467,0.48896839594514013,623,278
test,AC,AC_S2B_17XNM_20200807_1_L2A_8.tif,0.8397271952259164,0.9184073846960399,0.8653477407566154,1040,1118
test,AC,AC_S2B_18XWT_20200806_0_L2A_2.tif,0.7328594359091951,0.8570857975182806,0.4036562303004833,3385,4172
test,AC,AC_S2B_19XDJ_20200807_3_L2A_13.tif,0.0,0.4825286865234375,0.0,2290,0
test,AC,AC_S2B_19XDL_20200826_2_L2A_161.tif,0.9685335660140699,0.9650437019835808,0.788895793730912,36210,35984
test,AC,AC_S2B_19XDL_20200826_2_L2A_74.tif,0.951385498046875,0.4756927490234375,0.822313496971835,65536,62350
test,AK,AK_S2A_5VMG_20200912_1_L2A_82.tif,0.0,0.4997406005859375,0.0,34,0
test,AK,AK_S2A_5VMJ_20200912_1_L2A_9.tif,0.7341092211280215,0.8647599693624531,0.8345700699639579,995,942
test,AK,AK_S2A_5VPH_20200909_0_L2A_74.tif,0.9786125446605796,0.984602572668607,0.9858688869963991,20051,19822
test,AK,AK_S2A_6VUN_20200909_0_L2A_214.tif,0.0,0.49793243408203125,0.0,271,0
test,AK,AK_S2A_6VUQ_20200906_1_L2A_29.tif,0.0,0.49700164794921875,0.0,393,0
test,AK,AK_S2A_6VVP_20200817_1_L2A_99.tif,0.4245946772713368,0.6976359306416546,0.31993470720261175,3267,1390
test,AK,AK_S2A_6VVP_20200906_0_L2A_59.tif,0.0,0.49956512451171875,0.0,57,0
test,AK,AK_S2A_6VVR_20200817_0_L2A_39.tif,0.21052631578947367,0.6022829647170868,0.3013037180106229,494,104
test,AK,AK_S2A_6VWN_20200821_0_L2A_100.tif,0.8372703412073491,0.9181598344183242,0.9037900874635568,327,373
test,AK,AK_S2A_6VWR_20200913_0_L2A_48.tif,0.0,0.49642181396484375,0.0,469,0
test,AK,AK_S2A_6VXN_20200828_0_L2A_53.tif,0.0,0.4994354248046875,0.0,74,0
test,AK,AK_S2A_6VXN_20200913_0_L2A_148.tif,0.45768025078369906,0.7275172931545044,0.6407766990291263,317,148
test,AK,AK_S2A_6VXN_20200913_0_L2A_44.tif,0.779510022271715,0.8889956456279263,0.9006622516556292,353,446
test,AK,AK_S2A_6VXN_20200913_0_L2A_75.tif,0.02297341647522153,0.48874971498920705,0.16665123599666698,3047,70
test,AK,AK_S2A_6VXN_20200913_1_L2A_30.tif,0.0,0.499420166015625,0.0,35,41
test,AK,AK_S2A_7VCH_20200913_0_L2A_78.tif,0.6803149606299213,0.83701856393693,0.7515563335784795,1206,928
test,AK,AK_S2A_7VCH_20200913_1_L2A_2.tif,0.0,0.49935150146484375,0.0,85,0
test,AK,AK_S2A_7VCJ_20200913_0_L2A_81.tif,0.0,0.49889373779296875,0.0,145,0
test,AK,AK_S2A_7VEH_20200914_1_L2A_40.tif,0.32615448332988195,0.6376398657640013,0.38042739987925134,4760,1644
test,AK,AK_S2A_7VFF_20200911_1_L2A_81.tif,0.13236521448839927,0.5260392712850999,0.2837302178642744,904,5880
test,AK,AK_S2A_7VFF_20200914_0_L2A_173.tif,0.0,0.4993133544921875,0.0,90,0
test,AK,AK_S2A_7VFF_20200914_1_L2A_140.tif,0.6074037993180711,0.7974333311636475,0.504089219330855,1648,1652
test,AK,AK_S2A_8VLL_20200911_1_L2A_159.tif,0.0,0.49941253662109375,0.0,77,0
test,AK,AK_S2A_8VLL_20200914_1_L2A_72.tif,0.9952670723461798,0.9765998823269361,0.9568614076732489,59143,58897
test,AK,AK_S2A_8VNK_20200915_1_L2A_220.tif,1.0,1.0,1.0,0,0
test,AK,AK_S2A_8VNK_20200915_1_L2A_37.tif,0.0,0.485382080078125,0.0,1916,0
test,AK,AK_S2A_8VNL_20200905_0_L2A_32.tif,0.7701688555347092,0.8792578458701878,0.7745934818310087,2542,3119
test,AK,AK_S2A_8VNL_20200915_0_L2A_207.tif,0.008310249307479225,0.49596002950212276,0.06944444444444445,1083,9
test,AK,AK_S2A_8VNL_20200915_0_L2A_221.tif,0.7575221238938054,0.877708963894436,0.7520825069416898,560,433
test,AK,AK_S2A_8VNL_20200915_0_L2A_241.tif,0.836027713625866,0.9174691610753689,0.9940828402366864,420,375
test,AK,AK_S2A_8VPJ_20200912_1_L2A_198.tif,0.9616026711185309,0.9798836261619213,0.9855072463768115,2920,2955
test,AK,AK_S2A_8VPJ_20200915_0_L2A_242.tif,0.5866141732283464,0.7916975952134558,0.6469719350073856,418,388
test,AK,AK_S2A_8VPK_20200905_0_L2A_182.tif,0.0,0.4998779296875,0.0,16,0
test,AK,AK_S2A_8VPK_20200912_0_L2A_99.tif,0.8578811369509044,0.9285188152087814,1.0,353,366
test,AK,AK_S2A_8VPK_20200912_1_L2A_2.tif,0.5891690009337068,0.7911949310962348,0.770093839249286,958,744
test,AK,AK_S2A_8VPK_20200915_0_L2A_177.tif,0.625725338491296,0.8098806538038936,0.7869292975384694,1021,660
test,AK,AK_S2A_8VPK_20200915_0_L2A_242.tif,0.9534685529231294,0.9744570751669799,0.9067294786430508,5640,5821
test,AK,AK_S2A_8VPK_20200915_0_L2A_40.tif,0.2908704883227176,0.6428816882965902,0.475669099756691,462,146
test,AK,AK_S2A_9UUB_20200909_1_L2A_16.tif,0.9289897510980967,0.9637402114134889,1.0,1275,1360
test,AK,AK_S2A_9UVB_20200909_0_L2A_55.tif,0.33748055987558323,0.665479360450353,0.5594571305471778,284,576
test,AK,AK_S2A_9UVB_20200909_1_L2A_226.tif,0.8719512195121951,0.9336618879693377,0.8893575433362481,2255,2043
test,AK,AK_S2A_9VUC_20200909_0_L2A_249.tif,0.8915989159891599,0.9451829161776312,0.9954751131221719,706,690
test,AK,AK_S2A_9VUD_20200912_1_L2A_132.tif,0.8294573643410853,0.9145605610010307,0.878048780487805,118,118
test,AK,AK_S2A_9VUE_20200912_0_L2A_74.tif,0.928062015503876,0.9621762838020156,0.975872264931993,3001,3217
test,AK,AK_S2A_9VVC_20200912_0_L2A_73.tif,0.3697916666666667,0.6830455106737622,0.567646034142376,368,158
test,AK,AK_S2A_9VWD_20200909_0_L2A_73.tif,0.16666666666666666,0.5826464991808867,0.08888888888888888,108,18
test,AK,AK_S2B_5VMF_20200815_0_L2A_48.tif,0.7250698974836906,0.8579241328618827,0.7205399831255274,2044,1658
test,AK,AK_S2B_5VMH_20200815_0_L2A_133.tif,0.5098039215686274,0.7547111502210408,0.9803921568627451,51,26
test,AK,AK_S2B_5VMH_20200910_0_L2A_87.tif,1.0,1.0,1.0,0,0
test,AK,AK_S2B_5VNH_20200828_0_L2A_5.tif,0.44785276073619634,0.7218595371266756,0.5415739164593427,376,332
test,AK,AK_S2B_5VNH_20200828_0_L2A_91.tif,0.8566603025407549,0.8978536435783899,0.5941808159338516,18007,19919
test,AK,AK_S2B_5VNJ_20200805_1_L2A_87.tif,0.5466666666666666,0.7730737715347227,0.8181818181818182,46,70
test,AK,AK_S2B_5VPG_20200911_0_L2A_316.tif,0.37830663404274967,0.4151487999603131,0.6871078317094621,43167,16544
test,AK,AK_S2B_5VPJ_20200805_1_L2A_23.tif,0.5414141414141415,0.7636643802131516,0.5889600048078367,1891,1161
test,AK,AK_S2B_5VPJ_20200815_1_L2A_19.tif,0.673828125,0.8356332108486985,0.8071266670180802,457,400
test,AK,AK_S2B_6VUQ_20200805_0_L2A_50.tif,0.0,0.4995269775390625,0.0,62,0
test,AK,AK_S2B_6VUQ_20200805_1_L2A_113.tif,0.0,0.4933929443359375,0.0,866,0
test,AK,AK_S2B_6VVN_20200911_1_L2A_145.tif,0.8507936507936508,0.9250367714653429,0.9775381850853551,279,304
test,AK,AK_S2B_6VXM_20200912_1_L2A_55.tif,0.5650086422124064,0.7644115326600263,0.43617438527681396,5197,2952
test,AK,AK_S2B_6VXP_20200816_1_L2A_59.tif,0.45723684210526316,0.7273568952945693,0.6072315760419541,255,188
test,AK,AK_S2B_6VXP_20200816_1_L2A_81.tif,0.8885869565217391,0.9439791044781095,1.0,352,343
test,AK,AK_S2B_6VXP_20200912_0_L2A_64.tif,0.0,0.47528076171875,0.0,3240,0
test,AK,AK_S2B_7VDH_20200905_0_L2A_142.tif,0.0,0.4982452392578125,0.0,230,0
test,AK,AK_S2B_7VDH_20200912_0_L2A_75.tif,0.8050098231827112,0.8961282210455623,0.769307753634251,3841,3509
test,AK,AK_S2B_7VEG_20200912_0_L2A_148.tif,0.0,0.495147705078125,0.0,636,0
test,AK,AK_S2B_7VEH_20200830_0_L2A_121.tif,0.0,0.49604034423828125,0.0,519,0
test,AK,AK_S2B_7VEH_20200830_0_L2A_34.tif,0.0,0.49861907958984375,0.0,181,0
test,AK,AK_S2B_8VLK_20200906_1_L2A_58.tif,0.8883136094674556,0.9429832600069072,0.8339919232272353,1311,1242
test,AK,AK_S2B_8VLM_20200906_1_L2A_93.tif,0.8847371754274858,0.9409497941560011,0.9375592075456155,1559,1417
test,AK,AK_S2B_8VMJ_20200913_0_L2A_2.tif,0.8538812785388128,0.9264495555089325,1.0,383,429
test,AK,AK_S2B_8VMJ_20200913_0_L2A_30.tif,0.9057136650010863,0.9452691546097078,0.6920342202236976,8870,8674
test,AK,AK_S2B_8VML_20200906_1_L2A_157.tif,0.10155186496052274,0.5254548146680059,0.2593417921081753,384,3662
test,AK,AK_S2B_8VMM_20200906_0_L2A_146.tif,0.7836034318398475,0.8864029526410273,0.7719943849185892,3083,2530
test,AK,AK_S2B_8VMM_20200906_0_L2A_207.tif,0.7801801801801802,0.889153113299466,0.8421052631578948,455,533
test,AK,AK_S2B_8VMM_20200906_0_L2A_257.tif,0.8341708542713567,0.9150296085460945,0.835665420347119,1509,1411
test,AK,AK_S2B_8VNK_20200913_0_L2A_92.tif,1.0,1.0,1.0,0,0
test,AK,AK_S2B_8VNK_20200913_1_L2A_132.tif,0.6602197802197802,0.8177482192853522,0.6623617172434791,3193,4361
test,AK,AK_S2B_9UVB_20200911_1_L2A_24.tif,0.5660377358490566,0.7821394747822654,0.8553888130968622,242,173
test,AK,AK_S2B_9VUC_20200914_0_L2A_72.tif,0.3127906976744186,0.6518677927981696,0.285351531502936,783,346
test,AK,AK_S2B_9VVC_20200914_1_L2A_172.tif,0.13953488372093023,0.5694851284162411,0.4864864864864865,43,6
test,AK,AK_S2B_9VVC_20200914_1_L2A_261.tif,0.0,0.49921417236328125,0.0,103,0
test,AK,AK_S2B_9VVE_20200914_1_L2A_24.tif,0.7267080745341615,0.8630177435297873,0.9473684210526316,159,119
test,CA,CA_S2A_43SGV_20200901_1_L2A_12.tif,0.0,0.4980926513671875,0.0,112,138
test,CA,CA_S2A_44RPV_20200905_1_L2A_3.tif,0.0,0.49383544921875,0.0,808,0
test,CA,CA_S2A_44SKD_20200822_1_L2A_4.tif,0.0,0.499053955078125,0.0,124,0
test,CA,CA_S2A_44SKE_20200901_1_L2A_41.tif,0.0,0.4847564697265625,0.0,1998,0
test,CA,CA_S2A_44SKF_20200825_0_L2A_1.tif,0.6753246753246753,0.8368969690608192,0.7427536231884059,215,301
test,CA,CA_S2A_44SMD_20200908_1_L2A_89.tif,0.9274856070897212,0.9527951102755923,0.8054089999966159,15204,14593
test,CA,CA_S2A_44SMD_20200918_1_L2A_36.tif,0.5642909625275533,0.7775676032993497,0.4673454021671522,1279,850
test,CA,CA_S2A_45RTP_20200912_0_L2A_11.tif,0.6174089068825911,0.804317334702805,0.670414448896597,1002,1395
test,CA,CA_S2A_45RTP_20200912_0_L2A_200.tif,0.8971589965110484,0.9434328307019788,0.5957077900249464,5401,6018
test,CA,CA_S2A_45RTP_20200912_1_L2A_100.tif,0.8981422165278667,0.9478315161599011,0.9942681577165132,1552,1411
test,CA,CA_S2A_45RUN_20200929_1_L2A_13.tif,0.7251461988304093,0.8622138381175835,0.963855421686747,139,156
test,CA,CA_S2A_45RUP_20200912_1_L2A_50.tif,0.18948521358159912,0.5890819119022541,0.2889436909165639,303,783
test,CA,CA_S2A_45RVQ_20200919_0_L2A_11.tif,0.026249298147108364,0.4600480909012792,0.03723404255319149,187,7124
test,CA,CA_S2A_45SWR_20200919_0_L2A_14.tif,0.6301587301587301,0.8132908819893576,0.6696503496503498,630,397
test,CA,CA_S2A_45SWV_20200823_0_L2A_3.tif,0.5806686046511628,0.7766264513935108,0.5013768131653693,4127,2398
test,CA,CA_S2A_45SXV_20200929_1_L2A_26.tif,0.784375,0.8916590478287509,1.0,305,266
test,CA,CA_S2A_45SYV_20200830_0_L2A_43.tif,1.0,1.0,1.0,0,0
test,CA,CA_S2A_46REU_20200831_0_L2A_129.tif,0.0,0.49950408935546875,0.0,65,0
test,CA,CA_S2A_46REU_20200831_0_L2A_179.tif,0.7037037037037037,0.8513624354808742,0.7787610619469026,198,170
test,CA,CA_S2A_46REU_20200831_1_L2A_154.tif,0.7940974605353466,0.8947187779540307,0.8153642384105959,1280,1334
test,CA,CA_S2A_46RGU_20200831_0_L2A_39.tif,0.8869979577944179,0.9422068082061312,0.8391167192429022,1344,1428
test,CA,CA_S2A_46SBE_20200830_1_L2A_66.tif,0.7470449172576832,0.8727021581075292,0.8466257668711655,329,410
test,CA,CA_S2A_46SCB_20200824_0_L2A_20.tif,1.0,1.0,1.0,0,0
test,CA,CA_S2A_46SDB_20200824_1_L2A_109.tif,0.8166666666666667,0.908165235286327,1.0,115,103
test,CA,CA_S2A_46SDB_20200903_0_L2A_33.tif,0.44521497919556174,0.7195407104825466,0.5874125874125874,719,323
test,CA,CA_S2A_46SEB_20200824_1_L2A_44.tif,0.5208333333333334,0.7598896353044815,0.7147719537100068,144,75
test,CA,CA_S2A_46SGH_20200923_1_L2A_38.tif,0.6557184750733138,0.8233030575869534,0.6127555114950668,1612,1211
test,CA,CA_S2B_44RNV_20200920_1_L2A_47.tif,0.9343266026269359,0.9611815857217245,0.7104632131846382,10179,9555
test,CA,CA_S2B_44RPU_20200831_1_L2A_43.tif,0.6712962962962963,0.8351052599831101,0.8402948402948404,166,195
test,CA,CA_S2B_44RPV_20200920_0_L2A_68.tif,0.0,0.49948883056640625,0.0,67,0
test,CA,CA_S2B_44SKC_20200926_1_L2A_53.tif,0.34285714285714286,0.6709018538713195,0.4528301886792453,105,36
test,CA,CA_S2B_44SME_20200903_0_L2A_29.tif,0.0,0.49658966064453125,0.0,447,0
test,CA,CA_S2B_44SNC_20200903_0_L2A_33.tif,0.47368421052631576,0.7347745023041883,0.3436426116838488,244,512
test,CA,CA_S2B_44SNE_20200923_1_L2A_8.tif,0.7939244663382594,0.895018575996183,0.824889326119036,1138,1047
test,CA,CA_S2B_44SPE_20200903_1_L2A_4.tif,0.6783284742468416,0.834003650905772,0.7031532415488375,2022,1432
test,CA,CA_S2B_45RUN_20200914_0_L2A_10.tif,0.5813449023861171,0.7877032204238278,0.5840541809159794,600,858
test,CA,CA_S2B_45RUN_20200914_1_L2A_7.tif,0.5428973277074542,0.7689544198015399,0.41935483870967744,405,692
test,CA,CA_S2B_45RVP_20200904_0_L2A_38.tif,0.0,0.49651336669921875,0.0,457,0
test,CA,CA_S2B_45STA_20200831_1_L2A_9.tif,0.7338709677419355,0.8664305415568019,0.9186351706036745,229,201
test,CA,CA_S2B_45SXT_20200825_1_L2A_31.tif,0.0,0.49909210205078125,0.0,119,0
test,CA,CA_S2B_46RCS_20200928_0_L2A_2.tif,0.0,0.494781494140625,0.0,681,3
test,CA,CA_S2B_46RDT_20200928_0_L2A_110.tif,0.7673076923076924,0.8827250345721032,0.8,474,445
test,CA,CA_S2B_46RDT_20200928_1_L2A_208.tif,0.8100558659217877,0.9042445348564101,0.9111175729378695,439,533
test,CA,CA_S2B_46RDU_20200928_0_L2A_200.tif,0.8072164948453608,0.9021642988797558,0.9424786276396988,913,840
test,CA,CA_S2B_46RDU_20200928_0_L2A_244.tif,0.5212569316081331,0.7586439131329659,0.6367421549710571,431,392
test,CA,CA_S2B_46SBD_20200825_0_L2A_15.tif,0.053817847286108556,0.5111871914245857,0.15677491601343785,164,2127
test,CA,CA_S2B_46SCC_20200901_1_L2A_14.tif,0.7408759124087592,0.8698945860851444,0.7889908256880735,254,223
test,CA,CA_S2B_46SCF_20200921_1_L2A_44.tif,0.0,0.4987945556640625,0.0,158,0
test,CA,CA_S2B_46SFA_20200826_0_L2A_22.tif,0.7941176470588235,0.8968984079767419,1.0,95,88
test,CA,CA_S2B_46SFA_20200826_1_L2A_32.tif,0.7933491686460807,0.8960074268738824,1.0,342,413
test,CA,CA_S2B_46SGC_20200826_0_L2A_3.tif,0.21106557377049182,0.5996396290710717,0.4625351743995812,976,206
test,CA,CA_S2B_47SLD_20200925_1_L2A_8.tif,0.8370672097759674,0.9179194014330893,0.8896898416010622,432,470
test,CA,CA_S2B_47SMR_20200902_0_L2A_24.tif,0.0,0.49771881103515625,0.0,299,0
test,CE,CE_S2A_32TLR_20200819_0_L2A_15.tif,0.3286595625350533,0.6551150006670647,0.1427676894176581,1783,586
test,CE,CE_S2A_32TLR_20200901_0_L2A_103.tif,0.39473684210526316,0.6920677419511351,0.3877809433364989,1003,587
test,CE,CE_S2A_32TNS_20200809_0_L2A_112.tif,0.5569007263922519,0.7770492668190703,0.6962652119177507,280,363
test,CE,CE_S2A_32TNS_20200809_0_L2A_88.tif,0.9271356783919598,0.9619555252474786,0.961623672617077,2586,2783
test,CE,CE_S2B_31TGL_20200807_0_L2A_70.tif,0.8010752688172043,0.9002547035507864,1.0,156,179
test,CE,CE_S2B_32TPS_20200821_0_L2A_63.tif,0.6614238410596026,0.8275529851450909,0.6435532832720882,1103,904
test,CE,CE_S2B_32TPS_20200903_0_L2A_2.tif,0.1282051282051282,0.5638431448963869,0.42553191489361697,29,15
test,CE,CE_S2B_32TQT_20200808_1_L2A_18.tif,0.07929515418502203,0.5380525955607183,0.29411764705882354,227,18
test,CE,CE_S2B_33TUN_20200821_0_L2A_10.tif,0.6579261025029798,0.8267548153780442,0.7900669825191962,799,592
test,CE,CE_S2B_33TUN_20200821_1_L2A_39.tif,0.5393258426966292,0.7687224393321659,0.7037037037037037,246,165
test,GL,GL_S2A_19XEG_20200725_2_L2A_90.tif,0.9407459044963402,0.9641617721239465,0.8253437556432681,11028,11244
test,GL,GL_S2A_20XML_20200728_2_L2A_97.tif,0.9023608277470125,0.9455353612986883,0.9085596567473028,6718,6336
test,GL,GL_S2A_20XML_20200810_2_L2A_86.tif,0.38910812943962114,0.6886041546603114,0.39863713798977857,1267,493
test,GL,GL_S2A_20XMM_20200725_2_L2A_6.tif,0.4036363636363636,0.7005648382950638,0.6785714285714285,275,111
test,GL,GL_S2A_20XNK_20200812_0_L2A_20.tif,0.44878048780487806,0.7226611460936497,0.4691416410498936,402,192
test,GL,GL_S2A_21WWT_20200805_1_L2A_16.tif,0.65625,0.8274518877738343,0.9328875089562932,218,206
test,GL,GL_S2A_21WXP_20200723_0_L2A_151.tif,0.0,0.49916839599609375,0.0,109,0
test,GL,GL_S2A_21WXP_20200723_1_L2A_126.tif,0.0,0.4696502685546875,0.0,619,3359
test,GL,GL_S2A_21WXQ_20200717_1_L2A_18.tif,0.5925449871465296,0.7938368424015398,0.7330960854092526,742,497
test,GL,GL_S2A_21WXU_20200815_0_L2A_24.tif,0.8594771241830066,0.9294091762811376,0.923076923076923,272,297
test,GL,GL_S2A_21WXV_20200801_1_L2A_94.tif,0.8140703517587939,0.9061819860254385,0.9598989580044206,530,553
test,GL,GL_S2A_22VEQ_20200810_0_L2A_246.tif,0.0,0.4990997314453125,0.0,118,0
test,GL,GL_S2A_22VEQ_20200813_1_L2A_75.tif,0.7319925163704397,0.8615176663232824,0.8235904549617997,1880,1823
test,GL,GL_S2A_22VER_20200711_0_L2A_129.tif,0.8239568682606657,0.9059240332016152,0.7116212338593974,3590,4191
test,GL,GL_S2A_22VER_20200714_0_L2A_569.tif,0.465924998158108,0.6717502448062714,0.5622774017877438,6673,13224
test,GL,GL_S2A_22VFN_20200810_1_L2A_67.tif,0.477076802507837,0.7173897665254674,0.4777997953095399,4991,2548
test,GL,GL_S2A_22VFP_20200718_0_L2A_193.tif,0.873066880899779,0.931369113528384,0.8404172284112681,4757,4569
test,GL,GL_S2A_22VFP_20200718_0_L2A_274.tif,0.9436934289408723,0.943184675217205,0.8588956435377476,33457,32683
test,GL,GL_S2A_22WDC_20200720_0_L2A_42.tif,0.0,0.49959564208984375,0.0,53,0
test,GL,GL_S2A_22WDT_20200717_1_L2A_198.tif,0.04454804454804455,0.43716943906885464,0.31767202182479537,548,11551
test,GL,GL_S2A_22WDU_20200717_1_L2A_297.tif,0.4602272727272727,0.7279311665736129,0.6649309032645705,379,392
test,GL,GL_S2A_22WEA_20200717_1_L2A_67.tif,0.8436881677878908,0.9079863797120762,0.8305681019367663,9752,8884
test,GL,GL_S2A_22WES_20200711_1_L2A_67.tif,0.4970691676436108,0.7385212015237848,0.4986077144725053,1364,2467
test,GL,GL_S2A_22WES_20200714_0_L2A_179.tif,0.829592684954281,0.8963464900759597,0.734188616937574,11874,10136
test,GL,GL_S2A_22WES_20200714_0_L2A_245.tif,0.8533333333333334,0.9200699921135647,0.9212374080570482,5244,4903
test,GL,GL_S2A_22WES_20200813_1_L2A_90.tif,0.020676451818761966,0.4516528158075056,0.2115908206923376,187,7810
test,GL,GL_S2A_22WET_20200803_0_L2A_126.tif,0.9003598587724063,0.9125661910804233,0.6896233517435197,27401,28576
test,GL,GL_S2A_22WEU_20200717_0_L2A_329.tif,0.229901269393512,0.6107745987185998,0.30927835051546393,672,200
test,GL,GL_S2A_22WEU_20200717_0_L2A_41.tif,0.9232854432095419,0.9507396548764615,0.6835528134033478,14698,13682
test,GL,GL_S2A_22WEV_20200813_0_L2A_88.tif,0.12436115843270869,0.5305264346172658,0.17297297297297295,1751,3529
test,GL,GL_S2A_22XDF_20200801_0_L2A_39.tif,0.6211699164345403,0.8095438178623637,0.6925186055620838,247,335
test,GL,GL_S2A_23VLH_20200718_1_L2A_149.tif,0.00150760656037279,0.3339217497864533,0.03951721054984354,123,21799
test,GL,GL_S2A_23VLJ_20200718_0_L2A_86.tif,0.06872037914691943,0.5253531764792948,0.20721036051802594,109,1244
test,GL,GL_S2A_23VMJ_20200715_0_L2A_68.tif,0.791432755674884,0.881245835424951,0.5269922879177378,7841,6838
test,GL,GL_S2B_19XDG_20200726_0_L2A_16.tif,0.0,0.49939727783203125,0.0,79,0
test,GL,GL_S2B_19XEE_20200806_1_L2A_29.tif,0.08974358974358974,0.5394491327265591,0.19858156028368795,763,87
test,GL,GL_S2B_19XEG_20200727_0_L2A_124.tif,0.05614567526555387,0.5233246735386686,0.29585798816568043,657,39
test,GL,GL_S2B_20XMM_20200729_1_L2A_33.tif,0.8473684210526315,0.92323952073578,0.9141055949566588,350,352
test,GL,GL_S2B_20XNK_20200808_0_L2A_39.tif,0.0,0.49958038330078125,0.0,55,0
test,GL,GL_S2B_21XWA_20200720_0_L2A_47.tif,0.5491935483870968,0.7702871604397901,0.4783491204330176,1056,865
test,GL,GL_S2B_21XWA_20200720_1_L2A_120.tif,0.9375,0.9674911125714557,0.9815668202764977,2436,2493
test,GL,GL_S2B_21XWB_20200717_1_L2A_69.tif,0.018399657680787333,0.43900828609515163,0.14190564292321922,209,9311
test,GL,GL_S2B_21XWB_20200718_3_L2A_46.tif,0.7865249690466364,0.8753994831246685,0.7122895001245179,8788,8527
test,GL,GL_S2B_22VEQ_20200716_0_L2A_87.tif,0.13559876906959994,0.4637893002363678,0.4519913553565916,2290,15054
test,GL,GL_S2B_22VEQ_20200805_0_L2A_42.tif,0.7973821050744128,0.8894422516074154,0.5714285714285715,4523,5501
test,GL,GL_S2B_22VFP_20200716_0_L2A_51.tif,0.24750277469478357,0.6133350407503723,0.30387627541566814,1787,461
test,GL,GL_S2B_22VFP_20200815_0_L2A_148.tif,0.7792668506109578,0.8755406478539228,0.8271984845466852,7081,6461
test,GL,GL_S2B_22WDD_20200814_0_L2A_38.tif,0.01466275659824047,0.504767706143957,0.0,341,5
test,GL,GL_S2B_22WDT_20200722_1_L2A_115.tif,0.0,0.49871063232421875,0.0,169,0
test,GL,GL_S2B_22WDU_20200722_0_L2A_150.tif,0.21311475409836064,0.6061910934541068,0.45000000000000007,60,14
test,GL,GL_S2B_22WDU_20200722_1_L2A_138.tif,0.4167507568113017,0.7039376221597777,0.43686006825938567,695,709
test,GL,GL_S2B_22WDU_20200722_1_L2A_259.tif,0.8216019417475728,0.895438328917401,0.8879151266285935,9541,8471
test,GL,GL_S2B_22WEA_20200722_1_L2A_74.tif,0.0,0.49677276611328125,0.0,166,257
test,GL,GL_S2B_22WEC_20200718_0_L2A_188.tif,0.5053164556962025,0.745089043801493,0.6022450741816469,1700,1273
test,GL,GL_S2B_22WEC_20200718_1_L2A_51.tif,0.31535685645549316,0.6309833076111402,0.5594154684873767,1876,4685
test,GL,GL_S2B_22WEU_20200719_1_L2A_53.tif,0.39342105263157895,0.6931772553192691,0.49373480456330654,689,370
test,GL,GL_S2B_22WEU_20200729_0_L2A_93.tif,0.8434960473215767,0.8409085033866592,0.6299605402457412,35710,30984
test,GL,GL_S2B_22WEV_20200722_0_L2A_76.tif,0.867237687366167,0.929637849718784,0.8984255293478917,3372,3604
test,GL,GL_S2B_23VNG_20200720_0_L2A_185.tif,0.6630218687872763,0.8288979759697377,0.679357329022467,719,954
test,GL,GL_S2B_23VNG_20200720_1_L2A_109.tif,0.714859437751004,0.8563404276818843,0.6606312698801077,459,395
test,IS,IS_S2B_28WDS_20200816_0_L2A_145.tif,0.7413793103448276,0.8703456552947249,1.0,152,151
test,LL,LL_S2A_17LRK_20200816_1_L2A_61.tif,0.0,0.499908447265625,0.0,12,0
test,LL,LL_S2A_17LRL_20200826_0_L2A_64.tif,0.44086021505376344,0.7200331306584185,0.6551724137931034,80,54
test,LL,LL_S2A_18LTP_20200813_0_L2A_19.tif,0.6062992125984252,0.8008445382228688,0.6787405697422595,634,590
test,LL,LL_S2A_18LTQ_20200826_1_L2A_171.tif,0.1347864768683274,0.5524851397724434,0.3637289862455426,2248,303
test,LL,LL_S2A_18LTR_20200826_0_L2A_32.tif,0.8879003558718861,0.9434658382523783,0.9883720930232558,557,504
test,LL,LL_S2A_18LTR_20200826_0_L2A_47.tif,0.5991902834008097,0.7988381220637744,0.6584280771131982,148,247
test,LL,LL_S2A_18LUP_20200813_1_L2A_52.tif,0.6754342431761786,0.8326216794377193,0.6778785174049888,1961,1415
test,LL,LL_S2B_18LVN_20200828_0_L2A_11.tif,0.8863190905527244,0.9408679609223519,0.8804222724927571,2381,2431
test,LL,LL_S2B_18LVN_20200828_1_L2A_121.tif,0.6822314049586777,0.8350970752585516,0.7738595923649304,2322,1749
test,ME,ME_S2B_37TFJ_20200904_0_L2A_48.tif,0.9173228346456693,0.9581755836167718,0.9520102183565478,704,757
test,NA,NA_S2A_44UQA_20200921_0_L2A_52.tif,0.8322112894873123,0.9135715835194855,0.7772511848341231,1804,1734
test,NA,NA_S2A_45UWQ_20200905_1_L2A_500.tif,0.0,0.495452880859375,0.0,313,283
test,NA,NA_S2A_45UXP_20200905_1_L2A_228.tif,0.0,0.49932861328125,0.0,88,0
test,NA,NA_S2A_45UYP_20200905_0_L2A_108.tif,0.8355437665782494,0.916816655729269,0.8549177239040322,671,713
test,NA,NA_S2B_45UVR_20200903_0_L2A_114.tif,0.715625,0.8549960345094398,0.6035283194057567,1001,1195
test,NA,NA_S2B_45UVR_20200903_0_L2A_118.tif,0.6507936507936508,0.8247237543572365,0.8059615935798222,197,219
test,NA,NA_S2B_45UWR_20200920_0_L2A_171.tif,0.6718532280538783,0.8246484185382172,0.573814817711534,3124,4075
test,NA,NA_S2B_45UWR_20200920_1_L2A_143.tif,0.8396464646464646,0.9188443665742845,0.9299669019653789,702,755
test,NA,NA_S2B_45UXS_20200903_1_L2A_4.tif,0.0,0.49860382080078125,0.0,46,137
test,NZ,NZ_S2B_58GGR_20200814_0_L2A_40.tif,0.0,0.422027587890625,0.0,10220,0
test,NZ,NZ_S2B_59GLM_20200814_1_L2A_1.tif,0.8653175157013259,0.9295979864728401,0.6933472120026561,2523,2823
test,NZ,NZ_S2B_59GMM_20200804_0_L2A_54.tif,0.718206416698879,0.8533790964112504,0.46502057613168724,2094,2351
test,RA,RA_S2A_40XDF_20200829_0_L2A_4.tif,0.0,0.49897003173828125,0.0,135,0
test,RA,RA_S2A_40XDJ_20200811_0_L2A_34.tif,0.7850503485670023,0.8881557148368086,0.7322229062437678,2382,2227
test,RA,RA_S2A_40XEJ_20200811_0_L2A_10.tif,0.41923076923076924,0.7084614267692355,0.48979591836734687,244,125
test,RA,RA_S2A_40XEJ_20200811_0_L2A_52.tif,0.3325227963525836,0.6578138147390947,0.44345898004434586,607,1585
test,RA,RA_S2A_40XEJ_20200829_0_L2A_62.tif,0.0,0.49713134765625,0.0,376,0
test,RA,RA_S2A_40XEK_20200819_0_L2A_51.tif,0.04087214160905569,0.42331769793151636,0.14771674387822634,590,13111
test,RA,RA_S2A_42XVK_20200830_0_L2A_33.tif,0.7222222222222222,0.8600755968056728,0.7810850275188138,412,425
test,RA,RA_S2A_42XVL_20200823_0_L2A_65.tif,0.313458262350937,0.6536458284456361,0.4832889677610175,251,520
test,RA,RA_S2B_41XME_20200814_0_L2A_51.tif,0.7425742574257426,0.8700887143073155,0.6220588235294118,479,577
test,RA,RA_S2B_41XME_20200814_0_L2A_59.tif,0.7668912415784408,0.8736084099755994,0.5328251825560759,4770,4409
test,RA,RA_S2B_41XME_20200830_0_L2A_71.tif,0.7973977695167286,0.8978618011882413,0.9074074074074074,489,478
test,RA,RA_S2B_41XNE_20200805_5_L2A_10.tif,0.13953488372093023,0.5686378778111306,0.04938271604938271,158,38
test,SAW,SAW_S2A_42SWE_20200910_1_L2A_66.tif,0.6530612244897959,0.8254889455782313,0.5487894350696992,288,360
test,SAW,SAW_S2A_42SWE_20200913_0_L2A_29.tif,0.6927374301675978,0.8442505932032147,0.7108424631658481,644,871
test,SAW,SAW_S2A_42SWE_20200913_1_L2A_165.tif,0.0,0.49929046630859375,0.0,93,0
test,SAW,SAW_S2A_42SWE_20200923_0_L2A_9.tif,0.6021505376344086,0.7996577746404236,0.4772727272727273,349,396
test,SAW,SAW_S2A_42SXE_20200910_0_L2A_118.tif,0.3333333333333333,0.6664071999470891,0.7727272727272727,51,17
test,SAW,SAW_S2A_42SXE_20200910_0_L2A_182.tif,0.6856287425149701,0.841200922780273,0.475,539,587
test,SAW,SAW_S2A_42SXE_20200910_0_L2A_228.tif,0.5474452554744526,0.7732490633248281,0.8208317139525845,79,133
test,SAW,SAW_S2A_42SXE_20200910_0_L2A_279.tif,0.6224595246296935,0.8026308513010225,0.447715438051029,2274,2436
test,SAW,SAW_S2A_42SXE_20200910_1_L2A_218.tif,0.03415559772296015,0.5131933701548651,0.15680684248039914,527,18
test,SAW,SAW_S2A_42SXE_20200910_1_L2A_372.tif,0.0,0.49932098388671875,0.0,89,0
test,SAW,SAW_S2A_42SXE_20200920_1_L2A_164.tif,0.5960264900662252,0.797079895378911,0.5675675675675675,283,199
test,SAW,SAW_S2A_42SXE_20200920_1_L2A_185.tif,0.0,0.49854278564453125,0.0,191,0
test,SAW,SAW_S2A_42SXE_20200920_1_L2A_353.tif,0.9337617399901137,0.9647111106116572,0.8662502565907158,3813,4011
test,SAW,SAW_S2A_42SXE_20200920_1_L2A_363.tif,0.48936170212765956,0.7441309556966983,0.6122448979591836,101,109
test,SAW,SAW_S2A_42SXE_20200923_0_L2A_35.tif,0.7116060961313013,0.853908671130845,0.5290477141145938,628,832
test,SAW,SAW_S2A_42SXF_20200910_0_L2A_103.tif,0.495260663507109,0.7460000716773226,0.5832610043397397,361,270
test,SAW,SAW_S2A_42SYE_20200910_0_L2A_150.tif,0.33124346917450365,0.6607151889487108,0.20202020202020204,425,849
test,SAW,SAW_S2A_42SYE_20200910_1_L2A_71.tif,0.565947242206235,0.7801917447967115,0.4971152556017711,511,795
test,SAW,SAW_S2A_42SYF_20200920_1_L2A_77.tif,0.0,0.499176025390625,0.0,108,0
test,SAW,SAW_S2A_42SYF_20200920_1_L2A_82.tif,0.16040100250626566,0.5776421557008357,0.0,399,64
test,SAW,SAW_S2A_43SBA_20200920_1_L2A_35.tif,0.0,0.49942779541015625,0.0,75,0
test,SAW,SAW_S2A_43SBV_20200920_1_L2A_119.tif,0.9763427109974424,0.9875791849536042,0.9956140350877193,3078,3104
test,SAW,SAW_S2A_43SBV_20200920_1_L2A_26.tif,0.8674907292954265,0.9294246655972997,0.7920949876484182,3559,3995
test,SAW,SAW_S2A_43SBV_20200920_1_L2A_75.tif,0.11290322580645161,0.5543524083109295,0.24076884167931206,293,52
test,SAW,SAW_S2A_43SCA_20200920_1_L2A_56.tif,0.011904761904761904,0.505319131543668,0.27777777777777773,84,1
test,SAW,SAW_S2A_43SCA_20200920_1_L2A_57.tif,0.8966480446927374,0.9480403452782096,0.9925925925925926,337,342
test,SAW,SAW_S2A_43SDB_20200907_1_L2A_14.tif,0.0,0.34851837158203125,0.0,59,19796
test,SAW,SAW_S2A_43SDB_20200907_1_L2A_56.tif,0.7632508833922261,0.8800766191095023,0.7774308652988403,687,810
test,SAW,SAW_S2A_43SEB_20200904_0_L2A_4.tif,0.8694267515923567,0.9340825095090572,0.9075077399380805,554,620
test,SAW,SAW_S2A_43SET_20200917_0_L2A_2.tif,0.15330188679245282,0.5711621503191386,0.40343347639484983,833,145
test,SAW,SAW_S2A_43SET_20200924_0_L2A_51.tif,0.5548996458087367,0.7745527645328687,0.6997607655502391,808,509
test,SAW,SAW_S2A_43SET_20200924_0_L2A_84.tif,0.40609137055837563,0.7003579249263332,0.4689453384758612,392,439
test,SAW,SAW_S2A_43SET_20200924_1_L2A_43.tif,0.8799149840595112,0.9390843387874981,1.0,830,939
test,SAW,SAW_S2A_43SET_20200924_1_L2A_68.tif,0.0,0.49608612060546875,0.0,513,0
test,SAW,SAW_S2A_43SET_20200924_1_L2A_78.tif,0.0,0.498565673828125,0.0,188,0
test,SAW,SAW_S2A_43SET_20200924_1_L2A_87.tif,0.594059405940594,0.7957738833182509,0.43697478991596644,332,312
test,SAW,SAW_S2A_43SEU_20200924_1_L2A_104.tif,0.6064516129032258,0.8027597449009267,0.6814310051107325,96,153
test,SAW,SAW_S2A_43SEU_20200924_1_L2A_291.tif,0.0,0.49843597412109375,0.0,205,0
test,SAW,SAW_S2A_43SEU_20200924_1_L2A_71.tif,0.9183971447112265,0.9549981548190788,0.6795729537366548,6164,5661
test,SAW,SAW_S2A_43SFR_20200921_0_L2A_21.tif,0.35406360424028266,0.6700048166507787,0.3822199250549167,1033,883
test,SAW,SAW_S2A_43SFS_20200901_1_L2A_24.tif,0.6181102362204725,0.8068188927970878,0.6832398251759091,537,696
test,SAW,SAW_S2A_43SFS_20200924_0_L2A_15.tif,0.16246056782334384,0.577172698289738,0.23346303501945526,103,634
test,SAW,SAW_S2A_43SFT_20200914_1_L2A_33.tif,0.7435897435897436,0.8715656857110508,1.0,94,110
test,SAW,SAW_S2A_43SFT_20200924_1_L2A_23.tif,0.28753623188405797,0.6343200839617091,0.3310181495229203,1433,788
test,SAW,SAW_S2A_43SFT_20200924_1_L2A_8.tif,0.229607250755287,0.6128558710238396,0.1964285714285714,93,314
test,SAW,SAW_S2A_43SFU_20200914_1_L2A_69.tif,0.5880758807588076,0.7928744198111158,0.8133991243310862,304,282
test,SAW,SAW_S2A_43SFU_20200921_1_L2A_47.tif,0.12871287128712872,0.5636849157192629,0.37499999999999994,97,17
test,SAW,SAW_S2A_43SFU_20200924_0_L2A_117.tif,0.6741935483870968,0.8363237400728938,0.8845528455284553,215,304
test,SAW,SAW_S2A_43SGR_20200901_1_L2A_52.tif,0.7366548042704626,0.867191073398399,0.6583850931677019,453,523
test,SAW,SAW_S2A_43SGR_20200911_1_L2A_27.tif,0.0,0.4982757568359375,0.0,226,0
test,SAW,SAW_S2A_43SGR_20200911_1_L2A_43.tif,0.3235294117647059,0.6610623300196522,0.5060240963855421,48,132
test,SAW,SAW_S2A_43SGR_20200911_1_L2A_60.tif,0.39492753623188404,0.6961875365907307,0.43144260830728004,132,253
test,SAW,SAW_S2A_43SGS_20200901_0_L2A_38.tif,0.24423963133640553,0.6208675822641132,0.3853211009174312,214,56
test,SAW,SAW_S2A_43SGS_20200911_3_L2A_31.tif,0.5854063018242123,0.7907854729899485,0.7306047648136835,411,545
test,SAW,SAW_S2A_43SGS_20200921_1_L2A_50.tif,0.43281653746770027,0.7130417559503038,0.4023524640032448,774,335
test,SAW,SAW_S2A_43SGS_20200921_1_L2A_54.tif,0.0,0.495849609375,0.0,48,496
test,SAW,SAW_S2A_43SGT_20200901_0_L2A_6.tif,0.7009345794392523,0.8502228693777432,0.9189189189189189,88,94
test,SAW,SAW_S2A_43SGT_20200911_1_L2A_33.tif,0.4782608695652174,0.7386722866174922,0.6713780918727915,81,89
test,SAW,SAW_S2A_43SGT_20200914_1_L2A_2.tif,0.06484641638225255,0.5303321478556409,0.21301775147928995,101,211
test,SAW,SAW_S2A_43SGU_20200911_1_L2A_15.tif,0.7227586206896551,0.8598334418897731,0.673469387755102,692,557
test,SAW,SAW_S2A_43SGU_20200914_1_L2A_37.tif,0.7853881278538812,0.892334538806079,0.9094678645473393,173,218
test,SAW,SAW_S2A_43SGU_20200921_1_L2A_12.tif,0.0,0.49881744384765625,0.0,155,0
test,SAW,SAW_S2A_43SGV_20200901_1_L2A_22.tif,0.0,0.49761962890625,0.0,156,156
test,SAW,SAW_S2A_43SGV_20200901_1_L2A_26.tif,0.3065326633165829,0.6522124943157943,0.2727272727272727,61,199
test,SAW,SAW_S2A_43SGV_20200901_1_L2A_8.tif,0.0,0.49730682373046875,0.0,253,100
test,SAW,SAW_S2A_43SGV_20200921_1_L2A_55.tif,0.3185840707964602,0.6587042491386881,0.4767726161369193,113,36
test,SAW,SAW_S2A_44RKV_20200901_0_L2A_3.tif,0.5301204819277109,0.7644643480412299,0.7035830618892509,88,166
test,SAW,SAW_S2A_44RMV_20200908_0_L2A_2.tif,0.8429003021148036,0.9210517263673302,0.9642857142857143,315,295
test,SAW,SAW_S2A_44RMV_20200918_0_L2A_43.tif,0.07125603864734299,0.5061603532854441,0.15478749793285929,384,4051
test,SAW,SAW_S2A_44RNU_20200905_1_L2A_46.tif,0.8347540983606557,0.9133764141588958,0.7252747252747253,2694,2902
test,SAW,SAW_S2A_44RNU_20200905_1_L2A_56.tif,0.0,0.49906158447265625,0.0,123,0
test,SAW,SAW_S2A_44RNU_20200905_2_L2A_68.tif,0.3613899613899614,0.6743400904263386,0.4285326823976133,1290,473
test,SAW,SAW_S2A_44RNV_20200908_0_L2A_111.tif,0.21602787456445993,0.6062956979811334,0.0,287,62
test,SAW,SAW_S2A_44RNV_20200908_1_L2A_106.tif,0.5535117056856187,0.7747084638388986,0.6460846452668165,584,345
test,SAW,SAW_S2A_44RNV_20200915_1_L2A_93.tif,0.5781569965870307,0.7843017974633897,0.3448275862068965,847,1465
test,SAW,SAW_S2A_44SKA_20200901_1_L2A_12.tif,0.38317757009345793,0.6905804433105478,0.33333333333333337,135,161
test,SAW,SAW_S2A_44SKA_20200921_1_L2A_13.tif,0.6883923029174426,0.8403002692975156,0.6972108796456503,1418,1302
test,SAW,SAW_S2A_44SKB_20200901_0_L2A_41.tif,0.0,0.348541259765625,0.0,17,19835
test,SAW,SAW_S2A_44SKB_20200901_1_L2A_58.tif,0.6941807676434173,0.8412880848271272,0.6991949809138667,1976,2129
test,SAW,SAW_S2A_44SKB_20200901_1_L2A_89.tif,0.6071428571428571,0.8033194624723219,0.8601959038290293,69,66
test,SAW,SAW_S2A_44SKB_20200911_2_L2A_47.tif,0.8763360303665968,0.9123709741330797,0.5261675245181459,18108,19460
test,SAW,SAW_S2A_44SKB_20200921_1_L2A_85.tif,0.7376681614349776,0.8679369377727129,0.7143495753240947,334,441
test,SAW,SAW_S2A_44SKB_20200921_1_L2A_86.tif,0.5460526315789473,0.7724992200108234,0.8888888888888888,108,127
test,SAW,SAW_S2A_44SKC_20200901_1_L2A_44.tif,0.9647928745483573,0.9785206833984248,0.9415358946179501,11830,11553
test,SAW,SAW_S2A_44SKC_20200921_1_L2A_34.tif,0.11924119241192412,0.5571393771257691,0.0,369,44
test,SAW,SAW_S2A_44SKD_20200901_1_L2A_22.tif,0.8313333333333334,0.9136989894590573,0.7667483005653337,1259,1488
test,SAW,SAW_S2A_44SKD_20200921_1_L2A_37.tif,0.34210526315789475,0.6704800862715287,0.5574912891986062,114,39
test,SAW,SAW_S2A_44SLA_20200911_1_L2A_10.tif,0.812639405204461,0.9023418020497442,0.7579579150441214,2280,2596
test,SAW,SAW_S2A_44SLB_20200911_2_L2A_32.tif,0.631578947368421,0.8147174325178297,0.6202029113365681,331,289
test,SAW,SAW_S2A_44SLB_20200918_1_L2A_12.tif,0.5435897435897435,0.7711147556402027,0.6875852660300137,138,163
test,SAW,SAW_S2A_44SMA_20200918_1_L2A_26.tif,0.0,0.4988250732421875,0.0,154,0
test,SAW,SAW_S2B_42SWE_20200918_1_L2A_37.tif,0.5479674796747968,0.771851805298525,0.43,458,494
test,SAW,SAW_S2B_42SXE_20200905_1_L2A_191.tif,0.4695035460992908,0.7318838948194484,0.4747081712062256,434,602
test,SAW,SAW_S2B_42SXE_20200905_1_L2A_230.tif,0.5804145818441744,0.7856726515302078,0.5210750917122108,958,1253
test,SAW,SAW_S2B_42SXE_20200905_1_L2A_239.tif,0.7616279069767442,0.8772957383389846,0.6033462903498394,1561,1772
test,SAW,SAW_S2B_42SXE_20200905_1_L2A_6.tif,0.7937701396348013,0.895403519745638,0.5933014354066986,824,846
test,SAW,SAW_S2B_42SXE_20200918_1_L2A_64.tif,0.49722222222222223,0.7472264086308871,0.3595330739299611,303,236
test,SAW,SAW_S2B_42SXF_20200905_0_L2A_2.tif,0.6187845303867403,0.8083357977754377,0.7618820157630762,259,327
test,SAW,SAW_S2B_42SXF_20200905_1_L2A_10.tif,0.872431506849315,0.9350610190135721,0.993421052631579,1095,1092
test,SAW,SAW_S2B_42SXF_20200905_1_L2A_60.tif,0.6138613861386139,0.8063344721924036,0.7184145334434353,137,189
test,SAW,SAW_S2B_42SXF_20200915_1_L2A_45.tif,0.9382067851373183,0.9665906646987297,0.8869837224120952,4673,4925
test,SAW,SAW_S2B_42SYE_20200922_1_L2A_29.tif,0.595,0.7950099907777436,0.5503583061889251,590,686
test,SAW,SAW_S2B_42SYE_20200922_1_L2A_41.tif,0.0,0.4994659423828125,0.0,70,0
test,SAW,SAW_S2B_43SBA_20200922_1_L2A_15.tif,0.0,0.49898529052734375,0.0,133,0
test,SAW,SAW_S2B_43SBA_20200922_1_L2A_7.tif,0.14285714285714285,0.57014628529558,0.3575638506876228,184,40
test,SAW,SAW_S2B_43SBV_20200922_0_L2A_146.tif,0.0,0.49863433837890625,0.0,179,0
test,SAW,SAW_S2B_43SBV_20200922_0_L2A_65.tif,0.538659793814433,0.7665810409841229,0.46952224052718294,628,566
test,SAW,SAW_S2B_43SBV_20200922_1_L2A_68.tif,0.9151785714285714,0.9563998528859396,0.9256405662067729,1645,1787
test,SAW,SAW_S2B_43SBV_20200925_1_L2A_65.tif,0.3691420331651045,0.6778427316416074,0.5141962694030175,1381,518
test,SAW,SAW_S2B_43SCA_20200922_0_L2A_125.tif,0.0,0.49958038330078125,0.0,55,0
test,SAW,SAW_S2B_43SCA_20200922_0_L2A_130.tif,0.0,0.49829864501953125,0.0,223,0
test,SAW,SAW_S2B_43SCA_20200922_0_L2A_91.tif,0.8758029978586723,0.9374562150992811,0.9578136861511767,412,464
test,SAW,SAW_S2B_43SCA_20200922_1_L2A_152.tif,0.5533498759305211,0.7752969580837668,0.518092105263158,271,355
test,SAW,SAW_S2B_43SCA_20200922_1_L2A_169.tif,0.8614864864864865,0.9304292161909615,1.0,260,291
test,SAW,SAW_S2B_43SCA_20200922_1_L2A_76.tif,0.8678955453149002,0.9319271276174288,0.8620186512719659,1824,1824
test,SAW,SAW_S2B_43SCA_20200925_0_L2A_54.tif,0.6763925729442971,0.8353709479718938,0.44214538524367,931,965
test,SAW,SAW_S2B_43SCA_20200925_1_L2A_40.tif,0.0,0.4995574951171875,0.0,58,0
test,SAW,SAW_S2B_43SCU_20200922_0_L2A_53.tif,0.6067615658362989,0.8016858676639123,0.3718535469107552,421,482
test,SAW,SAW_S2B_43SCV_20200922_0_L2A_252.tif,0.6357868020304569,0.813446132908494,0.3971424791639106,1368,1210
test,SAW,SAW_S2B_43SCV_20200922_0_L2A_258.tif,0.42213114754098363,0.7099881357804868,0.347682119205298,206,141
test,SAW,SAW_S2B_43SCV_20200922_0_L2A_312.tif,0.6872489959839357,0.8387699777557094,0.4918027187649429,1692,1669
test,SAW,SAW_S2B_43SCV_20200922_0_L2A_398.tif,0.3261455525606469,0.6611618995700888,0.3366336633663366,336,156
test,SAW,SAW_S2B_43SCV_20200922_0_L2A_410.tif,0.48128342245989303,0.7399006422570529,0.4920863309352518,156,121
test,SAW,SAW_S2B_43SCV_20200922_0_L2A_80.tif,0.749867514573397,0.871253215810427,0.5816481294236602,1469,1833
test,SAW,SAW_S2B_43SCV_20200922_1_L2A_107.tif,0.4879518072289157,0.7433266025679374,0.5413105413105412,117,130
test,SAW,SAW_S2B_43SCV_20200922_1_L2A_225.tif,0.7106481481481481,0.8543659112937156,0.6071220081727962,429,310
test,SAW,SAW_S2B_43SDA_20200922_1_L2A_52.tif,0.3475,0.6717544956190651,0.5436802973977696,381,158
test,SAW,SAW_S2B_43SDB_20200922_1_L2A_22.tif,0.6925925925925925,0.8456612444974929,0.7058823529411765,197,260
test,SAW,SAW_S2B_43SDU_20200909_0_L2A_41.tif,0.48668280871670705,0.7417189967667105,0.42857142857142855,201,413
test,SAW,SAW_S2B_43SDU_20200912_1_L2A_82.tif,0.3407821229050279,0.6667765298100463,0.3545583820508769,470,490
test,SAW,SAW_S2B_43SDU_20200922_0_L2A_48.tif,0.6138211382113821,0.8054542733090206,0.8017748024753825,413,381
test,SAW,SAW_S2B_43SDU_20200922_0_L2A_50.tif,0.73087899543379,0.8579523996621113,0.6059673898689535,2616,3449
test,SAW,SAW_S2B_43SDV_20200922_1_L2A_76.tif,0.0,0.49723052978515625,0.0,363,0
test,SAW,SAW_S2B_43SET_20200909_0_L2A_55.tif,0.16442048517520216,0.5798429268182235,0.1722488038277512,371,61
test,SAW,SAW_S2B_43SET_20200909_1_L2A_18.tif,0.0,0.499053955078125,0.0,124,0
test,SAW,SAW_S2B_43SEU_20200919_0_L2A_207.tif,0.8303886925795053,0.9144566338131904,0.9775779151833115,501,535
test,SAW,SAW_S2B_43SEU_20200919_0_L2A_243.tif,0.8196856906534326,0.9081541010397847,0.9100071573596645,1127,1073
test,SAW,SAW_S2B_43SEU_20200919_1_L2A_171.tif,0.6622934888241011,0.8257316944689281,0.6490663659580115,1403,2018
test,SAW,SAW_S2B_43SEU_20200922_1_L2A_104.tif,0.0,0.4929656982421875,0.0,922,0
test,SAW,SAW_S2B_43SEV_20200922_0_L2A_4.tif,0.07142857142857142,0.533630793384285,0.09195402298850575,294,21
test,SAW,SAW_S2B_43SEV_20200922_0_L2A_74.tif,0.6320346320346321,0.8153673695423198,0.6909638554216866,154,223
test,SAW,SAW_S2B_43SEV_20200922_0_L2A_76.tif,0.0,0.49725341796875,0.0,310,50
test,SAW,SAW_S2B_43SFA_20200919_1_L2A_20.tif,0.6037974683544304,0.7994932253313983,0.6155703077851539,768,499
test,SAW,SAW_S2B_43SFR_20200909_0_L2A_1.tif,0.7860326894502229,0.8884751905150831,0.6496819558874494,2438,2370
test,SAW,SAW_S2B_43SFU_20200909_0_L2A_114.tif,0.9109243697478991,0.955054454929647,0.9820359281437125,552,585
test,SAW,SAW_S2B_43SFU_20200909_1_L2A_49.tif,0.7383720930232558,0.867101876937416,0.6041331359042038,764,1030
test,SAW,SAW_S2B_43SFU_20200909_1_L2A_91.tif,0.9205120571598691,0.9581181130075818,0.9489604752113319,3092,3359
test,SAW,SAW_S2B_43SFV_20200919_1_L2A_21.tif,0.6418918918918919,0.8201348787038807,0.6310916179337233,193,293
test,SAW,SAW_S2B_43SFV_20200919_1_L2A_41.tif,0.6046511627906976,0.8020659759955565,0.923076923076923,78,60
test,SAW,SAW_S2B_43SFV_20200919_1_L2A_48.tif,0.22736418511066397,0.6107473448366398,0.38372093023255816,462,148
test,SAW,SAW_S2B_43SFV_20200919_1_L2A_67.tif,0.6925581395348838,0.8411187968428708,0.5897775813816468,2145,1494
test,SAW,SAW_S2B_43SGT_20200909_1_L2A_3.tif,0.6629213483146067,0.8307721691312167,0.6804374240583233,188,256
test,SAW,SAW_S2B_43SGU_20200916_1_L2A_55.tif,0.8053097345132744,0.9021492208720088,0.9426713947990543,301,311
test,SAW,SAW_S2B_43SGV_20200916_1_L2A_47.tif,0.30434782608695654,0.6514410214808923,0.45503791982665226,119,61
test,SAW,SAW_S2B_43SGV_20200919_1_L2A_4.tif,0.0,0.490509033203125,0.0,1244,0
test,SAW,SAW_S2B_43SGV_20200919_1_L2A_48.tif,0.6023166023166023,0.7995791278478632,0.6986211424819435,455,375
test,SAW,SAW_S2B_44RMV_20200913_0_L2A_42.tif,0.7975077881619937,0.8982560386888401,0.9820359281437125,312,265
test,SAW,SAW_S2B_44RNV_20200920_1_L2A_50.tif,0.8634146341463415,0.9314931155094993,1.0,193,189
test,SAW,SAW_S2B_44RNV_20200920_1_L2A_94.tif,0.7069408740359897,0.8525970210421441,0.6750324534833405,324,340
test,SAW,SAW_S2B_44SKA_20200913_1_L2A_42.tif,0.7052561543579507,0.8491926903683792,0.6942528735632184,1126,1437
test,SAW,SAW_S2B_44SKD_20200916_1_L2A_30.tif,0.0,0.49983978271484375,0.0,21,0
test,SAW,SAW_S2B_44SKE_20200916_1_L2A_23.tif,0.0,0.499298095703125,0.0,92,0
test,SAW,SAW_S2B_44SLA_20200913_1_L2A_106.tif,0.800369685767098,0.8993553880197178,0.8837031369548585,450,524
test,SAW,SAW_S2B_44SLA_20200913_1_L2A_123.tif,0.7349785407725322,0.8655849049948303,0.8257853937168502,749,868
test,SAW,SAW_S2B_44SLA_20200923_0_L2A_127.tif,0.6363636363636364,0.8178151372553377,0.8750000000000001,115,101
test,SAW,SAW_S2B_44SLB_20200923_1_L2A_10.tif,0.39285714285714285,0.6952595080546392,0.42516799022602325,169,182
test,SA,SA_S2A_18FWH_20200706_1_L2A_1.tif,0.44932235263601583,0.6522124927136603,0.5919961154048478,7327,15023
test,SA,SA_S2A_18FWJ_20200706_0_L2A_3.tif,0.69352176604085,0.8215028618346327,0.48814857924207405,9240,7177
test,SA,SA_S2A_18FWK_20200706_0_L2A_216.tif,0.0,0.4398956298828125,0.0,642,7236
test,SA,SA_S2A_18FWK_20200706_1_L2A_79.tif,0.912457372116349,0.9307338621383745,0.7605970149253732,23394,24274
test,SA,SA_S2A_18FWL_20200706_0_L2A_68.tif,0.0,0.4796295166015625,0.0,2265,405
test,SA,SA_S2A_18FXF_20200716_2_L2A_132.tif,0.0,0.17702484130859375,0.0,35,42298
test,SA,SA_S2A_18FXF_20200716_2_L2A_167.tif,0.7700295407752216,0.862453559160576,0.5233499975711187,10276,9497
test,SA,SA_S2A_18FXF_20200716_2_L2A_253.tif,0.25791105636494926,0.48205151903408233,0.4063615381704903,6546,23069
test,SA,SA_S2A_18FXF_20200716_2_L2A_320.tif,0.005136427872594847,0.22247119341507993,0.06419866109744235,289,36696
test,SA,SA_S2A_18FXF_20200716_2_L2A_347.tif,0.3799427377543914,0.6238858610092842,0.44259047088537085,5827,12006
test,SA,SA_S2A_18FXF_20200716_2_L2A_78.tif,0.008115737473535639,0.3535645608973797,0.0779874213836478,355,19644
test,SA,SA_S2A_18FXH_20200825_0_L2A_122.tif,0.958273381294964,0.9786850053942268,0.9892979671258129,1347,1375
test,SA,SA_S2A_18FXH_20200825_0_L2A_250.tif,0.0,0.479522705078125,0.0,2684,0
test,SA,SA_S2A_18FXH_20200825_0_L2A_251.tif,0.0,0.49906158447265625,0.0,123,0
test,SA,SA_S2A_18FXH_20200825_0_L2A_254.tif,0.7923076923076923,0.8959475282408664,0.962962962962963,119,114
test,SA,SA_S2A_18FXH_20200825_0_L2A_37.tif,0.5790568654646324,0.780024158157425,0.5513361462728552,1721,2833
test,SA,SA_S2A_18FXH_20200825_0_L2A_63.tif,0.8939316675165732,0.9378062276213505,0.7216433686609258,9342,9228
test,SA,SA_S2A_18FXH_20200825_0_L2A_78.tif,0.0,0.4741973876953125,0.0,3382,0
test,SA,SA_S2A_18FXH_20200825_0_L2A_98.tif,0.0,0.49738311767578125,0.0,343,0
test,SA,SA_S2A_18FXJ_20200825_0_L2A_133.tif,0.0010976948408342481,0.49360599245742026,0.0,911,1
test,SA,SA_S2A_18FXJ_20200825_0_L2A_228.tif,0.920952742455874,0.9530163579736517,0.9133188968469943,10230,10013
test,SA,SA_S2A_18FXJ_20200825_0_L2A_237.tif,0.9497086783195339,0.9735410573967662,0.9596886045367098,3129,3229
test,SA,SA_S2A_18FXJ_20200825_0_L2A_344.tif,0.6689951272702491,0.4647221544230956,0.5548794175298932,58641,39319
test,SA,SA_S2A_18FXJ_20200825_0_L2A_349.tif,0.9258633717054091,0.9442760544915593,0.8347123832592911,20902,22428
test,SA,SA_S2A_18FXJ_20200825_0_L2A_50.tif,0.0,0.497406005859375,0.0,340,0
test,SA,SA_S2A_18FXJ_20200825_0_L2A_8.tif,0.948858620254761,0.9663978577318092,0.8925433279547867,15537,15368
test,SA,SA_S2A_18FXM_20200706_1_L2A_193.tif,0.0,0.498321533203125,0.0,220,0
test,SA,SA_S2A_18FXM_20200706_1_L2A_383.tif,0.8291571753986332,0.913421323164074,0.7964601769911505,878,728
test,SA,SA_S2A_18FXM_20200825_0_L2A_152.tif,0.0,0.495025634765625,0.0,652,0
test,SA,SA_S2A_18FXM_20200825_1_L2A_223.tif,0.0,0.4972686767578125,0.0,358,0
test,SA,SA_S2A_18FXM_20200825_1_L2A_25.tif,0.0,0.49939727783203125,0.0,79,0
test,SA,SA_S2A_18FXM_20200825_1_L2A_316.tif,0.514745308310992,0.7559876761927145,0.4613200851667849,364,201
test,SA,SA_S2A_18FXM_20200825_1_L2A_463.tif,0.5814393939393939,0.7838465241140646,0.2855725623582766,1836,1504
test,SA,SA_S2A_18FXM_20200825_1_L2A_531.tif,0.8325750682438581,0.9148638483231949,0.898905138655798,1018,996
test,SA,SA_S2A_18GWP_20200722_0_L2A_74.tif,0.9877968906201524,0.9890992261999654,0.9656782147255482,28844,28820
test,SA,SA_S2A_18GXN_20200726_0_L2A_140.tif,0.0,0.4979705810546875,0.0,225,41
test,SA,SA_S2A_18GXN_20200726_0_L2A_177.tif,0.8848554913294797,0.9383926778464313,0.9104834308725842,3827,4325
test,SA,SA_S2A_18GXN_20200726_0_L2A_261.tif,0.9391976974275948,0.9544595492423291,0.6619787414208884,21585,21535
test,SA,SA_S2A_18GXN_20200726_0_L2A_76.tif,0.10754604872251931,0.5422819372217906,0.18884892086330932,510,1354
test,SA,SA_S2A_18GXP_20200726_1_L2A_36.tif,0.0,0.49973297119140625,0.0,35,0
test,SA,SA_S2A_18GXP_20200726_1_L2A_54.tif,0.0,0.4940948486328125,0.0,774,0
test,SA,SA_S2A_18GXP_20200818_0_L2A_109.tif,0.8556556556556556,0.9219432664357741,0.7221934621575069,4566,4703
test,SA,SA_S2A_18GXP_20200818_0_L2A_120.tif,0.0,0.495819091796875,0.0,440,108
test,SA,SA_S2A_18GXP_20200818_0_L2A_129.tif,0.0,0.4968414306640625,0.0,414,0
test,SA,SA_S2A_18GXP_20200818_0_L2A_156.tif,0.6682607601308834,0.8122461440212083,0.503409312293006,7608,5648
test,SA,SA_S2A_18GXP_20200818_0_L2A_166.tif,0.9015256588072122,0.950215716004722,0.931899641577061,693,678
test,SA,SA_S2A_18GXP_20200818_0_L2A_176.tif,0.5093914350112697,0.7228254760792017,0.45898205683166937,6836,5218
test,SA,SA_S2A_18GXP_20200818_0_L2A_200.tif,0.0,0.49877166748046875,0.0,161,0
test,SA,SA_S2A_18GXP_20200818_0_L2A_250.tif,0.5541795665634675,0.7726467101561552,0.05340114431023522,1292,716
test,SA,SA_S2A_18GXP_20200818_0_L2A_307.tif,0.0,0.49866485595703125,0.0,175,0
test,SA,SA_S2A_18GXP_20200818_0_L2A_330.tif,0.8850060459492141,0.9343353056411821,0.7511014980373307,7357,8232
test,SA,SA_S2A_18GXP_20200818_0_L2A_349.tif,0.0,0.49953460693359375,0.0,61,0
test,SA,SA_S2A_18GXP_20200818_0_L2A_391.tif,0.7711340206185567,0.8847152869122065,0.8256932125851928,442,417
test,SA,SA_S2A_18GYQ_20200818_0_L2A_3.tif,0.6484490398818316,0.8205436142525245,0.5952352871800921,1209,1023
test,SA,SA_S2A_18GYQ_20200818_0_L2A_31.tif,0.0,0.49912261962890625,0.0,115,0
test,SA,SA_S2A_18GYQ_20200818_0_L2A_81.tif,0.0,0.4995880126953125,0.0,54,0
test,SA,SA_S2A_18GYT_20200821_0_L2A_31.tif,0.0,0.49817657470703125,0.0,239,0
test,SA,SA_S2A_18GYT_20200821_1_L2A_3.tif,0.0,0.4943084716796875,0.0,746,0
test,SA,SA_S2A_18GYU_20200729_0_L2A_205.tif,0.0,0.49687957763671875,0.0,409,0
test,SA,SA_S2A_18GYU_20200821_0_L2A_134.tif,0.4426713947990544,0.7066100657433231,0.45884543761638724,3324,1558
test,SA,SA_S2A_18GYU_20200821_0_L2A_9.tif,0.36859781696053734,0.6726684837841754,0.43117230988155525,2363,897
test,SA,SA_S2A_18GYV_20200729_1_L2A_35.tif,0.7758051197357556,0.8836375143897686,0.7255092143549952,1994,2307
test,SA,SA_S2A_19FCV_20200720_1_L2A_161.tif,0.03156812842599843,0.3633207025757922,0.19686568388808356,1176,19901
test,SA,SA_S2A_19FCV_20200720_1_L2A_230.tif,0.7302904564315352,0.8636454128084332,0.6076714613299978,665,586
test,SA,SA_S2A_19FCV_20200720_1_L2A_34.tif,0.11388888888888889,0.5447373758246468,0.0,1270,735
test,SA,SA_S2A_19FCV_20200720_1_L2A_8.tif,0.0,0.49610137939453125,0.0,511,0
test,SA,SA_S2A_19FCV_20200720_1_L2A_93.tif,0.47641734159123394,0.7296940433008854,0.34657039711191334,2085,1014
test,SA,SA_S2A_19FDU_20200720_0_L2A_48.tif,0.0,0.4979095458984375,0.0,274,0
test,SA,SA_S2A_19FDU_20200720_0_L2A_53.tif,0.0,0.4977264404296875,0.0,298,0
test,SA,SA_S2A_19FDU_20200720_1_L2A_64.tif,0.3,0.6426913155631986,0.4185204959364062,1332,436
test,SA,SA_S2A_19FDV_20200720_1_L2A_117.tif,0.6448243114909782,0.8195288894827881,0.5996131528046421,974,758
test,SA,SA_S2A_19FDV_20200720_1_L2A_131.tif,0.23628691983122363,0.6167613585106027,0.30379746835443044,223,70
test,SA,SA_S2A_19FDV_20200720_1_L2A_161.tif,0.2191256830601093,0.5985933166970155,0.09495548961424331,1609,622
test,SA,SA_S2A_19FDV_20200720_1_L2A_213.tif,0.0,0.4886016845703125,0.0,1494,0
test,SA,SA_S2A_19FDV_20200720_1_L2A_225.tif,0.0,0.4965667724609375,0.0,450,0
test,SA,SA_S2A_19FDV_20200720_1_L2A_274.tif,0.6397379912663755,0.8066913449287825,0.60387318808878,4514,2996
test,SA,SA_S2A_19FDV_20200720_1_L2A_352.tif,0.0,0.41493988037109375,0.0,133,11016
test,SA,SA_S2A_19FDV_20200720_1_L2A_359.tif,0.0,0.34023284912109375,0.0,36,20905
test,SA,SA_S2A_19FDV_20200720_1_L2A_380.tif,0.0,0.4990234375,0.0,128,0
test,SA,SA_S2A_19FDV_20200720_1_L2A_410.tif,0.0,0.47054290771484375,0.0,3834,27
test,SA,SA_S2A_19FDV_20200720_1_L2A_413.tif,0.3869625520110957,0.6900946661399395,0.3762112863385902,710,290
test,SA,SA_S2A_19FDV_20200720_1_L2A_458.tif,0.0,0.48987579345703125,0.0,1327,0
test,SA,SA_S2A_19FDV_20200720_1_L2A_86.tif,0.0,0.446258544921875,0.0,247,6797
test,SA,SA_S2A_19FEV_20200717_1_L2A_7.tif,0.0,0.49472808837890625,0.0,691,0
test,SA,SA_S2A_19FEV_20200720_1_L2A_112.tif,0.0,0.4990081787109375,0.0,130,0
test,SA,SA_S2A_19FEV_20200720_1_L2A_147.tif,0.7254487856388595,0.8607197358470786,0.6950549450549451,742,892
test,SA,SA_S2A_19FEV_20200720_1_L2A_153.tif,0.0,0.498870849609375,0.0,148,0
test,SA,SA_S2A_19FEV_20200720_1_L2A_180.tif,0.0,0.49567413330078125,0.0,567,0
test,SA,SA_S2A_19FEV_20200720_1_L2A_211.tif,0.0,0.46546173095703125,0.0,1721,2806
test,SA,SA_S2A_19FEV_20200720_1_L2A_91.tif,0.0,0.4942779541015625,0.0,750,0
test,SA,SA_S2A_19GBP_20200729_1_L2A_157.tif,0.49012567324955114,0.7406929335627661,0.34951048951048946,940,720
test,SA,SA_S2A_19GBP_20200729_1_L2A_184.tif,0.0,0.4946441650390625,0.0,48,654
test,SA,SA_S2A_19GBP_20200729_1_L2A_236.tif,0.0,0.49898529052734375,0.0,133,0
test,SA,SA_S2A_19GBP_20200729_1_L2A_256.tif,0.0,0.49810791015625,0.0,248,0
test,SA,SA_S2A_19GBP_20200729_1_L2A_271.tif,0.9767202003830853,0.987019003208162,0.9767955801104972,6774,6642
test,SA,SA_S2A_19GBP_20200729_1_L2A_44.tif,0.7477295660948536,0.8719356218467169,0.6818071998067166,983,749
test,SA,SA_S2A_19GBP_20200729_1_L2A_79.tif,0.43039443155452434,0.7114298559982397,0.45986984815618226,746,487
test,SA,SA_S2A_19GBP_20200821_0_L2A_126.tif,0.0,0.49088287353515625,0.0,1195,0
test,SA,SA_S2A_19GBP_20200821_1_L2A_155.tif,0.0,0.49810791015625,0.0,240,8
test,SA,SA_S2A_19GBP_20200821_1_L2A_91.tif,0.9223173140223832,0.9602387224980552,0.9641572285143238,1431,1489
test,SA,SA_S2A_19HBS_20200729_1_L2A_15.tif,0.0,0.49141693115234375,0.0,672,453
test,SA,SA_S2A_19HBS_20200729_1_L2A_4.tif,0.0,0.49436187744140625,0.0,739,0
test,SA,SA_S2A_19HCB_20200722_1_L2A_104.tif,0.0,0.4977264404296875,0.0,298,0
test,SA,SA_S2A_19HCB_20200722_1_L2A_95.tif,0.0,0.49930572509765625,0.0,91,0
test,SA,SA_S2A_19HCB_20200722_1_L2A_97.tif,0.0,0.49770355224609375,0.0,301,0
test,SA,SA_S2A_19HCB_20200729_1_L2A_45.tif,0.0,0.4996185302734375,0.0,50,0
test,SA,SA_S2A_19HCB_20200821_1_L2A_82.tif,0.0,0.48787689208984375,0.0,1589,0
test,SA,SA_S2A_19HCD_20200821_1_L2A_21.tif,0.49814126394052044,0.7298228023016714,0.4051724137931034,2433,4821
test,SA,SA_S2A_19HDD_20200808_1_L2A_18.tif,0.0,0.499114990234375,0.0,116,0
test,SA,SA_S2A_19HDE_20200811_1_L2A_7.tif,0.0,0.49677276611328125,0.0,423,0
test,SA,SA_S2B_18FWJ_20200701_1_L2A_26.tif,0.7143783783783784,0.8465756784551617,0.3867987081042928,3801,4128
test,SA,SA_S2B_18FWJ_20200701_1_L2A_62.tif,0.0,0.2876739501953125,0.0,179,27651
test,SA,SA_S2B_18FWL_20200714_0_L2A_17.tif,0.0,0.45520782470703125,0.0,311,5560
test,SA,SA_S2B_18FWL_20200714_0_L2A_22.tif,0.7782035561005518,0.8771349906406264,0.4986694205028399,6311,5290
test,SA,SA_S2B_18FWL_20200714_0_L2A_237.tif,0.0016148566814695195,0.48193878401429885,0.03669724770642201,2477,4
test,SA,SA_S2B_18FWL_20200714_0_L2A_307.tif,0.9525203392019285,0.963555138270334,0.7667267807912304,22951,22408
test,SA,SA_S2B_18FWL_20200714_1_L2A_140.tif,0.0,0.49329376220703125,0.0,879,0
test,SA,SA_S2B_18FWL_20200714_1_L2A_53.tif,0.7732962447844228,0.8841180093908454,0.5917602996254682,1431,1119
test,SA,SA_S2B_18FWL_20200714_1_L2A_87.tif,0.8738604540308645,0.9161222852029691,0.7403808529192981,16654,14795
test,SA,SA_S2B_18FWL_20200714_3_L2A_139.tif,0.3780858978694623,0.6599908162333094,0.3692762186115214,2410,5740
test,SA,SA_S2B_18FWL_20200714_3_L2A_235.tif,0.6361267911419887,0.7737607134436197,0.3720961766628732,12102,10506
test,SA,SA_S2B_18FWM_20200714_1_L2A_148.tif,0.7766877124817873,0.868366449219691,0.6985520754130796,10273,8018
test,SA,SA_S2B_18FWM_20200714_1_L2A_152.tif,0.8863518422418267,0.9414603730855684,0.8762886597938144,1887,1748
test,SA,SA_S2B_18FWM_20200714_1_L2A_18.tif,0.8628450106157113,0.9288793584194707,0.7865853658536586,2335,2052
test,SA,SA_S2B_18FWM_20200714_1_L2A_62.tif,0.0,0.49875640869140625,0.0,163,0
test,SA,SA_S2B_18FXG_20200704_1_L2A_30.tif,0.0,0.49897003173828125,0.0,135,0
test,SA,SA_S2B_18FXJ_20200714_0_L2A_128.tif,0.46774088893695254,0.45364953806902286,0.7636881701617136,46136,21725
test,SA,SA_S2B_18FXK_20200714_0_L2A_122.tif,0.0,0.490203857421875,0.0,1284,0
test,SA,SA_S2B_18FXK_20200714_0_L2A_49.tif,0.0,0.485076904296875,0.0,632,1324
test,SA,SA_S2B_18FXK_20200714_1_L2A_41.tif,0.0,0.49634552001953125,0.0,479,0
test,SA,SA_S2B_18FXK_20200820_0_L2A_110.tif,0.3285340314136126,0.6603380886944757,0.2167238576846668,614,401
test,SA,SA_S2B_18FXK_20200820_0_L2A_99.tif,0.9753216555572779,0.9759813959037673,0.9189404708248101,32086,31628
test,SA,SA_S2B_18FXL_20200714_1_L2A_102.tif,0.0,0.49716949462890625,0.0,371,0
test,SA,SA_S2B_18FXL_20200714_1_L2A_128.tif,0.0,0.18618011474609375,0.0,80,41053
test,SA,SA_S2B_18FXL_20200714_1_L2A_18.tif,0.0,0.49944305419921875,0.0,73,0
test,SA,SA_S2B_18FXL_20200714_2_L2A_31.tif,0.0,0.4990386962890625,0.0,126,0
test,SA,SA_S2B_18FXL_20200714_2_L2A_66.tif,0.3220166700548892,0.6075354001890659,0.5593254140293072,3298,9708
test,SA,SA_S2B_18FXL_20200714_3_L2A_3.tif,0.0,0.49790191650390625,0.0,275,0
test,SA,SA_S2B_18FXL_20200714_3_L2A_76.tif,0.0,0.4972686767578125,0.0,173,185
test,SA,SA_S2B_18FXM_20200714_0_L2A_258.tif,0.2820292347377472,0.6346120287294429,0.15311981625622048,1161,330
test,SA,SA_S2B_18FXM_20200714_0_L2A_328.tif,0.7010512483574245,0.8433491944130898,0.46096423017107313,2498,2680
test,SA,SA_S2B_18FXM_20200714_0_L2A_33.tif,0.7692307692307693,0.8816273368066196,0.608198595459742,1435,1509
test,SA,SA_S2B_18FXM_20200714_0_L2A_36.tif,0.0,0.47681427001953125,0.0,3039,0
test,SA,SA_S2B_18FXM_20200714_0_L2A_509.tif,0.7695530726256983,0.8835070125766022,0.8441610946975587,578,689
test,SA,SA_S2B_18FXM_20200714_1_L2A_180.tif,0.5151515151515151,0.7545040799790381,0.49056091267146545,479,771
test,SA,SA_S2B_18FXM_20200714_1_L2A_263.tif,0.0,0.49755096435546875,0.0,321,0
test,SA,SA_S2B_18FXM_20200714_1_L2A_3.tif,0.0,0.49854278564453125,0.0,191,0
test,SA,SA_S2B_18FXM_20200714_1_L2A_397.tif,0.6183804987391426,0.7984368820339115,0.411663807890223,3429,2347
test,SA,SA_S2B_18FXM_20200714_1_L2A_435.tif,0.0,0.49737548828125,0.0,45,299
test,SA,SA_S2B_18FXM_20200714_1_L2A_80.tif,0.9672678690714763,0.982432797132156,0.9901108669349862,4373,4462
test,SA,SA_S2B_18GWN_20200704_0_L2A_150.tif,0.0,0.49759674072265625,0.0,84,231
test,SA,SA_S2B_18GWN_20200704_0_L2A_24.tif,0.7005430566330488,0.8472854376198216,0.48504354411207873,1059,1133
test,SA,SA_S2B_18GWN_20200704_0_L2A_254.tif,0.0,0.49910736083984375,0.0,92,25
test,SA,SA_S2B_18GWN_20200704_1_L2A_158.tif,0.0,0.49999237060546875,0.0,1,0
test,SA,SA_S2B_18GWN_20200704_1_L2A_181.tif,0.5227963525835866,0.7601972093987023,0.5611510791366905,329,172
test,SA,SA_S2B_18GWN_20200704_1_L2A_247.tif,0.9158415841584159,0.9567230654113932,0.9076517150395779,1683,1800
test,SA,SA_S2B_18GWN_20200704_1_L2A_70.tif,0.6388951268807546,0.7600635616677205,0.4529808498741963,12358,16834
test,SA,SA_S2B_18GWN_20200727_0_L2A_2.tif,0.0,0.49401092529296875,0.0,455,330
test,SA,SA_S2B_18GWN_20200727_0_L2A_81.tif,0.7465958153437396,0.8607979076718698,0.535861332791135,5589,4929
test,SA,SA_S2B_18GWP_20200704_0_L2A_137.tif,0.15537383177570094,0.5554421309515388,0.24641988651715754,2685,1271
test,SA,SA_S2B_18GWP_20200704_0_L2A_145.tif,0.0,0.499969482421875,0.0,4,0
test,SA,SA_S2B_18GWP_20200704_0_L2A_2.tif,0.50862812769629,0.7454649876015829,0.36666666666666664,1711,1786
test,SA,SA_S2B_18GWP_20200704_0_L2A_92.tif,0.83617941712204,0.9057252535765723,0.730125813378183,8408,7721
test,SA,SA_S2B_18GYN_20200714_0_L2A_116.tif,0.0,0.49660491943359375,0.0,445,0
test,SA,SA_S2B_18GYN_20200714_1_L2A_11.tif,0.9628734545199817,0.9675058559234158,0.8740105117480468,27736,28306
test,SA,SA_S2B_18GYP_20200810_0_L2A_49.tif,0.8572050500653026,0.9260225700245496,0.8027598102630444,2170,2096
test,SA,SA_S2B_18GYP_20200810_0_L2A_90.tif,0.1887366818873668,0.5902941649515108,0.2510460251046025,648,133
test,SA,SA_S2B_18GYP_20200820_0_L2A_24.tif,0.0,0.49993896484375,0.0,8,0
test,SA,SA_S2B_18GYP_20200820_0_L2A_32.tif,0.0,0.49974822998046875,0.0,33,0
test,SA,SA_S2B_18GYP_20200820_1_L2A_43.tif,0.1092896174863388,0.5484173498520392,0.09722222222222222,912,103
test,SA,SA_S2B_18GYQ_20200820_0_L2A_36.tif,0.9603696098562629,0.9719418733487345,0.8787545289295032,18957,19231
test,SA,SA_S2B_18GYS_20200727_0_L2A_8.tif,0.0,0.49571990966796875,0.0,561,0
test,SA,SA_S2B_19FDU_20200718_0_L2A_3.tif,0.011164117444548271,0.35165227875320404,0.05671077504725898,1594,18966
test,SA,SA_S2B_19HCA_20200714_1_L2A_30.tif,0.7767369242779079,0.8861528162704362,0.6248671625929861,1281,995
test,SA,SA_S2B_19HCB_20200714_1_L2A_69.tif,0.0,0.49852752685546875,0.0,193,0
test,SA,SA_S2B_19HCB_20200803_1_L2A_9.tif,0.0,0.49822998046875,0.0,152,80
test,SA,SA_S2B_19HCC_20200724_1_L2A_38.tif,0.0,0.49969482421875,0.0,40,0
test,SA,SA_S2B_19HCC_20200823_1_L2A_27.tif,0.9464081690945444,0.9539747935072763,0.7246430624760444,27448,27067
test,SA,SA_S2B_19HCD_20200803_1_L2A_8.tif,0.0,0.49640655517578125,0.0,471,0
test,SA,SA_S2B_19HCD_20200813_1_L2A_15.tif,0.0,0.498046875,0.0,256,0
test,SA,SA_S2B_19HCV_20200714_1_L2A_24.tif,0.8372043010752688,0.9124619561927777,0.611819674201288,4426,4117
test,SA,SA_S2B_19HCV_20200806_1_L2A_5.tif,0.5849630595393307,0.7850426763657083,0.4497163239413018,1913,1734
test,SA,SA_S2B_19HDD_20200724_1_L2A_14.tif,0.0,0.49892425537109375,0.0,141,0
test,SA,SA_S2B_19HDD_20200803_1_L2A_1.tif,0.0,0.4958038330078125,0.0,126,424
test,SA,SA_S2B_19HDD_20200803_1_L2A_10.tif,0.0,0.49950408935546875,0.0,65,0
test,SC,SC_S2A_32VLP_20200725_0_L2A_371.tif,0.0,0.49959564208984375,0.0,53,0
test,SC,SC_S2A_32VLP_20200725_0_L2A_477.tif,0.9402859545836838,0.9695918890866819,0.9820732657833203,1189,1118
test,SC,SC_S2A_32VLP_20200725_1_L2A_95.tif,0.9085872576177285,0.9521954599380607,0.9554047738005061,2723,2789
test,SC,SC_S2A_32VMP_20200725_0_L2A_300.tif,0.9531478770131772,0.9763273483856053,1.0,658,676
test,SC,SC_S2A_32VMQ_20200801_1_L2A_453.tif,0.8520055325034578,0.925178675062573,0.8929004854368933,625,714
test,SC,SC_S2B_32VLM_20200724_0_L2A_237.tif,0.014948360210183004,0.42431039188095543,0.16566265060240962,260,10943
test,SC,SC_S2B_32VLM_20200724_1_L2A_147.tif,0.0,0.4933624267578125,0.0,170,700
test,SC,SC_S2B_32VLM_20200816_1_L2A_170.tif,0.7297429620563035,0.8560472463546644,0.8048878493209205,3698,3368
test,SC,SC_S2B_32VLN_20200809_1_L2A_44.tif,0.7529162248144221,0.870946015760206,0.8235738571968266,2303,2656
test,SC,SC_S2B_32VLN_20200816_0_L2A_6.tif,0.0,0.49440765380859375,0.0,44,689
test,SC,SC_S2B_32VLP_20200809_0_L2A_88.tif,0.9073617470940472,0.9515922458468965,0.8953968829285973,2683,2732
test,SC,SC_S2B_32VLP_20200809_1_L2A_36.tif,0.172091350476533,0.5136807700168022,0.23665186241773917,1980,11056
test,SC,SC_S2B_32VLP_20200809_2_L2A_378.tif,0.0,0.4999847412109375,0.0,2,0
test,SC,SC_S2B_32VLP_20200809_3_L2A_142.tif,0.8246130030959752,0.9028976091897023,0.7579447485998363,5835,5952
test,SC,SC_S2B_32VLP_20200812_0_L2A_48.tif,0.8200242508227957,0.9014679985734648,0.6821834026223217,5198,5309
test,SC,SC_S2B_32VMP_20200724_1_L2A_570.tif,0.6694444444444444,0.8310364141320283,0.7371059520320192,1210,1194
test,SC,SC_S2B_32VMP_20200809_0_L2A_149.tif,0.7303030303030303,0.8616928404845583,0.8134318317240848,1410,1445
test,SEE,SEE_S2A_44RLV_20200918_0_L2A_29.tif,0.0,0.49752044677734375,0.0,325,0
test,SEE,SEE_S2A_44RMU_20200928_1_L2A_5.tif,0.0,0.4990081787109375,0.0,130,0
test,SEE,SEE_S2A_45RUM_20200929_1_L2A_158.tif,0.8650159744408946,0.9311969543748079,0.8399999999999999,1135,1200
test,SEE,SEE_S2A_45RUM_20200929_1_L2A_166.tif,0.6483103879849812,0.821994253945119,0.8245621066976632,575,742
test,SEE,SEE_S2A_45RUM_20200929_1_L2A_88.tif,0.9167070217917676,0.9570022232444532,0.947320676472494,1918,2040
test,SEE,SEE_S2A_45RVM_20200830_0_L2A_128.tif,0.0,0.49832916259765625,0.0,219,0
test,SEE,SEE_S2A_45RVM_20200830_0_L2A_142.tif,0.6946107784431138,0.8469156001662221,0.8036769533814839,129,154
test,SEE,SEE_S2A_45RVM_20200830_0_L2A_194.tif,0.7523029682702149,0.8742842290001558,0.7269422989550204,874,838
test,SEE,SEE_S2A_45RVM_20200929_0_L2A_15.tif,0.5995423340961098,0.7984306639380877,0.6660682226211849,381,318
test,SEE,SEE_S2A_45RVM_20200929_0_L2A_84.tif,0.8190045248868778,0.9085790861013713,0.9540495867768595,555,651
test,SEE,SEE_S2A_45RWM_20200830_1_L2A_193.tif,0.13584905660377358,0.562674482449958,0.29295532646048106,251,652
test,SEE,SEE_S2B_44RNU_20200831_1_L2A_143.tif,0.8792613636363636,0.9376284518836665,0.8530867283179204,1892,2077
test,SEE,SEE_S2B_44RPT_20200831_0_L2A_125.tif,0.6984126984126984,0.8484791154504547,0.7513593672763222,221,314
test,SEE,SEE_S2B_44RPT_20200831_0_L2A_2.tif,0.7368941641938674,0.8663943278563756,0.8,758,998
test,SEE,SEE_S2B_44RPT_20200831_0_L2A_96.tif,0.8980322003577818,0.9481328174664381,0.9820300230103365,1065,1057
test,SEE,SEE_S2B_44RPU_20200831_1_L2A_32.tif,0.8421052631578947,0.9136967863972727,0.621014443768449,4815,5615
test,SEE,SEE_S2B_44RQT_20200818_1_L2A_29.tif,0.6448598130841121,0.821557399692112,0.729279328992385,235,293
test,SEE,SEE_S2B_45RTN_20200818_1_L2A_10.tif,0.7691326530612245,0.8831725822095429,0.7566741278593656,713,674
test,SV,SV_S2A_33XVG_20200825_0_L2A_60.tif,0.016245170354759395,0.42240851806287494,0.12000000000000001,218,11355
test,SV,SV_S2A_33XWF_20200801_3_L2A_17.tif,0.0,0.46344757080078125,0.0,63,4728
test,SV,SV_S2A_33XWG_20200801_0_L2A_54.tif,0.6970588235294117,0.8477407319993189,0.7944732297063902,332,245
test,SV,SV_S2A_33XXH_20200826_0_L2A_27.tif,0.0,0.49069976806640625,0.0,1219,0
test,SV,SV_S2A_33XXK_20200801_0_L2A_133.tif,0.8417596848325674,0.9106897399233026,0.9158438407862765,6605,7420
test,SV,SV_S2A_33XXK_20200801_1_L2A_145.tif,0.016171493042497178,0.4280416855702664,0.13597733711048157,261,10547
test,SV,SV_S2A_35XMK_20200801_1_L2A_1.tif,0.8206521739130435,0.9082741033723905,0.9519970354034293,1290,1390
test,SV,SV_S2B_33XVG_20200825_1_L2A_11.tif,0.7327478042659975,0.8613648089434842,0.6535664552065604,1807,2336
test,SV,SV_S2B_33XWF_20200801_1_L2A_67.tif,0.4174757281553398,0.7036658569461205,0.58828915060968,692,914
test,SV,SV_S2B_33XWJ_20200802_3_L2A_4.tif,0.08156028368794327,0.5388034349308399,0.34632034632034625,246,59
test,WC,WC_S2A_10UCC_20200801_1_L2A_50.tif,0.09072375127421,0.538547201167687,0.26136363636363635,948,122
test,WC,WC_S2A_10UDA_20200729_0_L2A_166.tif,0.828158844765343,0.9122312806193268,0.6802349405818877,1363,1169
test,WC,WC_S2A_10UDA_20200729_0_L2A_352.tif,0.8846153846153846,0.9414966435057273,0.9568208778173192,843,872
test,WC,WC_S2A_10UDA_20200729_0_L2A_56.tif,0.928517682468021,0.9635201394828985,0.9923076923076923,1260,1303
test,WC,WC_S2A_10UDA_20200729_1_L2A_433.tif,0.0,0.49935150146484375,0.0,85,0
test,WC,WC_S2A_10UDB_20200729_1_L2A_35.tif,0.15246636771300448,0.5675544353106136,0.2311111111111111,246,1296
test,WC,WC_S2A_10UDB_20200729_1_L2A_88.tif,0.7889125799573561,0.8936966914150098,0.8656224237427865,469,370
test,WC,WC_S2A_10UEA_20200729_0_L2A_371.tif,0.8138248847926267,0.9053502565735364,0.89738996224127,1028,940
test,WC,WC_S2A_10UEA_20200729_1_L2A_253.tif,0.24011039558417663,0.613728120044099,0.42293233082706766,338,1010
test,WC,WC_S2A_10UEA_20200729_1_L2A_376.tif,0.11363636363636363,0.5538404461189483,0.1444991789819376,291,199
test,WC,WC_S2A_10UEA_20200729_1_L2A_379.tif,0.6003898635477583,0.7970371991799173,0.717245776219318,1009,633
test,WC,WC_S2A_10UEA_20200828_0_L2A_121.tif,0.6571428571428571,0.8282964808878628,0.8647156267255659,103,71
test,WC,WC_S2A_10UEV_20200828_0_L2A_87.tif,0.357849196538937,0.6709269998582118,0.1965942454492073,1618,579
test,WC,WC_S2A_9UWB_20200731_1_L2A_28.tif,0.20647773279352227,0.6002434817343533,0.3897435897435897,211,385
test,WC,WC_S2A_9UWB_20200731_1_L2A_64.tif,0.0199203187250996,0.5080831851060911,0.0,251,5
test,WC,WC_S2A_9UXU_20200725_1_L2A_176.tif,0.0,0.499176025390625,0.0,108,0
test,WC,WC_S2A_9UXU_20200725_1_L2A_202.tif,0.0,0.4998931884765625,0.0,14,0
test,WC,WC_S2A_9UXV_20200725_1_L2A_130.tif,0.8272727272727273,0.9134912035782996,1.0,102,99
test,WC,WC_S2A_9UYS_20200725_0_L2A_241.tif,0.4163197335553705,0.7027705439411024,0.4064721004082867,1082,619
test,WC,WC_S2A_9UYS_20200725_1_L2A_106.tif,0.115,0.5561491230748096,0.31832797427652737,200,23
test,WC,WC_S2A_9UYS_20200804_0_L2A_109.tif,0.8505747126436781,0.925188062074795,1.0,82,79
test,WC,WC_S2A_9UYS_20200804_1_L2A_240.tif,0.0,0.4982452392578125,0.0,230,0
test,WC,WC_S2B_10UCB_20200720_1_L2A_128.tif,0.8579561628237973,0.924987486101448,0.8746471616924627,3084,3443
test,WC,WC_S2B_10UCB_20200727_0_L2A_295.tif,0.716030534351145,0.8565859712190969,0.7737029314362812,653,471
test,WC,WC_S2B_10UCC_20200720_1_L2A_3.tif,0.4273255813953488,0.7075963991228761,0.017699115044247784,588,1376
test,WC,WC_S2B_10UCC_20200727_0_L2A_59.tif,0.8432107175295186,0.9097225178967354,0.7067073652563662,8569,7666
test,WC,WC_S2B_10UDA_20200727_1_L2A_206.tif,0.9005681818181818,0.9500157641944832,0.9936305732484078,325,344
test,WC,WC_S2B_10UDA_20200727_1_L2A_372.tif,0.15086206896551724,0.57392724064755,0.46218487394957974,52,215
test,WC,WC_S2B_10UDB_20200727_1_L2A_190.tif,0.5030487804878049,0.7490246202840828,0.6302172591077451,636,350
test,WC,WC_S2B_10UEB_20200813_0_L2A_66.tif,0.4156100309946464,0.6916173193951706,0.48403796376186375,3478,1546
test,WC,WC_S2B_9UWU_20200730_1_L2A_11.tif,0.0,0.499053955078125,0.0,124,0
test,WC,WC_S2B_9UWV_20200730_0_L2A_144.tif,0.9777911164465787,0.9872838072518827,0.9748594063135467,8329,8146
test,WC,WC_S2B_9UWV_20200730_1_L2A_34.tif,0.0,0.4980621337890625,0.0,254,0
test,WC,WC_S2B_9UXU_20200730_0_L2A_48.tif,0.199203187250996,0.5980669144574315,0.4154302670623145,244,57
test,WC,WC_S2B_9UXU_20200730_1_L2A_101.tif,0.0,0.498748779296875,0.0,164,0
test,WC,WC_S2B_9UXV_20200730_0_L2A_75.tif,0.7857142857142857,0.8923978373271042,0.8724388631857237,268,232
test,WC,WC_S2B_9UYR_20200816_0_L2A_70.tif,0.0,0.49996185302734375,0.0,5,0
test,WC,WC_S2B_9UYS_20200730_1_L2A_52.tif,0.9257498171177762,0.9612639253035908,0.9152441013373926,2692,2573
test,WC,WC_S2B_9UYT_20200720_1_L2A_297.tif,0.2222222222222222,0.6083831715078467,0.5078597339782346,431,130
test,WC,WC_S2B_9UYT_20200720_1_L2A_34.tif,0.0,0.49877166748046875,0.0,84,77
test,WC,WC_S2B_9UYT_20200816_0_L2A_19.tif,0.2542372881355932,0.6254382542173513,0.4674457429048414,93,277
test,WC,WC_S2B_9UYT_20200829_0_L2A_223.tif,0.19521008403361345,0.5218532188158829,0.16359014037802586,11900,2323
himalaya,SAW,SAW_S2A_42SWE_20200910_1_L2A_66.tif,0.6530612244897959,0.8254889455782313,0.5487894350696992,288,360
himalaya,SAW,SAW_S2A_42SWE_20200913_0_L2A_29.tif,0.6927374301675978,0.8442505932032147,0.7108424631658481,644,871
himalaya,SAW,SAW_S2A_42SWE_20200913_1_L2A_165.tif,0.0,0.49929046630859375,0.0,93,0
himalaya,SAW,SAW_S2A_42SWE_20200923_0_L2A_9.tif,0.6021505376344086,0.7996577746404236,0.4772727272727273,349,396
himalaya,SAW,SAW_S2A_42SXE_20200910_0_L2A_118.tif,0.3333333333333333,0.6664071999470891,0.7727272727272727,51,17
himalaya,SAW,SAW_S2A_42SXE_20200910_0_L2A_182.tif,0.6856287425149701,0.841200922780273,0.475,539,587
himalaya,SAW,SAW_S2A_42SXE_20200910_0_L2A_228.tif,0.5474452554744526,0.7732490633248281,0.8208317139525845,79,133
himalaya,SAW,SAW_S2A_42SXE_20200910_0_L2A_279.tif,0.6224595246296935,0.8026308513010225,0.447715438051029,2274,2436
himalaya,SAW,SAW_S2A_42SXE_20200910_1_L2A_218.tif,0.03415559772296015,0.5131933701548651,0.15680684248039914,527,18
himalaya,SAW,SAW_S2A_42SXE_20200910_1_L2A_372.tif,0.0,0.49932098388671875,0.0,89,0
himalaya,SAW,SAW_S2A_42SXE_20200920_1_L2A_164.tif,0.5960264900662252,0.797079895378911,0.5675675675675675,283,199
himalaya,SAW,SAW_S2A_42SXE_20200920_1_L2A_185.tif,0.0,0.49854278564453125,0.0,191,0
himalaya,SAW,SAW_S2A_42SXE_20200920_1_L2A_353.tif,0.9337617399901137,0.9647111106116572,0.8662502565907158,3813,4011
himalaya,SAW,SAW_S2A_42SXE_20200920_1_L2A_363.tif,0.48936170212765956,0.7441309556966983,0.6122448979591836,101,109
himalaya,SAW,SAW_S2A_42SXE_20200923_0_L2A_35.tif,0.7116060961313013,0.853908671130845,0.5290477141145938,628,832
himalaya,SAW,SAW_S2A_42SXF_20200910_0_L2A_103.tif,0.495260663507109,0.7460000716773226,0.5832610043397397,361,270
himalaya,SAW,SAW_S2A_42SYE_20200910_0_L2A_150.tif,0.33124346917450365,0.6607151889487108,0.20202020202020204,425,849
himalaya,SAW,SAW_S2A_42SYE_20200910_1_L2A_71.tif,0.565947242206235,0.7801917447967115,0.4971152556017711,511,795
himalaya,SAW,SAW_S2A_42SYF_20200920_1_L2A_77.tif,0.0,0.499176025390625,0.0,108,0
himalaya,SAW,SAW_S2A_42SYF_20200920_1_L2A_82.tif,0.16040100250626566,0.5776421557008357,0.0,399,64
himalaya,SAW,SAW_S2A_43SBA_20200920_1_L2A_35.tif,0.0,0.49942779541015625,0.0,75,0
himalaya,SAW,SAW_S2A_43SBV_20200920_1_L2A_119.tif,0.9763427109974424,0.9875791849536042,0.9956140350877193,3078,3104
himalaya,SAW,SAW_S2A_43SBV_20200920_1_L2A_26.tif,0.8674907292954265,0.9294246655972997,0.7920949876484182,3559,3995
himalaya,SAW,SAW_S2A_43SBV_20200920_1_L2A_75.tif,0.11290322580645161,0.5543524083109295,0.24076884167931206,293,52
himalaya,SAW,SAW_S2A_43SCA_20200920_1_L2A_56.tif,0.011904761904761904,0.505319131543668,0.27777777777777773,84,1
himalaya,SAW,SAW_S2A_43SCA_20200920_1_L2A_57.tif,0.8966480446927374,0.9480403452782096,0.9925925925925926,337,342
himalaya,SAW,SAW_S2A_43SDB_20200907_1_L2A_14.tif,0.0,0.34851837158203125,0.0,59,19796
himalaya,SAW,SAW_S2A_43SDB_20200907_1_L2A_56.tif,0.7632508833922261,0.8800766191095023,0.7774308652988403,687,810
himalaya,SAW,SAW_S2A_43SEB_20200904_0_L2A_4.tif,0.8694267515923567,0.9340825095090572,0.9075077399380805,554,620
himalaya,SAW,SAW_S2A_43SET_20200917_0_L2A_2.tif,0.15330188679245282,0.5711621503191386,0.40343347639484983,833,145
himalaya,SAW,SAW_S2A_43SET_20200924_0_L2A_51.tif,0.5548996458087367,0.7745527645328687,0.6997607655502391,808,509
himalaya,SAW,SAW_S2A_43SET_20200924_0_L2A_84.tif,0.40609137055837563,0.7003579249263332,0.4689453384758612,392,439
himalaya,SAW,SAW_S2A_43SET_20200924_1_L2A_43.tif,0.8799149840595112,0.9390843387874981,1.0,830,939
himalaya,SAW,SAW_S2A_43SET_20200924_1_L2A_68.tif,0.0,0.49608612060546875,0.0,513,0
himalaya,SAW,SAW_S2A_43SET_20200924_1_L2A_78.tif,0.0,0.498565673828125,0.0,188,0
himalaya,SAW,SAW_S2A_43SET_20200924_1_L2A_87.tif,0.594059405940594,0.7957738833182509,0.43697478991596644,332,312
himalaya,SAW,SAW_S2A_43SEU_20200924_1_L2A_104.tif,0.6064516129032258,0.8027597449009267,0.6814310051107325,96,153
himalaya,SAW,SAW_S2A_43SEU_20200924_1_L2A_291.tif,0.0,0.49843597412109375,0.0,205,0
himalaya,SAW,SAW_S2A_43SEU_20200924_1_L2A_71.tif,0.9183971447112265,0.9549981548190788,0.6795729537366548,6164,5661
himalaya,SAW,SAW_S2A_43SFR_20200921_0_L2A_21.tif,0.35406360424028266,0.6700048166507787,0.3822199250549167,1033,883
himalaya,SAW,SAW_S2A_43SFS_20200901_1_L2A_24.tif,0.6181102362204725,0.8068188927970878,0.6832398251759091,537,696
himalaya,SAW,SAW_S2A_43SFS_20200924_0_L2A_15.tif,0.16246056782334384,0.577172698289738,0.23346303501945526,103,634
himalaya,SAW,SAW_S2A_43SFT_20200914_1_L2A_33.tif,0.7435897435897436,0.8715656857110508,1.0,94,110
himalaya,SAW,SAW_S2A_43SFT_20200924_1_L2A_23.tif,0.28753623188405797,0.6343200839617091,0.3310181495229203,1433,788
himalaya,SAW,SAW_S2A_43SFT_20200924_1_L2A_8.tif,0.229607250755287,0.6128558710238396,0.1964285714285714,93,314
himalaya,SAW,SAW_S2A_43SFU_20200914_1_L2A_69.tif,0.5880758807588076,0.7928744198111158,0.8133991243310862,304,282
himalaya,SAW,SAW_S2A_43SFU_20200921_1_L2A_47.tif,0.12871287128712872,0.5636849157192629,0.37499999999999994,97,17
himalaya,SAW,SAW_S2A_43SFU_20200924_0_L2A_117.tif,0.6741935483870968,0.8363237400728938,0.8845528455284553,215,304
himalaya,SAW,SAW_S2A_43SGR_20200901_1_L2A_52.tif,0.7366548042704626,0.867191073398399,0.6583850931677019,453,523
himalaya,SAW,SAW_S2A_43SGR_20200911_1_L2A_27.tif,0.0,0.4982757568359375,0.0,226,0
himalaya,SAW,SAW_S2A_43SGR_20200911_1_L2A_43.tif,0.3235294117647059,0.6610623300196522,0.5060240963855421,48,132
himalaya,SAW,SAW_S2A_43SGR_20200911_1_L2A_60.tif,0.39492753623188404,0.6961875365907307,0.43144260830728004,132,253
himalaya,SAW,SAW_S2A_43SGS_20200901_0_L2A_38.tif,0.24423963133640553,0.6208675822641132,0.3853211009174312,214,56
himalaya,SAW,SAW_S2A_43SGS_20200911_3_L2A_31.tif,0.5854063018242123,0.7907854729899485,0.7306047648136835,411,545
himalaya,SAW,SAW_S2A_43SGS_20200921_1_L2A_50.tif,0.43281653746770027,0.7130417559503038,0.4023524640032448,774,335
himalaya,SAW,SAW_S2A_43SGS_20200921_1_L2A_54.tif,0.0,0.495849609375,0.0,48,496
himalaya,SAW,SAW_S2A_43SGT_20200901_0_L2A_6.tif,0.7009345794392523,0.8502228693777432,0.9189189189189189,88,94
himalaya,SAW,SAW_S2A_43SGT_20200911_1_L2A_33.tif,0.4782608695652174,0.7386722866174922,0.6713780918727915,81,89
himalaya,SAW,SAW_S2A_43SGT_20200914_1_L2A_2.tif,0.06484641638225255,0.5303321478556409,0.21301775147928995,101,211
himalaya,SAW,SAW_S2A_43SGU_20200911_1_L2A_15.tif,0.7227586206896551,0.8598334418897731,0.673469387755102,692,557
himalaya,SAW,SAW_S2A_43SGU_20200914_1_L2A_37.tif,0.7853881278538812,0.892334538806079,0.9094678645473393,173,218
himalaya,SAW,SAW_S2A_43SGU_20200921_1_L2A_12.tif,0.0,0.49881744384765625,0.0,155,0
himalaya,SAW,SAW_S2A_43SGV_20200901_1_L2A_22.tif,0.0,0.49761962890625,0.0,156,156
himalaya,SAW,SAW_S2A_43SGV_20200901_1_L2A_26.tif,0.3065326633165829,0.6522124943157943,0.2727272727272727,61,199
himalaya,SAW,SAW_S2A_43SGV_20200901_1_L2A_8.tif,0.0,0.49730682373046875,0.0,253,100
himalaya,SAW,SAW_S2A_43SGV_20200921_1_L2A_55.tif,0.3185840707964602,0.6587042491386881,0.4767726161369193,113,36
himalaya,SAW,SAW_S2A_44RKV_20200901_0_L2A_3.tif,0.5301204819277109,0.7644643480412299,0.7035830618892509,88,166
himalaya,SAW,SAW_S2A_44RMV_20200908_0_L2A_2.tif,0.8429003021148036,0.9210517263673302,0.9642857142857143,315,295
himalaya,SAW,SAW_S2A_44RMV_20200918_0_L2A_43.tif,0.07125603864734299,0.5061603532854441,0.15478749793285929,384,4051
himalaya,SAW,SAW_S2A_44RNU_20200905_1_L2A_46.tif,0.8347540983606557,0.9133764141588958,0.7252747252747253,2694,2902
himalaya,SAW,SAW_S2A_44RNU_20200905_1_L2A_56.tif,0.0,0.49906158447265625,0.0,123,0
himalaya,SAW,SAW_S2A_44RNU_20200905_2_L2A_68.tif,0.3613899613899614,0.6743400904263386,0.4285326823976133,1290,473
himalaya,SAW,SAW_S2A_44RNV_20200908_0_L2A_111.tif,0.21602787456445993,0.6062956979811334,0.0,287,62
himalaya,SAW,SAW_S2A_44RNV_20200908_1_L2A_106.tif,0.5535117056856187,0.7747084638388986,0.6460846452668165,584,345
himalaya,SAW,SAW_S2A_44RNV_20200915_1_L2A_93.tif,0.5781569965870307,0.7843017974633897,0.3448275862068965,847,1465
himalaya,SAW,SAW_S2A_44SKA_20200901_1_L2A_12.tif,0.38317757009345793,0.6905804433105478,0.33333333333333337,135,161
himalaya,SAW,SAW_S2A_44SKA_20200921_1_L2A_13.tif,0.6883923029174426,0.8403002692975156,0.6972108796456503,1418,1302
himalaya,SAW,SAW_S2A_44SKB_20200901_0_L2A_41.tif,0.0,0.348541259765625,0.0,17,19835
himalaya,SAW,SAW_S2A_44SKB_20200901_1_L2A_58.tif,0.6941807676434173,0.8412880848271272,0.6991949809138667,1976,2129
himalaya,SAW,SAW_S2A_44SKB_20200901_1_L2A_89.tif,0.6071428571428571,0.8033194624723219,0.8601959038290293,69,66
himalaya,SAW,SAW_S2A_44SKB_20200911_2_L2A_47.tif,0.8763360303665968,0.9123709741330797,0.5261675245181459,18108,19460
himalaya,SAW,SAW_S2A_44SKB_20200921_1_L2A_85.tif,0.7376681614349776,0.8679369377727129,0.7143495753240947,334,441
himalaya,SAW,SAW_S2A_44SKB_20200921_1_L2A_86.tif,0.5460526315789473,0.7724992200108234,0.8888888888888888,108,127
himalaya,SAW,SAW_S2A_44SKC_20200901_1_L2A_44.tif,0.9647928745483573,0.9785206833984248,0.9415358946179501,11830,11553
himalaya,SAW,SAW_S2A_44SKC_20200921_1_L2A_34.tif,0.11924119241192412,0.5571393771257691,0.0,369,44
himalaya,SAW,SAW_S2A_44SKD_20200901_1_L2A_22.tif,0.8313333333333334,0.9136989894590573,0.7667483005653337,1259,1488
himalaya,SAW,SAW_S2A_44SKD_20200921_1_L2A_37.tif,0.34210526315789475,0.6704800862715287,0.5574912891986062,114,39
himalaya,SAW,SAW_S2A_44SLA_20200911_1_L2A_10.tif,0.812639405204461,0.9023418020497442,0.7579579150441214,2280,2596
himalaya,SAW,SAW_S2A_44SLB_20200911_2_L2A_32.tif,0.631578947368421,0.8147174325178297,0.6202029113365681,331,289
himalaya,SAW,SAW_S2A_44SLB_20200918_1_L2A_12.tif,0.5435897435897435,0.7711147556402027,0.6875852660300137,138,163
himalaya,SAW,SAW_S2A_44SMA_20200918_1_L2A_26.tif,0.0,0.4988250732421875,0.0,154,0
himalaya,SAW,SAW_S2B_42SWE_20200918_1_L2A_37.tif,0.5479674796747968,0.771851805298525,0.43,458,494
himalaya,SAW,SAW_S2B_42SXE_20200905_1_L2A_191.tif,0.4695035460992908,0.7318838948194484,0.4747081712062256,434,602
himalaya,SAW,SAW_S2B_42SXE_20200905_1_L2A_230.tif,0.5804145818441744,0.7856726515302078,0.5210750917122108,958,1253
himalaya,SAW,SAW_S2B_42SXE_20200905_1_L2A_239.tif,0.7616279069767442,0.8772957383389846,0.6033462903498394,1561,1772
himalaya,SAW,SAW_S2B_42SXE_20200905_1_L2A_6.tif,0.7937701396348013,0.895403519745638,0.5933014354066986,824,846
himalaya,SAW,SAW_S2B_42SXE_20200918_1_L2A_64.tif,0.49722222222222223,0.7472264086308871,0.3595330739299611,303,236
himalaya,SAW,SAW_S2B_42SXF_20200905_0_L2A_2.tif,0.6187845303867403,0.8083357977754377,0.7618820157630762,259,327
himalaya,SAW,SAW_S2B_42SXF_20200905_1_L2A_10.tif,0.872431506849315,0.9350610190135721,0.993421052631579,1095,1092
himalaya,SAW,SAW_S2B_42SXF_20200905_1_L2A_60.tif,0.6138613861386139,0.8063344721924036,0.7184145334434353,137,189
himalaya,SAW,SAW_S2B_42SXF_20200915_1_L2A_45.tif,0.9382067851373183,0.9665906646987297,0.8869837224120952,4673,4925
himalaya,SAW,SAW_S2B_42SYE_20200922_1_L2A_29.tif,0.595,0.7950099907777436,0.5503583061889251,590,686
himalaya,SAW,SAW_S2B_42SYE_20200922_1_L2A_41.tif,0.0,0.4994659423828125,0.0,70,0
himalaya,SAW,SAW_S2B_43SBA_20200922_1_L2A_15.tif,0.0,0.49898529052734375,0.0,133,0
himalaya,SAW,SAW_S2B_43SBA_20200922_1_L2A_7.tif,0.14285714285714285,0.57014628529558,0.3575638506876228,184,40
himalaya,SAW,SAW_S2B_43SBV_20200922_0_L2A_146.tif,0.0,0.49863433837890625,0.0,179,0
himalaya,SAW,SAW_S2B_43SBV_20200922_0_L2A_65.tif,0.538659793814433,0.7665810409841229,0.46952224052718294,628,566
himalaya,SAW,SAW_S2B_43SBV_20200922_1_L2A_68.tif,0.9151785714285714,0.9563998528859396,0.9256405662067729,1645,1787
himalaya,SAW,SAW_S2B_43SBV_20200925_1_L2A_65.tif,0.3691420331651045,0.6778427316416074,0.5141962694030175,1381,518
himalaya,SAW,SAW_S2B_43SCA_20200922_0_L2A_125.tif,0.0,0.49958038330078125,0.0,55,0
himalaya,SAW,SAW_S2B_43SCA_20200922_0_L2A_130.tif,0.0,0.49829864501953125,0.0,223,0
himalaya,SAW,SAW_S2B_43SCA_20200922_0_L2A_91.tif,0.8758029978586723,0.9374562150992811,0.9578136861511767,412,464
himalaya,SAW,SAW_S2B_43SCA_20200922_1_L2A_152.tif,0.5533498759305211,0.7752969580837668,0.518092105263158,271,355
himalaya,SAW,SAW_S2B_43SCA_20200922_1_L2A_169.tif,0.8614864864864865,0.9304292161909615,1.0,260,291
himalaya,SAW,SAW_S2B_43SCA_20200922_1_L2A_76.tif,0.8678955453149002,0.9319271276174288,0.8620186512719659,1824,1824
himalaya,SAW,SAW_S2B_43SCA_20200925_0_L2A_54.tif,0.6763925729442971,0.8353709479718938,0.44214538524367,931,965
himalaya,SAW,SAW_S2B_43SCA_20200925_1_L2A_40.tif,0.0,0.4995574951171875,0.0,58,0
himalaya,SAW,SAW_S2B_43SCU_20200922_0_L2A_53.tif,0.6067615658362989,0.8016858676639123,0.3718535469107552,421,482
himalaya,SAW,SAW_S2B_43SCV_20200922_0_L2A_252.tif,0.6357868020304569,0.813446132908494,0.3971424791639106,1368,1210
himalaya,SAW,SAW_S2B_43SCV_20200922_0_L2A_258.tif,0.42213114754098363,0.7099881357804868,0.347682119205298,206,141
himalaya,SAW,SAW_S2B_43SCV_20200922_0_L2A_312.tif,0.6872489959839357,0.8387699777557094,0.4918027187649429,1692,1669
himalaya,SAW,SAW_S2B_43SCV_20200922_0_L2A_398.tif,0.3261455525606469,0.6611618995700888,0.3366336633663366,336,156
himalaya,SAW,SAW_S2B_43SCV_20200922_0_L2A_410.tif,0.48128342245989303,0.7399006422570529,0.4920863309352518,156,121
himalaya,SAW,SAW_S2B_43SCV_20200922_0_L2A_80.tif,0.749867514573397,0.871253215810427,0.5816481294236602,1469,1833
himalaya,SAW,SAW_S2B_43SCV_20200922_1_L2A_107.tif,0.4879518072289157,0.7433266025679374,0.5413105413105412,117,130
himalaya,SAW,SAW_S2B_43SCV_20200922_1_L2A_225.tif,0.7106481481481481,0.8543659112937156,0.6071220081727962,429,310
himalaya,SAW,SAW_S2B_43SDA_20200922_1_L2A_52.tif,0.3475,0.6717544956190651,0.5436802973977696,381,158
himalaya,SAW,SAW_S2B_43SDB_20200922_1_L2A_22.tif,0.6925925925925925,0.8456612444974929,0.7058823529411765,197,260
himalaya,SAW,SAW_S2B_43SDU_20200909_0_L2A_41.tif,0.48668280871670705,0.7417189967667105,0.42857142857142855,201,413
himalaya,SAW,SAW_S2B_43SDU_20200912_1_L2A_82.tif,0.3407821229050279,0.6667765298100463,0.3545583820508769,470,490
himalaya,SAW,SAW_S2B_43SDU_20200922_0_L2A_48.tif,0.6138211382113821,0.8054542733090206,0.8017748024753825,413,381
himalaya,SAW,SAW_S2B_43SDU_20200922_0_L2A_50.tif,0.73087899543379,0.8579523996621113,0.6059673898689535,2616,3449
himalaya,SAW,SAW_S2B_43SDV_20200922_1_L2A_76.tif,0.0,0.49723052978515625,0.0,363,0
himalaya,SAW,SAW_S2B_43SET_20200909_0_L2A_55.tif,0.16442048517520216,0.5798429268182235,0.1722488038277512,371,61
himalaya,SAW,SAW_S2B_43SET_20200909_1_L2A_18.tif,0.0,0.499053955078125,0.0,124,0
himalaya,SAW,SAW_S2B_43SEU_20200919_0_L2A_207.tif,0.8303886925795053,0.9144566338131904,0.9775779151833115,501,535
himalaya,SAW,SAW_S2B_43SEU_20200919_0_L2A_243.tif,0.8196856906534326,0.9081541010397847,0.9100071573596645,1127,1073
himalaya,SAW,SAW_S2B_43SEU_20200919_1_L2A_171.tif,0.6622934888241011,0.8257316944689281,0.6490663659580115,1403,2018
himalaya,SAW,SAW_S2B_43SEU_20200922_1_L2A_104.tif,0.0,0.4929656982421875,0.0,922,0
himalaya,SAW,SAW_S2B_43SEV_20200922_0_L2A_4.tif,0.07142857142857142,0.533630793384285,0.09195402298850575,294,21
himalaya,SAW,SAW_S2B_43SEV_20200922_0_L2A_74.tif,0.6320346320346321,0.8153673695423198,0.6909638554216866,154,223
himalaya,SAW,SAW_S2B_43SEV_20200922_0_L2A_76.tif,0.0,0.49725341796875,0.0,310,50
himalaya,SAW,SAW_S2B_43SFA_20200919_1_L2A_20.tif,0.6037974683544304,0.7994932253313983,0.6155703077851539,768,499
himalaya,SAW,SAW_S2B_43SFR_20200909_0_L2A_1.tif,0.7860326894502229,0.8884751905150831,0.6496819558874494,2438,2370
himalaya,SAW,SAW_S2B_43SFU_20200909_0_L2A_114.tif,0.9109243697478991,0.955054454929647,0.9820359281437125,552,585
himalaya,SAW,SAW_S2B_43SFU_20200909_1_L2A_49.tif,0.7383720930232558,0.867101876937416,0.6041331359042038,764,1030
himalaya,SAW,SAW_S2B_43SFU_20200909_1_L2A_91.tif,0.9205120571598691,0.9581181130075818,0.9489604752113319,3092,3359
himalaya,SAW,SAW_S2B_43SFV_20200919_1_L2A_21.tif,0.6418918918918919,0.8201348787038807,0.6310916179337233,193,293
himalaya,SAW,SAW_S2B_43SFV_20200919_1_L2A_41.tif,0.6046511627906976,0.8020659759955565,0.923076923076923,78,60
himalaya,SAW,SAW_S2B_43SFV_20200919_1_L2A_48.tif,0.22736418511066397,0.6107473448366398,0.38372093023255816,462,148
himalaya,SAW,SAW_S2B_43SFV_20200919_1_L2A_67.tif,0.6925581395348838,0.8411187968428708,0.5897775813816468,2145,1494
himalaya,SAW,SAW_S2B_43SGT_20200909_1_L2A_3.tif,0.6629213483146067,0.8307721691312167,0.6804374240583233,188,256
himalaya,SAW,SAW_S2B_43SGU_20200916_1_L2A_55.tif,0.8053097345132744,0.9021492208720088,0.9426713947990543,301,311
himalaya,SAW,SAW_S2B_43SGV_20200916_1_L2A_47.tif,0.30434782608695654,0.6514410214808923,0.45503791982665226,119,61
himalaya,SAW,SAW_S2B_43SGV_20200919_1_L2A_4.tif,0.0,0.490509033203125,0.0,1244,0
himalaya,SAW,SAW_S2B_43SGV_20200919_1_L2A_48.tif,0.6023166023166023,0.7995791278478632,0.6986211424819435,455,375
himalaya,SAW,SAW_S2B_44RMV_20200913_0_L2A_42.tif,0.7975077881619937,0.8982560386888401,0.9820359281437125,312,265
himalaya,SAW,SAW_S2B_44RNV_20200920_1_L2A_50.tif,0.8634146341463415,0.9314931155094993,1.0,193,189
himalaya,SAW,SAW_S2B_44RNV_20200920_1_L2A_94.tif,0.7069408740359897,0.8525970210421441,0.6750324534833405,324,340
himalaya,SAW,SAW_S2B_44SKA_20200913_1_L2A_42.tif,0.7052561543579507,0.8491926903683792,0.6942528735632184,1126,1437
himalaya,SAW,SAW_S2B_44SKD_20200916_1_L2A_30.tif,0.0,0.49983978271484375,0.0,21,0
himalaya,SAW,SAW_S2B_44SKE_20200916_1_L2A_23.tif,0.0,0.499298095703125,0.0,92,0
himalaya,SAW,SAW_S2B_44SLA_20200913_1_L2A_106.tif,0.800369685767098,0.8993553880197178,0.8837031369548585,450,524
himalaya,SAW,SAW_S2B_44SLA_20200913_1_L2A_123.tif,0.7349785407725322,0.8655849049948303,0.8257853937168502,749,868
himalaya,SAW,SAW_S2B_44SLA_20200923_0_L2A_127.tif,0.6363636363636364,0.8178151372553377,0.8750000000000001,115,101
himalaya,SAW,SAW_S2B_44SLB_20200923_1_L2A_10.tif,0.39285714285714285,0.6952595080546392,0.42516799022602325,169,182
himalaya,SA,SA_S2A_18FWH_20200706_1_L2A_1.tif,0.44932235263601583,0.6522124927136603,0.5919961154048478,7327,15023
himalaya,SA,SA_S2A_18FWJ_20200706_0_L2A_3.tif,0.69352176604085,0.8215028618346327,0.48814857924207405,9240,7177
himalaya,SA,SA_S2A_18FWK_20200706_0_L2A_216.tif,0.0,0.4398956298828125,0.0,642,7236
himalaya,SA,SA_S2A_18FWK_20200706_1_L2A_79.tif,0.912457372116349,0.9307338621383745,0.7605970149253732,23394,24274
himalaya,SA,SA_S2A_18FWL_20200706_0_L2A_68.tif,0.0,0.4796295166015625,0.0,2265,405
himalaya,SA,SA_S2A_18FXF_20200716_2_L2A_132.tif,0.0,0.17702484130859375,0.0,35,42298
himalaya,SA,SA_S2A_18FXF_20200716_2_L2A_167.tif,0.7700295407752216,0.862453559160576,0.5233499975711187,10276,9497
himalaya,SA,SA_S2A_18FXF_20200716_2_L2A_253.tif,0.25791105636494926,0.48205151903408233,0.4063615381704903,6546,23069
himalaya,SA,SA_S2A_18FXF_20200716_2_L2A_320.tif,0.005136427872594847,0.22247119341507993,0.06419866109744235,289,36696
himalaya,SA,SA_S2A_18FXF_20200716_2_L2A_347.tif,0.3799427377543914,0.6238858610092842,0.44259047088537085,5827,12006
himalaya,SA,SA_S2A_18FXF_20200716_2_L2A_78.tif,0.008115737473535639,0.3535645608973797,0.0779874213836478,355,19644
himalaya,SA,SA_S2A_18FXH_20200825_0_L2A_122.tif,0.958273381294964,0.9786850053942268,0.9892979671258129,1347,1375
himalaya,SA,SA_S2A_18FXH_20200825_0_L2A_250.tif,0.0,0.479522705078125,0.0,2684,0
himalaya,SA,SA_S2A_18FXH_20200825_0_L2A_251.tif,0.0,0.49906158447265625,0.0,123,0
himalaya,SA,SA_S2A_18FXH_20200825_0_L2A_254.tif,0.7923076923076923,0.8959475282408664,0.962962962962963,119,114
himalaya,SA,SA_S2A_18FXH_20200825_0_L2A_37.tif,0.5790568654646324,0.780024158157425,0.5513361462728552,1721,2833
himalaya,SA,SA_S2A_18FXH_20200825_0_L2A_63.tif,0.8939316675165732,0.9378062276213505,0.7216433686609258,9342,9228
himalaya,SA,SA_S2A_18FXH_20200825_0_L2A_78.tif,0.0,0.4741973876953125,0.0,3382,0
himalaya,SA,SA_S2A_18FXH_20200825_0_L2A_98.tif,0.0,0.49738311767578125,0.0,343,0
himalaya,SA,SA_S2A_18FXJ_20200825_0_L2A_133.tif,0.0010976948408342481,0.49360599245742026,0.0,911,1
himalaya,SA,SA_S2A_18FXJ_20200825_0_L2A_228.tif,0.920952742455874,0.9530163579736517,0.9133188968469943,10230,10013
himalaya,SA,SA_S2A_18FXJ_20200825_0_L2A_237.tif,0.9497086783195339,0.9735410573967662,0.9596886045367098,3129,3229
himalaya,SA,SA_S2A_18FXJ_20200825_0_L2A_344.tif,0.6689951272702491,0.4647221544230956,0.5548794175298932,58641,39319
himalaya,SA,SA_S2A_18FXJ_20200825_0_L2A_349.tif,0.9258633717054091,0.9442760544915593,0.8347123832592911,20902,22428
himalaya,SA,SA_S2A_18FXJ_20200825_0_L2A_50.tif,0.0,0.497406005859375,0.0,340,0
himalaya,SA,SA_S2A_18FXJ_20200825_0_L2A_8.tif,0.948858620254761,0.9663978577318092,0.8925433279547867,15537,15368
himalaya,SA,SA_S2A_18FXM_20200706_1_L2A_193.tif,0.0,0.498321533203125,0.0,220,0
himalaya,SA,SA_S2A_18FXM_20200706_1_L2A_383.tif,0.8291571753986332,0.913421323164074,0.7964601769911505,878,728
himalaya,SA,SA_S2A_18FXM_20200825_0_L2A_152.tif,0.0,0.495025634765625,0.0,652,0
himalaya,SA,SA_S2A_18FXM_20200825_1_L2A_223.tif,0.0,0.4972686767578125,0.0,358,0
himalaya,SA,SA_S2A_18FXM_20200825_1_L2A_25.tif,0.0,0.49939727783203125,0.0,79,0
himalaya,SA,SA_S2A_18FXM_20200825_1_L2A_316.tif,0.514745308310992,0.7559876761927145,0.4613200851667849,364,201
himalaya,SA,SA_S2A_18FXM_20200825_1_L2A_463.tif,0.5814393939393939,0.7838465241140646,0.2855725623582766,1836,1504
himalaya,SA,SA_S2A_18FXM_20200825_1_L2A_531.tif,0.8325750682438581,0.9148638483231949,0.898905138655798,1018,996
himalaya,SA,SA_S2A_18GWP_20200722_0_L2A_74.tif,0.9877968906201524,0.9890992261999654,0.9656782147255482,28844,28820
himalaya,SA,SA_S2A_18GXN_20200726_0_L2A_140.tif,0.0,0.4979705810546875,0.0,225,41
himalaya,SA,SA_S2A_18GXN_20200726_0_L2A_177.tif,0.8848554913294797,0.9383926778464313,0.9104834308725842,3827,4325
himalaya,SA,SA_S2A_18GXN_20200726_0_L2A_261.tif,0.9391976974275948,0.9544595492423291,0.6619787414208884,21585,21535
himalaya,SA,SA_S2A_18GXN_20200726_0_L2A_76.tif,0.10754604872251931,0.5422819372217906,0.18884892086330932,510,1354
himalaya,SA,SA_S2A_18GXP_20200726_1_L2A_36.tif,0.0,0.49973297119140625,0.0,35,0
himalaya,SA,SA_S2A_18GXP_20200726_1_L2A_54.tif,0.0,0.4940948486328125,0.0,774,0
himalaya,SA,SA_S2A_18GXP_20200818_0_L2A_109.tif,0.8556556556556556,0.9219432664357741,0.7221934621575069,4566,4703
himalaya,SA,SA_S2A_18GXP_20200818_0_L2A_120.tif,0.0,0.495819091796875,0.0,440,108
himalaya,SA,SA_S2A_18GXP_20200818_0_L2A_129.tif,0.0,0.4968414306640625,0.0,414,0
himalaya,SA,SA_S2A_18GXP_20200818_0_L2A_156.tif,0.6682607601308834,0.8122461440212083,0.503409312293006,7608,5648
himalaya,SA,SA_S2A_18GXP_20200818_0_L2A_166.tif,0.9015256588072122,0.950215716004722,0.931899641577061,693,678
himalaya,SA,SA_S2A_18GXP_20200818_0_L2A_176.tif,0.5093914350112697,0.7228254760792017,0.45898205683166937,6836,5218
himalaya,SA,SA_S2A_18GXP_20200818_0_L2A_200.tif,0.0,0.49877166748046875,0.0,161,0
himalaya,SA,SA_S2A_18GXP_20200818_0_L2A_250.tif,0.5541795665634675,0.7726467101561552,0.05340114431023522,1292,716
himalaya,SA,SA_S2A_18GXP_20200818_0_L2A_307.tif,0.0,0.49866485595703125,0.0,175,0
himalaya,SA,SA_S2A_18GXP_20200818_0_L2A_330.tif,0.8850060459492141,0.9343353056411821,0.7511014980373307,7357,8232
himalaya,SA,SA_S2A_18GXP_20200818_0_L2A_349.tif,0.0,0.49953460693359375,0.0,61,0
himalaya,SA,SA_S2A_18GXP_20200818_0_L2A_391.tif,0.7711340206185567,0.8847152869122065,0.8256932125851928,442,417
himalaya,SA,SA_S2A_18GYQ_20200818_0_L2A_3.tif,0.6484490398818316,0.8205436142525245,0.5952352871800921,1209,1023
himalaya,SA,SA_S2A_18GYQ_20200818_0_L2A_31.tif,0.0,0.49912261962890625,0.0,115,0
himalaya,SA,SA_S2A_18GYQ_20200818_0_L2A_81.tif,0.0,0.4995880126953125,0.0,54,0
himalaya,SA,SA_S2A_18GYT_20200821_0_L2A_31.tif,0.0,0.49817657470703125,0.0,239,0
himalaya,SA,SA_S2A_18GYT_20200821_1_L2A_3.tif,0.0,0.4943084716796875,0.0,746,0
himalaya,SA,SA_S2A_18GYU_20200729_0_L2A_205.tif,0.0,0.49687957763671875,0.0,409,0
himalaya,SA,SA_S2A_18GYU_20200821_0_L2A_134.tif,0.4426713947990544,0.7066100657433231,0.45884543761638724,3324,1558
himalaya,SA,SA_S2A_18GYU_20200821_0_L2A_9.tif,0.36859781696053734,0.6726684837841754,0.43117230988155525,2363,897
himalaya,SA,SA_S2A_18GYV_20200729_1_L2A_35.tif,0.7758051197357556,0.8836375143897686,0.7255092143549952,1994,2307
himalaya,SA,SA_S2A_19FCV_20200720_1_L2A_161.tif,0.03156812842599843,0.3633207025757922,0.19686568388808356,1176,19901
himalaya,SA,SA_S2A_19FCV_20200720_1_L2A_230.tif,0.7302904564315352,0.8636454128084332,0.6076714613299978,665,586
himalaya,SA,SA_S2A_19FCV_20200720_1_L2A_34.tif,0.11388888888888889,0.5447373758246468,0.0,1270,735
himalaya,SA,SA_S2A_19FCV_20200720_1_L2A_8.tif,0.0,0.49610137939453125,0.0,511,0
himalaya,SA,SA_S2A_19FCV_20200720_1_L2A_93.tif,0.47641734159123394,0.7296940433008854,0.34657039711191334,2085,1014
himalaya,SA,SA_S2A_19FDU_20200720_0_L2A_48.tif,0.0,0.4979095458984375,0.0,274,0
himalaya,SA,SA_S2A_19FDU_20200720_0_L2A_53.tif,0.0,0.4977264404296875,0.0,298,0
himalaya,SA,SA_S2A_19FDU_20200720_1_L2A_64.tif,0.3,0.6426913155631986,0.4185204959364062,1332,436
himalaya,SA,SA_S2A_19FDV_20200720_1_L2A_117.tif,0.6448243114909782,0.8195288894827881,0.5996131528046421,974,758
himalaya,SA,SA_S2A_19FDV_20200720_1_L2A_131.tif,0.23628691983122363,0.6167613585106027,0.30379746835443044,223,70
himalaya,SA,SA_S2A_19FDV_20200720_1_L2A_161.tif,0.2191256830601093,0.5985933166970155,0.09495548961424331,1609,622
himalaya,SA,SA_S2A_19FDV_20200720_1_L2A_213.tif,0.0,0.4886016845703125,0.0,1494,0
himalaya,SA,SA_S2A_19FDV_20200720_1_L2A_225.tif,0.0,0.4965667724609375,0.0,450,0
himalaya,SA,SA_S2A_19FDV_20200720_1_L2A_274.tif,0.6397379912663755,0.8066913449287825,0.60387318808878,4514,2996
himalaya,SA,SA_S2A_19FDV_20200720_1_L2A_352.tif,0.0,0.41493988037109375,0.0,133,11016
himalaya,SA,SA_S2A_19FDV_20200720_1_L2A_359.tif,0.0,0.34023284912109375,0.0,36,20905
himalaya,SA,SA_S2A_19FDV_20200720_1_L2A_380.tif,0.0,0.4990234375,0.0,128,0
himalaya,SA,SA_S2A_19FDV_20200720_1_L2A_410.tif,0.0,0.47054290771484375,0.0,3834,27
himalaya,SA,SA_S2A_19FDV_20200720_1_L2A_413.tif,0.3869625520110957,0.6900946661399395,0.3762112863385902,710,290
himalaya,SA,SA_S2A_19FDV_20200720_1_L2A_458.tif,0.0,0.48987579345703125,0.0,1327,0
himalaya,SA,SA_S2A_19FDV_20200720_1_L2A_86.tif,0.0,0.446258544921875,0.0,247,6797
himalaya,SA,SA_S2A_19FEV_20200717_1_L2A_7.tif,0.0,0.49472808837890625,0.0,691,0
himalaya,SA,SA_S2A_19FEV_20200720_1_L2A_112.tif,0.0,0.4990081787109375,0.0,130,0
himalaya,SA,SA_S2A_19FEV_20200720_1_L2A_147.tif,0.7254487856388595,0.8607197358470786,0.6950549450549451,742,892
himalaya,SA,SA_S2A_19FEV_20200720_1_L2A_153.tif,0.0,0.498870849609375,0.0,148,0
himalaya,SA,SA_S2A_19FEV_20200720_1_L2A_180.tif,0.0,0.49567413330078125,0.0,567,0
himalaya,SA,SA_S2A_19FEV_20200720_1_L2A_211.tif,0.0,0.46546173095703125,0.0,1721,2806
himalaya,SA,SA_S2A_19FEV_20200720_1_L2A_91.tif,0.0,0.4942779541015625,0.0,750,0
himalaya,SA,SA_S2A_19GBP_20200729_1_L2A_157.tif,0.49012567324955114,0.7406929335627661,0.34951048951048946,940,720
himalaya,SA,SA_S2A_19GBP_20200729_1_L2A_184.tif,0.0,0.4946441650390625,0.0,48,654
himalaya,SA,SA_S2A_19GBP_20200729_1_L2A_236.tif,0.0,0.49898529052734375,0.0,133,0
himalaya,SA,SA_S2A_19GBP_20200729_1_L2A_256.tif,0.0,0.49810791015625,0.0,248,0
himalaya,SA,SA_S2A_19GBP_20200729_1_L2A_271.tif,0.9767202003830853,0.987019003208162,0.9767955801104972,6774,6642
himalaya,SA,SA_S2A_19GBP_20200729_1_L2A_44.tif,0.7477295660948536,0.8719356218467169,0.6818071998067166,983,749
himalaya,SA,SA_S2A_19GBP_20200729_1_L2A_79.tif,0.43039443155452434,0.7114298559982397,0.45986984815618226,746,487
himalaya,SA,SA_S2A_19GBP_20200821_0_L2A_126.tif,0.0,0.49088287353515625,0.0,1195,0
himalaya,SA,SA_S2A_19GBP_20200821_1_L2A_155.tif,0.0,0.49810791015625,0.0,240,8
himalaya,SA,SA_S2A_19GBP_20200821_1_L2A_91.tif,0.9223173140223832,0.9602387224980552,0.9641572285143238,1431,1489
himalaya,SA,SA_S2A_19HBS_20200729_1_L2A_15.tif,0.0,0.49141693115234375,0.0,672,453
himalaya,SA,SA_S2A_19HBS_20200729_1_L2A_4.tif,0.0,0.49436187744140625,0.0,739,0
himalaya,SA,SA_S2A_19HCB_20200722_1_L2A_104.tif,0.0,0.4977264404296875,0.0,298,0
himalaya,SA,SA_S2A_19HCB_20200722_1_L2A_95.tif,0.0,0.49930572509765625,0.0,91,0
himalaya,SA,SA_S2A_19HCB_20200722_1_L2A_97.tif,0.0,0.49770355224609375,0.0,301,0
himalaya,SA,SA_S2A_19HCB_20200729_1_L2A_45.tif,0.0,0.4996185302734375,0.0,50,0
himalaya,SA,SA_S2A_19HCB_20200821_1_L2A_82.tif,0.0,0.48787689208984375,0.0,1589,0
himalaya,SA,SA_S2A_19HCD_20200821_1_L2A_21.tif,0.49814126394052044,0.7298228023016714,0.4051724137931034,2433,4821
himalaya,SA,SA_S2A_19HDD_20200808_1_L2A_18.tif,0.0,0.499114990234375,0.0,116,0
himalaya,SA,SA_S2A_19HDE_20200811_1_L2A_7.tif,0.0,0.49677276611328125,0.0,423,0
himalaya,SA,SA_S2B_18FWJ_20200701_1_L2A_26.tif,0.7143783783783784,0.8465756784551617,0.3867987081042928,3801,4128
himalaya,SA,SA_S2B_18FWJ_20200701_1_L2A_62.tif,0.0,0.2876739501953125,0.0,179,27651
himalaya,SA,SA_S2B_18FWL_20200714_0_L2A_17.tif,0.0,0.45520782470703125,0.0,311,5560
himalaya,SA,SA_S2B_18FWL_20200714_0_L2A_22.tif,0.7782035561005518,0.8771349906406264,0.4986694205028399,6311,5290
himalaya,SA,SA_S2B_18FWL_20200714_0_L2A_237.tif,0.0016148566814695195,0.48193878401429885,0.03669724770642201,2477,4
himalaya,SA,SA_S2B_18FWL_20200714_0_L2A_307.tif,0.9525203392019285,0.963555138270334,0.7667267807912304,22951,22408
himalaya,SA,SA_S2B_18FWL_20200714_1_L2A_140.tif,0.0,0.49329376220703125,0.0,879,0
himalaya,SA,SA_S2B_18FWL_20200714_1_L2A_53.tif,0.7732962447844228,0.8841180093908454,0.5917602996254682,1431,1119
himalaya,SA,SA_S2B_18FWL_20200714_1_L2A_87.tif,0.8738604540308645,0.9161222852029691,0.7403808529192981,16654,14795
himalaya,SA,SA_S2B_18FWL_20200714_3_L2A_139.tif,0.3780858978694623,0.6599908162333094,0.3692762186115214,2410,5740
himalaya,SA,SA_S2B_18FWL_20200714_3_L2A_235.tif,0.6361267911419887,0.7737607134436197,0.3720961766628732,12102,10506
himalaya,SA,SA_S2B_18FWM_20200714_1_L2A_148.tif,0.7766877124817873,0.868366449219691,0.6985520754130796,10273,8018
himalaya,SA,SA_S2B_18FWM_20200714_1_L2A_152.tif,0.8863518422418267,0.9414603730855684,0.8762886597938144,1887,1748
himalaya,SA,SA_S2B_18FWM_20200714_1_L2A_18.tif,0.8628450106157113,0.9288793584194707,0.7865853658536586,2335,2052
himalaya,SA,SA_S2B_18FWM_20200714_1_L2A_62.tif,0.0,0.49875640869140625,0.0,163,0
himalaya,SA,SA_S2B_18FXG_20200704_1_L2A_30.tif,0.0,0.49897003173828125,0.0,135,0
himalaya,SA,SA_S2B_18FXJ_20200714_0_L2A_128.tif,0.46774088893695254,0.45364953806902286,0.7636881701617136,46136,21725
himalaya,SA,SA_S2B_18FXK_20200714_0_L2A_122.tif,0.0,0.490203857421875,0.0,1284,0
himalaya,SA,SA_S2B_18FXK_20200714_0_L2A_49.tif,0.0,0.485076904296875,0.0,632,1324
himalaya,SA,SA_S2B_18FXK_20200714_1_L2A_41.tif,0.0,0.49634552001953125,0.0,479,0
himalaya,SA,SA_S2B_18FXK_20200820_0_L2A_110.tif,0.3285340314136126,0.6603380886944757,0.2167238576846668,614,401
himalaya,SA,SA_S2B_18FXK_20200820_0_L2A_99.tif,0.9753216555572779,0.9759813959037673,0.9189404708248101,32086,31628
himalaya,SA,SA_S2B_18FXL_20200714_1_L2A_102.tif,0.0,0.49716949462890625,0.0,371,0
himalaya,SA,SA_S2B_18FXL_20200714_1_L2A_128.tif,0.0,0.18618011474609375,0.0,80,41053
himalaya,SA,SA_S2B_18FXL_20200714_1_L2A_18.tif,0.0,0.49944305419921875,0.0,73,0
himalaya,SA,SA_S2B_18FXL_20200714_2_L2A_31.tif,0.0,0.4990386962890625,0.0,126,0
himalaya,SA,SA_S2B_18FXL_20200714_2_L2A_66.tif,0.3220166700548892,0.6075354001890659,0.5593254140293072,3298,9708
himalaya,SA,SA_S2B_18FXL_20200714_3_L2A_3.tif,0.0,0.49790191650390625,0.0,275,0
himalaya,SA,SA_S2B_18FXL_20200714_3_L2A_76.tif,0.0,0.4972686767578125,0.0,173,185
himalaya,SA,SA_S2B_18FXM_20200714_0_L2A_258.tif,0.2820292347377472,0.6346120287294429,0.15311981625622048,1161,330
himalaya,SA,SA_S2B_18FXM_20200714_0_L2A_328.tif,0.7010512483574245,0.8433491944130898,0.46096423017107313,2498,2680
himalaya,SA,SA_S2B_18FXM_20200714_0_L2A_33.tif,0.7692307692307693,0.8816273368066196,0.608198595459742,1435,1509
himalaya,SA,SA_S2B_18FXM_20200714_0_L2A_36.tif,0.0,0.47681427001953125,0.0,3039,0
himalaya,SA,SA_S2B_18FXM_20200714_0_L2A_509.tif,0.7695530726256983,0.8835070125766022,0.8441610946975587,578,689
himalaya,SA,SA_S2B_18FXM_20200714_1_L2A_180.tif,0.5151515151515151,0.7545040799790381,0.49056091267146545,479,771
himalaya,SA,SA_S2B_18FXM_20200714_1_L2A_263.tif,0.0,0.49755096435546875,0.0,321,0
himalaya,SA,SA_S2B_18FXM_20200714_1_L2A_3.tif,0.0,0.49854278564453125,0.0,191,0
himalaya,SA,SA_S2B_18FXM_20200714_1_L2A_397.tif,0.6183804987391426,0.7984368820339115,0.411663807890223,3429,2347
himalaya,SA,SA_S2B_18FXM_20200714_1_L2A_435.tif,0.0,0.49737548828125,0.0,45,299
himalaya,SA,SA_S2B_18FXM_20200714_1_L2A_80.tif,0.9672678690714763,0.982432797132156,0.9901108669349862,4373,4462
himalaya,SA,SA_S2B_18GWN_20200704_0_L2A_150.tif,0.0,0.49759674072265625,0.0,84,231
himalaya,SA,SA_S2B_18GWN_20200704_0_L2A_24.tif,0.7005430566330488,0.8472854376198216,0.48504354411207873,1059,1133
himalaya,SA,SA_S2B_18GWN_20200704_0_L2A_254.tif,0.0,0.49910736083984375,0.0,92,25
himalaya,SA,SA_S2B_18GWN_20200704_1_L2A_158.tif,0.0,0.49999237060546875,0.0,1,0
himalaya,SA,SA_S2B_18GWN_20200704_1_L2A_181.tif,0.5227963525835866,0.7601972093987023,0.5611510791366905,329,172
himalaya,SA,SA_S2B_18GWN_20200704_1_L2A_247.tif,0.9158415841584159,0.9567230654113932,0.9076517150395779,1683,1800
himalaya,SA,SA_S2B_18GWN_20200704_1_L2A_70.tif,0.6388951268807546,0.7600635616677205,0.4529808498741963,12358,16834
himalaya,SA,SA_S2B_18GWN_20200727_0_L2A_2.tif,0.0,0.49401092529296875,0.0,455,330
himalaya,SA,SA_S2B_18GWN_20200727_0_L2A_81.tif,0.7465958153437396,0.8607979076718698,0.535861332791135,5589,4929
himalaya,SA,SA_S2B_18GWP_20200704_0_L2A_137.tif,0.15537383177570094,0.5554421309515388,0.24641988651715754,2685,1271
himalaya,SA,SA_S2B_18GWP_20200704_0_L2A_145.tif,0.0,0.499969482421875,0.0,4,0
himalaya,SA,SA_S2B_18GWP_20200704_0_L2A_2.tif,0.50862812769629,0.7454649876015829,0.36666666666666664,1711,1786
himalaya,SA,SA_S2B_18GWP_20200704_0_L2A_92.tif,0.83617941712204,0.9057252535765723,0.730125813378183,8408,7721
himalaya,SA,SA_S2B_18GYN_20200714_0_L2A_116.tif,0.0,0.49660491943359375,0.0,445,0
himalaya,SA,SA_S2B_18GYN_20200714_1_L2A_11.tif,0.9628734545199817,0.9675058559234158,0.8740105117480468,27736,28306
himalaya,SA,SA_S2B_18GYP_20200810_0_L2A_49.tif,0.8572050500653026,0.9260225700245496,0.8027598102630444,2170,2096
himalaya,SA,SA_S2B_18GYP_20200810_0_L2A_90.tif,0.1887366818873668,0.5902941649515108,0.2510460251046025,648,133
himalaya,SA,SA_S2B_18GYP_20200820_0_L2A_24.tif,0.0,0.49993896484375,0.0,8,0
himalaya,SA,SA_S2B_18GYP_20200820_0_L2A_32.tif,0.0,0.49974822998046875,0.0,33,0
himalaya,SA,SA_S2B_18GYP_20200820_1_L2A_43.tif,0.1092896174863388,0.5484173498520392,0.09722222222222222,912,103
himalaya,SA,SA_S2B_18GYQ_20200820_0_L2A_36.tif,0.9603696098562629,0.9719418733487345,0.8787545289295032,18957,19231
himalaya,SA,SA_S2B_18GYS_20200727_0_L2A_8.tif,0.0,0.49571990966796875,0.0,561,0
himalaya,SA,SA_S2B_19FDU_20200718_0_L2A_3.tif,0.011164117444548271,0.35165227875320404,0.05671077504725898,1594,18966
himalaya,SA,SA_S2B_19HCA_20200714_1_L2A_30.tif,0.7767369242779079,0.8861528162704362,0.6248671625929861,1281,995
himalaya,SA,SA_S2B_19HCB_20200714_1_L2A_69.tif,0.0,0.49852752685546875,0.0,193,0
himalaya,SA,SA_S2B_19HCB_20200803_1_L2A_9.tif,0.0,0.49822998046875,0.0,152,80
himalaya,SA,SA_S2B_19HCC_20200724_1_L2A_38.tif,0.0,0.49969482421875,0.0,40,0
himalaya,SA,SA_S2B_19HCC_20200823_1_L2A_27.tif,0.9464081690945444,0.9539747935072763,0.7246430624760444,27448,27067
himalaya,SA,SA_S2B_19HCD_20200803_1_L2A_8.tif,0.0,0.49640655517578125,0.0,471,0
himalaya,SA,SA_S2B_19HCD_20200813_1_L2A_15.tif,0.0,0.498046875,0.0,256,0
himalaya,SA,SA_S2B_19HCV_20200714_1_L2A_24.tif,0.8372043010752688,0.9124619561927777,0.611819674201288,4426,4117
himalaya,SA,SA_S2B_19HCV_20200806_1_L2A_5.tif,0.5849630595393307,0.7850426763657083,0.4497163239413018,1913,1734
himalaya,SA,SA_S2B_19HDD_20200724_1_L2A_14.tif,0.0,0.49892425537109375,0.0,141,0
himalaya,SA,SA_S2B_19HDD_20200803_1_L2A_1.tif,0.0,0.4958038330078125,0.0,126,424
himalaya,SA,SA_S2B_19HDD_20200803_1_L2A_10.tif,0.0,0.49950408935546875,0.0,65,0
challenge,S2A,S2A_10UCA_20200715_0_L2A_19.tif,0.6509433962264151,0.8249059315760046,0.8591983556012333,212,138
challenge,S2A,S2A_10UCA_20200715_0_L2A_25.tif,0.8778162911611785,0.9378155119460714,0.819277108433735,1150,1017
challenge,S2A,S2A_10UCA_20200715_0_L2A_33.tif,0.31713244228432563,0.6455475193059544,0.0826771653543307,2469,783
challenge,S2A,S2A_10UCA_20200715_0_L2A_43.tif,0.31806615776081426,0.6569844937800418,0.3052208835341365,393,125
challenge,S2A,S2A_10UCA_20200715_0_L2A_44.tif,0.7786655150075578,0.881057285196335,0.6104032176293643,4590,3647
challenge,S2A,S2A_10UCA_20200715_0_L2A_45.tif,0.5104895104895105,0.7525595118082574,0.40386973702139256,711,369
challenge,S2A,S2A_18FWG_20200706_0_L2A_10.tif,0.9557132230932082,0.9699316427754863,0.7936687958040307,16939,17241
challenge,S2A,S2A_18FWG_20200706_0_L2A_11.tif,0.8547602501737318,0.9240666619630153,0.7548936338317499,2577,2761
challenge,S2A,S2A_18FWG_20200706_0_L2A_12.tif,0.6594440484675695,0.8101111229039539,0.5129545284850295,4886,6755
challenge,S2A,S2A_18FWG_20200706_0_L2A_14.tif,0.4403567447045708,0.7163251923274163,0.36803132181462256,610,682
challenge,S2A,S2A_18FWG_20200706_0_L2A_15.tif,0.7684596105648738,0.8744735095878796,0.6591783351284813,4785,4388
challenge,S2A,S2A_18FWG_20200706_0_L2A_16.tif,0.8801270941652224,0.9367429626597528,0.8749987628539474,3239,3270
challenge,S2A,S2A_18FWG_20200706_0_L2A_18.tif,0.7545931758530183,0.8743922298362411,0.7345274085904969,1404,1270
challenge,S2A,S2A_18FWG_20200706_0_L2A_19.tif,0.8091123330714847,0.9007279479964518,0.7235031277926719,2418,2188
challenge,S2A,S2A_18FWG_20200706_0_L2A_2.tif,0.1880093131548312,0.5615964604400699,0.304208200343727,1371,4752
challenge,S2A,S2A_18FWG_20200706_0_L2A_20.tif,0.051380789965892834,0.4594376478990816,0.15169711143416978,763,8793
challenge,S2A,S2A_18FWG_20200706_0_L2A_21.tif,0.7928202007909948,0.8639852346658665,0.5783956709662049,14008,15457
challenge,S2A,S2A_18FWG_20200706_0_L2A_24.tif,0.27854738984112076,0.564907397745802,0.3884903540817139,12380,3956
challenge,S2A,S2A_18FWG_20200706_0_L2A_25.tif,0.8297888106706187,0.893758183906475,0.7125524052969643,12517,12176
challenge,S2A,S2A_18FWG_20200706_0_L2A_3.tif,0.30010695187165776,0.6245439878407764,0.29103635651953674,1541,4537
challenge,S2A,S2A_18FWG_20200706_0_L2A_5.tif,0.056255247691015954,0.5023221596991851,0.23008849557522126,215,3559
challenge,S2A,S2A_18FWG_20200706_0_L2A_6.tif,0.7960426179604262,0.8904415110004151,0.5825695717380436,3921,4339
challenge,S2A,S2A_18FWG_20200706_0_L2A_8.tif,0.1811186186186186,0.4860830078454118,0.2065659102324095,3498,15381
challenge,S2A,S2A_18FWG_20200706_1_L2A_10.tif,0.9322092421016286,0.9541663191678461,0.7022049381810177,16939,16637
challenge,S2A,S2A_18FWG_20200706_1_L2A_12.tif,0.6591005216410546,0.8096853226828036,0.47990570273911093,4886,6882
challenge,S2A,S2A_18FWG_20200706_1_L2A_15.tif,0.751405856117898,0.8653073781976104,0.6172293767751488,4785,4247
challenge,S2A,S2A_18FWG_20200706_1_L2A_16.tif,0.8410807669959326,0.9161742335322889,0.8302460602709427,3239,3098
challenge,S2A,S2A_18FWG_20200706_1_L2A_19.tif,0.7954014029618083,0.8935665176869045,0.6555925225591805,2418,2189
challenge,S2A,S2A_18FWG_20200706_1_L2A_2.tif,0.1815028901734104,0.5578691340361432,0.2885394182341453,1371,4761
challenge,S2A,S2A_18FWG_20200706_1_L2A_20.tif,0.051185464214491466,0.45979072208788313,0.1507402422611036,763,8725
challenge,S2A,S2A_18FWG_20200706_1_L2A_21.tif,0.8103119424106319,0.8757189319050065,0.6353536510448663,14008,15415
challenge,S2A,S2A_18FWG_20200706_1_L2A_23.tif,0.6299666363360631,0.8053708124556818,0.6616162551630886,3102,2272
challenge,S2A,S2A_18FWG_20200706_1_L2A_24.tif,0.7529789184234648,0.8474474677608901,0.5589915935436942,12380,10570
challenge,S2A,S2A_18FWG_20200706_1_L2A_25.tif,0.838012958963283,0.8989729521070928,0.7154407408610483,12517,12162
challenge,S2A,S2A_18FWG_20200706_1_L2A_7.tif,0.13819095477386933,0.5585926909333858,0.15417074824805965,1271,541
challenge,S2A,S2A_18FWG_20200706_1_L2A_9.tif,0.07178516095713548,0.4100778492037758,0.3721826721413169,1380,17298
challenge,S2A,S2A_18FWG_20200716_1_L2A_1.tif,0.11395165687284182,0.44209090187919836,0.03462768960541999,1881,16507
challenge,S2A,S2A_18FWG_20200716_1_L2A_10.tif,0.8955974842767296,0.9294918765624905,0.6215429403202329,16939,16215
challenge,S2A,S2A_18FWG_20200716_1_L2A_11.tif,0.7388926862611073,0.8634186346065533,0.5483557698747572,2577,2511
challenge,S2A,S2A_18FWG_20200716_1_L2A_2.tif,0.17909818794774546,0.559434385999968,0.2769127625388679,1371,4225
challenge,S2A,S2A_18FWG_20200716_1_L2A_21.tif,0.7431334862669725,0.8328832697441305,0.42930718863325223,14008,14107
challenge,S2A,S2A_18FWG_20200716_1_L2A_23.tif,0.3834862385321101,0.6733890543713256,0.4341820430883414,3102,2176
challenge,S2A,S2A_18FWG_20200716_1_L2A_24.tif,0.7529262655632595,0.8465733479808649,0.5831392835962916,12380,11132
challenge,S2A,S2A_18FWG_20200716_1_L2A_25.tif,0.8343199590733026,0.8962157814583069,0.6746317837905508,12517,12582
challenge,S2A,S2A_18FWG_20200716_1_L2A_26.tif,0.0,0.4936981201171875,0.0,826,0
challenge,S2A,S2A_18FWG_20200716_1_L2A_6.tif,0.7836107554417413,0.8836099813675795,0.5476387934507024,3921,4437
challenge,S2A,S2A_18FWG_20200716_1_L2A_7.tif,0.16394716394716394,0.5737378376184347,0.16316579144786197,1271,227
challenge,S2A,S2A_18FWG_20200716_1_L2A_8.tif,0.18805105123620444,0.4886499214827759,0.21293838406991963,3498,15771
challenge,S2A,S2A_18FWH_20200706_1_L2A_10.tif,0.9499288762446657,0.9702093092475332,0.8460450074114,10367,10195
challenge,S2A,S2A_18FWH_20200706_1_L2A_11.tif,0.7559895309039661,0.8681859245462029,0.6939749022017039,4638,4084
challenge,S2A,S2A_18FWH_20200706_1_L2A_15.tif,0.9794712705691934,0.9767168512835018,0.9181154188403021,36779,36600
challenge,S2A,S2A_18FWH_20200706_1_L2A_19.tif,0.5973275086727483,0.7729275544907586,0.40685254096977197,4886,7546
challenge,S2A,S2A_18FWH_20200706_1_L2A_2.tif,0.4770409362222118,0.6380708960170749,0.45926415306927243,10532,20895
challenge,S2A,S2A_18FWH_20200706_1_L2A_20.tif,0.7099165894346617,0.8525420526299448,0.4978540772532189,1062,783
challenge,S2A,S2A_18FWH_20200706_1_L2A_22.tif,0.5748912367930391,0.782152402071126,0.6928591912819042,1504,1030
challenge,S2A,S2A_18FWH_20200706_1_L2A_24.tif,0.3555384615384615,0.644641512303434,0.4488175384084239,2390,6421
challenge,S2A,S2A_18FWH_20200706_1_L2A_32.tif,0.9026443450965471,0.9293383677498543,0.6303487932917385,20486,19519
challenge,S2A,S2A_18FWH_20200706_1_L2A_35.tif,0.3906426155580609,0.6869857896814717,0.2366863905325444,816,1651
challenge,S2A,S2A_18FWH_20200706_1_L2A_38.tif,0.029862323056040335,0.4382309714256101,0.07889546351084813,10314,308
challenge,S2A,S2A_18FWH_20200706_1_L2A_40.tif,0.028146088371935298,0.29261753774143395,0.19470366691906027,887,29432
challenge,S2A,S2A_18FWH_20200706_1_L2A_42.tif,0.4766301211771495,0.724117452423776,0.4671793399396277,1721,3397
challenge,S2A,S2A_18FWH_20200706_1_L2A_43.tif,0.5510817307692307,0.7697608316484077,0.3495811119573496,1659,922
challenge,S2A,S2A_18FWH_20200706_1_L2A_44.tif,0.39381270903010035,0.6799467612333884,0.35399503543547867,2613,2388
challenge,S2A,S2A_18FWH_20200706_1_L2A_45.tif,0.7003973885892705,0.8327814899580732,0.5756199923693246,6494,5487
challenge,S2A,S2A_18FWH_20200706_1_L2A_46.tif,0.9481200580926255,0.9587628886361685,0.8127537795358174,24312,23978
challenge,S2A,S2A_18FWH_20200706_1_L2A_48.tif,0.37343291544411844,0.66840380959932,0.3224250775060282,3731,1418
challenge,S2A,S2A_18FWH_20200706_1_L2A_49.tif,0.9030413903498742,0.9480784102771502,0.8067207869041374,4089,4233
challenge,S2A,S2A_18FWH_20200706_1_L2A_5.tif,0.8078631509309139,0.8860944869555952,0.7193848560989691,9104,10025
challenge,S2A,S2A_18FWH_20200706_1_L2A_50.tif,0.26622549019607844,0.5085889949940545,0.34377510040160647,5489,20342
challenge,S2A,S2A_18FWH_20200706_1_L2A_51.tif,0.0,0.4877166748046875,0.0,1610,0
challenge,S2A,S2A_18FWH_20200706_1_L2A_52.tif,0.6726225928131825,0.8230445782499329,0.4935064935064935,5036,3389
challenge,S2A,S2A_18FWH_20200706_1_L2A_54.tif,0.0,0.48700714111328125,0.0,129,1574
challenge,S2A,S2A_18FWH_20200706_1_L2A_55.tif,0.0,0.4867706298828125,0.0,1734,0
challenge,S2A,S2A_18FWH_20200706_1_L2A_59.tif,0.036730600476369564,0.45947775674692903,0.07352525309654431,831,7439
challenge,S2A,S2A_18FWH_20200706_1_L2A_6.tif,0.941586195979104,0.9531139105614186,0.7808615356681993,24780,24280
challenge,S2A,S2A_18FWH_20200706_1_L2A_62.tif,0.0,0.4777069091796875,0.0,2922,0
challenge,S2A,S2A_18FWH_20200706_1_L2A_63.tif,0.0,0.492218017578125,0.0,1020,0
challenge,S2A,S2A_18FWH_20200706_1_L2A_66.tif,0.6879424899248447,0.8197817819431721,0.4329155362735825,8401,7096
challenge,S2A,S2A_18FWH_20200706_1_L2A_68.tif,0.0,0.49855804443359375,0.0,189,0
challenge,S2A,S2A_18FWH_20200706_1_L2A_7.tif,0.34974563953488375,0.6467408928994474,0.2677446226797958,2370,5059
challenge,S2A,S2A_18FWH_20200706_1_L2A_70.tif,0.0010653882008256758,0.44329761901800535,0.024064171122994655,7509,8
challenge,S2A,S2A_18FWH_20200706_1_L2A_74.tif,0.8308645300296257,0.9048538194399046,0.37480669197244487,7055,6541
challenge,S2A,S2A_18FWH_20200706_1_L2A_75.tif,0.0,0.4992218017578125,0.0,102,0
challenge,S2A,S2A_18FWH_20200706_1_L2A_9.tif,0.9408567079799957,0.9591485994905369,0.6681609420369512,17617,18087
challenge,S2A,S2A_18FWH_20200716_1_L2A_1.tif,0.46816833018613435,0.6667905855456733,0.5784311598133883,7327,14443
challenge,S2A,S2A_18FWH_20200716_1_L2A_10.tif,0.9419700609868786,0.9653112203673144,0.8601520895882186,10367,10649
challenge,S2A,S2A_18FWH_20200716_1_L2A_11.tif,0.7696562623468984,0.875369987111152,0.7209689684628573,4638,4320
challenge,S2A,S2A_18FWH_20200716_1_L2A_13.tif,0.3238419039524012,0.6241897266797579,0.34117084826762245,2319,7026
challenge,S2A,S2A_18FWH_20200716_1_L2A_16.tif,0.7825622014685962,0.8633297086633291,0.778973630847658,11518,13486
challenge,S2A,S2A_18FWH_20200716_1_L2A_17.tif,0.9188078779183514,0.947304108065246,0.7665403469735425,14486,14937
challenge,S2A,S2A_18FWH_20200716_1_L2A_18.tif,0.29921875,0.6357603708314035,0.35226530878704787,836,2490
challenge,S2A,S2A_18FWH_20200716_1_L2A_2.tif,0.45494466102074654,0.617655238622971,0.45039822105239274,10532,21938
challenge,S2A,S2A_18FWH_20200716_1_L2A_20.tif,0.4766702014846235,0.7307001548135094,0.5,1062,1723
challenge,S2A,S2A_18FWH_20200716_1_L2A_22.tif,0.5577889447236181,0.7734496016774878,0.6356239913932221,1504,976
challenge,S2A,S2A_18FWH_20200716_1_L2A_23.tif,0.057015737002554176,0.25798312850758026,0.3030138497104922,2181,36306
challenge,S2A,S2A_18FWH_20200716_1_L2A_24.tif,0.35250038232145586,0.6427697780722113,0.47961981356242006,2390,6454
challenge,S2A,S2A_18FWH_20200716_1_L2A_28.tif,0.8319088319088319,0.9145857181505186,0.7163177241489532,968,961
challenge,S2A,S2A_18FWH_20200716_1_L2A_29.tif,0.0,0.4983062744140625,0.0,222,0
challenge,S2A,S2A_18FWH_20200716_1_L2A_30.tif,0.5644308943089431,0.7651421986960831,0.6776836703727204,4850,2847
challenge,S2A,S2A_18FWH_20200716_1_L2A_33.tif,0.5255074053757542,0.7491573493398733,0.4804804804804805,3091,2471
challenge,S2A,S2A_18FWH_20200716_1_L2A_35.tif,0.37136819862651876,0.6765066742365238,0.25146198830409355,816,1780
challenge,S2A,S2A_18FWH_20200716_1_L2A_36.tif,0.6780219780219781,0.8344543655778143,0.6456452851930095,1612,1442
challenge,S2A,S2A_18FWH_20200716_1_L2A_38.tif,0.9593427230046948,0.9757576971194049,0.8984286399569658,10314,10553
challenge,S2A,S2A_18FWH_20200716_1_L2A_39.tif,0.6592569069545887,0.8211743091344013,0.548103186646434,2233,2992
challenge,S2A,S2A_18FWH_20200716_1_L2A_40.tif,0.02754706533776301,0.2967515987794777,0.17386851033864667,887,28805
challenge,S2A,S2A_18FWH_20200716_1_L2A_42.tif,0.4613925765375237,0.715124405386867,0.45173756695862366,1721,3673
challenge,S2A,S2A_18FWH_20200716_1_L2A_43.tif,0.4689572031344183,0.7276763531963515,0.2154882154882155,1659,778
challenge,S2A,S2A_18FWH_20200716_1_L2A_44.tif,0.384679203539823,0.6749960831792186,0.33775133669704044,2613,2394
challenge,S2A,S2A_18FWH_20200716_1_L2A_45.tif,0.7025843188786685,0.8345195489393671,0.6000883225033121,6494,5167
challenge,S2A,S2A_18FWH_20200716_1_L2A_46.tif,0.9508926780341023,0.9608174397700091,0.7873629834950233,24312,24314
challenge,S2A,S2A_18FWH_20200716_1_L2A_48.tif,0.41371032275273406,0.6896792607746635,0.3359943092001265,3731,1569
challenge,S2A,S2A_18FWH_20200716_1_L2A_5.tif,0.8272921108742004,0.8980144764897318,0.7873059585837209,9104,9750
challenge,S2A,S2A_18FWH_20200716_1_L2A_51.tif,0.0,0.4877166748046875,0.0,1610,0
challenge,S2A,S2A_18FWH_20200716_1_L2A_52.tif,0.5718824463860207,0.7687361670132351,0.29642974691219015,5036,2880
challenge,S2A,S2A_18FWH_20200716_1_L2A_54.tif,0.0,0.4984130859375,0.0,129,79
challenge,S2A,S2A_18FWH_20200716_1_L2A_55.tif,0.0,0.4867706298828125,0.0,1734,0
challenge,S2A,S2A_18FWH_20200716_1_L2A_56.tif,0.0,0.49326324462890625,0.0,728,155
challenge,S2A,S2A_18FWH_20200716_1_L2A_59.tif,0.07234042553191489,0.45873870274341055,0.1968036848349501,831,10761
challenge,S2A,S2A_18FWH_20200716_1_L2A_60.tif,0.0,0.4562530517578125,0.0,166,5568
challenge,S2A,S2A_18FWH_20200716_1_L2A_62.tif,0.015379357484620642,0.4856942900629498,0.0,2922,49
challenge,S2A,S2A_18FWH_20200716_1_L2A_66.tif,0.669312442016287,0.80748957974669,0.379964702732533,8401,7793
challenge,S2A,S2A_18FWH_20200716_1_L2A_7.tif,0.2627489758440458,0.5903935845989499,0.2581830804729136,2370,6569
challenge,S2A,S2A_18FWH_20200716_1_L2A_70.tif,0.05840727844546782,0.46473489306794125,0.1886084142394822,7509,1914
challenge,S2A,S2A_18FWH_20200716_1_L2A_71.tif,0.8491134158581466,0.917097230588683,0.6774631763718233,5842,5212
challenge,S2A,S2A_18FWH_20200716_1_L2A_72.tif,0.14814814814814814,0.5719668177828452,0.3191489361702127,324,48
challenge,S2A,S2A_18FWH_20200716_1_L2A_73.tif,0.35736196319018404,0.6754728594567523,0.2754491017964072,650,235
challenge,S2A,S2A_18FWH_20200716_1_L2A_74.tif,0.8151180242870787,0.8961843101523369,0.29044608411201245,7055,6248
challenge,S2A,S2A_18FWH_20200716_1_L2A_75.tif,0.0,0.4992218017578125,0.0,102,0
challenge,S2A,S2A_18FWH_20200716_1_L2A_8.tif,0.553880692751764,0.766040630034927,0.49373816519751884,1883,2962
challenge,S2A,S2A_18FWH_20200716_1_L2A_9.tif,0.9388627387328897,0.9577052418940999,0.6659641501521522,17617,18219
challenge,S2A,S2A_18FWJ_20200706_0_L2A_1.tif,0.6689350119088125,0.81867307702122,0.6338671232416826,4038,5772
challenge,S2A,S2A_18FWJ_20200706_0_L2A_100.tif,0.0,0.497161865234375,0.0,372,0
challenge,S2A,S2A_18FWJ_20200706_0_L2A_101.tif,0.7519582245430809,0.8752511206089608,0.8032786885245902,318,353
challenge,S2A,S2A_18FWJ_20200706_0_L2A_102.tif,0.0,0.4988861083984375,0.0,146,0
challenge,S2A,S2A_18FWJ_20200706_0_L2A_103.tif,0.0,0.49889373779296875,0.0,145,0
challenge,S2A,S2A_18FWJ_20200706_0_L2A_105.tif,0.7007561436672968,0.8375766356143985,0.6582260006567666,5192,3805
challenge,S2A,S2A_18FWJ_20200706_0_L2A_106.tif,0.41754385964912283,0.7049516809714031,0.25882352941176473,855,357
challenge,S2A,S2A_18FWJ_20200706_0_L2A_108.tif,0.4804088586030664,0.6410783279004065,0.5211761015985072,10253,21031
challenge,S2A,S2A_18FWJ_20200706_0_L2A_109.tif,0.8394495412844036,0.9152524987280695,0.6672777268560953,3155,3261
challenge,S2A,S2A_18FWJ_20200706_0_L2A_11.tif,0.9209876543209876,0.9527051315867086,0.7427502338634238,10105,10901
challenge,S2A,S2A_18FWJ_20200706_0_L2A_110.tif,0.5048388090981939,0.682379645891126,0.5283925786410084,8706,15707
challenge,S2A,S2A_18FWJ_20200706_0_L2A_112.tif,0.6898883009994121,0.8365961785425616,0.4897166233911793,2486,3263
challenge,S2A,S2A_18FWJ_20200706_0_L2A_114.tif,0.6841844936317547,0.8208099775960049,0.4817730026697441,6403,7217
challenge,S2A,S2A_18FWJ_20200706_0_L2A_117.tif,0.0,0.4987335205078125,0.0,166,0
challenge,S2A,S2A_18FWJ_20200706_0_L2A_118.tif,0.08868778280542987,0.5134277671241935,0.12138004326868333,1871,2941
challenge,S2A,S2A_18FWJ_20200706_0_L2A_119.tif,0.20075829383886257,0.5676853181122598,0.282729362513316,3956,2378
challenge,S2A,S2A_18FWJ_20200706_0_L2A_12.tif,0.921028466483012,0.9591605420719798,0.8870026525198939,2065,2119
challenge,S2A,S2A_18FWJ_20200706_0_L2A_120.tif,0.0,0.4990234375,0.0,128,0
challenge,S2A,S2A_18FWJ_20200706_0_L2A_121.tif,0.0,0.49723052978515625,0.0,363,0
challenge,S2A,S2A_18FWJ_20200706_0_L2A_122.tif,0.0,0.4984130859375,0.0,208,0
challenge,S2A,S2A_18FWJ_20200706_0_L2A_123.tif,0.01838721307535152,0.44673088687048396,0.06744098913450731,301,8173
challenge,S2A,S2A_18FWJ_20200706_0_L2A_124.tif,0.8328685258964144,0.9017597605520131,0.6195219123505975,9784,8618
challenge,S2A,S2A_18FWJ_20200706_0_L2A_125.tif,0.0,0.498260498046875,0.0,228,0
challenge,S2A,S2A_18FWJ_20200706_0_L2A_127.tif,0.8784514100422521,0.928297370863235,0.821872950561939,9633,9484
challenge,S2A,S2A_18FWJ_20200706_0_L2A_129.tif,0.0,0.496002197265625,0.0,524,0
challenge,S2A,S2A_18FWJ_20200706_0_L2A_132.tif,0.48360655737704916,0.738417378161829,0.408825438027255,413,854
challenge,S2A,S2A_18FWJ_20200706_0_L2A_133.tif,0.34445768772348034,0.6637618344094787,0.31286449399656946,1000,1256
challenge,S2A,S2A_18FWJ_20200706_0_L2A_134.tif,0.0,0.4984588623046875,0.0,202,0
challenge,S2A,S2A_18FWJ_20200706_0_L2A_135.tif,0.2557544757033248,0.6234233380108396,0.17600741083835109,474,508
challenge,S2A,S2A_18FWJ_20200706_0_L2A_137.tif,0.0,0.49059295654296875,0.0,1233,0
challenge,S2A,S2A_18FWJ_20200706_0_L2A_138.tif,0.0,0.4099884033203125,0.0,74,11724
challenge,S2A,S2A_18FWJ_20200706_0_L2A_140.tif,0.7561461337728334,0.8455100224114052,0.7223894163287585,11577,13996
challenge,S2A,S2A_18FWJ_20200706_0_L2A_141.tif,0.8897812013439318,0.9325913212542842,0.6808915466159282,11370,11691
challenge,S2A,S2A_18FWJ_20200706_0_L2A_142.tif,0.26872619551417687,0.6210505139756367,0.3102288573537856,749,2249
challenge,S2A,S2A_18FWJ_20200706_0_L2A_143.tif,0.9156853509185116,0.956435265722182,0.8822379720845756,1944,2123
challenge,S2A,S2A_18FWJ_20200706_0_L2A_144.tif,0.8912781350482315,0.9412119714045759,0.6907695415067663,4462,4949
challenge,S2A,S2A_18FWJ_20200706_0_L2A_145.tif,0.8239970419670919,0.904205335109514,0.6735053712560345,4494,5372
challenge,S2A,S2A_18FWJ_20200706_0_L2A_146.tif,0.9386894798834542,0.9595320638294915,0.861624299012212,15714,15559
challenge,S2A,S2A_18FWJ_20200706_0_L2A_147.tif,0.9414192041000904,0.8708894004190171,0.665917889743519,50949,52086
challenge,S2A,S2A_18FWJ_20200706_0_L2A_148.tif,0.8928797741805403,0.8925990786818965,0.5848297875372274,32192,33525
challenge,S2A,S2A_18FWJ_20200706_0_L2A_15.tif,0.7445038011095131,0.8509185443468957,0.6849569251159708,7300,9681
challenge,S2A,S2A_18FWJ_20200706_0_L2A_152.tif,0.0,0.249603271484375,0.0,108,32712
challenge,S2A,S2A_18FWJ_20200706_0_L2A_154.tif,0.3434847728407389,0.6616032919224667,0.19101123595505617,816,1875
challenge,S2A,S2A_18FWJ_20200706_0_L2A_155.tif,0.765993265993266,0.8786335216902108,0.4738845421865088,1873,2323
challenge,S2A,S2A_18FWJ_20200706_0_L2A_156.tif,0.30405405405405406,0.6496646778274735,0.5044165504416551,434,145
challenge,S2A,S2A_18FWJ_20200706_0_L2A_157.tif,0.566925536774783,0.7760904999372787,0.5824345146379045,2131,1299
challenge,S2A,S2A_18FWJ_20200706_0_L2A_158.tif,0.6150895140664961,0.805231329933102,0.44458498023715415,481,782
challenge,S2A,S2A_18FWJ_20200706_0_L2A_159.tif,0.08577103647526182,0.4644939163424834,0.27223816355810615,1161,10865
challenge,S2A,S2A_18FWJ_20200706_0_L2A_16.tif,0.8313273436175623,0.9074584336507128,0.5863453815261044,4985,5818
challenge,S2A,S2A_18FWJ_20200706_0_L2A_160.tif,0.035765923445704284,0.32172530490199636,0.1375550009521805,1226,25996
challenge,S2A,S2A_18FWJ_20200706_0_L2A_161.tif,0.0,0.4882965087890625,0.0,1534,0
challenge,S2A,S2A_18FWJ_20200706_0_L2A_162.tif,0.0,0.4981842041015625,0.0,238,0
challenge,S2A,S2A_18FWJ_20200706_0_L2A_164.tif,0.0,0.48938751220703125,0.0,85,1306
challenge,S2A,S2A_18FWJ_20200706_0_L2A_165.tif,0.0,0.48095703125,0.0,766,1730
challenge,S2A,S2A_18FWJ_20200706_0_L2A_166.tif,0.8603930784020508,0.9188275651052372,0.7018739352640546,8781,8636
challenge,S2A,S2A_18FWJ_20200706_0_L2A_167.tif,0.9001512859304085,0.9495674894104391,0.9563272154151202,634,622
challenge,S2A,S2A_18FWJ_20200706_0_L2A_168.tif,0.8155127679912604,0.8964156412651219,0.3750662232993293,7145,6150
challenge,S2A,S2A_18FWJ_20200706_0_L2A_169.tif,0.5013692858647567,0.731945330753013,0.3597430406852248,4742,2385
challenge,S2A,S2A_18FWJ_20200706_0_L2A_17.tif,0.8830599724552398,0.9335447597515499,0.6965000846558653,7428,7612
challenge,S2A,S2A_18FWJ_20200706_0_L2A_171.tif,0.14395796847635728,0.5532150686911537,0.15671760164965895,2662,604
challenge,S2A,S2A_18FWJ_20200706_0_L2A_18.tif,0.36477007014809043,0.6633227884576914,0.4132170243587523,1934,3319
challenge,S2A,S2A_18FWJ_20200706_0_L2A_19.tif,0.7208410636982066,0.8415202169834236,0.6301805450205485,7596,6317
challenge,S2A,S2A_18FWJ_20200706_0_L2A_2.tif,0.48703035942770734,0.7075732735703142,0.33899595410146055,6391,6393
challenge,S2A,S2A_18FWJ_20200706_0_L2A_20.tif,0.04228083785880528,0.502272061829123,0.11333333333333333,2435,252
challenge,S2A,S2A_18FWJ_20200706_0_L2A_22.tif,0.0,0.4973297119140625,0.0,350,0
challenge,S2A,S2A_18FWJ_20200706_0_L2A_25.tif,0.7089172955490528,0.8389498101988285,0.4289080551806182,5067,6029
challenge,S2A,S2A_18FWJ_20200706_0_L2A_26.tif,0.6902321690023008,0.8332178262583327,0.3235225195669494,3801,4280
challenge,S2A,S2A_18FWJ_20200706_0_L2A_28.tif,0.7490974729241877,0.8713056697809098,0.609422411498536,1576,1331
challenge,S2A,S2A_18FWJ_20200706_0_L2A_29.tif,0.0,0.4991455078125,0.0,112,0
challenge,S2A,S2A_18FWJ_20200706_0_L2A_30.tif,0.9159692570452604,0.9538964162014896,0.8414173607949219,5708,5510
challenge,S2A,S2A_18FWJ_20200706_0_L2A_31.tif,0.8415171012529631,0.9170472692828073,0.774618650310035,2777,2661
challenge,S2A,S2A_18FWJ_20200706_0_L2A_32.tif,0.9131606527923342,0.9517012106938267,0.8244674175853289,6501,6277
challenge,S2A,S2A_18FWJ_20200706_0_L2A_33.tif,0.08789139135211489,0.45372742692295265,0.23733302046494478,1972,11891
challenge,S2A,S2A_18FWJ_20200706_0_L2A_35.tif,0.8472046546926385,0.9187460068934915,0.7540540540540541,3598,3704
challenge,S2A,S2A_18FWJ_20200706_0_L2A_37.tif,0.8092711533091316,0.8991836145868114,0.5561174229986209,3391,3088
challenge,S2A,S2A_18FWJ_20200706_0_L2A_38.tif,0.7810760667903525,0.888714062084081,0.6690691829863911,1024,896
challenge,S2A,S2A_18FWJ_20200706_0_L2A_39.tif,0.8101496896677619,0.8965639279462578,0.6732981685308472,4724,5192
challenge,S2A,S2A_18FWJ_20200706_0_L2A_40.tif,0.9169024045261669,0.9565844339171197,0.8708313895132673,2640,2781
challenge,S2A,S2A_18FWJ_20200706_0_L2A_41.tif,0.9455133968710664,0.9702433436460578,0.8588228162696248,5399,5420
challenge,S2A,S2A_18FWJ_20200706_0_L2A_42.tif,0.8563492063492063,0.9267705663748762,0.8610933299193445,1181,1158
challenge,S2A,S2A_18FWJ_20200706_0_L2A_43.tif,0.8103606356968215,0.8948786559687103,0.6053359045483908,5862,5985
challenge,S2A,S2A_18FWJ_20200706_0_L2A_46.tif,0.7383600748105128,0.8462800632517283,0.6352820269575872,7798,9862
challenge,S2A,S2A_18FWJ_20200706_0_L2A_47.tif,0.0,0.4974212646484375,0.0,338,0
challenge,S2A,S2A_18FWJ_20200706_0_L2A_5.tif,0.7456356311548792,0.8535135504643996,0.6221281741233374,8536,7063
challenge,S2A,S2A_18FWJ_20200706_0_L2A_50.tif,0.28119542014360566,0.5814642766927038,0.30002544313459417,3551,9653
challenge,S2A,S2A_18FWJ_20200706_0_L2A_51.tif,0.5055060304142632,0.745451088675508,0.39700374531835203,1904,967
challenge,S2A,S2A_18FWJ_20200706_0_L2A_52.tif,0.6585365853658537,0.8263519410542448,0.6958966265535609,774,1062
challenge,S2A,S2A_18FWJ_20200706_0_L2A_53.tif,0.6384180790960452,0.8167464023714361,0.5553628932375526,706,744
challenge,S2A,S2A_18FWJ_20200706_0_L2A_55.tif,0.1272510593220339,0.4600162612609793,0.24272298912823237,2163,14863
challenge,S2A,S2A_18FWJ_20200706_0_L2A_57.tif,0.9606304003894366,0.9738125569255068,0.8861533536097327,16158,16063
challenge,S2A,S2A_18FWJ_20200706_0_L2A_58.tif,0.3874336283185841,0.6371256895312793,0.5409047160731473,4468,11210
challenge,S2A,S2A_18FWJ_20200706_0_L2A_59.tif,0.9076339097427246,0.950240393596212,0.9034927889811927,4643,4403
challenge,S2A,S2A_18FWJ_20200706_0_L2A_6.tif,0.0,0.497772216796875,0.0,292,0
challenge,S2A,S2A_18FWJ_20200706_0_L2A_60.tif,0.7886662492172825,0.8831757309757939,0.7269679144187557,6023,5403
challenge,S2A,S2A_18FWJ_20200706_0_L2A_61.tif,0.00606844852973986,0.33273605912725523,0.07939346692957919,328,22219
challenge,S2A,S2A_18FWJ_20200706_0_L2A_62.tif,0.0,0.2306671142578125,0.0,179,35123
challenge,S2A,S2A_18FWJ_20200706_0_L2A_63.tif,0.5766463752075263,0.7823924033447622,0.4432754690513765,1124,1725
challenge,S2A,S2A_18FWJ_20200706_0_L2A_67.tif,0.7685365853658537,0.87666229765207,0.7580144196309362,3920,3331
challenge,S2A,S2A_18FWJ_20200706_0_L2A_69.tif,0.8119891008174387,0.8937724781390746,0.6181161600962984,7192,6773
challenge,S2A,S2A_18FWJ_20200706_0_L2A_7.tif,0.8260869565217391,0.9023903436516245,0.5381079119283814,6520,6794
challenge,S2A,S2A_18FWJ_20200706_0_L2A_70.tif,0.08695652173913043,0.4443908568709334,0.13236187006678812,1282,13893
challenge,S2A,S2A_18FWJ_20200706_0_L2A_71.tif,0.4206241519674355,0.7070388413840183,0.46925260170293287,402,645
challenge,S2A,S2A_18FWJ_20200706_0_L2A_72.tif,0.6524953789279113,0.8142563640397944,0.5898548706991347,4036,3116
challenge,S2A,S2A_18FWJ_20200706_0_L2A_76.tif,0.0,0.49201202392578125,0.0,1047,0
challenge,S2A,S2A_18FWJ_20200706_0_L2A_77.tif,0.6492220650636492,0.8227055974318661,0.684545031778019,622,544
challenge,S2A,S2A_18FWJ_20200706_0_L2A_79.tif,0.04181270368320728,0.40077097500676956,0.20390652601827083,695,16248
challenge,S2A,S2A_18FWJ_20200706_0_L2A_84.tif,0.18379515959312523,0.574000883801977,0.22326026523264825,1455,1920
challenge,S2A,S2A_18FWJ_20200706_0_L2A_86.tif,0.7294776119402985,0.8613595352711452,0.660402113400234,1394,1387
challenge,S2A,S2A_18FWJ_20200706_0_L2A_87.tif,0.10252946954813359,0.49478183651901664,0.43231963594135925,1220,7759
challenge,S2A,S2A_18FWJ_20200706_0_L2A_91.tif,0.5504664970313825,0.7669826803161832,0.42560920236113214,2296,1360
challenge,S2A,S2A_18FWJ_20200706_0_L2A_94.tif,0.2990954434018091,0.5826826615376735,0.2991950378088302,3565,11802
challenge,S2A,S2A_18FWJ_20200706_0_L2A_97.tif,0.8892401490346619,0.9361133107296098,0.7794728506754846,8244,8489
challenge,S2A,S2A_18FWJ_20200706_0_L2A_98.tif,0.6068692343774431,0.733452059480713,0.31611476046539116,18965,11866
challenge,S2A,S2A_18FWJ_20200706_1_L2A_102.tif,0.0,0.4988861083984375,0.0,146,0
challenge,S2A,S2A_18FWJ_20200706_1_L2A_103.tif,0.0,0.49889373779296875,0.0,145,0
challenge,S2A,S2A_18FWJ_20200706_1_L2A_105.tif,0.7004347004347005,0.8373999476619565,0.6608248173410685,5192,3805
challenge,S2A,S2A_18FWJ_20200706_1_L2A_109.tif,0.8455032421764872,0.9183702148807185,0.6953125,3155,3391
challenge,S2A,S2A_18FWJ_20200706_1_L2A_110.tif,0.4586394481520947,0.6451727872930354,0.5556697444978497,8706,17303
challenge,S2A,S2A_18FWJ_20200706_1_L2A_112.tif,0.6865931514799768,0.8347482141759548,0.40546369518332137,2486,3326
challenge,S2A,S2A_18FWJ_20200706_1_L2A_114.tif,0.7223716224868741,0.8430874724839412,0.4809619238476954,6403,7047
challenge,S2A,S2A_18FWJ_20200706_1_L2A_117.tif,0.0,0.4987335205078125,0.0,166,0
challenge,S2A,S2A_18FWJ_20200706_1_L2A_118.tif,0.0,0.48572540283203125,0.0,1871,0
challenge,S2A,S2A_18FWJ_20200706_1_L2A_119.tif,0.1652191077773391,0.5499274413366981,0.27703967282053654,3956,1947
challenge,S2A,S2A_18FWJ_20200706_1_L2A_12.tif,0.9130048823790502,0.9549586235490456,0.8390080692777012,2065,2245
challenge,S2A,S2A_18FWJ_20200706_1_L2A_122.tif,0.0,0.4984130859375,0.0,208,0
challenge,S2A,S2A_18FWJ_20200706_1_L2A_124.tif,0.8848058637083994,0.9321296247856699,0.7264311284225128,9784,9245
challenge,S2A,S2A_18FWJ_20200706_1_L2A_125.tif,0.0,0.498260498046875,0.0,228,0
challenge,S2A,S2A_18FWJ_20200706_1_L2A_129.tif,0.0,0.496002197265625,0.0,524,0
challenge,S2A,S2A_18FWJ_20200706_1_L2A_131.tif,0.503858024691358,0.6974430278695241,0.6311875397250971,6642,12848
challenge,S2A,S2A_18FWJ_20200706_1_L2A_132.tif,0.5112219451371571,0.752601421851507,0.4991708126036484,413,799
challenge,S2A,S2A_18FWJ_20200706_1_L2A_133.tif,0.41399000713775874,0.7006753410280825,0.35552965175579193,1000,981
challenge,S2A,S2A_18FWJ_20200706_1_L2A_134.tif,0.0,0.4984588623046875,0.0,202,0
challenge,S2A,S2A_18FWJ_20200706_1_L2A_138.tif,0.0,0.4994354248046875,0.0,74,0
challenge,S2A,S2A_18FWJ_20200706_1_L2A_140.tif,0.7866262713698333,0.8662405944537476,0.7323143634850765,11577,13191
challenge,S2A,S2A_18FWJ_20200706_1_L2A_142.tif,0.3037486218302095,0.642156683770379,0.41905444126074504,749,1616
challenge,S2A,S2A_18FWJ_20200706_1_L2A_156.tif,0.0,0.4966888427734375,0.0,434,0
challenge,S2A,S2A_18FWJ_20200706_1_L2A_157.tif,0.5308914386584289,0.7571840184913863,0.5331025267249757,2131,1338
challenge,S2A,S2A_18FWJ_20200706_1_L2A_158.tif,0.6295811518324608,0.812615493293834,0.42091197594788704,481,764
challenge,S2A,S2A_18FWJ_20200706_1_L2A_159.tif,0.10046470458065944,0.4873339181750856,0.24269287498871198,1161,8785
challenge,S2A,S2A_18FWJ_20200706_1_L2A_160.tif,0.044611819235225954,0.356217740407107,0.23681684062183467,1226,22213
challenge,S2A,S2A_18FWJ_20200706_1_L2A_161.tif,0.0,0.4882965087890625,0.0,1534,0
challenge,S2A,S2A_18FWJ_20200706_1_L2A_162.tif,0.0,0.4981842041015625,0.0,238,0
challenge,S2A,S2A_18FWJ_20200706_1_L2A_163.tif,0.8606965174129353,0.9290458927416315,0.7364016736401674,1073,1171
challenge,S2A,S2A_18FWJ_20200706_1_L2A_164.tif,0.0,0.49277496337890625,0.0,85,862
challenge,S2A,S2A_18FWJ_20200706_1_L2A_165.tif,0.0,0.4927978515625,0.0,766,178
challenge,S2A,S2A_18FWJ_20200706_1_L2A_166.tif,0.9014446227929374,0.9426592073202675,0.7918797999515552,8781,8988
challenge,S2A,S2A_18FWJ_20200706_1_L2A_168.tif,0.8336056644880174,0.9065190607423425,0.36428613413272204,7145,6321
challenge,S2A,S2A_18FWJ_20200706_1_L2A_171.tif,0.1389975115535016,0.5509094549862066,0.1842644047967242,2662,542
challenge,S2A,S2A_18FWJ_20200706_1_L2A_18.tif,0.36776061776061775,0.6634153960514643,0.4452405509816726,1934,3734
challenge,S2A,S2A_18FWJ_20200706_1_L2A_19.tif,0.7554179566563467,0.8610944686034274,0.6269798194108649,7596,6579
challenge,S2A,S2A_18FWJ_20200706_1_L2A_20.tif,0.0,0.48142242431640625,0.0,2435,0
challenge,S2A,S2A_18FWJ_20200706_1_L2A_21.tif,0.24896969696969698,0.6004726951419042,0.262828463468805,1865,3287
challenge,S2A,S2A_18FWJ_20200706_1_L2A_25.tif,0.7256885016337327,0.8483630443508392,0.4687209479217728,5067,6024
challenge,S2A,S2A_18FWJ_20200706_1_L2A_26.tif,0.7172534441285808,0.8482421808152542,0.382173565865457,3801,4052
challenge,S2A,S2A_18FWJ_20200706_1_L2A_27.tif,0.7051282051282052,0.8509727986173613,0.6009837531673871,596,601
challenge,S2A,S2A_18FWJ_20200706_1_L2A_28.tif,0.7249230769230769,0.8589887767225162,0.5402298850574713,1576,1227
challenge,S2A,S2A_18FWJ_20200706_1_L2A_33.tif,0.10058578695853244,0.45945669289076535,0.2481534100949271,1972,12307
challenge,S2A,S2A_18FWJ_20200706_1_L2A_37.tif,0.8171861836562764,0.903395570032079,0.5834932821497122,3391,3080
challenge,S2A,S2A_18FWJ_20200706_1_L2A_39.tif,0.8013343217197925,0.891910707876821,0.6593835769145019,4724,4996
challenge,S2A,S2A_18FWJ_20200706_1_L2A_40.tif,0.9148264984227129,0.9554824098126977,0.8639377098202952,2640,2823
challenge,S2A,S2A_18FWJ_20200706_1_L2A_42.tif,0.8511811023622047,0.9241244120142418,0.8511624911444581,1181,1170
challenge,S2A,S2A_18FWJ_20200706_1_L2A_43.tif,0.7997487042563216,0.8893273995770391,0.6172957635729325,5862,5597
challenge,S2A,S2A_18FWJ_20200706_1_L2A_47.tif,0.0,0.4974212646484375,0.0,338,0
challenge,S2A,S2A_18FWJ_20200706_1_L2A_49.tif,0.0006987695579523013,0.2493152388842682,0.029398462234283128,232,32706
challenge,S2A,S2A_18FWJ_20200706_1_L2A_51.tif,0.394750656167979,0.6884765259106134,0.12307692307692307,1904,753
challenge,S2A,S2A_18FWJ_20200706_1_L2A_52.tif,0.824696802646086,0.9111213222343229,0.841038930443489,774,881
challenge,S2A,S2A_18FWJ_20200706_1_L2A_53.tif,0.6102756892230576,0.8027473389926876,0.5974179394143954,706,579
challenge,S2A,S2A_18FWJ_20200706_1_L2A_6.tif,0.0,0.497772216796875,0.0,292,0
challenge,S2A,S2A_18FWJ_20200706_1_L2A_60.tif,0.7878834831112488,0.8826185210960786,0.7329049546616845,6023,5516
challenge,S2A,S2A_18FWJ_20200706_1_L2A_72.tif,0.6389598328302762,0.807096188076708,0.5685383605486215,4036,3023
challenge,S2A,S2A_18FWJ_20200706_1_L2A_76.tif,0.0,0.49201202392578125,0.0,1047,0
challenge,S2A,S2A_18FWJ_20200706_1_L2A_84.tif,0.0,0.48879241943359375,0.0,1455,14
challenge,S2A,S2A_18FWJ_20200716_0_L2A_100.tif,0.0,0.497161865234375,0.0,372,0
challenge,S2A,S2A_18FWJ_20200716_0_L2A_103.tif,0.0,0.49889373779296875,0.0,145,0
challenge,S2A,S2A_18FWJ_20200716_0_L2A_106.tif,0.7918088737201365,0.8944932709131219,0.8351115421920465,855,720
challenge,S2A,S2A_18FWJ_20200716_0_L2A_111.tif,0.8288808023431259,0.8972864605697515,0.4907283600511335,9716,10890
challenge,S2A,S2A_18FWJ_20200716_0_L2A_112.tif,0.6755288736420811,0.8287811686526775,0.3782776902134976,2486,3375
challenge,S2A,S2A_18FWJ_20200716_0_L2A_117.tif,0.0,0.4987335205078125,0.0,166,0
challenge,S2A,S2A_18FWJ_20200716_0_L2A_118.tif,0.0,0.48572540283203125,0.0,1871,0
challenge,S2A,S2A_18FWJ_20200716_0_L2A_119.tif,0.15849130349814344,0.5459818433288323,0.2701298701298701,3956,1972
challenge,S2A,S2A_18FWJ_20200716_0_L2A_121.tif,0.0,0.49723052978515625,0.0,363,0
challenge,S2A,S2A_18FWJ_20200716_0_L2A_125.tif,0.0,0.498260498046875,0.0,228,0
challenge,S2A,S2A_18FWJ_20200716_0_L2A_129.tif,0.0,0.496002197265625,0.0,524,0
challenge,S2A,S2A_18FWJ_20200716_0_L2A_132.tif,0.4671201814058957,0.729951589996603,0.3660311958405546,413,881
challenge,S2A,S2A_18FWJ_20200716_0_L2A_133.tif,0.3156744948115784,0.6481925539115314,0.31016042780748665,1000,1409
challenge,S2A,S2A_18FWJ_20200716_0_L2A_134.tif,0.0,0.4984588623046875,0.0,202,0
challenge,S2A,S2A_18FWJ_20200716_0_L2A_138.tif,0.0,0.496368408203125,0.0,74,402
challenge,S2A,S2A_18FWJ_20200716_0_L2A_141.tif,0.9054076401521416,0.9422249427082475,0.742128935532234,11370,11674
challenge,S2A,S2A_18FWJ_20200716_0_L2A_142.tif,0.33798604187437686,0.6587552707752963,0.41222828440287523,749,1935
challenge,S2A,S2A_18FWJ_20200716_0_L2A_144.tif,0.3690147906743545,0.6227354712534077,0.3454213518111282,4462,11921
challenge,S2A,S2A_18FWJ_20200716_0_L2A_152.tif,0.0,0.3288726806640625,0.0,108,22322
challenge,S2A,S2A_18FWJ_20200716_0_L2A_154.tif,0.23181667220192628,0.5980715737085389,0.15419501133786848,816,2893
challenge,S2A,S2A_18FWJ_20200716_0_L2A_156.tif,0.013363028953229399,0.4965392634921524,0.0,434,931
challenge,S2A,S2A_18FWJ_20200716_0_L2A_157.tif,0.5797943674564149,0.7825807560129565,0.5862677636499626,2131,1403
challenge,S2A,S2A_18FWJ_20200716_0_L2A_158.tif,0.5560693641618497,0.7750833332222669,0.26946546253356113,481,865
challenge,S2A,S2A_18FWJ_20200716_0_L2A_16.tif,0.8173942019326891,0.8996586711461235,0.6025093448465707,4985,5923
challenge,S2A,S2A_18FWJ_20200716_0_L2A_160.tif,0.028783076582884943,0.3109091817166606,0.10029896807792459,1226,26689
challenge,S2A,S2A_18FWJ_20200716_0_L2A_161.tif,0.0,0.4882965087890625,0.0,1534,0
challenge,S2A,S2A_18FWJ_20200716_0_L2A_162.tif,0.0,0.4981842041015625,0.0,238,0
challenge,S2A,S2A_18FWJ_20200716_0_L2A_165.tif,0.01723597618301473,0.48467211066141314,0.026348808030112924,766,2480
challenge,S2A,S2A_18FWJ_20200716_0_L2A_166.tif,0.8574904782056707,0.9170181230853536,0.6810718723380977,8781,8776
challenge,S2A,S2A_18FWJ_20200716_0_L2A_168.tif,0.8041912246234446,0.8895105897512805,0.31650750341064116,7145,6630
challenge,S2A,S2A_18FWJ_20200716_0_L2A_17.tif,0.8863409770687937,0.9353654768953443,0.7452268386611979,7428,7708
challenge,S2A,S2A_18FWJ_20200716_0_L2A_171.tif,0.14064152273528374,0.5516063594148347,0.16875032155167977,2662,574
challenge,S2A,S2A_18FWJ_20200716_0_L2A_18.tif,0.3741126360624704,0.666377715889104,0.4541284403669725,1934,3873
challenge,S2A,S2A_18FWJ_20200716_0_L2A_2.tif,0.5030660650237186,0.7164362815149319,0.3076878419761687,6391,6600
challenge,S2A,S2A_18FWJ_20200716_0_L2A_20.tif,0.05584104145255225,0.5068414819793928,0.16185109699076847,2435,647
challenge,S2A,S2A_18FWJ_20200716_0_L2A_21.tif,0.38452761296211774,0.6711443251886751,0.4117589141289823,1865,4202
challenge,S2A,S2A_18FWJ_20200716_0_L2A_22.tif,0.0,0.4973297119140625,0.0,350,0
challenge,S2A,S2A_18FWJ_20200716_0_L2A_29.tif,0.0,0.4991455078125,0.0,112,0
challenge,S2A,S2A_18FWJ_20200716_0_L2A_3.tif,0.7339274984978971,0.8441400338882531,0.5243020882193833,9240,8075
challenge,S2A,S2A_18FWJ_20200716_0_L2A_31.tif,0.7602577144794845,0.8745438096838918,0.6257785860422824,2777,2414
challenge,S2A,S2A_18FWJ_20200716_0_L2A_39.tif,0.7611524163568774,0.8701190216092096,0.6025603296056503,4724,4751
challenge,S2A,S2A_18FWJ_20200716_0_L2A_40.tif,0.9179913294797688,0.9571939344438292,0.8721057309805179,2640,2669
challenge,S2A,S2A_18FWJ_20200716_0_L2A_42.tif,0.8648867313915858,0.9311481293733334,0.8676470588235293,1181,1124
challenge,S2A,S2A_18FWJ_20200716_0_L2A_46.tif,0.6729914023124814,0.8083224899720974,0.5410008021225396,7798,9131
challenge,S2A,S2A_18FWJ_20200716_0_L2A_47.tif,0.0,0.4974212646484375,0.0,338,0
challenge,S2A,S2A_18FWJ_20200716_0_L2A_60.tif,0.7405327342747111,0.8569950813738257,0.6400550584996559,6023,4824
challenge,S2A,S2A_31TGK_20200822_0_L2A_12.tif,0.0,0.49896240234375,0.0,136,0
challenge,S2A,S2A_31TGK_20200822_0_L2A_15.tif,0.6267409470752089,0.8081694985488603,0.5036726128016789,1723,1197
challenge,S2A,S2A_31TGK_20200822_0_L2A_26.tif,0.41044776119402987,0.6979176348358705,0.05907172995780591,1571,697
challenge,S2A,S2A_31TGK_20200822_0_L2A_36.tif,0.454320987654321,0.7254696503946718,0.5350734094616639,350,239
challenge,S2A,S2A_32TLQ_20200822_0_L2A_16.tif,0.7355460385438972,0.865868595148215,0.6556969885128842,905,716
challenge,S2A,S2A_32TLQ_20200822_0_L2A_17.tif,0.4799382716049383,0.7373857705284178,0.38532110091743116,596,363
challenge,S2A,S2A_32TLQ_20200822_0_L2A_18.tif,0.6617429837518464,0.8273287938561211,0.5597426470588236,1333,917
challenge,S2A,S2A_32TLQ_20200822_0_L2A_19.tif,0.07252747252747253,0.5330425097550268,0.2111746590409151,455,33
challenge,S2A,S2A_32TLQ_20200822_0_L2A_20.tif,0.711864406779661,0.8554120712150661,0.7937293729372936,171,233
challenge,S2A,S2A_32TLQ_20200822_0_L2A_24.tif,0.049473684210526316,0.5178425545149808,0.1327433628318584,719,278
challenge,S2A,S2A_32TLQ_20200822_0_L2A_26.tif,0.0008447729672650475,0.4643255177782672,0.0,4735,4
challenge,S2A,S2A_32TLQ_20200822_0_L2A_28.tif,0.0921409214092141,0.5435132868778537,0.06315789473684211,369,34
challenge,S2A,S2A_32TLQ_20200822_0_L2A_30.tif,0.8218940052128584,0.9093600696446704,0.8406153188761885,1107,990
challenge,S2A,S2A_32TLQ_20200822_0_L2A_38.tif,0.6869261040664626,0.8378662412773492,0.6995120415551708,2196,1662
challenge,S2A,S2A_32TLQ_20200822_0_L2A_4.tif,0.6576994434137291,0.8260036853331314,0.516179756682943,802,985
challenge,S2A,S2A_32TLQ_20200901_1_L2A_30.tif,0.5049683830171635,0.7482673147675811,0.2833333333333333,1107,559
challenge,S2A,S2A_32TLQ_20200901_1_L2A_31.tif,0.5408921933085502,0.7685532313006082,0.6808510638297872,528,301
challenge,S2A,S2A_32TLR_20200809_0_L2A_1.tif,0.6755102040816326,0.836535870386802,0.7629053439741388,421,400
challenge,S2A,S2A_32TLR_20200809_0_L2A_10.tif,0.5610317825886688,0.7731073897862029,0.39101456430510995,2171,1218
challenge,S2A,S2A_32TLR_20200809_0_L2A_11.tif,0.3270321361058601,0.6469574150714423,0.3039861769669694,2938,1274
challenge,S2A,S2A_32TLR_20200809_0_L2A_15.tif,0.7527964205816555,0.8729553064117188,0.38035138042309075,1783,1351
challenge,S2A,S2A_32TLR_20200809_0_L2A_18.tif,0.7644483362521891,0.8801441532798919,0.5890360103947532,901,1114
challenge,S2A,S2A_32TLR_20200809_0_L2A_2.tif,0.6518771331058021,0.8251580936781593,0.7907573812580232,235,249
challenge,S2A,S2A_32TLR_20200809_0_L2A_3.tif,0.5470763131813677,0.7700219064367999,0.44143646408839776,1003,558
challenge,S2A,S2A_32TLR_20200809_0_L2A_31.tif,0.0,0.4959564208984375,0.0,530,0
challenge,S2A,S2A_32TLR_20200809_0_L2A_32.tif,0.5743243243243243,0.7857145740431076,0.6657808914120062,264,435
challenge,S2A,S2A_32TLR_20200809_0_L2A_40.tif,0.4043419267299864,0.6988063599130173,0.46706114398422094,688,347
challenge,S2A,S2A_32TLR_20200809_0_L2A_45.tif,0.0,0.4980926513671875,0.0,250,0
challenge,S2A,S2A_32TLR_20200809_0_L2A_51.tif,0.7196652719665272,0.8593201214492694,1.0,179,232
challenge,S2A,S2A_32TLR_20200809_0_L2A_6.tif,0.5614035087719298,0.7797457460648685,0.7247058823529412,174,271
challenge,S2A,S2A_32TLR_20200809_1_L2A_1.tif,0.6512605042016807,0.8243577534040016,0.7931034482758621,421,365
challenge,S2A,S2A_32TLR_20200809_1_L2A_10.tif,0.5543278084714549,0.7696404322466707,0.38377352300157014,2171,1205
challenge,S2A,S2A_32TLR_20200809_1_L2A_11.tif,0.3559696778269109,0.6621563056339448,0.32569386797560185,2938,1355
challenge,S2A,S2A_32TLR_20200809_1_L2A_18.tif,0.7642980935875217,0.8800455419835402,0.5478260869565217,901,1135
challenge,S2A,S2A_32TLR_20200809_1_L2A_32.tif,0.5394190871369294,0.7680090717258272,0.5727353576419769,264,478
challenge,S2A,S2A_32TLR_20200809_1_L2A_40.tif,0.3919463087248322,0.6925015707685224,0.43933054393305443,688,349
challenge,S2A,S2A_32TLR_20200809_1_L2A_45.tif,0.0,0.4980926513671875,0.0,250,0
challenge,S2A,S2A_32TLR_20200819_0_L2A_18.tif,0.7545375972342264,0.8750727978129439,0.5148029673994419,901,1129
challenge,S2A,S2A_32TLR_20200819_0_L2A_31.tif,0.6521739130434783,0.824614021699105,0.7060702875399361,530,382
challenge,S2A,S2A_32TLR_20200819_1_L2A_7.tif,0.8797634691195795,0.9354196984408671,0.6840356933498339,4507,4076
challenge,S2A,S2A_32TLR_20200901_0_L2A_121.tif,0.0,0.48639678955078125,0.0,1783,0
challenge,S2A,S2A_32TLR_20200901_0_L2A_122.tif,0.05714285714285714,0.5215158390784536,0.07627118644067797,980,56
challenge,S2A,S2A_32TLR_20200901_0_L2A_123.tif,0.876953125,0.9364997818285221,0.8031139764018976,1937,1907
challenge,S2A,S2A_32TLR_20200901_0_L2A_124.tif,0.0,0.49737548828125,0.0,344,0
challenge,S2A,S2A_32TLR_20200901_0_L2A_126.tif,0.7817531305903399,0.888989831200957,0.6310762408323384,901,1091
challenge,S2A,S2A_32TLR_20200901_0_L2A_127.tif,0.7770700636942676,0.8879989784255814,0.8593750000000001,248,310
challenge,S2A,S2A_32TLR_20200901_0_L2A_129.tif,0.8416602613374328,0.9192317693769922,0.7763679619349722,1235,1161
challenge,S2A,S2A_32TLR_20200901_0_L2A_137.tif,0.25292397660818716,0.6186233627480267,0.26351351351351354,1306,408
challenge,S2A,S2A_32TLR_20200901_0_L2A_143.tif,0.923526863084922,0.9588828805656849,0.8076988652509142,4427,4452
challenge,S2A,S2A_32TLR_20200901_0_L2A_146.tif,0.5793871866295265,0.7885378867264703,0.6274047899489595,211,356
challenge,S2A,S2A_32TLR_20200901_0_L2A_147.tif,0.8829174664107485,0.9409900504344603,0.9743589743589743,498,483
challenge,S2A,S2A_32TLR_20200901_0_L2A_148.tif,0.0,0.4947509765625,0.0,688,0
challenge,S2A,S2A_32TLR_20200901_0_L2A_15.tif,0.0,0.49585723876953125,0.0,543,0
challenge,S2A,S2A_32TLR_20200901_0_L2A_150.tif,0.602328431372549,0.7961373385465598,0.6824213508274937,1278,1337
challenge,S2A,S2A_32TLR_20200901_0_L2A_38.tif,0.8571428571428571,0.9283955822152709,1.0,141,158
challenge,S2A,S2A_32TLR_20200901_0_L2A_53.tif,0.0,0.49628448486328125,0.0,487,0
challenge,S2A,S2A_32TLR_20200901_0_L2A_65.tif,0.0,0.4964752197265625,0.0,462,0
challenge,S2A,S2A_32TLR_20200901_0_L2A_73.tif,0.6758409785932722,0.8371090371034187,0.7658157602663708,325,223
challenge,S2A,S2A_32TLR_20200908_0_L2A_1.tif,0.5487528344671202,0.7728525406139626,0.615842763549732,421,262
challenge,S2A,S2A_32TLR_20200908_0_L2A_18.tif,0.7728904847396768,0.8844893088561159,0.6202482544608223,901,1074
challenge,S2A,S2A_32TLR_20200908_0_L2A_3.tif,0.28087649402390436,0.634906019102552,0.1806993006993007,1003,283
challenge,S2A,S2A_39XWA_20200829_0_L2A_1.tif,0.6511363636363636,0.8133216882246537,0.6531552152260462,4373,2892
challenge,S2A,S2A_39XWA_20200829_0_L2A_10.tif,0.8160092139360783,0.9029090757250167,0.618606486230569,3355,2952
challenge,S2A,S2A_39XWA_20200829_0_L2A_12.tif,0.2185089974293059,0.6069321506985799,0.2608695652173913,389,85
challenge,S2A,S2A_39XWA_20200829_0_L2A_5.tif,0.0,0.4950408935546875,0.0,650,0
challenge,S2A,S2A_39XWA_20200829_0_L2A_8.tif,0.028756990799206204,0.30648217324448795,0.02631893767197033,27715,797
challenge,S2A,S2A_39XWA_20200829_0_L2A_9.tif,0.0,0.43746185302734375,0.0,8197,0
challenge,S2A,S2A_39XWB_20200829_0_L2A_10.tif,0.3966789667896679,0.6958364598648819,0.4137931034482759,466,291
challenge,S2A,S2A_39XWB_20200829_0_L2A_11.tif,0.23537414965986395,0.6003531657558465,0.2787456445993031,2935,697
challenge,S2A,S2A_39XWB_20200829_0_L2A_21.tif,0.0,0.45359039306640625,0.0,6083,0
challenge,S2A,S2A_39XWB_20200829_0_L2A_24.tif,0.0057182752086173076,0.2740864186764585,0.0,30079,172
challenge,S2A,S2A_39XWB_20200829_0_L2A_25.tif,0.0,0.45549774169921875,0.0,5833,0
challenge,S2A,S2A_39XWB_20200829_0_L2A_26.tif,0.8125542377784206,0.9011118790403414,0.6355555555555554,3355,2911
challenge,S2A,S2A_39XWB_20200829_0_L2A_28.tif,0.7004613610149942,0.8283935717171569,0.33924465421100164,6148,8595
challenge,S2A,S2A_39XWB_20200829_0_L2A_30.tif,0.2282051282051282,0.6118029934576148,0.26519337016574585,389,90
challenge,S2A,S2A_39XWB_20200829_0_L2A_35.tif,0.0,0.48505401611328125,0.0,1959,0
challenge,S2A,S2A_39XWB_20200829_0_L2A_37.tif,0.19078947368421054,0.5925757480111071,0.1188118811881188,456,87
challenge,S2A,S2A_39XWB_20200829_0_L2A_8.tif,0.0,0.49903106689453125,0.0,127,0
challenge,S2A,S2A_39XXA_20200829_0_L2A_2.tif,0.0,0.45322418212890625,0.0,6131,0
challenge,S2A,S2A_39XXA_20200829_0_L2A_3.tif,0.011434621492853361,0.2909485565294114,0.02130492676431425,28335,324
challenge,S2A,S2A_39XXA_20200829_0_L2A_6.tif,0.0,0.49703216552734375,0.0,389,0
challenge,S2A,S2A_40XDF_20200829_0_L2A_10.tif,0.85065339141257,0.9215051613602451,0.6823337739387046,3143,2805
challenge,S2A,S2A_40XDF_20200829_0_L2A_15.tif,0.8578629032258065,0.9278415544188088,0.9355700712589073,865,978
challenge,S2A,S2A_40XDF_20200829_0_L2A_16.tif,0.03137458831686601,0.472936165706134,0.082010582010582,5765,185
challenge,S2A,S2A_40XDF_20200829_0_L2A_6.tif,0.017185858106504866,0.28566162148278385,0.011904761904761904,29501,507
challenge,S2A,S2A_40XDF_20200829_0_L2A_7.tif,0.021052631578947368,0.47997627759237665,0.12151898734177216,4085,86
challenge,S2A,S2A_40XDH_20200811_0_L2A_27.tif,0.34614281617436193,0.6178343895940857,0.4229524530869648,5500,8582
challenge,S2A,S2A_40XDH_20200811_0_L2A_29.tif,0.0,0.253326416015625,0.0,131,32201
challenge,S2A,S2A_40XDH_20200811_0_L2A_30.tif,0.49652260307998014,0.6971939339322035,0.3137315922790245,12044,6031
challenge,S2A,S2A_40XDH_20200811_0_L2A_33.tif,0.8796474667694086,0.9133910368054062,0.6544120741166733,19990,19039
challenge,S2A,S2A_40XDH_20200811_0_L2A_37.tif,0.7005291005291006,0.8480833991100045,0.46875000000000006,941,666
challenge,S2A,S2A_40XDH_20200811_0_L2A_45.tif,0.03913894324853229,0.4290013457019838,0.024110910186859555,12264,480
challenge,S2A,S2A_40XDH_20200811_0_L2A_54.tif,0.0,0.366790771484375,0.0,2222,15238
challenge,S2A,S2A_40XDH_20200811_0_L2A_55.tif,0.8444408410356197,0.8933902560316038,0.6543044332090645,17468,16656
challenge,S2A,S2A_40XDH_20200811_0_L2A_61.tif,0.3080872913992298,0.6499162872090488,0.5018213609208801,779,240
challenge,S2A,S2A_40XDH_20200811_0_L2A_68.tif,0.3437688543272776,0.4948041087844781,0.28423394276592023,29551,10539
challenge,S2A,S2A_40XDH_20200811_0_L2A_75.tif,0.43683781581092096,0.7131035232900759,0.3463541666666667,1220,543
challenge,S2A,S2A_40XDH_20200811_0_L2A_9.tif,0.2293972094302014,0.42422443676008803,0.27890142644241,29098,6675
challenge,S2A,S2A_40XDH_20200811_2_L2A_16.tif,0.48890383322125086,0.7325921119853016,0.25358099452661004,2934,1494
challenge,S2A,S2A_40XDH_20200811_2_L2A_30.tif,0.3205277132426153,0.5938733778056184,0.263997659402195,12044,3871
challenge,S2A,S2A_40XDH_20200811_2_L2A_33.tif,0.8797972483707458,0.9135833909415184,0.6434948432991459,19990,18950
challenge,S2A,S2A_40XDH_20200811_2_L2A_37.tif,0.38575982996811903,0.6884455633353707,0.10588235294117647,941,363
challenge,S2A,S2A_40XDH_20200811_2_L2A_45.tif,0.12508153946510112,0.478715264279596,0.03509211680661738,12264,1534
challenge,S2A,S2A_40XDH_20200811_2_L2A_64.tif,0.24618320610687022,0.6200720485714989,0.41509433962264153,508,145
challenge,S2A,S2A_40XDH_20200811_2_L2A_66.tif,0.09218203033838973,0.5282193785438254,0.17804154302670622,2571,237
challenge,S2A,S2A_40XDH_20200811_2_L2A_68.tif,0.3576109972103653,0.5047217766582284,0.27218531246022654,29551,10842
challenge,S2A,S2A_40XDH_20200811_2_L2A_70.tif,0.22807017543859648,0.608308991110556,0.27375201288244766,955,235
challenge,S2A,S2A_40XDJ_20200811_0_L2A_16.tif,0.5966691796312795,0.7465573594795496,0.4027135868536988,14287,9010
challenge,S2A,S2A_40XDJ_20200811_0_L2A_19.tif,0.0,0.4816436767578125,0.0,2406,0
challenge,S2A,S2A_40XDJ_20200811_0_L2A_20.tif,0.8451178451178452,0.9185286557329568,0.6992497632748197,3233,2795
challenge,S2A,S2A_40XDJ_20200811_0_L2A_23.tif,0.0,0.47261810302734375,0.0,3589,0
challenge,S2A,S2A_40XDJ_20200811_0_L2A_28.tif,0.012379642365887207,0.47878147499797163,0.0900683554483313,3099,581
challenge,S2A,S2A_40XDJ_20200811_0_L2A_29.tif,0.0,0.4971923828125,0.0,368,0
challenge,S2A,S2A_40XDJ_20200811_0_L2A_48.tif,0.1687526974536038,0.5695939402533964,0.2529411764705883,2302,406
challenge,S2A,S2A_40XDJ_20200811_0_L2A_5.tif,0.019644334160463194,0.21705941544382304,0.11510281954702359,1001,38447
challenge,S2A,S2A_40XDJ_20200811_0_L2A_51.tif,0.00558689229116304,0.21943868249140566,0.06617299511580274,37230,208
challenge,S2A,S2A_40XDJ_20200811_0_L2A_57.tif,0.857210401891253,0.9262355698861974,0.8670528751897877,1954,1974
challenge,S2A,S2A_40XDJ_20200811_0_L2A_63.tif,0.5714285714285714,0.7848884966269356,0.7153284671532847,240,156
challenge,S2A,S2A_40XDJ_20200811_0_L2A_7.tif,0.2508710801393728,0.6021123315400558,0.49214839468019067,1035,3991
challenge,S2A,S2A_40XDJ_20200811_0_L2A_8.tif,0.6276646139270488,0.801333499597815,0.3789018122802273,4181,2691
challenge,S2A,S2A_40XDJ_20200811_1_L2A_17.tif,0.7134035229803604,0.8325006296534245,0.5594109671496234,9471,7454
challenge,S2A,S2A_40XDJ_20200811_1_L2A_19.tif,0.3311312964492155,0.6530529037626558,0.268361581920904,2406,818
challenge,S2A,S2A_40XDJ_20200811_1_L2A_20.tif,0.8932299433343275,0.9437528492194894,0.8939165409753644,3233,3115
challenge,S2A,S2A_40XDJ_20200811_1_L2A_29.tif,0.0,0.4971923828125,0.0,368,0
challenge,S2A,S2A_40XDJ_20200811_1_L2A_30.tif,0.4812530433371206,0.7150875339585988,0.4159824849480022,5924,3202
challenge,S2A,S2A_40XDJ_20200811_1_L2A_35.tif,0.2523540489642185,0.6231419491021515,0.4299065420560748,508,157
challenge,S2A,S2A_40XDJ_20200811_1_L2A_48.tif,0.0,0.4824371337890625,0.0,2302,0
challenge,S2A,S2A_40XDJ_20200811_1_L2A_49.tif,0.0,0.4987640380859375,0.0,162,0
challenge,S2A,S2A_40XDJ_20200811_1_L2A_54.tif,0.06761278412368756,0.40825484150563224,0.022768124625524265,1352,17154
challenge,S2A,S2A_40XDJ_20200811_1_L2A_56.tif,0.1256544502617801,0.5564449944839535,0.13706453455168474,955,120
challenge,S2A,S2A_40XDJ_20200811_1_L2A_8.tif,0.6588289534347626,0.8176081012746421,0.3850815692532296,4181,3015
challenge,S2A,S2A_40XDJ_20200812_1_L2A_63.tif,0.10833333333333334,0.5525333282450516,0.045454545454545456,240,26
challenge,S2A,S2A_40XDJ_20200818_0_L2A_35.tif,0.2523719165085389,0.6231738640078281,0.43064138077988495,508,152
challenge,S2A,S2A_40XDJ_20200818_0_L2A_40.tif,0.6313559322033898,0.8143443875125291,0.9074041412395499,395,375
challenge,S2A,S2A_40XDJ_20200818_0_L2A_44.tif,0.5199240986717267,0.7560690229309885,0.46908497195996307,601,1001
challenge,S2A,S2A_40XDJ_20200818_0_L2A_48.tif,0.47079207920792077,0.7185968442052741,0.5395314787701317,2302,3640
challenge,S2A,S2A_40XDJ_20200818_0_L2A_54.tif,0.08463316002310803,0.4438453849335601,0.06265126454517592,1352,13668
challenge,S2A,S2A_40XDJ_20200818_0_L2A_7.tif,0.04318995623535653,0.3539653679936057,0.21520235456344938,1035,22563
challenge,S2A,S2A_40XDJ_20200818_1_L2A_24.tif,0.0,0.19234466552734375,0.0,225,40100
challenge,S2A,S2A_40XDJ_20200829_0_L2A_14.tif,0.0,0.2984466552734375,0.0,628,25790
challenge,S2A,S2A_40XDJ_20200829_0_L2A_15.tif,0.4351015801354402,0.6210561796041323,0.4141881593428099,19323,8650
challenge,S2A,S2A_40XDJ_20200829_0_L2A_16.tif,0.6087351502445842,0.755102286956872,0.5173708592429327,14287,8734
challenge,S2A,S2A_40XDJ_20200829_0_L2A_17.tif,0.4034387473134787,0.6544014530800598,0.2899305430337476,9471,4242
challenge,S2A,S2A_40XDJ_20200829_0_L2A_18.tif,0.0,0.4946441650390625,0.0,702,0
challenge,S2A,S2A_40XDJ_20200829_0_L2A_19.tif,0.0,0.4816436767578125,0.0,2406,0
challenge,S2A,S2A_40XDJ_20200829_0_L2A_20.tif,0.712094395280236,0.8483161371540751,0.617152017098584,3233,2571
challenge,S2A,S2A_40XDJ_20200829_0_L2A_24.tif,0.0,0.344390869140625,0.0,225,20171
challenge,S2A,S2A_40XDJ_20200829_0_L2A_25.tif,0.20100637370010063,0.5052921219315981,0.22172311757413424,3266,14635
challenge,S2A,S2A_40XDJ_20200829_0_L2A_26.tif,0.02436211618855413,0.46041181673395765,0.03795066413662239,6665,441
challenge,S2A,S2A_40XDJ_20200829_0_L2A_27.tif,0.4674731613523474,0.6780674964062285,0.128463476070529,11967,6350
challenge,S2A,S2A_40XDJ_20200829_0_L2A_28.tif,0.0,0.46596527099609375,0.006956521739130436,3099,1362
challenge,S2A,S2A_40XDJ_20200829_0_L2A_29.tif,0.0,0.4971923828125,0.0,368,0
challenge,S2A,S2A_40XDJ_20200829_0_L2A_30.tif,0.0,0.454803466796875,0.0,5924,0
challenge,S2A,S2A_40XDJ_20200829_0_L2A_35.tif,0.0,0.496124267578125,0.0,508,0
challenge,S2A,S2A_40XDJ_20200829_0_L2A_36.tif,0.1018897951064253,0.3717150444368966,0.25842233058958003,24082,3614
challenge,S2A,S2A_40XDJ_20200829_0_L2A_37.tif,0.006578471770404106,0.29301901524071206,0.08749368225978547,27666,182
challenge,S2A,S2A_40XDJ_20200829_0_L2A_44.tif,0.5954198473282443,0.7956760305624735,0.46511627906976744,601,444
challenge,S2A,S2A_40XDJ_20200829_0_L2A_45.tif,0.0025680534155110425,0.47164693608723846,0.04053271569195136,3835,69
challenge,S2A,S2A_40XDJ_20200829_0_L2A_48.tif,0.0,0.4824371337890625,0.0,2302,0
challenge,S2A,S2A_40XDJ_20200829_0_L2A_49.tif,0.0,0.4987640380859375,0.0,162,0
challenge,S2A,S2A_40XDJ_20200829_0_L2A_53.tif,0.753009805138389,0.8597734962902929,0.4334354686291916,6557,7567
challenge,S2A,S2A_40XDJ_20200829_0_L2A_54.tif,0.010969876371234547,0.4621082791047748,0.023658457898698783,1352,4454
challenge,S2A,S2A_40XDJ_20200829_0_L2A_56.tif,0.27189409368635437,0.6304697145721143,0.22190732605923197,955,294
challenge,S2A,S2A_40XDJ_20200829_0_L2A_59.tif,0.28916876574307304,0.6226703616253415,0.43833390352377694,3931,1187
challenge,S2A,S2A_40XDJ_20200829_0_L2A_63.tif,0.0,0.4981689453125,0.0,240,0
challenge,S2A,S2A_40XDJ_20200829_0_L2A_64.tif,0.0,0.49427032470703125,0.0,751,0
challenge,S2A,S2A_40XEH_20200829_0_L2A_3.tif,0.5853103535459947,0.6973815834647064,0.1829652996845426,23723,13898
challenge,S2A,S2A_40XEH_20200829_0_L2A_9.tif,0.0,0.49144744873046875,0.0,1121,0
challenge,S2A,S2A_40XEH_20200829_1_L2A_10.tif,0.0,0.49271392822265625,0.0,955,0
challenge,S2A,S2A_40XEH_20200829_1_L2A_13.tif,0.0,0.49526214599609375,0.0,621,0
challenge,S2A,S2A_40XEH_20200829_1_L2A_18.tif,0.4553381429387035,0.6352320966794358,0.06451612903225806,17175,10865
challenge,S2A,S2A_40XEH_20200829_1_L2A_2.tif,0.8813249869587898,0.9283427765169949,0.6849198956780924,11060,10579
challenge,S2A,S2A_40XEH_20200829_1_L2A_25.tif,0.7985367128298929,0.8930983820231411,0.5923011875436597,3697,3186
challenge,S2A,S2A_40XEH_20200829_1_L2A_26.tif,0.11630218687872763,0.5513564313381394,0.16901408450704228,1006,117
challenge,S2A,S2A_40XEH_20200829_1_L2A_27.tif,0.0,0.49683380126953125,0.0,415,0
challenge,S2A,S2A_40XEH_20200829_1_L2A_30.tif,0.0,0.49932861328125,0.0,88,0
challenge,S2A,S2A_40XEH_20200829_1_L2A_35.tif,0.7144385026737968,0.8551612258081323,0.5141076683399689,694,909
challenge,S2A,S2A_40XEH_20200829_1_L2A_6.tif,0.1262652705061082,0.403287802712586,0.03846330802852542,22920,2894
challenge,S2A,S2A_40XEH_20200829_1_L2A_8.tif,0.7441238823854733,0.7712801806583319,0.30692549842602307,32397,24369
challenge,S2A,S2A_40XEJ_20200811_0_L2A_1.tif,0.13403141361256546,0.5606938501526624,0.1471861471861472,955,128
challenge,S2A,S2A_40XEJ_20200811_0_L2A_16.tif,0.0,0.47249603271484375,0.0,3605,0
challenge,S2A,S2A_40XEJ_20200811_0_L2A_47.tif,0.0,0.49935150146484375,0.0,85,0
challenge,S2A,S2A_40XEJ_20200811_0_L2A_48.tif,0.6777251184834123,0.8367690920906687,0.7722323049001816,838,578
challenge,S2A,S2A_40XEJ_20200811_0_L2A_51.tif,0.0,0.49668121337890625,0.0,435,0
challenge,S2A,S2A_40XEJ_20200811_0_L2A_53.tif,0.0,0.496337890625,0.0,480,0
challenge,S2A,S2A_40XEJ_20200811_0_L2A_54.tif,0.36225596529284165,0.6788792102925527,0.5788247045114033,456,172
challenge,S2A,S2A_40XEJ_20200811_0_L2A_55.tif,0.8044692737430168,0.9014282348071191,0.7892727806596849,443,526
challenge,S2A,S2A_40XEJ_20200811_0_L2A_59.tif,0.0,0.47631072998046875,0.0,3105,0
challenge,S2A,S2A_40XEJ_20200811_0_L2A_60.tif,0.0,0.49199676513671875,0.0,1049,0
challenge,S2A,S2A_40XEJ_20200811_0_L2A_61.tif,0.0,0.47287750244140625,0.0,3555,0
challenge,S2A,S2A_40XEJ_20200811_0_L2A_9.tif,0.5094517958412098,0.7507334059594375,0.4107142857142857,539,1058
challenge,S2A,S2A_40XEJ_20200818_1_L2A_109.tif,0.3389473684210526,0.6548848658738374,0.6240459385093912,2727,1089
challenge,S2A,S2A_40XEJ_20200818_1_L2A_125.tif,0.46293769895407005,0.7223163648990878,0.5240654166735988,1732,1485
challenge,S2A,S2A_40XEJ_20200818_1_L2A_126.tif,0.6646634615384616,0.8280014498441959,0.6958424507658644,1167,1603
challenge,S2A,S2A_40XEJ_20200818_1_L2A_135.tif,0.0,0.30449676513671875,0.0,25625,0
challenge,S2A,S2A_40XEJ_20200818_1_L2A_52.tif,0.0,0.49668121337890625,0.0,435,0
challenge,S2A,S2A_40XEJ_20200818_1_L2A_55.tif,0.0,0.47498321533203125,0.0,3279,0
challenge,S2A,S2A_40XEJ_20200818_1_L2A_63.tif,0.0014581510644502771,0.4746040354748477,0.0,3429,5
challenge,S2A,S2A_40XEJ_20200818_1_L2A_65.tif,0.5367529196244561,0.7523696868029863,0.24341685135795046,3710,3001
challenge,S2A,S2A_40XEJ_20200818_1_L2A_72.tif,0.036458333333333336,0.47148695703493865,0.08981328291184117,6292,275
challenge,S2A,S2A_40XEJ_20200829_0_L2A_12.tif,0.8302277432712215,0.9125486460834615,0.7042653843907566,1634,1902
challenge,S2A,S2A_40XEJ_20200829_0_L2A_14.tif,0.41527703066164606,0.6992465074251965,0.3165829145728643,1781,850
challenge,S2A,S2A_40XEJ_20200829_0_L2A_17.tif,0.0,0.47249603271484375,0.0,3605,0
challenge,S2A,S2A_40XEJ_20200829_0_L2A_2.tif,0.4945770065075922,0.7400775599509983,0.3047330883942079,1844,912
challenge,S2A,S2A_40XEJ_20200829_0_L2A_25.tif,0.0,0.41753387451171875,0.0,957,9852
challenge,S2A,S2A_40XEJ_20200829_0_L2A_30.tif,0.0,0.3995513916015625,0.0,123,13043
challenge,S2A,S2A_40XEJ_20200829_0_L2A_33.tif,0.0,0.479705810546875,0.0,2660,0
challenge,S2A,S2A_40XEJ_20200829_0_L2A_34.tif,0.09760241646214839,0.5120427222500532,0.12595419847328243,5297,517
challenge,S2A,S2A_40XEJ_20200829_0_L2A_35.tif,0.0,0.48726654052734375,0.0,1669,0
challenge,S2A,S2A_40XEJ_20200829_0_L2A_39.tif,0.0,0.49756622314453125,0.0,206,113
challenge,S2A,S2A_40XEJ_20200829_0_L2A_4.tif,0.2848530519969857,0.6203231751708788,0.4223852342640795,3931,1184
challenge,S2A,S2A_40XEJ_20200829_0_L2A_41.tif,0.0,0.4940643310546875,0.0,727,51
challenge,S2A,S2A_40XEJ_20200829_0_L2A_44.tif,0.0,0.470458984375,0.0,225,3647
challenge,S2A,S2A_40XEJ_20200829_0_L2A_47.tif,0.0,0.4722137451171875,0.0,3642,0
challenge,S2A,S2A_40XEJ_20200829_0_L2A_50.tif,0.0,0.4041595458984375,0.0,137,12425
challenge,S2A,S2A_40XEJ_20200829_0_L2A_51.tif,0.0,0.45471954345703125,0.0,297,5638
challenge,S2A,S2A_40XEJ_20200829_0_L2A_52.tif,0.0,0.49668121337890625,0.0,435,0
challenge,S2A,S2A_40XEJ_20200829_0_L2A_53.tif,0.0,0.4929656982421875,0.0,607,315
challenge,S2A,S2A_40XEJ_20200829_0_L2A_56.tif,0.0,0.49444580078125,0.0,480,248
challenge,S2A,S2A_40XEJ_20200829_0_L2A_6.tif,0.3470955352856457,0.6630560453031688,0.24764468371467027,2078,728
challenge,S2A,S2A_40XEJ_20200829_0_L2A_60.tif,0.0,0.49662017822265625,0.0,443,0
challenge,S2A,S2A_40XEJ_20200829_0_L2A_7.tif,0.0,0.4981689453125,0.0,240,0
challenge,S2A,S2A_40XEJ_20200829_0_L2A_75.tif,0.0,0.47290802001953125,0.0,3551,0
challenge,S2A,S2A_40XEJ_20200829_0_L2A_8.tif,0.0,0.49427032470703125,0.0,751,0
challenge,S2A,S2A_40XEJ_20200829_0_L2A_80.tif,0.0,0.47631072998046875,0.0,3105,0
challenge,S2A,S2A_40XEJ_20200829_0_L2A_81.tif,0.0,0.4879913330078125,0.0,1049,525
challenge,S2A,S2A_40XEJ_20200829_0_L2A_9.tif,0.0,0.49430084228515625,0.0,539,208
challenge,S2A,S2A_40XEK_20200802_0_L2A_60.tif,0.40512608515915666,0.691417680413397,0.1805255454101903,2251,1148
challenge,S2A,S2A_40XEK_20200802_0_L2A_61.tif,0.6609654123907259,0.8234917818572279,0.7456092361674433,2554,1816
challenge,S2A,S2A_40XEK_20200802_0_L2A_62.tif,0.0,0.494293212890625,0.0,390,358
challenge,S2A,S2A_41XMD_20200818_1_L2A_110.tif,0.5351123595505618,0.7650160830827784,0.5546995377503852,451,642
challenge,S2A,S2A_41XMD_20200818_1_L2A_113.tif,0.0,0.4979095458984375,0.0,8,266
challenge,S2A,S2A_42SVD_20200913_0_L2A_1.tif,0.3937007874015748,0.6962624817806824,0.49065420560747663,83,94
challenge,S2A,S2A_42SVD_20200913_0_L2A_2.tif,0.43636363636363634,0.7160461782553026,0.4743997685854787,267,444
challenge,S2A,S2A_42SVD_20200913_1_L2A_1.tif,0.40875912408759124,0.7037610525752556,0.5328109696376101,83,110
challenge,S2A,S2A_42SVD_20200913_1_L2A_2.tif,0.4538310412573674,0.7247870465455354,0.5142857142857142,267,473
challenge,S2A,S2A_42SVD_20200913_1_L2A_3.tif,0.5060240963855421,0.7517576117712804,0.5150846210448861,197,303
challenge,S2A,S2A_42SVD_20200923_0_L2A_3.tif,0.5695364238410596,0.7837737807351679,0.6152828316242144,197,277
challenge,S2A,S2A_42SVE_20200903_0_L2A_12.tif,0.48448687350835323,0.740590367095658,0.47040971168437024,221,401
challenge,S2A,S2A_42SVE_20200903_0_L2A_13.tif,0.210752688172043,0.6025721630291433,0.19548872180451127,459,104
challenge,S2A,S2A_42SVE_20200903_0_L2A_14.tif,0.793441776400723,0.8903170971560632,0.4682206457217316,3710,3236
challenge,S2A,S2A_42SVE_20200903_0_L2A_15.tif,0.0,0.48694610595703125,0.0,1649,62
challenge,S2A,S2A_42SVE_20200903_0_L2A_16.tif,0.0,0.4990386962890625,0.0,126,0
challenge,S2A,S2A_42SVE_20200903_0_L2A_19.tif,0.701195219123506,0.8488670533225209,0.5696969696969697,742,539
challenge,S2A,S2A_42SVE_20200903_0_L2A_2.tif,0.0,0.4967803955078125,0.0,416,6
challenge,S2A,S2A_42SVE_20200903_0_L2A_21.tif,0.3464285714285714,0.6647621503569558,0.40963499335008136,1534,728
challenge,S2A,S2A_42SVE_20200903_0_L2A_22.tif,0.47706422018348627,0.7363490719153842,0.5978260869565217,536,269
challenge,S2A,S2A_42SVE_20200903_0_L2A_23.tif,0.044061302681992334,0.5182222469021824,0.10563380281690142,522,23
challenge,S2A,S2A_42SVE_20200903_0_L2A_24.tif,0.040697674418604654,0.5165710763911691,0.0,516,21
challenge,S2A,S2A_42SVE_20200903_0_L2A_3.tif,0.637852593266606,0.8158569667960238,0.5342520206704652,796,1004
challenge,S2A,S2A_42SVE_20200903_0_L2A_5.tif,0.3853503184713376,0.680718772170869,0.33109619686800895,2491,989
challenge,S2A,S2A_42SVE_20200903_0_L2A_6.tif,0.6835236541598695,0.8402722007150838,0.6494464944649447,477,555
challenge,S2A,S2A_42SVE_20200903_0_L2A_7.tif,0.34612176814011675,0.667041320488418,0.27716814159292036,1103,511
challenge,S2A,S2A_42SWE_20200910_0_L2A_104.tif,0.30186480186480186,0.6463442611588206,0.1803461753210497,835,282
challenge,S2A,S2A_42SWE_20200910_0_L2A_159.tif,0.4583333333333333,0.7276751796158337,0.3804511278195489,165,360
challenge,S2A,S2A_42SWE_20200910_0_L2A_161.tif,0.44954128440366975,0.7229340949107421,0.5846555908157551,393,239
challenge,S2A,S2A_42SWE_20200910_1_L2A_116.tif,0.32941176470588235,0.6633995815523545,0.34508547008547014,98,241
challenge,S2A,S2A_42SWE_20200910_1_L2A_183.tif,0.6553552492046659,0.8251744667724552,0.5880356385235468,853,708
challenge,S2A,S2A_42SWE_20200910_1_L2A_5.tif,0.0,0.4990692138671875,0.0,122,0
challenge,S2A,S2A_42SWE_20200913_0_L2A_101.tif,0.043867502238137866,0.5137794609546088,0.0,1117,49
challenge,S2A,S2A_42SWE_20200913_0_L2A_103.tif,0.07992895204262877,0.5360097341483853,0.10294117647058823,563,45
challenge,S2A,S2A_42SWE_20200913_0_L2A_104.tif,0.0,0.498504638671875,0.0,196,0
challenge,S2A,S2A_42SWE_20200913_0_L2A_105.tif,0.0,0.49895477294921875,0.0,137,0
challenge,S2A,S2A_42SWE_20200913_0_L2A_106.tif,0.0,0.49929046630859375,0.0,93,0
challenge,S2A,S2A_42SWE_20200913_0_L2A_119.tif,0.11454849498327759,0.5491777934174175,0.24722135660122568,1124,209
challenge,S2A,S2A_42SWE_20200913_0_L2A_120.tif,0.0,0.49607086181640625,0.0,515,0
challenge,S2A,S2A_42SWE_20200913_0_L2A_121.tif,0.38207547169811323,0.6880282248754453,0.3930911256700417,505,374
challenge,S2A,S2A_42SWE_20200913_0_L2A_123.tif,0.25347912524850896,0.6209875061300218,0.23322209862810528,696,565
challenge,S2A,S2A_42SWE_20200913_0_L2A_124.tif,0.27837837837837837,0.6371489342719456,0.35436537050623623,330,143
challenge,S2A,S2A_42SWE_20200913_0_L2A_134.tif,0.7509578544061303,0.873471267208007,0.6069900142653352,835,993
challenge,S2A,S2A_42SWE_20200913_0_L2A_135.tif,0.0,0.49884796142578125,0.0,151,0
challenge,S2A,S2A_42SWE_20200913_0_L2A_136.tif,0.16821465428276575,0.5717472596670692,0.10620126253249162,1928,336
challenge,S2A,S2A_42SWE_20200913_0_L2A_147.tif,0.6338215712383488,0.8126527650568061,0.6115702479338843,1361,1093
challenge,S2A,S2A_42SWE_20200913_0_L2A_148.tif,0.044890162368672396,0.514810211206172,0.18995477267317307,1047,47
challenge,S2A,S2A_42SWE_20200913_0_L2A_150.tif,0.6050632911392405,0.8001337851988741,0.574656188605108,730,538
challenge,S2A,S2A_42SWE_20200913_0_L2A_156.tif,0.2650485436893204,0.6267246610391501,0.28703703703703703,993,310
challenge,S2A,S2A_42SWE_20200913_0_L2A_160.tif,0.0,0.4877471923828125,0.0,1606,0
challenge,S2A,S2A_42SWE_20200913_0_L2A_164.tif,0.25971370143149286,0.6243116774673778,0.29277782280943504,963,269
challenge,S2A,S2A_42SWE_20200913_0_L2A_166.tif,0.562655601659751,0.7731165200570491,0.4018264840182648,2301,1465
challenge,S2A,S2A_42SWE_20200913_0_L2A_173.tif,0.6578786020846107,0.8246112368814689,0.509607993850884,1356,1348
challenge,S2A,S2A_42SWE_20200913_0_L2A_174.tif,0.21723646723646722,0.6001943247405528,0.3358673978065802,627,1082
challenge,S2A,S2A_42SWE_20200913_0_L2A_179.tif,0.6307692307692307,0.8107342456802239,0.6321127182231536,1520,1130
challenge,S2A,S2A_42SWE_20200913_0_L2A_182.tif,0.0,0.49603271484375,0.0,520,0
challenge,S2A,S2A_42SWE_20200913_0_L2A_183.tif,0.19169329073482427,0.5919790900292685,0.2967149417167078,556,190
challenge,S2A,S2A_42SWE_20200913_0_L2A_185.tif,0.5969773299748111,0.7960294722174324,0.3446184941889843,793,475
challenge,S2A,S2A_42SWE_20200913_0_L2A_186.tif,0.0,0.49478912353515625,0.0,683,0
challenge,S2A,S2A_42SWE_20200913_0_L2A_187.tif,0.8017456359102244,0.899647724339468,0.7063929830906953,736,709
challenge,S2A,S2A_42SWE_20200913_0_L2A_188.tif,0.0,0.49939727783203125,0.0,79,0
challenge,S2A,S2A_42SWE_20200913_0_L2A_191.tif,0.0,0.49700164794921875,0.0,393,0
challenge,S2A,S2A_42SWE_20200913_0_L2A_193.tif,0.21721677074041035,0.5951185546272268,0.1320754716981132,2222,507
challenge,S2A,S2A_42SWE_20200913_0_L2A_196.tif,0.5773896166909267,0.7819267108724269,0.5201563372417644,1831,1420
challenge,S2A,S2A_42SWE_20200913_0_L2A_197.tif,0.4734848484848485,0.728127077769138,0.43110838946723823,1605,1507
challenge,S2A,S2A_42SWE_20200913_0_L2A_198.tif,0.2314009661835749,0.6034727443396163,0.27219701879455604,2005,544
challenge,S2A,S2A_42SWE_20200913_0_L2A_199.tif,0.0,0.49771881103515625,0.0,299,0
challenge,S2A,S2A_42SWE_20200913_0_L2A_200.tif,0.0,0.49921417236328125,0.0,103,0
challenge,S2A,S2A_42SWE_20200913_0_L2A_201.tif,0.48036951501154734,0.7332300097312929,0.20870816840590137,1628,936
challenge,S2A,S2A_42SWE_20200913_0_L2A_203.tif,0.4869250157529931,0.717383558400958,0.4720106330582861,6167,3272
challenge,S2A,S2A_42SWE_20200913_0_L2A_208.tif,0.0,0.4952239990234375,0.0,626,0
challenge,S2A,S2A_42SWE_20200913_0_L2A_209.tif,0.0,0.498809814453125,0.0,156,0
challenge,S2A,S2A_42SWE_20200913_0_L2A_210.tif,0.0,0.49575042724609375,0.0,557,0
challenge,S2A,S2A_42SWE_20200913_0_L2A_213.tif,0.0,0.49349212646484375,0.0,853,0
challenge,S2A,S2A_42SWE_20200913_0_L2A_214.tif,0.6929032258064516,0.8446208155063428,0.6711409395973154,725,587
challenge,S2A,S2A_42SWE_20200913_0_L2A_96.tif,0.010416666666666666,0.5030338563522704,0.0967741935483871,288,3
challenge,S2A,S2A_42SWE_20200913_1_L2A_100.tif,0.6607773851590106,0.8296541748363111,0.6561043802423113,209,261
challenge,S2A,S2A_42SWE_20200913_1_L2A_101.tif,0.0,0.49147796630859375,0.0,1117,0
challenge,S2A,S2A_42SWE_20200913_1_L2A_102.tif,0.13095238095238096,0.5610146332093527,0.0,672,88
challenge,S2A,S2A_42SWE_20200913_1_L2A_103.tif,0.1602112676056338,0.5764613523451043,0.15322112594312243,563,96
challenge,S2A,S2A_42SWE_20200913_1_L2A_104.tif,0.0,0.498504638671875,0.0,196,0
challenge,S2A,S2A_42SWE_20200913_1_L2A_105.tif,0.0,0.49895477294921875,0.0,137,0
challenge,S2A,S2A_42SWE_20200913_1_L2A_106.tif,0.0,0.49929046630859375,0.0,93,0
challenge,S2A,S2A_42SWE_20200913_1_L2A_117.tif,0.6341463414634146,0.816729438873111,0.8463949843260188,92,109
challenge,S2A,S2A_42SWE_20200913_1_L2A_120.tif,0.0,0.49607086181640625,0.0,515,0
challenge,S2A,S2A_42SWE_20200913_1_L2A_121.tif,0.39268680445151033,0.6934179477081488,0.40546258895941534,505,371
challenge,S2A,S2A_42SWE_20200913_1_L2A_123.tif,0.29767441860465116,0.6442109838121295,0.26545832153308785,696,420
challenge,S2A,S2A_42SWE_20200913_1_L2A_135.tif,0.0,0.49878692626953125,0.0,151,8
challenge,S2A,S2A_42SWE_20200913_1_L2A_136.tif,0.15137376879212028,0.5631416695104001,0.11046672190002763,1928,293
challenge,S2A,S2A_42SWE_20200913_1_L2A_147.tif,0.6113333333333333,0.8011556095472436,0.5850043362855115,1361,1056
challenge,S2A,S2A_42SWE_20200913_1_L2A_148.tif,0.042938931297709926,0.5138119249180675,0.19000226193168968,1047,46
challenge,S2A,S2A_42SWE_20200913_1_L2A_149.tif,0.6612903225806451,0.8296802355742865,0.6612903225806452,267,351
challenge,S2A,S2A_42SWE_20200913_1_L2A_150.tif,0.6248415716096325,0.8101453680042843,0.622895622895623,730,552
challenge,S2A,S2A_42SWE_20200913_1_L2A_151.tif,0.0,0.49725341796875,0.0,360,0
challenge,S2A,S2A_42SWE_20200913_1_L2A_155.tif,0.0,0.49401092529296875,0.0,785,0
challenge,S2A,S2A_42SWE_20200913_1_L2A_156.tif,0.2689655172413793,0.6287980674480498,0.30673808852551454,993,295
challenge,S2A,S2A_42SWE_20200913_1_L2A_159.tif,0.4749262536873156,0.7361017501706176,0.6669447340980188,182,318
challenge,S2A,S2A_42SWE_20200913_1_L2A_160.tif,0.44596273291925465,0.7161005617448876,0.35064935064935066,1606,722
challenge,S2A,S2A_42SWE_20200913_1_L2A_164.tif,0.3800403225806452,0.6853009360106221,0.4262506830940434,963,406
challenge,S2A,S2A_42SWE_20200913_1_L2A_166.tif,0.635959595959596,0.8109365535534199,0.4816441504049221,2301,1748
challenge,S2A,S2A_42SWE_20200913_1_L2A_172.tif,0.26106870229007634,0.6268320639883029,0.36723987175750517,619,207
challenge,S2A,S2A_42SWE_20200913_1_L2A_173.tif,0.6683260734287492,0.8300288181049613,0.5514499954828802,1356,1325
challenge,S2A,S2A_42SWE_20200913_1_L2A_174.tif,0.24721603563474387,0.6158323019760763,0.35016835016835013,627,1053
challenge,S2A,S2A_42SWE_20200913_1_L2A_175.tif,0.8473717542748576,0.9218088716232383,0.689655172413793,1427,1490
challenge,S2A,S2A_42SWE_20200913_1_L2A_179.tif,0.634176434299815,0.8124918880124361,0.6575780710364634,1520,1129
challenge,S2A,S2A_42SWE_20200913_1_L2A_180.tif,0.6521022258862325,0.8227921740289144,0.5276771857216762,976,1028
challenge,S2A,S2A_42SWE_20200913_1_L2A_181.tif,0.0,0.497955322265625,0.0,268,0
challenge,S2A,S2A_42SWE_20200913_1_L2A_182.tif,0.0,0.49603271484375,0.0,520,0
challenge,S2A,S2A_42SWE_20200913_1_L2A_183.tif,0.20450885668276972,0.5984781895974811,0.3236880823933301,556,192
challenge,S2A,S2A_42SWE_20200913_1_L2A_185.tif,0.45397225725094575,0.7236643537390116,0.09195402298850576,793,360
challenge,S2A,S2A_42SWE_20200913_1_L2A_186.tif,0.0,0.49478912353515625,0.0,683,0
challenge,S2A,S2A_42SWE_20200913_1_L2A_187.tif,0.8265060240963855,0.9121427576148851,0.7802197802197802,736,780
challenge,S2A,S2A_42SWE_20200913_1_L2A_188.tif,0.0,0.49939727783203125,0.0,79,0
challenge,S2A,S2A_42SWE_20200913_1_L2A_189.tif,0.5559322033898305,0.7769641436700728,0.6442207566817076,165,294
challenge,S2A,S2A_42SWE_20200913_1_L2A_191.tif,0.0,0.49700164794921875,0.0,393,0
challenge,S2A,S2A_42SWE_20200913_1_L2A_193.tif,0.30687830687830686,0.6413170066162046,0.26560232220609575,2222,742
challenge,S2A,S2A_42SWE_20200913_1_L2A_198.tif,0.21885686370297996,0.5971450616450003,0.29216742644011606,2005,490
challenge,S2A,S2A_42SWE_20200913_1_L2A_199.tif,0.0,0.49771881103515625,0.0,299,0
challenge,S2A,S2A_42SWE_20200913_1_L2A_200.tif,0.0,0.49921417236328125,0.0,103,0
challenge,S2A,S2A_42SWE_20200913_1_L2A_201.tif,0.48293811451706187,0.7345603541472961,0.19532360160186021,1628,936
challenge,S2A,S2A_42SWE_20200913_1_L2A_203.tif,0.4770123960458183,0.7118404914176865,0.467032967032967,6167,3246
challenge,S2A,S2A_42SWE_20200913_1_L2A_204.tif,0.7652439024390244,0.8802355382770961,0.7033010346526524,1263,1053
challenge,S2A,S2A_42SWE_20200913_1_L2A_208.tif,0.0,0.4952239990234375,0.0,626,0
challenge,S2A,S2A_42SWE_20200913_1_L2A_209.tif,0.0,0.498809814453125,0.0,156,0
challenge,S2A,S2A_42SWE_20200913_1_L2A_210.tif,0.0,0.49575042724609375,0.0,557,0
challenge,S2A,S2A_42SWE_20200913_1_L2A_213.tif,0.0,0.49349212646484375,0.0,853,0
challenge,S2A,S2A_42SWE_20200913_1_L2A_214.tif,0.6786632390745502,0.8374087792714616,0.6515539785794073,725,581
challenge,S2A,S2A_42SWE_20200913_1_L2A_79.tif,0.4618249534450652,0.7242218359026783,0.533349054749833,1451,904
challenge,S2A,S2A_43SGV_20200825_0_L2A_3.tif,0.697752808988764,0.8468044642648511,0.5927244409834241,625,886
challenge,S2A,S2A_43SGV_20200825_1_L2A_2.tif,0.0,0.49779510498046875,0.0,289,0
challenge,S2A,S2A_43SGV_20200825_2_L2A_2.tif,0.0,0.49744415283203125,0.0,289,46
challenge,S2A,S2A_43SGV_20200825_3_L2A_4.tif,0.0,0.49512481689453125,0.0,639,0
challenge,S2A,S2A_43SGV_20200825_3_L2A_6.tif,0.66,0.8296103122086893,0.9517857142857142,127,122
challenge,S2A,S2A_43SGV_20200901_1_L2A_10.tif,0.0,0.49121856689453125,0.0,176,975
challenge,S2A,S2A_43SGV_20200901_1_L2A_9.tif,0.0,0.49425506591796875,0.0,753,0
challenge,S2A,S2A_43SGV_20200914_1_L2A_4.tif,0.3122003196590304,0.646161745664773,0.5384824585259723,639,1824
challenge,S2A,S2A_43SGV_20200921_1_L2A_2.tif,0.8188552188552188,0.9073365024624354,0.8360477741585233,1425,1276
challenge,S2A,S2A_44RNV_20200915_0_L2A_39.tif,0.3354510800508259,0.6637192279773678,0.4899020195960807,778,273
challenge,S2A,S2A_44RPU_20200905_1_L2A_26.tif,0.31601920558707985,0.6459207920794746,0.2482136141406544,2290,725
challenge,S2A,S2A_44RPU_20200905_1_L2A_51.tif,0.0,0.4989471435546875,0.0,136,2
challenge,S2A,S2A_44RPU_20200905_1_L2A_56.tif,0.734604563926227,0.86058402158898,0.6843545090692328,3058,2491
challenge,S2A,S2A_44RPU_20200905_1_L2A_83.tif,0.45288753799392095,0.7250673486075865,0.6117032847509245,154,324
challenge,S2A,S2A_44RPU_20200905_2_L2A_8.tif,0.6529503105590062,0.8230204833574071,0.4892273856555207,1039,1090
challenge,S2A,S2A_44RPV_20200905_0_L2A_18.tif,0.2631578947368421,0.6297607933295217,0.36827421283379835,323,85
challenge,S2A,S2A_44RPV_20200905_0_L2A_24.tif,0.3075933075933076,0.649677015834726,0.4381660470879802,775,241
challenge,S2A,S2A_44RPV_20200905_0_L2A_33.tif,0.0,0.49909210205078125,0.0,119,0
challenge,S2A,S2A_44RPV_20200905_0_L2A_93.tif,0.4456035767511177,0.7112382198334388,0.3658222413052812,2673,1207
challenge,S2A,S2A_44RPV_20200905_1_L2A_18.tif,0.07120743034055728,0.5333140932631762,0.039603960396039604,323,23
challenge,S2A,S2A_44RPV_20200905_1_L2A_19.tif,0.0,0.49628448486328125,0.0,487,0
challenge,S2A,S2A_44RPV_20200905_1_L2A_9.tif,0.2938825165102537,0.6151220085096495,0.26146558930064084,5754,1691
challenge,S2A,S2A_44RPV_20200905_1_L2A_92.tif,0.0,0.4983978271484375,0.0,210,0
challenge,S2A,S2A_44RPV_20200905_1_L2A_93.tif,0.0,0.47960662841796875,0.0,2673,0
challenge,S2A,S2A_44RPV_20200915_0_L2A_26.tif,0.0,0.49732208251953125,0.0,351,0
challenge,S2A,S2A_44RPV_20200915_0_L2A_43.tif,0.0,0.49617767333984375,0.0,501,0
challenge,S2A,S2A_44RQT_20200912_0_L2A_97.tif,0.7898089171974523,0.8946522113046517,0.9885057471264368,126,155
challenge,S2A,S2A_44RQU_20200905_1_L2A_5.tif,0.49008723235527357,0.740091214686525,0.5049249222956704,1020,859
challenge,S2A,S2A_44RQU_20200915_0_L2A_9.tif,0.0,0.4966888427734375,0.0,434,0
challenge,S2A,S2A_44RQU_20200915_1_L2A_14.tif,0.0,0.4980621337890625,0.0,254,0
challenge,S2A,S2A_44RQV_20200915_0_L2A_5.tif,0.6421568627450981,0.8159740915182985,0.5483724725723094,1511,1504
challenge,S2A,S2A_44RQV_20200915_1_L2A_6.tif,0.7295597484276729,0.8610995131805342,0.5986424110779256,1296,1729
challenge,S2A,S2A_44SKE_20200825_0_L2A_8.tif,0.328,0.6633587296740209,0.4912280701754386,80,86
challenge,S2A,S2A_44SKE_20200825_3_L2A_1.tif,0.4897680763983629,0.7420149279302215,0.2682926829268293,733,359
challenge,S2A,S2A_44SKE_20200911_1_L2A_14.tif,0.0,0.49755096435546875,0.0,321,0
challenge,S2A,S2A_44SKE_20200911_1_L2A_4.tif,0.7541899441340782,0.8733167328514141,0.8038736169407675,1791,1663
challenge,S2A,S2A_44SKE_20200911_1_L2A_58.tif,0.0,0.47374725341796875,0.0,3372,69
challenge,S2A,S2A_44SLC_20200829_1_L2A_11.tif,0.965364514128798,0.973743070964719,0.8651016357538841,22206,22168
challenge,S2A,S2A_44SLD_20200918_1_L2A_12.tif,0.4457831325301205,0.7214845802737468,0.4575645756457564,259,221
challenge,S2A,S2A_44SLE_20200901_0_L2A_14.tif,0.5916666666666667,0.795084029115821,0.7008681925808997,237,145
challenge,S2A,S2A_44SLE_20200918_1_L2A_3.tif,0.055441478439425054,0.5206959079683763,0.10582010582010581,974,54
challenge,S2A,S2A_44SMC_20200829_1_L2A_1.tif,0.9708915076213654,0.9725400548584722,0.856345029688387,30852,30695
challenge,S2A,S2A_44SMC_20200829_1_L2A_16.tif,0.5870015048908954,0.756474021692433,0.4677871148459384,10453,6420
challenge,S2A,S2A_44SMC_20200829_1_L2A_17.tif,0.0,0.49819183349609375,0.0,237,0
challenge,S2A,S2A_44SMC_20200829_1_L2A_18.tif,0.0,0.49822998046875,0.0,232,0
challenge,S2A,S2A_44SMC_20200829_1_L2A_27.tif,0.7803379416282642,0.8890694444562555,0.7603243447105412,569,590
challenge,S2A,S2A_44SMC_20200829_1_L2A_33.tif,0.0,0.49391937255859375,0.0,797,0
challenge,S2A,S2A_44SMC_20200829_1_L2A_7.tif,0.7692846073089037,0.8386285044999492,0.4909470752089137,19843,15548
challenge,S2A,S2A_44SMC_20200901_0_L2A_4.tif,0.0,0.49794769287109375,0.0,231,38
challenge,S2A,S2A_44SMC_20200908_1_L2A_18.tif,0.0,0.49822998046875,0.0,232,0
challenge,S2A,S2A_44SMD_20200928_1_L2A_81.tif,0.41818181818181815,0.7073777159742742,0.4004748713889988,377,169
challenge,S2A,S2A_44SMD_20200928_1_L2A_85.tif,0.8,0.899578969930798,0.9160632877447036,242,253
challenge,S2A,S2A_44SME_20200901_1_L2A_17.tif,0.9117647058823529,0.9551386742103882,0.9950248756218906,1025,1055
challenge,S2A,S2A_44SMF_20200829_0_L2A_2.tif,0.0,0.4965362548828125,0.0,408,46
challenge,S2A,S2A_44SMF_20200829_0_L2A_3.tif,0.746938775510204,0.8729950407473135,0.8097643097643097,189,239
challenge,S2A,S2A_44SMF_20200829_1_L2A_1.tif,0.768361581920904,0.8838673353029596,0.9647058823529412,175,138
challenge,S2A,S2A_44SMF_20200829_1_L2A_4.tif,0.8951686417502279,0.946693593731947,0.887179764935276,1025,1054
challenge,S2A,S2A_44SMF_20200901_0_L2A_3.tif,0.6870229007633588,0.8428841170075438,0.7142857142857143,189,253
challenge,S2A,S2A_44SND_20200908_1_L2A_45.tif,0.8045023696682464,0.8996802103568879,0.6988282828282829,1628,1418
challenge,S2A,S2A_44SND_20200928_1_L2A_2.tif,0.29210526315789476,0.6439968425074916,0.29850746268656714,377,114
challenge,S2A,S2A_44SND_20200928_1_L2A_24.tif,0.5261538461538462,0.7618989226179619,0.5242718446601942,268,228
challenge,S2A,S2A_44SNE_20200918_0_L2A_101.tif,0.0,0.49504852294921875,0.0,649,0
challenge,S2A,S2A_44SNE_20200918_0_L2A_106.tif,0.9377512824067655,0.9650557950181244,0.9714981928794544,6956,7021
challenge,S2A,S2A_44SNE_20200918_0_L2A_3.tif,0.0,0.49886322021484375,0.0,149,0
challenge,S2A,S2A_44SNE_20200918_0_L2A_33.tif,0.7167832167832168,0.8577716882924211,0.7294633077765609,222,269
challenge,S2A,S2A_44SNE_20200918_0_L2A_6.tif,0.0,0.49672698974609375,0.0,429,0
challenge,S2A,S2A_45UVQ_20200905_0_L2A_122.tif,0.64,0.819725073313783,0.930417495029821,82,82
challenge,S2A,S2A_45UVQ_20200905_0_L2A_13.tif,0.0,0.479736328125,0.0,2656,0
challenge,S2A,S2A_45UVQ_20200905_0_L2A_14.tif,0.25646123260437376,0.6196195862019551,0.4108910891089109,1482,414
challenge,S2A,S2A_45UVQ_20200905_0_L2A_18.tif,0.7063166529942576,0.8475482722770518,0.735450643776824,2179,1981
challenge,S2A,S2A_45UVQ_20200905_0_L2A_19.tif,0.43343293492695883,0.6895968806537853,0.5890238793464599,5964,2671
challenge,S2A,S2A_45UVQ_20200905_0_L2A_25.tif,0.11676300578034682,0.5525436485308856,0.27394540942928036,738,228
challenge,S2A,S2A_45UVR_20200921_0_L2A_25.tif,0.7948148148148149,0.8930376329950396,0.8243883910358315,2246,2600
challenge,S2A,S2A_45UVR_20200921_0_L2A_26.tif,0.7940953822861468,0.8949387389511587,0.9512195121951219,1121,1249
challenge,S2A,S2A_45UVR_20200921_1_L2A_24.tif,0.6431372549019608,0.8208726108077693,0.8064602242391885,175,244
challenge,S2A,S2A_45UVR_20200921_1_L2A_29.tif,0.41589648798521256,0.7055290496761818,0.542608695652174,281,485
challenge,S2A,S2A_45UVR_20200921_1_L2A_3.tif,0.7225130890052356,0.8608513333340806,0.9156626506024096,151,178
challenge,S2A,S2A_45UWQ_20200905_1_L2A_241.tif,0.8618012422360248,0.9302158055565406,0.9472924187725631,597,602
challenge,S2A,S2A_45UWQ_20200905_1_L2A_59.tif,0.7570469798657719,0.8771305822187937,0.7886317585581744,634,675
challenge,S2A,S2A_45UWQ_20200905_1_L2A_72.tif,0.08085808580858085,0.5361762904496048,0.15691158156911578,606,49
challenge,S2A,S2A_45UWQ_20200928_1_L2A_82.tif,0.0,0.4976806640625,0.0,271,33
challenge,S2A,S2A_45UWQ_20200928_1_L2A_9.tif,0.5262807717897539,0.757641891802669,0.5879396984924623,1249,1045
challenge,S2A,S2A_45UWR_20200915_1_L2A_157.tif,0.0,0.49854278564453125,0.0,101,90
challenge,S2A,S2A_45UWR_20200915_1_L2A_161.tif,0.6592039800995025,0.8285525193813075,0.8150851581508517,311,356
challenge,S2A,S2A_45UXP_20200905_0_L2A_220.tif,0.03225806451612903,0.513610909404192,0.02040816326530612,258,94
challenge,S2A,S2A_45UXP_20200905_0_L2A_227.tif,0.5965346534653465,0.7970191454017903,0.8206758507005769,248,397
challenge,S2A,S2A_45UXP_20200912_1_L2A_104.tif,0.8055555555555556,0.9017544647055303,0.8380660015349195,553,682
challenge,S2A,S2A_45UYP_20200905_0_L2A_55.tif,0.0,0.49379730224609375,0.0,813,0
challenge,S2A,S2A_45UYP_20200905_0_L2A_57.tif,0.517797552836485,0.7521887694528373,0.48264440463717173,993,1736
challenge,S2A,S2A_45UYP_20200905_0_L2A_6.tif,0.8484848484848485,0.923511699979302,0.8977272727272727,564,595
challenge,S2A,S2A_45UYP_20200905_0_L2A_78.tif,0.44028776978417267,0.717162128031746,0.4467005076142132,532,469
challenge,S2A,S2A_45UYP_20200905_0_L2A_80.tif,0.6986539296569692,0.8438988984402604,0.6592839805825242,1840,2072
challenge,S2A,S2A_45UYP_20200905_0_L2A_81.tif,0.6119450654742894,0.7964236487384022,0.502655084563676,3125,1922
challenge,S2A,S2A_45UYP_20200905_0_L2A_92.tif,0.0,0.49872589111328125,0.0,167,0
challenge,S2A,S2A_45UYP_20200905_1_L2A_14.tif,0.05678591709256105,0.5029705268088004,0.24850594339003088,3510,212
challenge,S2A,S2A_45UYP_20200905_1_L2A_29.tif,0.8388535031847134,0.9174569295770653,0.8148148148148149,1452,1435
challenge,S2A,S2A_45UYP_20200905_1_L2A_31.tif,0.37649402390438247,0.685852104764409,0.4581515271717573,192,499
challenge,S2A,S2A_45UYP_20200905_1_L2A_35.tif,0.224,0.6075482805042223,0.22448979591836737,676,242
challenge,S2A,S2A_45UYP_20200905_1_L2A_37.tif,0.8310940499040307,0.9148711728407455,0.8562972706346597,448,506
challenge,S2A,S2A_45UYP_20200905_1_L2A_5.tif,0.7836644591611479,0.8910804767691718,0.9284174702212139,383,425
challenge,S2A,S2A_45UYP_20200905_1_L2A_56.tif,0.49727891156462584,0.7429377352360588,0.1237785016286645,1470,731
challenge,S2A,S2A_45UYP_20200905_1_L2A_57.tif,0.63531799729364,0.8134869782743569,0.5711824412899359,993,1424
challenge,S2A,S2A_45UYP_20200905_1_L2A_6.tif,0.8610662358642972,0.9298716100017455,0.9413815646110264,564,588
challenge,S2A,S2A_45UYP_20200905_1_L2A_73.tif,0.5816721640613796,0.7671129200267861,0.49761600967027064,6958,4071
challenge,S2A,S2A_45UYP_20200905_1_L2A_78.tif,0.43804034582132567,0.7160308425206702,0.47000000000000003,532,466
challenge,S2A,S2A_45UYP_20200905_1_L2A_80.tif,0.6921086675291074,0.840470188357787,0.643377516948295,1840,2084
challenge,S2A,S2A_45UYP_20200905_1_L2A_81.tif,0.6423589093214965,0.8122989633995296,0.5605284015852047,3125,2055
challenge,S2A,S2A_45UYP_20200905_1_L2A_9.tif,0.0,0.49920654296875,0.0,104,0
challenge,S2A,S2A_45UYP_20200905_1_L2A_92.tif,0.0,0.49872589111328125,0.0,167,0
challenge,S2A,S2A_45UYP_20200905_1_L2A_96.tif,0.652073732718894,0.8248798314338497,0.6105560126954274,299,418
challenge,S2A,S2A_45UYQ_20200912_0_L2A_11.tif,0.43417825020441536,0.7117664576150913,0.5453405625211792,1213,541
challenge,S2A,S2A_45UYQ_20200912_0_L2A_13.tif,0.8132183908045977,0.9035545884283962,0.8735999999999999,1774,2012
challenge,S2A,S2A_45UYQ_20200912_1_L2A_13.tif,0.8174373795761078,0.9057502848944936,0.8761792383256142,1774,1999
challenge,S2A,S2A_45UYR_20200912_0_L2A_66.tif,0.49872773536895676,0.7448140740033797,0.608974358974359,1153,614
challenge,S2A,S2A_45UYR_20200912_0_L2A_67.tif,0.3152,0.6510297381105892,0.40414955694834664,1236,408
challenge,S2A,S2A_45UYR_20200912_1_L2A_67.tif,0.3058823529411765,0.6461487410179128,0.33554208374453687,1236,429
challenge,S2A,S2A_46RDS_20201222_0_L2A_1.tif,0.6083916083916084,0.8037679901726718,0.8822374877330716,119,111
challenge,S2A,S2A_46RDS_20201222_0_L2A_100.tif,0.0,0.4960174560546875,0.0,522,0
challenge,S2A,S2A_46RDS_20201222_0_L2A_101.tif,0.4200626959247649,0.705770900269933,0.35224852812225976,921,438
challenge,S2A,S2A_46RDS_20201222_0_L2A_102.tif,0.0,0.48343658447265625,0.0,2171,0
challenge,S2A,S2A_46RDS_20201222_0_L2A_103.tif,0.0,0.49259185791015625,0.0,971,0
challenge,S2A,S2A_46RDS_20201222_0_L2A_104.tif,0.0,0.4948883056640625,0.0,670,0
challenge,S2A,S2A_46RDS_20201222_0_L2A_106.tif,0.0,0.49863433837890625,0.0,179,0
challenge,S2A,S2A_46RDS_20201222_0_L2A_108.tif,0.6913272374619008,0.8168785848814043,0.48681406499733615,10292,8020
challenge,S2A,S2A_46RDS_20201222_0_L2A_109.tif,0.0,0.49440765380859375,0.0,733,0
challenge,S2A,S2A_46RDS_20201222_0_L2A_110.tif,0.0,0.49550628662109375,0.0,589,0
challenge,S2A,S2A_46RDS_20201222_0_L2A_111.tif,0.0,0.498382568359375,0.0,212,0
challenge,S2A,S2A_46RDS_20201222_0_L2A_112.tif,0.0,0.49935150146484375,0.0,85,0
challenge,S2A,S2A_46RDS_20201222_0_L2A_113.tif,0.19472913616398244,0.5931598679917812,0.0,683,133
challenge,S2A,S2A_46RDS_20201222_0_L2A_114.tif,0.6265060240963856,0.8125417853733687,0.7692835104559479,217,188
challenge,S2A,S2A_46RDS_20201222_0_L2A_116.tif,0.0,0.49609375,0.0,512,0
challenge,S2A,S2A_46RDS_20201222_0_L2A_119.tif,0.0,0.49889373779296875,0.0,145,0
challenge,S2A,S2A_46RDS_20201222_0_L2A_125.tif,0.0,0.4930419921875,0.0,912,0
challenge,S2A,S2A_46RDS_20201222_0_L2A_16.tif,0.6356275303643725,0.8164338626952954,0.6236741620704286,479,329
challenge,S2A,S2A_46RDS_20201222_0_L2A_19.tif,0.0,0.49886322021484375,0.0,149,0
challenge,S2A,S2A_46RDS_20201222_0_L2A_20.tif,0.760797342192691,0.8798474285036679,0.9861111111111112,264,266
challenge,S2A,S2A_46RDS_20201222_0_L2A_22.tif,0.7354014598540146,0.863164092670265,0.6616257088846881,1962,1842
challenge,S2A,S2A_46RDS_20201222_0_L2A_25.tif,0.6633663366336634,0.8311633065389044,0.8466152527849187,154,182
challenge,S2A,S2A_46RDS_20201222_0_L2A_30.tif,0.498,0.7470777183819137,0.6540880503144654,446,303
challenge,S2A,S2A_46RDS_20201222_0_L2A_33.tif,0.6818181818181818,0.8403738081268439,0.9181871689228958,189,181
challenge,S2A,S2A_46RDS_20201222_0_L2A_39.tif,0.5068807339449541,0.7517944969579322,0.6320845341018252,424,233
challenge,S2A,S2A_46RDS_20201222_0_L2A_43.tif,0.7990685296074518,0.8971871753500849,0.8726091799935803,1307,1397
challenge,S2A,S2A_46RDS_20201222_0_L2A_48.tif,0.4930939226519337,0.7437316373719326,0.6559766763848397,560,521
challenge,S2A,S2A_46RDS_20201222_0_L2A_59.tif,0.7670514165792235,0.8818128774895191,0.7844750737159705,731,953
challenge,S2A,S2A_46RDS_20201222_0_L2A_78.tif,0.8833415719228868,0.9378619999312958,0.8786789297658862,3771,3849
challenge,S2A,S2A_46RDS_20201222_0_L2A_82.tif,0.6656877141458639,0.827522553158696,0.6960313704279629,1759,1644
challenge,S2A,S2A_46RDS_20201222_0_L2A_88.tif,0.11036789297658862,0.5531535051344632,0.20531227566403448,299,33
challenge,S2A,S2A_46RDS_20201222_0_L2A_94.tif,0.4989270386266094,0.7458751312448871,0.38914027149321273,833,564
challenge,S2A,S2A_46RDS_20201222_0_L2A_97.tif,0.0,0.492919921875,0.0,928,0
challenge,S2A,S2A_46RDS_20201222_1_L2A_102.tif,0.0,0.48343658447265625,0.0,2171,0
challenge,S2A,S2A_46RDS_20201222_1_L2A_103.tif,0.0,0.49259185791015625,0.0,971,0
challenge,S2A,S2A_46RDS_20201222_1_L2A_104.tif,0.0,0.4948883056640625,0.0,670,0
challenge,S2A,S2A_46RDS_20201222_1_L2A_106.tif,0.0,0.49863433837890625,0.0,179,0
challenge,S2A,S2A_46RDS_20201222_1_L2A_109.tif,0.0,0.4942626953125,0.0,733,19
challenge,S2A,S2A_46RDS_20201222_1_L2A_110.tif,0.0,0.49550628662109375,0.0,589,0
challenge,S2A,S2A_46RDS_20201222_1_L2A_111.tif,0.0,0.498382568359375,0.0,212,0
challenge,S2A,S2A_46RDS_20201222_1_L2A_113.tif,0.0629575402635432,0.5265927517786652,0.0,683,43
challenge,S2A,S2A_46RDS_20201222_1_L2A_116.tif,0.0,0.49609375,0.0,512,0
challenge,S2A,S2A_46RDS_20201222_1_L2A_118.tif,0.882202304737516,0.9403917903319637,0.9061302681992337,765,705
challenge,S2A,S2A_46RDS_20201222_1_L2A_120.tif,0.0,0.49853515625,0.0,192,0
challenge,S2A,S2A_46RDS_20201222_1_L2A_122.tif,0.0,0.49930572509765625,0.0,91,0
challenge,S2A,S2A_46RDS_20201222_1_L2A_124.tif,0.0,0.49918365478515625,0.0,107,0
challenge,S2A,S2A_46RDS_20201222_1_L2A_125.tif,0.0,0.4930419921875,0.0,912,0
challenge,S2A,S2A_46RDS_20201222_1_L2A_13.tif,0.6270096463022508,0.8126171722122049,0.7583921625126062,223,283
challenge,S2A,S2A_46RDS_20201222_1_L2A_15.tif,0.3111111111111111,0.6543717349463845,0.43478260869565216,222,73
challenge,S2A,S2A_46RDS_20201222_1_L2A_16.tif,0.6551020408163265,0.8262553062319768,0.6502102265021024,479,332
challenge,S2A,S2A_46RDS_20201222_1_L2A_19.tif,0.0,0.49886322021484375,0.0,149,0
challenge,S2A,S2A_46RDS_20201222_1_L2A_20.tif,0.7432432432432432,0.871039834616906,0.9861111111111112,264,252
challenge,S2A,S2A_46RDS_20201222_1_L2A_21.tif,0.4276729559748428,0.712445040678553,0.4670991658943466,307,147
challenge,S2A,S2A_46RDS_20201222_1_L2A_22.tif,0.7485084901330886,0.8699666306388782,0.6852886405959031,1962,1848
challenge,S2A,S2A_46RDS_20201222_1_L2A_23.tif,0.7892734880182579,0.8902718584888882,0.8463934449905882,2428,2276
challenge,S2A,S2A_46RDS_20201222_1_L2A_30.tif,0.4959183673469388,0.7460677098554491,0.6790035587188612,446,287
challenge,S2A,S2A_46RDS_20201222_1_L2A_32.tif,0.45569620253164556,0.727191251699649,0.7160493827160493,92,138
challenge,S2A,S2A_46RDS_20201222_1_L2A_4.tif,0.37350157728706623,0.6791057406021437,0.4521973785659214,1522,655
challenge,S2A,S2A_46RDS_20201222_1_L2A_5.tif,0.0,0.49889373779296875,0.0,145,0
challenge,S2A,S2A_46RDS_20201222_1_L2A_51.tif,0.0,0.49860382080078125,0.0,183,0
challenge,S2A,S2A_46RDS_20201222_1_L2A_52.tif,0.6011288805268109,0.7972977253151028,0.5272167066073263,915,787
challenge,S2A,S2A_46RDS_20201222_1_L2A_54.tif,0.0,0.4982452392578125,0.0,230,0
challenge,S2A,S2A_46RDS_20201222_1_L2A_60.tif,0.46705426356589147,0.7314213043842169,0.5039312488571951,422,335
challenge,S2A,S2A_46RDS_20201222_1_L2A_62.tif,0.20397111913357402,0.5986151852336015,0.3582089552238806,549,118
challenge,S2A,S2A_46RDS_20201222_1_L2A_70.tif,0.5304347826086957,0.7635632836035575,0.6363636363636364,342,362
challenge,S2A,S2A_46RDS_20201222_1_L2A_71.tif,0.0,0.49863433837890625,0.0,179,0
challenge,S2A,S2A_46RDS_20201222_1_L2A_73.tif,0.8667582417582418,0.9326318749042346,0.9625090122566691,631,728
challenge,S2A,S2A_46RDS_20201222_1_L2A_74.tif,0.0,0.4985504150390625,0.0,148,42
challenge,S2A,S2A_46RDS_20201222_1_L2A_75.tif,0.38652849740932643,0.6887217936304647,0.580944580944581,950,388
challenge,S2A,S2A_46RDS_20201222_1_L2A_76.tif,0.0,0.4936370849609375,0.0,834,0
challenge,S2A,S2A_46RDS_20201222_1_L2A_82.tif,0.7276227141482194,0.8593911396556416,0.6797580210939728,1759,1831
challenge,S2A,S2A_46RDS_20201222_1_L2A_94.tif,0.6388308977035491,0.8167507947947232,0.5487305487305488,833,737
challenge,S2A,S2A_46RDS_20201222_1_L2A_97.tif,0.0031380753138075313,0.49429789182198086,0.06349206349206349,928,31
challenge,S2A,S2A_46RDS_20201222_1_L2A_98.tif,0.7656517276770441,0.8774149503815408,0.44909351504941036,2438,2723
challenge,S2A,S2A_46RES_20201222_0_L2A_14.tif,0.0,0.49340057373046875,0.0,865,0
challenge,S2A,S2A_46RES_20201222_0_L2A_15.tif,0.0,0.49774169921875,0.0,296,0
challenge,S2A,S2A_46RES_20201222_0_L2A_16.tif,0.0,0.49639892578125,0.0,443,29
challenge,S2A,S2A_46RES_20201222_0_L2A_17.tif,0.0,0.4935150146484375,0.0,850,0
challenge,S2A,S2A_46RES_20201222_0_L2A_24.tif,0.7267080745341615,0.8620016059644435,0.7799128047795898,606,506
challenge,S2A,S2A_46RES_20201222_0_L2A_26.tif,0.2108345534407028,0.601295977478854,0.33467974610502016,679,148
challenge,S2A,S2A_46RES_20201222_0_L2A_27.tif,0.0,0.498687744140625,0.0,172,0
challenge,S2A,S2A_46RES_20201222_0_L2A_29.tif,0.0,0.49916839599609375,0.0,109,0
challenge,S2A,S2A_46RES_20201222_0_L2A_32.tif,0.0,0.4945068359375,0.0,720,0
challenge,S2A,S2A_46RES_20201222_0_L2A_34.tif,0.8014018691588785,0.8987244049004897,0.7355784950254566,1174,1139
challenge,S2A,S2A_46RES_20201222_0_L2A_36.tif,0.0,0.49932098388671875,0.0,89,0
challenge,S2A,S2A_46RES_20201222_0_L2A_38.tif,0.0,0.4990692138671875,0.0,122,0
challenge,S2A,S2A_46RES_20201222_0_L2A_39.tif,0.0,0.49832916259765625,0.0,219,0
challenge,S2A,S2A_46RES_20201222_0_L2A_4.tif,0.0,0.49609375,0.0,512,0
challenge,S2A,S2A_46RES_20201222_0_L2A_41.tif,0.5328368314150305,0.7610901480894825,0.47028423772609823,1465,799
challenge,S2A,S2A_46RES_20201222_0_L2A_42.tif,0.0,0.49945068359375,0.0,72,0
challenge,S2A,S2A_46RES_20201222_0_L2A_43.tif,0.04783599088838269,0.517535731420006,0.0,878,42
challenge,S2A,S2A_46RES_20201222_0_L2A_44.tif,0.0,0.498504638671875,0.0,196,0
challenge,S2A,S2A_46RES_20201222_0_L2A_45.tif,0.0,0.4981689453125,0.0,240,0
challenge,S2A,S2A_46RES_20201222_0_L2A_46.tif,0.4276595744680851,0.7117711662804955,0.34332425068119893,470,201
challenge,S2A,S2A_46RES_20201222_0_L2A_47.tif,0.0,0.49700927734375,0.0,392,0
challenge,S2A,S2A_46RES_20201222_0_L2A_48.tif,0.0,0.496612548828125,0.0,444,0
challenge,S2A,S2A_46RES_20201222_0_L2A_49.tif,0.0,0.49895477294921875,0.0,137,0
challenge,S2A,S2A_46RES_20201222_0_L2A_50.tif,0.36376811594202896,0.6785218767655308,0.45776061776061777,683,258
challenge,S2A,S2A_46RES_20201222_0_L2A_53.tif,0.6517166718218373,0.8169822697582125,0.5023566263649405,2931,2409
challenge,S2A,S2A_46RES_20201222_0_L2A_54.tif,0.6002422774076317,0.7950084266424633,0.35074626865671643,1621,1021
challenge,S2A,S2A_46RES_20201222_0_L2A_55.tif,0.0,0.4983978271484375,0.0,210,0
challenge,S2A,S2A_46RES_20201222_0_L2A_58.tif,0.0,0.4917144775390625,0.0,1086,0
challenge,S2A,S2A_46RES_20201222_0_L2A_6.tif,0.859514687100894,0.9289094025054753,0.8690386071158214,765,691
challenge,S2A,S2A_46RES_20201222_0_L2A_63.tif,0.65748031496063,0.8267335456559127,0.6585203288158187,689,574
challenge,S2A,S2A_46RES_20201222_0_L2A_66.tif,0.9063313096270599,0.9514634198420582,0.9383021016268792,2109,2287
challenge,S2A,S2A_46RES_20201222_0_L2A_7.tif,0.0,0.49889373779296875,0.0,145,0
challenge,S2A,S2A_46RES_20201222_0_L2A_73.tif,0.0,0.49273681640625,0.0,952,0
challenge,S2A,S2A_46RES_20201222_0_L2A_75.tif,0.0,0.49739837646484375,0.0,341,0
challenge,S2A,S2A_46RES_20201222_0_L2A_8.tif,0.0,0.49853515625,0.0,192,0
challenge,S2A,S2A_46RES_20201222_1_L2A_1.tif,0.0,0.49478912353515625,0.0,683,0
challenge,S2A,S2A_46RES_20201222_1_L2A_13.tif,0.0,0.49918365478515625,0.0,107,0
challenge,S2A,S2A_46RES_20201222_1_L2A_14.tif,0.0,0.49340057373046875,0.0,865,0
challenge,S2A,S2A_46RES_20201222_1_L2A_15.tif,0.0,0.49774169921875,0.0,296,0
challenge,S2A,S2A_46RES_20201222_1_L2A_17.tif,0.0,0.4935150146484375,0.0,850,0
challenge,S2A,S2A_46RES_20201222_1_L2A_18.tif,0.627467450650987,0.8068085824505051,0.5565875090373171,2236,1639
challenge,S2A,S2A_46RES_20201222_1_L2A_19.tif,0.1825726141078838,0.5897823065653326,0.18947368421052632,241,44
challenge,S2A,S2A_46RES_20201222_1_L2A_2.tif,0.0,0.49941253662109375,0.0,77,0
challenge,S2A,S2A_46RES_20201222_1_L2A_20.tif,0.6914285714285714,0.845301536344875,0.8598937583001328,159,137
challenge,S2A,S2A_46RES_20201222_1_L2A_23.tif,0.0,0.49591827392578125,0.0,535,0
challenge,S2A,S2A_46RES_20201222_1_L2A_26.tif,0.22547584187408493,0.6086924650011579,0.3171007927519819,679,158
challenge,S2A,S2A_46RES_20201222_1_L2A_28.tif,0.802734375,0.8998064742076676,0.7829651104668599,896,950
challenge,S2A,S2A_46RES_20201222_1_L2A_29.tif,0.0,0.49916839599609375,0.0,109,0
challenge,S2A,S2A_46RES_20201222_1_L2A_38.tif,0.0,0.4990692138671875,0.0,122,0
challenge,S2A,S2A_46RES_20201222_1_L2A_39.tif,0.0,0.49832916259765625,0.0,219,0
challenge,S2A,S2A_46RES_20201222_1_L2A_4.tif,0.0,0.49609375,0.0,512,0
challenge,S2A,S2A_46RES_20201222_1_L2A_41.tif,0.2614334470989761,0.6224131918625357,0.21191345383314042,1465,383
challenge,S2A,S2A_46RES_20201222_1_L2A_43.tif,0.15831435079726652,0.5735070691246451,0.037267080745341616,878,139
challenge,S2A,S2A_46RES_20201222_1_L2A_45.tif,0.0,0.4981689453125,0.0,240,0
challenge,S2A,S2A_46RES_20201222_1_L2A_46.tif,0.5255319148936171,0.7610581659352216,0.36277974087161363,470,247
challenge,S2A,S2A_46RES_20201222_1_L2A_48.tif,0.0,0.496612548828125,0.0,444,0
challenge,S2A,S2A_46RES_20201222_1_L2A_49.tif,0.0,0.49895477294921875,0.0,137,0
challenge,S2A,S2A_46RES_20201222_1_L2A_5.tif,0.9267495094833225,0.9585844175361387,0.850546780072904,7392,7338
challenge,S2A,S2A_46RES_20201222_1_L2A_53.tif,0.6497555012224939,0.815841321026008,0.5118773946360153,2931,2467
challenge,S2A,S2A_46RES_20201222_1_L2A_54.tif,0.5441085749537322,0.7663392505108624,0.2971130713712911,1621,882
challenge,S2A,S2A_46RES_20201222_1_L2A_55.tif,0.0,0.4983978271484375,0.0,210,0
challenge,S2A,S2A_46RES_20201222_1_L2A_61.tif,0.0,0.46038055419921875,0.0,5193,0
challenge,S2A,S2A_46RES_20201222_1_L2A_73.tif,0.0,0.49273681640625,0.0,952,0
challenge,S2A,S2A_46RES_20201222_1_L2A_75.tif,0.0,0.49739837646484375,0.0,341,0
challenge,S2A,S2A_46RES_20201222_1_L2A_8.tif,0.0,0.49853515625,0.0,192,0
challenge,S2A,S2A_46RES_20201222_1_L2A_9.tif,0.0,0.49944305419921875,0.0,73,0
challenge,S2A,S2A_46UCA_20200922_0_L2A_37.tif,0.0,0.48477935791015625,0.0,1995,0
challenge,S2A,S2A_46UCA_20200922_1_L2A_35.tif,0.0,0.499053955078125,0.0,124,0
challenge,S2A,S2A_46UCV_20200922_2_L2A_27.tif,0.0,0.499053955078125,0.0,124,0
challenge,S2A,S2A_5VMF_20200820_0_L2A_1.tif,0.3709677419354839,0.6851862201198187,0.6986564299424184,62,23
challenge,S2A,S2A_5VMF_20200820_0_L2A_104.tif,0.004708652148322542,0.4765454127652479,0.0,260,3154
challenge,S2A,S2A_5VMF_20200820_0_L2A_105.tif,0.0028495692511597086,0.38654991250184145,0.019230769230769232,183,14950
challenge,S2A,S2A_5VMF_20200820_0_L2A_11.tif,0.4148007590132827,0.6954363182431993,0.05423728813559322,2635,1093
challenge,S2A,S2A_5VMF_20200820_0_L2A_13.tif,0.3077699293642785,0.6486267285674086,0.3019561946162849,985,311
challenge,S2A,S2A_5VMF_20200820_0_L2A_14.tif,0.7840314136125655,0.8894511259986729,0.8445888004371153,1454,1272
challenge,S2A,S2A_5VMF_20200820_0_L2A_16.tif,0.5691056910569106,0.7829284738231714,0.46616541353383456,291,481
challenge,S2A,S2A_5VMF_20200820_0_L2A_2.tif,0.0,0.49530792236328125,0.0,615,0
challenge,S2A,S2A_5VMF_20200820_0_L2A_24.tif,0.7173629242819843,0.8553215912593559,0.7411730281552766,1185,1446
challenge,S2A,S2A_5VMF_20200820_0_L2A_28.tif,0.5134474327628362,0.7552005862341566,0.6114956996014265,395,224
challenge,S2A,S2A_5VMF_20200820_0_L2A_33.tif,0.9384095634095634,0.9672911765372403,0.8706355342508117,3766,3693
challenge,S2A,S2A_5VMF_20200820_0_L2A_4.tif,0.0,0.49874114990234375,0.0,165,0
challenge,S2A,S2A_5VMF_20200820_0_L2A_44.tif,0.7962340282447882,0.8957627749379087,0.7595886390894939,1230,1441
challenge,S2A,S2A_5VMF_20200820_0_L2A_65.tif,0.20178041543026706,0.5988357689053333,0.4054054054054054,331,74
challenge,S2A,S2A_5VMF_20200820_0_L2A_69.tif,0.0,0.4980621337890625,0.0,254,0
challenge,S2A,S2A_5VMF_20200820_0_L2A_70.tif,0.4235517568850902,0.7071131038227878,0.2865748709122203,968,531
challenge,S2A,S2A_5VMF_20200820_0_L2A_77.tif,0.6887608069164265,0.8393259589791018,0.5832283152702266,1916,1600
challenge,S2A,S2A_5VMF_20200820_0_L2A_95.tif,0.9301454054864338,0.9501753220394809,0.6218650359301384,19341,19287
challenge,S2A,S2A_5VMF_20200820_1_L2A_13.tif,0.3417593528816987,0.6658871920088115,0.32809207326957374,985,342
challenge,S2A,S2A_5VMF_20200820_1_L2A_16.tif,0.5793814432989691,0.7881276230363514,0.5801526717557252,291,475
challenge,S2A,S2A_5VMF_20200820_1_L2A_69.tif,0.0,0.4980621337890625,0.0,254,0
challenge,S2A,S2A_5VMF_20200909_0_L2A_3.tif,0.34143377885783716,0.6665639509567709,0.5767449837077688,779,325
challenge,S2A,S2A_5VMF_20200909_0_L2A_38.tif,0.1210967250571211,0.5517226287077979,0.0,1313,159
challenge,S2A,S2A_5VMF_20200909_0_L2A_4.tif,0.0,0.49874114990234375,0.0,165,0
challenge,S2A,S2A_5VMF_20200909_0_L2A_6.tif,0.4799588900308325,0.7281450332277808,0.4048865619546248,2859,1461
challenge,S2A,S2A_5VMF_20200909_0_L2A_69.tif,0.0,0.4980621337890625,0.0,254,0
challenge,S2A,S2A_5VMF_20200909_0_L2A_7.tif,0.6129807692307693,0.779850633473681,0.4748846986477583,8278,5142
challenge,S2A,S2A_5VMF_20200909_0_L2A_70.tif,0.0,0.49261474609375,0.0,968,0
challenge,S2A,S2A_5VMF_20200909_0_L2A_8.tif,0.03929013619479983,0.43019686643739374,0.023968042609853527,12115,476
challenge,S2A,S2A_5VMF_20200909_0_L2A_84.tif,0.02790604296326039,0.476932974690493,0.0,4580,540
challenge,S2A,S2A_5VMF_20200909_0_L2A_89.tif,0.7864338482202821,0.8881848008072959,0.6005176876617774,2613,2707
challenge,S2A,S2A_5VMF_20200909_0_L2A_9.tif,0.5796178343949044,0.7867622946401357,0.32690723348162787,919,569
challenge,S2A,S2A_5VMF_20200912_1_L2A_27.tif,0.7680722891566265,0.8834463864557355,0.9696969696969697,291,296
challenge,S2A,S2A_5VMF_20200912_1_L2A_5.tif,0.6958250497017893,0.8455527247398452,0.7952292346643076,918,788
challenge,S2A,S2A_5VMF_20200912_1_L2A_77.tif,0.7967836257309941,0.8951289531293427,0.7254220206601159,1916,1771
challenge,S2A,S2A_5VMG_20200820_0_L2A_148.tif,0.6435643564356436,0.8212317699983924,0.8186714542190305,183,149
challenge,S2A,S2A_5VMG_20200820_0_L2A_149.tif,0.0,0.49851226806640625,0.0,195,0
challenge,S2A,S2A_5VMG_20200820_0_L2A_153.tif,0.0,0.49877166748046875,0.0,161,0
challenge,S2A,S2A_5VMG_20200820_0_L2A_25.tif,0.7280701754385965,0.8637982765723684,0.96875,112,85
challenge,S2A,S2A_5VMG_20200820_0_L2A_35.tif,0.4208860759493671,0.7090440195810319,0.596537949400799,313,136
challenge,S2A,S2A_5VMG_20200820_0_L2A_38.tif,0.0,0.49680328369140625,0.0,419,0
challenge,S2A,S2A_5VMG_20200820_0_L2A_74.tif,0.7798657718120805,0.8886704734666591,0.715607649599013,745,581
challenge,S2A,S2A_5VMG_20200820_1_L2A_74.tif,0.8093959731543624,0.9036045518059554,0.8187702265372168,745,603
challenge,S2A,S2A_5VMJ_20200905_0_L2A_12.tif,0.0,0.49936676025390625,0.0,83,0
challenge,S2A,S2A_5VMJ_20200905_0_L2A_22.tif,0.0,0.4990386962890625,0.0,126,0
challenge,S2A,S2A_5VMJ_20200905_0_L2A_27.tif,0.0,0.49720001220703125,0.0,367,0
challenge,S2A,S2A_5VMJ_20200905_0_L2A_29.tif,0.6840390879478827,0.8405298947325874,0.6952570292530532,543,491
challenge,S2A,S2A_5VMJ_20200905_0_L2A_32.tif,0.0,0.49892425537109375,0.0,141,0
challenge,S2A,S2A_5VMJ_20200905_0_L2A_53.tif,0.0,0.49787139892578125,0.0,279,0
challenge,S2A,S2A_5VMJ_20200905_0_L2A_58.tif,0.0,0.49796295166015625,0.0,267,0
challenge,S2A,S2A_5VMJ_20200905_0_L2A_60.tif,0.0,0.498504638671875,0.0,196,0
challenge,S2A,S2A_5VMJ_20200905_0_L2A_63.tif,0.9436049649217485,0.9701180581471361,0.9311288785982177,3627,3576
challenge,S2A,S2A_5VMJ_20200905_0_L2A_75.tif,0.6627218934911243,0.8300495970523106,0.590588536991922,507,336
challenge,S2A,S2A_5VMJ_20200905_0_L2A_76.tif,0.5094339622641509,0.752324783377061,0.42832601641534646,627,333
challenge,S2A,S2A_5VMJ_20200905_0_L2A_77.tif,0.6549520766773163,0.8258177144741493,0.7008460664225281,592,444
challenge,S2A,S2A_5VMJ_20200905_0_L2A_79.tif,0.0,0.49909210205078125,0.0,119,0
challenge,S2A,S2A_5VMJ_20200905_0_L2A_80.tif,0.4086629001883239,0.6995082495780488,0.34962256654747714,1037,459
challenge,S2A,S2A_5VMJ_20200905_0_L2A_82.tif,0.0,0.49674224853515625,0.0,427,0
challenge,S2A,S2A_5VMJ_20200905_0_L2A_83.tif,0.8683996750609261,0.932943380738616,0.8196696696696696,1204,1096
challenge,S2A,S2A_5VMJ_20200905_0_L2A_89.tif,0.4890710382513661,0.7431049149057831,0.5207687538747675,364,181
challenge,S2A,S2A_5VMJ_20200905_0_L2A_94.tif,0.4182590233545648,0.7070327547633413,0.3034134007585335,471,197
challenge,S2A,S2A_5VMJ_20200905_0_L2A_95.tif,0.0,0.498443603515625,0.0,204,0
challenge,S2A,S2A_5VMJ_20200905_1_L2A_16.tif,0.0,0.49957275390625,0.0,56,0
challenge,S2B,S2B_45UVQ_20200913_0_L2A_100.tif,0.5923497267759563,0.7933053677422263,0.6067505492310765,662,795
challenge,S2B,S2B_45UVQ_20200913_0_L2A_128.tif,0.3983739837398374,0.6980561504627852,0.5261106780982072,181,163
challenge,S2B,S2B_45UVQ_20200913_0_L2A_132.tif,0.6476492340200739,0.8186387983193202,0.6181980374665478,1291,1828
challenge,S2B,S2B_45UVQ_20200920_0_L2A_48.tif,0.6080402010050251,0.8022248785547734,0.7325581395348838,559,401
challenge,S2B,S2B_45UVQ_20200920_0_L2A_50.tif,0.0,0.49361419677734375,0.0,623,214
challenge,S2B,S2B_45UVQ_20200920_1_L2A_21.tif,0.5935412026726058,0.7939630386084289,0.6610917394390101,662,769
challenge,S2B,S2B_45UVQ_20200920_1_L2A_22.tif,0.6993464052287581,0.8461054304554115,0.7661016949152543,1128,1472
challenge,S2B,S2B_45UVQ_20200920_1_L2A_31.tif,0.7450110864745011,0.8707326029313798,0.8423888639425235,720,854
challenge,S2B,S2B_45UVQ_20200920_1_L2A_57.tif,0.4339152119700748,0.7134753699906826,0.5673231124510872,400,750
challenge,S2B,S2B_45UVR_20200903_1_L2A_118.tif,0.7346938775510204,0.8668496623204028,0.8185584092792046,197,228
challenge,S2B,S2B_45UVR_20200903_1_L2A_158.tif,0.0,0.487396240234375,0.0,1652,0
challenge,S2B,S2B_45UVR_20200903_1_L2A_167.tif,0.7513562386980108,0.8735530903713375,0.8222835276319302,833,1104
challenge,S2B,S2B_45UVR_20200903_1_L2A_168.tif,0.6418545299872395,0.8074591438125198,0.5356686632412637,4227,3493
challenge,S2B,S2B_45UVR_20200903_1_L2A_174.tif,0.0,0.49369049072265625,0.0,827,0
challenge,S2B,S2B_45UVR_20200913_0_L2A_112.tif,0.701098901098901,0.8495067776267463,0.7754237288135593,357,417
challenge,S2B,S2B_45UVR_20200913_0_L2A_116.tif,0.5920360631104433,0.791824851843107,0.5239904319684818,977,1142
challenge,S2B,S2B_45UWQ_20200920_0_L2A_16.tif,0.9184845005740528,0.9586938691698736,1.0,830,841
challenge,S2B,S2B_45UWQ_20200920_0_L2A_24.tif,0.724669603524229,0.8604081085841497,0.702596921775004,756,810
challenge,S2B,S2B_45UWQ_20200920_1_L2A_14.tif,0.752913752913753,0.8731569573982874,0.8459170894270976,1396,1612
challenge,S2B,S2B_45UWQ_20200920_1_L2A_24.tif,0.7887788778877888,0.8929083917200866,0.7564591683971604,756,870
challenge,S2B,S2B_46RDS_20201227_1_L2A_1.tif,0.6077348066298343,0.803324805570901,0.6960832920178484,119,172
challenge,S2B,S2B_46RDS_20201227_1_L2A_100.tif,0.0,0.4960174560546875,0.0,522,0
challenge,S2B,S2B_46RDS_20201227_1_L2A_101.tif,0.49899193548387094,0.7456753007780204,0.3158290512595563,921,566
challenge,S2B,S2B_46RDS_20201227_1_L2A_102.tif,0.0,0.48343658447265625,0.0,2171,0
challenge,S2B,S2B_46RDS_20201227_1_L2A_103.tif,0.0,0.49259185791015625,0.0,971,0
challenge,S2B,S2B_46RDS_20201227_1_L2A_105.tif,0.5763239875389408,0.7871214588120864,0.7166666666666667,196,310
challenge,S2B,S2B_46RDS_20201227_1_L2A_106.tif,0.3346153846153846,0.665986052557658,0.5201041365345676,179,168
challenge,S2B,S2B_46RDS_20201227_1_L2A_108.tif,0.6834352418010006,0.812341256107433,0.45916225670463723,10292,7879
challenge,S2B,S2B_46RDS_20201227_1_L2A_109.tif,0.0,0.49440765380859375,0.0,733,0
challenge,S2B,S2B_46RDS_20201227_1_L2A_11.tif,0.0,0.49755096435546875,0.0,181,140
challenge,S2B,S2B_46RDS_20201227_1_L2A_110.tif,0.0,0.49550628662109375,0.0,589,0
challenge,S2B,S2B_46RDS_20201227_1_L2A_112.tif,0.0,0.49935150146484375,0.0,85,0
challenge,S2B,S2B_46RDS_20201227_1_L2A_113.tif,0.5988538681948424,0.797276990917348,0.47252562594521935,683,433
challenge,S2B,S2B_46RDS_20201227_1_L2A_115.tif,0.0,0.49941253662109375,0.0,77,0
challenge,S2B,S2B_46RDS_20201227_1_L2A_120.tif,0.0,0.49853515625,0.0,192,0
challenge,S2B,S2B_46RDS_20201227_1_L2A_121.tif,0.0,0.49944305419921875,0.0,73,0
challenge,S2B,S2B_46RDS_20201227_1_L2A_122.tif,0.0,0.49930572509765625,0.0,91,0
challenge,S2B,S2B_46RDS_20201227_1_L2A_124.tif,0.0,0.49918365478515625,0.0,107,0
challenge,S2B,S2B_46RDS_20201227_1_L2A_125.tif,0.0,0.4930419921875,0.0,912,0
challenge,S2B,S2B_46RDS_20201227_1_L2A_15.tif,0.4083333333333333,0.703081670181444,0.6326530612244898,222,116
challenge,S2B,S2B_46RDS_20201227_1_L2A_18.tif,0.0,0.4993133544921875,0.0,90,0
challenge,S2B,S2B_46RDS_20201227_1_L2A_19.tif,0.0,0.49886322021484375,0.0,149,0
challenge,S2B,S2B_46RDS_20201227_1_L2A_2.tif,0.8096465390279823,0.900741926854882,0.9006111289803795,2292,2623
challenge,S2B,S2B_46RDS_20201227_1_L2A_35.tif,0.3777148253068933,0.6837987661292512,0.4628148591075566,1023,436
challenge,S2B,S2B_46RDS_20201227_1_L2A_39.tif,0.5634408602150538,0.780165446499965,0.6875000000000001,424,303
challenge,S2B,S2B_46RDS_20201227_1_L2A_48.tif,0.5938803894297635,0.7946978011901771,0.7602942469446968,560,586
challenge,S2B,S2B_46RDS_20201227_1_L2A_50.tif,0.5833333333333334,0.7912083155085661,0.7536231884057972,93,135
challenge,S2B,S2B_46RDS_20201227_1_L2A_51.tif,0.0,0.49860382080078125,0.0,183,0
challenge,S2B,S2B_46RDS_20201227_1_L2A_52.tif,0.5904059040590406,0.7917820940413547,0.5315270935960591,915,809
challenge,S2B,S2B_46RDS_20201227_1_L2A_53.tif,0.6322869955156951,0.814886869811668,0.7883427196675598,439,289
challenge,S2B,S2B_46RDS_20201227_1_L2A_55.tif,0.0,0.49845123291015625,0.0,203,0
challenge,S2B,S2B_46RDS_20201227_1_L2A_59.tif,0.8057713651498335,0.9015355822817521,0.8776688006559652,731,896
challenge,S2B,S2B_46RDS_20201227_1_L2A_60.tif,0.3996683250414594,0.6970621279085848,0.43139908644899344,422,422
challenge,S2B,S2B_46RDS_20201227_1_L2A_61.tif,0.553388090349076,0.7733477368833861,0.6667375584857508,957,556
challenge,S2B,S2B_46RDS_20201227_1_L2A_62.tif,0.17304189435336975,0.5830521737777453,0.30787952540310315,549,95
challenge,S2B,S2B_46RDS_20201227_1_L2A_63.tif,0.0,0.49884796142578125,0.0,151,0
challenge,S2B,S2B_46RDS_20201227_1_L2A_68.tif,0.0,0.4985198974609375,0.0,194,0
challenge,S2B,S2B_46RDS_20201227_1_L2A_72.tif,0.6130177514792899,0.8039941874994654,0.6146053186998733,821,542
challenge,S2B,S2B_46RDS_20201227_1_L2A_73.tif,0.8538565629228687,0.9260962962522825,0.9518716577540107,631,739
challenge,S2B,S2B_46RDS_20201227_1_L2A_74.tif,0.0,0.49848175048828125,0.0,148,51
challenge,S2B,S2B_46RDS_20201227_1_L2A_83.tif,0.0,0.495086669921875,0.0,644,0
challenge,S2B,S2B_46RDS_20201227_1_L2A_88.tif,0.10666666666666667,0.551287656733431,0.1512605042016807,299,33
challenge,S2B,S2B_46RDS_20201227_1_L2A_89.tif,0.3257042253521127,0.6599217826122471,0.5060240963855421,563,190
challenge,S2B,S2B_46RDS_20201227_1_L2A_91.tif,0.6036036036036037,0.8011290395009547,0.6511627906976745,135,221
challenge,S2B,S2B_46RDS_20201227_1_L2A_92.tif,0.7974683544303798,0.8984895662994278,1.0,127,157
challenge,S2B,S2B_46RDS_20201227_1_L2A_96.tif,0.0,0.4949951171875,0.0,656,0
challenge,S2B,S2B_46RDS_20201227_1_L2A_97.tif,0.0,0.492919921875,0.0,928,0
challenge,S2B,S2B_46RES_20201227_0_L2A_1.tif,0.0,0.49478912353515625,0.0,683,0
challenge,S2B,S2B_46RES_20201227_0_L2A_14.tif,0.0,0.49340057373046875,0.0,865,0
challenge,S2B,S2B_46RES_20201227_0_L2A_15.tif,0.0,0.49774169921875,0.0,296,0
challenge,S2B,S2B_46RES_20201227_0_L2A_16.tif,0.0,0.49662017822265625,0.0,443,0
challenge,S2B,S2B_46RES_20201227_0_L2A_17.tif,0.0,0.4935150146484375,0.0,850,0
challenge,S2B,S2B_46RES_20201227_0_L2A_18.tif,0.5331848552338531,0.7584480672756094,0.36590033787774967,2236,1206
challenge,S2B,S2B_46RES_20201227_0_L2A_2.tif,0.0,0.49941253662109375,0.0,77,0
challenge,S2B,S2B_46RES_20201227_0_L2A_23.tif,0.0,0.49591827392578125,0.0,535,0
challenge,S2B,S2B_46RES_20201227_0_L2A_24.tif,0.709375,0.8532585334654743,0.7532446061006861,606,488
challenge,S2B,S2B_46RES_20201227_0_L2A_27.tif,0.0,0.498687744140625,0.0,172,0
challenge,S2B,S2B_46RES_20201227_0_L2A_28.tif,0.8179979777553084,0.907608533580792,0.7767857142857143,896,902
challenge,S2B,S2B_46RES_20201227_0_L2A_30.tif,0.0,0.496917724609375,0.0,404,0
challenge,S2B,S2B_46RES_20201227_0_L2A_32.tif,0.0,0.4945068359375,0.0,720,0
